p_noise,correction_interval,correction_rate,record,monitoring_cost,bit_fidelity,bit_advantage,plus_fidelity,code_population,logical_coherence,productive_score,regime
0.0,1,1.0,1.0,0.8260650438651997,1.0,1.0,0.5869674780673999,1.0,0.17393495613480034,0.10209416255020758,crystallized
0.0,2,0.5,1.0,0.582944900361115,1.0,1.0,0.7085275498194421,1.0,0.41705509963888476,0.2954950278868423,crystallized
0.0,3,0.3333333333333333,0.9999999999997904,0.44179255567076836,1.0,1.0,0.7791037221646154,1.0,0.5582074443292314,0.43490149761690156,productive
0.0,4,0.25,0.9999999989897916,0.3542019668356948,1.0,1.0,0.8228990165821521,1.0,0.645798033164305,0.5314265664015946,productive
0.0,5,0.2,0.9999998946877083,0.2882992109304511,1.0,1.0,0.8558503945347741,1.0,0.7117007890695487,0.6091094011158833,productive
0.0,6,0.16666666666666666,0.9999980095545283,0.25286718427763344,1.0,1.0,0.8735664078611829,1.0,0.7471328157223662,0.6526701300257985,productive
0.0,7,0.14285714285714285,0.9999848702710878,0.21567117403507274,1.0,1.0,0.8921644129824632,1.0,0.784328825964927,0.6997502666022236,productive
0.0,8,0.125,0.9999332302396285,0.1963843996260991,1.0,1.0,0.90180780018695,1.0,0.8036156003739006,0.7247068167691023,productive
0.0,9,0.1111111111111111,0.9997924998649104,0.17662336027264247,1.0,1.0,0.9116883198636783,1.0,0.8233766397273572,0.7506628652880354,productive
0.0,10,0.1,0.9994924712139436,0.15637639372196976,1.0,1.0,0.9218118031390147,1.0,0.84362360627803,0.7776621976737891,productive
0.0,11,0.09090909090909091,0.9989535302746325,0.1356315509446412,1.0,1.0,0.932184224527679,1.0,0.8643684490553587,0.8057506323888621,productive
0.0,12,0.08333333333333333,0.9980979426127404,0.1356315509446412,1.0,1.0,0.932184224527679,1.0,0.8643684490553587,0.8057506323888621,productive
0.0,13,0.07692307692307693,0.9968585630378793,0.11437658908262405,1.0,1.0,0.9428117054586875,1.0,0.8856234109173757,0.834976118441151,productive
0.0,14,0.07142857142857142,0.9951838190310288,0.11437658908262405,1.0,1.0,0.9428117054586875,1.0,0.8856234109173757,0.834976118441151,productive
0.0,15,0.06666666666666667,0.9930393801316743,0.09259896422400005,1.0,1.0,0.9537005178879996,1.0,0.9074010357759997,0.8653888377516782,productive
0.0,16,0.0625,0.9904074979477991,0.09259896422400005,1.0,1.0,0.9537005178879996,1.0,0.9074010357759997,0.8653888377516782,productive
0.0,17,0.058823529411764705,0.9872849986099358,0.09259896422400005,1.0,1.0,0.9537005178879996,1.0,0.9074010357759997,0.8653888377516782,productive
0.0,18,0.05555555555555555,0.9836806832556286,0.09259896422400005,1.0,1.0,0.9537005178879996,1.0,0.9074010357759997,0.8653888377516782,productive
0.0,19,0.05263157894736842,0.9796126349734647,0.07028582400000005,1.0,1.0,0.9648570879999996,1.0,0.9297141759999997,0.8970413125276788,productive
0.0,20,0.05,0.9751057193808106,0.07028582400000005,1.0,1.0,0.9648570879999996,1.0,0.9297141759999997,0.8970413125276788,productive
0.0,21,0.047619047619047616,0.9701894171762189,0.07028582400000005,1.0,1.0,0.9648570879999996,1.0,0.9297141759999997,0.8970413125276788,productive
0.0,22,0.045454545454545456,0.9648960326755942,0.07028582400000005,1.0,1.0,0.9648570879999996,1.0,0.9297141759999997,0.8970413125276788,productive
0.0,23,0.043478260869565216,0.9592592681774077,0.07028582400000005,1.0,1.0,0.9648570879999996,1.0,0.9297141759999997,0.8970413125276788,productive
0.0,24,0.041666666666666664,0.953313126638417,0.07028582400000005,1.0,1.0,0.9648570879999996,1.0,0.9297141759999997,0.8970413125276788,productive
0.0,25,0.04,0.9470910943469678,0.04742400000000002,1.0,1.0,0.9762879999999996,1.0,0.9525759999999998,0.9299885178879994,productive
0.0,26,0.038461538461538464,0.9406255539904451,0.04742400000000002,1.0,1.0,0.9762879999999996,1.0,0.9525759999999998,0.9299885178879994,productive
0.0,27,0.037037037037037035,0.9339473821720392,0.04742400000000002,1.0,1.0,0.9762879999999996,1.0,0.9525759999999998,0.9299885178879994,productive
0.0,28,0.03571428571428571,0.9270856912663876,0.04742400000000002,1.0,1.0,0.9762879999999996,1.0,0.9525759999999998,0.9299885178879994,productive
0.0,29,0.034482758620689655,0.9200676819218311,0.04742400000000002,1.0,1.0,0.9762879999999996,1.0,0.9525759999999998,0.9299885178879994,productive
0.0,30,0.03333333333333333,0.9129185786715375,0.04742400000000002,1.0,1.0,0.9762879999999996,1.0,0.9525759999999998,0.9299885178879994,productive
0.0,31,0.03225806451612903,0.9056616266084568,0.04742400000000002,1.0,1.0,0.9762879999999996,1.0,0.9525759999999998,0.9299885178879994,productive
0.0,32,0.03125,0.8983181317703235,0.04742400000000002,1.0,1.0,0.9762879999999996,1.0,0.9525759999999998,0.9299885178879994,productive
0.0,33,0.030303030303030304,0.8909075317708781,0.04742400000000002,1.0,1.0,0.9762879999999996,1.0,0.9525759999999998,0.9299885178879994,productive
0.0,34,0.029411764705882353,0.8834474863712909,0.04742400000000002,1.0,1.0,0.9762879999999996,1.0,0.9525759999999998,0.9299885178879994,productive
0.0,35,0.02857142857142857,0.8759539802081466,0.04742400000000002,1.0,1.0,0.9762879999999996,1.0,0.9525759999999998,0.9299885178879994,productive
0.0,36,0.027777777777777776,0.8684414318834667,0.04742400000000002,1.0,1.0,0.9762879999999996,1.0,0.9525759999999998,0.9299885178879994,productive
0.0,37,0.02702702702702703,0.8609228051738309,0.02400000000000002,1.0,1.0,0.9879999999999995,1.0,0.9759999999999998,0.9642879999999994,productive
0.0,38,0.02631578947368421,0.8534097193143909,0.02400000000000002,1.0,1.0,0.9879999999999995,1.0,0.9759999999999998,0.9642879999999994,productive
0.0,39,0.02564102564102564,0.8459125562311827,0.02400000000000002,1.0,1.0,0.9879999999999995,1.0,0.9759999999999998,0.9642879999999994,productive
0.0,40,0.025,0.8384405632911975,0.02400000000000002,1.0,1.0,0.9879999999999995,1.0,0.9759999999999998,0.9642879999999994,productive
0.0,41,0.024390243902439025,0.8310019506624012,0.02400000000000002,1.0,1.0,0.9879999999999995,1.0,0.9759999999999998,0.9642879999999994,productive
0.0,42,0.023809523809523808,0.8236039827641435,0.02400000000000002,1.0,1.0,0.9879999999999995,1.0,0.9759999999999998,0.9642879999999994,productive
0.0,43,0.023255813953488372,0.8162530635729409,0.02400000000000002,1.0,1.0,0.9879999999999995,1.0,0.9759999999999998,0.9642879999999994,productive
0.0,44,0.022727272727272728,0.8089548157536728,0.02400000000000002,1.0,1.0,0.9879999999999995,1.0,0.9759999999999998,0.9642879999999994,productive
0.0,45,0.022222222222222223,0.801714153730813,0.02400000000000002,1.0,1.0,0.9879999999999995,1.0,0.9759999999999998,0.9642879999999994,productive
0.0,46,0.021739130434782608,0.7945353509131267,0.02400000000000002,1.0,1.0,0.9879999999999995,1.0,0.9759999999999998,0.9642879999999994,productive
0.0,47,0.02127659574468085,0.7874221013498609,0.02400000000000002,1.0,1.0,0.9879999999999995,1.0,0.9759999999999998,0.9642879999999994,productive
0.0,48,0.020833333333333332,0.78037757613542,0.02400000000000002,1.0,1.0,0.9879999999999995,1.0,0.9759999999999998,0.9642879999999994,productive
0.0,49,0.02040816326530612,0.7734044748999146,0.02400000000000002,1.0,1.0,0.9879999999999995,1.0,0.9759999999999998,0.9642879999999994,productive
0.0,50,0.02,0.7665050727296459,0.02400000000000002,1.0,1.0,0.9879999999999995,1.0,0.9759999999999998,0.9642879999999994,productive
0.0,51,0.0196078431372549,0.759681262858714,0.02400000000000002,1.0,1.0,0.9879999999999995,1.0,0.9759999999999998,0.9642879999999994,productive
0.0,52,0.019230769230769232,0.7529345954633263,0.02400000000000002,1.0,1.0,0.9879999999999995,1.0,0.9759999999999998,0.9642879999999994,productive
0.0,53,0.018867924528301886,0.746266312876328,0.02400000000000002,1.0,1.0,0.9879999999999995,1.0,0.9759999999999998,0.9642879999999994,productive
0.0,54,0.018518518518518517,0.7396773815225959,0.02400000000000002,1.0,1.0,0.9879999999999995,1.0,0.9759999999999998,0.9642879999999994,productive
0.0,55,0.01818181818181818,0.7331685208574867,0.02400000000000002,1.0,1.0,0.9879999999999995,1.0,0.9759999999999998,0.9642879999999994,productive
0.0,56,0.017857142857142856,0.7267402295713808,0.02400000000000002,1.0,1.0,0.9879999999999995,1.0,0.9759999999999998,0.9642879999999994,productive
0.0,57,0.017543859649122806,0.7203928093041521,0.02400000000000002,1.0,1.0,0.9879999999999995,1.0,0.9759999999999998,0.9642879999999994,productive
0.0,58,0.017241379310344827,0.7141263860945648,0.02400000000000002,1.0,1.0,0.9879999999999995,1.0,0.9759999999999998,0.9642879999999994,productive
0.0,59,0.01694915254237288,0.7079409297714696,0.02400000000000002,1.0,1.0,0.9879999999999995,1.0,0.9759999999999998,0.9642879999999994,productive
0.0,60,0.016666666666666666,0.7018362714764412,0.02400000000000002,1.0,1.0,0.9879999999999995,1.0,0.9759999999999998,0.9642879999999994,productive
0.0,61,0.01639344262295082,0.6958121194912221,0.02400000000000002,1.0,1.0,0.9879999999999995,1.0,0.9759999999999998,0.9642879999999994,productive
0.0,62,0.016129032258064516,0.6898680735282592,0.02400000000000002,1.0,1.0,0.9879999999999995,1.0,0.9759999999999998,0.9642879999999994,productive
0.0,63,0.015873015873015872,0.6840036376283989,0.02400000000000002,1.0,1.0,0.9879999999999995,1.0,0.9759999999999998,0.9642879999999994,productive
0.0,64,0.015625,0.6782182317969141,0.02400000000000002,1.0,1.0,0.9879999999999995,1.0,0.9759999999999998,0.9642879999999994,productive
0.0,65,0.015384615384615385,0.6725112024969713,0.02400000000000002,1.0,1.0,0.9879999999999995,1.0,0.9759999999999998,0.9642879999999994,productive
0.0,66,0.015151515151515152,0.6668818321087359,0.02400000000000002,1.0,1.0,0.9879999999999995,1.0,0.9759999999999998,0.9642879999999994,productive
0.0,67,0.014925373134328358,0.6613293474521653,0.02400000000000002,1.0,1.0,0.9879999999999995,1.0,0.9759999999999998,0.9642879999999994,productive
0.0,68,0.014705882352941176,0.655852927462479,0.02400000000000002,1.0,1.0,0.9879999999999995,1.0,0.9759999999999998,0.9642879999999994,productive
0.0,69,0.014492753623188406,0.6504517100988787,0.02400000000000002,1.0,1.0,0.9879999999999995,1.0,0.9759999999999998,0.9642879999999994,productive
0.0,70,0.014285714285714285,0.6451247985594666,0.02400000000000002,1.0,1.0,0.9879999999999995,1.0,0.9759999999999998,0.9642879999999994,productive
0.0,71,0.014084507042253521,0.6398712668685116,0.02400000000000002,1.0,1.0,0.9879999999999995,1.0,0.9759999999999998,0.9642879999999994,productive
0.0,72,0.013888888888888888,0.6346901648958398,0.02400000000000002,1.0,1.0,0.9879999999999995,1.0,0.9759999999999998,0.9642879999999994,productive
0.00125,1,1.0,1.0,0.8260650438651997,0.9996628933625946,0.9993257867251892,0.5869674780674081,1.0000000000000104,0.17393495613480162,0.10202532931053877,crystallized
0.00125,2,0.5,1.0,0.582944900361115,0.9993282463378972,0.9986564926757944,0.7085275498194519,1.0000000000000089,0.4170550996388883,0.2950980281526192,crystallized
0.00125,3,0.3333333333333333,0.9999999999997904,0.44179255567076836,0.9989960315151496,0.9979920630302992,0.7791037221646281,1.0000000000000104,0.5582074443292373,0.4340282428216745,productive
0.00125,4,0.25,0.9999999989897916,0.3542019668356948,0.9986662219059577,0.9973324438119153,0.8228990165821637,1.0000000000000104,0.6457980331643135,0.5300089561758974,productive
0.00125,5,0.2,0.9999998946877083,0.2882992109304511,0.9909249918508993,0.9818499837017987,0.8494555472752066,0.9925280781543082,0.7063830163961035,0.5847481339743241,productive
0.00125,6,0.16666666666666666,0.9999980095545283,0.25286718427763344,0.9980137124367608,0.9960274248735217,0.8735664078611934,1.000000000000009,0.7471328157223741,0.6500773489014833,productive
0.00125,7,0.14285714285714285,0.9999848702710878,0.21567117403507274,0.9902997938519663,0.9805995877039326,0.8854982302151503,0.9925280781543041,0.7784683822759922,0.670908329367527,productive
0.00125,8,0.125,0.9999332302396285,0.1963843996260991,0.9973705101589057,0.9947410203178113,0.9018078001869589,1.0000000000000104,0.8036156003739087,0.7208955983441919,productive
0.00125,9,0.1111111111111111,0.9997924998649104,0.17662336027264247,0.9970523360023369,0.9941046720046738,0.9116883198636883,1.0000000000000104,0.8233766397273655,0.7462374614832745,productive
0.00125,10,0.1,0.9994924712139436,0.15637639372196976,0.9893785531721832,0.9787571063443663,0.914924097389523,0.9925280781543068,0.8373201166247389,0.7442079780284026,productive
0.00125,11,0.09090909090909091,0.9989535302746325,0.1356315509446412,0.974599042332764,0.9491980846655279,0.9114960841474007,0.9778068113191234,0.8451853569756772,0.7150175190644494,productive
0.00125,12,0.08333333333333333,0.9980979426127404,0.1356315509446412,0.9961112270757888,0.9922224541515776,0.9321842245276891,1.0000000000000107,0.864368449055368,0.7994838699030883,productive
0.00125,13,0.07692307692307693,0.9968585630378793,0.11437658908262405,0.9704781124364161,0.9409562248728323,0.9184610721386652,0.9741723260550974,0.8627498182222307,0.7263581908162159,productive
0.00125,14,0.07142857142857142,0.9951838190310288,0.11437658908262405,0.9881801512319663,0.9763603024639327,0.9357670900802957,0.992528078154304,0.8790061020062847,0.7970995652132277,productive
0.00125,15,0.06666666666666667,0.9930393801316743,0.09259896422400005,0.9524307847383712,0.9048615694767423,0.9119955179934772,0.9562703394700037,0.867720696516949,0.6847554370794358,productive
0.00125,16,0.0625,0.9904074979477991,0.09259896422400005,0.9661412947576928,0.9322825895153857,0.9256197507809262,0.9705559905018607,0.8806835110599898,0.7375995557068914,productive
0.00125,17,0.058823529411764705,0.9872849986099358,0.09259896422400005,0.9800917713604098,0.9601835427208196,0.9395195593986222,0.9851305957966935,0.8939085230005486,0.7944141468384779,productive
0.00125,18,0.05555555555555555,0.9836806832556286,0.09259896422400005,0.9942872586679938,0.9885745173359877,0.9537005178880094,1.0000000000000113,0.9074010357760082,0.855501352588343,productive
0.00125,19,0.05263157894736842,0.9796126349734647,0.07028582400000005,0.9412310710127438,0.8824621420254877,0.9125061393135178,0.9457422769262147,0.87927000170082,0.6696177203578149,productive
0.00125,20,0.05,0.9751057193808106,0.07028582400000005,0.9512381197775185,0.902476239555037,0.9226642150818006,0.956270339470004,0.8890580906935958,0.7079299362815512,productive
0.00125,21,0.047619047619047616,0.9701894171762189,0.07028582400000005,0.961370242245971,0.922740484491942,0.9329760041726158,0.9669577140242899,0.8989942943209382,0.7483667217321675,productive
0.00125,22,0.045454545454545456,0.9648960326755942,0.07028582400000005,0.9716294139114098,0.9432588278228196,0.9434438325959353,0.9778068113191234,0.909080853872746,0.7910473820236338,productive
0.00125,23,0.043478260869565216,0.9592592681774077,0.07028582400000005,0.9820176434714132,0.9640352869428264,0.9540700615592149,0.9888200785640231,0.9193200445544061,0.8360980388139929,productive
0.00125,24,0.041666666666666664,0.953313126638417,0.07028582400000005,0.9925369733288382,0.9850739466576763,0.9648570880000095,1.0000000000000087,0.9297141760000089,0.8836520260466482,productive
0.00125,25,0.04,0.9470910943469678,0.04742400000000002,0.9167925922764268,0.8335851845528537,0.8999257505165253,0.9217830706886951,0.8780684303443549,0.6071748257492442,productive
0.00125,26,0.038461538461538464,0.9406255539904451,0.04742400000000002,0.9231310077505309,0.8462620155010618,0.9065254847356697,0.9285430986918506,0.8845078707794884,0.6300697567280255,productive
0.00125,27,0.037037037037037035,0.9339473821720392,0.04742400000000002,0.9295173347404271,0.8590346694808542,0.9131916308518703,0.9353711515985762,0.8910121101051648,0.6537928888261223,productive
0.00125,28,0.03571428571428571,0.9270856912663876,0.04742400000000002,0.9359521055698831,0.8719042111397661,0.9199248571556875,0.942267913930814,0.8975818003805601,0.6783745869813401,productive
0.00125,29,0.034482758620689655,0.9200676819218311,0.04742400000000002,0.9424358584280449,0.8848717168560898,0.9267258386625616,0.9492340770987279,0.9042176002263965,0.7038463502987937,productive
0.00125,30,0.03333333333333333,0.9129185786715375,0.04742400000000002,0.9489691374206985,0.8979382748413971,0.9335952571804915,0.9562703394700048,0.9109201748909785,0.730240855170288,productive
0.00125,31,0.03225806451612903,0.9056616266084568,0.04742400000000002,0.9555524926221795,0.9111049852443589,0.9405338013783807,0.9633774064398842,0.9176901963168781,0.7575920000584763,productive
0.00125,32,0.03125,0.8983181317703235,0.04742400000000002,0.9621864801278763,0.9243729602557527,0.9475421668550803,0.970555990501861,0.9245283432083005,0.7859349520107961,productive
0.00125,33,0.030303030303030304,0.8909075317708781,0.04742400000000002,0.9688716621073843,0.9377433242147686,0.9546210562091241,0.9778068113191226,0.931435301099125,0.8153061949709527,productive
0.00125,34,0.029411764705882353,0.8834474863712909,0.04742400000000002,0.9756086068582823,0.9512172137165646,0.9617711791091627,0.9851305957966936,0.9384117624216314,0.8457435799582284,productive
0.00125,35,0.02857142857142857,0.8759539802081466,0.04742400000000002,0.9823978888605496,0.9647957777210991,0.9689932523651108,0.9925280781543067,0.945458426575916,0.877286377187767,productive
0.00125,36,0.027777777777777776,0.8684414318834667,0.04742400000000002,0.9892400888316296,0.9784801776632592,0.9762880000000085,1.0000000000000107,0.9525760000000082,0.9099753302078668,productive
0.00125,37,0.02702702702702703,0.8609228051738309,0.02400000000000002,0.8743730769780297,0.7487461539560594,0.8689013693742856,0.8794548273019079,0.8583479114466627,0.4911136194696447,productive
0.00125,38,0.02631578947368421,0.8534097193143909,0.02400000000000002,0.8772618639661232,0.7545237279322463,0.8720225758624993,0.8826139431806677,0.8614312085443311,0.5002556657273104,productive
0.00125,39,0.02564102564102564,0.8459125562311827,0.02400000000000002,0.8801586440844531,0.7603172881689062,0.8751594471014621,0.8857889140703072,0.8645299801326185,0.5095565046079884,productive
0.00125,40,0.025,0.8384405632911975,0.02400000000000002,0.8830634899341382,0.7661269798682764,0.8783120617096245,0.8889798195441562,0.8676443038750947,0.519018963253143,productive
0.00125,41,0.024390243902439025,0.8310019506624012,0.02400000000000002,0.8859764743184458,0.7719529486368917,0.8814804987000079,0.892186739574907,0.870774257825109,0.5286459203093913,productive
0.00125,42,0.023809523809523808,0.8236039827641435,0.02400000000000002,0.8888976702446205,0.777795340489241,0.884664837482184,0.8954097545366242,0.8739199204277446,0.5384403068874801,productive
0.00125,43,0.023255813953488372,0.8162530635729409,0.02400000000000002,0.8918271509257075,0.783654301851415,0.8878651578642686,0.8986489452067515,0.8770813705217876,0.5484051075394247,productive
0.00125,44,0.022727272727272728,0.8089548157536728,0.02400000000000002,0.894764989782387,0.7895299795647741,0.8910815400549176,0.9019043927681365,0.8802586873417,0.5585433612541751,productive
0.00125,45,0.022222222222222223,0.801714153730813,0.02400000000000002,0.8977112604448251,0.7954225208896502,0.8943140646653398,0.9051761788110756,0.8834519505196069,0.5688581624721953,productive
0.00125,46,0.021739130434782608,0.7945353509131267,0.02400000000000002,0.9006660367545023,0.8013320735090046,0.8975628127113173,0.9084643853353425,0.8866612400872931,0.5793526621192296,productive
0.00125,47,0.02127659574468085,0.7874221013498609,0.02400000000000002,0.9036293927660839,0.8072587855321678,0.900827865615233,0.9117690947522622,0.8898866364782055,0.5900300686597532,productive
0.00125,48,0.020833333333333332,0.78037757613542,0.02400000000000002,0.9066014027492547,0.8132028054985094,0.9041093052081163,0.9150903898867565,0.8931282205294748,0.6008936491703454,productive
0.00125,49,0.02040816326530612,0.7734044748999146,0.02400000000000002,0.9095821411906048,0.8191642823812095,0.9074072137316888,0.9184283539794427,0.8963860734839351,0.6119467304335191,productive
0.00125,50,0.02,0.7665050727296459,0.02400000000000002,0.9125716827954695,0.825143365590939,0.9107216738404296,0.9217830706886943,0.8996602769921648,0.623192700052227,productive
0.00125,51,0.0196078431372549,0.759681262858714,0.02400000000000002,0.9155701024898251,0.8311402049796501,0.9140527686036442,0.9251546240927597,0.9029509131145306,0.6346350075856353,productive
0.00125,52,0.019230769230769232,0.7529345954633263,0.02400000000000002,0.9185774754221461,0.8371549508442921,0.9174005815075474,0.9285430986918507,0.9062580643232448,0.6462771657063874,productive
0.00125,53,0.018867924528301886,0.746266312876328,0.02400000000000002,0.9215938769653105,0.843187753930621,0.9207651964573565,0.93194857941028,0.9095818135044329,0.6581227513799512,productive
0.00125,54,0.018518518518518517,0.7396773815225959,0.02400000000000002,0.9246193827184728,0.8492387654369455,0.9241466977793923,0.9353711515985754,0.9129222439602089,0.6701754070663015,productive
0.00125,55,0.01818181818181818,0.7331685208574867,0.02400000000000002,0.9276540685089643,0.8553081370179285,0.9275451702231945,0.9388109010356234,0.9162794394107666,0.6824388419445021,productive
0.00125,56,0.017857142857142856,0.7267402295713808,0.02400000000000002,0.9306980103941891,0.8613960207883782,0.9309606989636441,0.9422679139308152,0.9196534839964738,0.6949168331605518,productive
0.00125,57,0.017543859649122806,0.7203928093041521,0.02400000000000002,0.933751284663538,0.8675025693270759,0.9343933696030992,0.9457422769262145,0.9230444622799843,0.7076132270990027,productive
0.00125,58,0.017241379310344827,0.7141263860945648,0.02400000000000002,0.9368139678402969,0.8736279356805938,0.9378432681735412,0.9492340770987262,0.9264524592483564,0.7205319406787503,productive
0.00125,59,0.01694915254237288,0.7079409297714696,0.02400000000000002,0.9398861366835622,0.8797722733671245,0.9413104811387277,0.9527434019622752,0.9298775603151804,0.7336769626734819,productive
0.00125,60,0.016666666666666666,0.7018362714764412,0.02400000000000002,0.9429678681901672,0.8859357363803344,0.944795095396363,0.9562703394700034,0.9333198513227229,0.7470523550572902,productive
0.00125,61,0.01639344262295082,0.6958121194912221,0.02400000000000002,0.9460592395966125,0.8921184791932251,0.948297198280275,0.9598149780164739,0.9367794185440773,0.7606622543759023,productive
0.00125,62,0.016129032258064516,0.6898680735282592,0.02400000000000002,0.9491603283809974,0.8983206567619948,0.9518168775626035,0.9633774064398825,0.9402563486853248,0.7745108731440118,productive
0.00125,63,0.015873015873015872,0.6840036376283989,0.02400000000000002,0.9522712122649699,0.9045424245299398,0.9553542214559995,0.9669577140242922,0.9437507288877078,0.7886025012692742,productive
0.00125,64,0.015625,0.6782182317969141,0.02400000000000002,0.955391969215664,0.9107839384313281,0.9589093186158372,0.9705559905018606,0.9472626467298149,0.802941507503391,productive
0.00125,65,0.015384615384615385,0.6725112024969713,0.02400000000000002,0.9585226774476635,0.917045354895327,0.9624822581424358,0.9741723260550981,0.9507921902297745,0.8175323409209081,productive
0.00125,66,0.015151515151515152,0.6668818321087359,0.02400000000000002,0.9616634154249575,0.923326830849915,0.9660731295832922,0.9778068113191237,0.9543394478474625,0.832379532426177,productive
0.00125,67,0.014925373134328358,0.6613293474521653,0.02400000000000002,0.9648142618629044,0.9296285237258088,0.9696820229353253,0.981459537383934,0.9579045084867182,0.8474876962890595,productive
0.00125,68,0.014705882352941176,0.655852927462479,0.02400000000000002,0.9679752957302123,0.9359505914604247,0.973309028647132,0.9851305957966935,0.9614874614975717,0.8628615317099617,productive
0.00125,69,0.014492753623188406,0.6504517100988787,0.02400000000000002,0.9711465962509123,0.9422931925018245,0.9769542376212529,0.9888200785640231,0.9650883966784846,0.8785058244146928,productive
0.00125,70,0.014285714285714285,0.6451247985594666,0.02400000000000002,0.9743282429063431,0.9486564858126862,0.9806177412164525,0.9925280781543061,0.9687074042786009,0.8944254482797858,productive
0.00125,71,0.014084507042253521,0.6398712668685116,0.02400000000000002,0.9775203154371482,0.9550406308742965,0.9842996312500074,0.9962546875000091,0.9723445750000075,0.9106253669888529,productive
0.00125,72,0.013888888888888888,0.6346901648958398,0.02400000000000002,0.9807228938452707,0.9614457876905413,0.9880000000000076,1.000000000000009,0.9760000000000078,0.9271106357205597,productive
0.0025,1,1.0,1.0,0.8260650438651997,0.9986540396381991,0.9973080792763982,0.5869674780674009,1.0000000000000113,0.1739349561348023,0.10181933315828239,crystallized
0.0025,2,0.5,1.0,0.582944900361115,0.9973293743624803,0.9946587487249605,0.7085275498194548,1.0000000000000124,0.4170550996388907,0.293916714692387,crystallized
0.0025,3,0.3333333333333333,0.9999999999997904,0.44179255567076836,0.9960254973486278,0.9920509946972556,0.7791037221646271,1.00000000000001,0.5582074443292379,0.431444463306189,productive
0.0025,4,0.25,0.9999999989897916,0.3542019668356948,0.9947419181453483,0.9894838362906966,0.8228990165821638,1.00000000000001,0.6457980331643134,0.525837997629862,productive
0.0025,5,0.2,0.9999998946877083,0.2882992109304511,0.978864589657367,0.957729179314734,0.8431086012434335,0.9851121254687587,0.7011050770180991,0.557692772247423,productive
0.0025,6,0.16666666666666666,0.9999980095545283,0.25286718427763344,0.9922337692569195,0.9844675385138391,0.8735664078611954,1.0000000000000133,0.7471328157223754,0.642532556368031,productive
0.0025,7,0.14285714285714285,0.9999848702710878,0.21567117403507274,0.9764980523582173,0.9529961047164346,0.878881981140747,0.9851121254687611,0.7726518368127289,0.637516151685382,productive
0.0025,8,0.125,0.9999332302396285,0.1963843996260991,0.9898013069798307,0.9796026139596614,0.9018078001869618,1.0000000000000122,0.8036156003739116,0.7099246920614257,productive
0.0025,9,0.1111111111111111,0.9997924998649104,0.17662336027264247,0.9886123881620223,0.9772247763240447,0.9116883198636893,1.000000000000011,0.8233766397273672,0.7335663506258928,productive
0.0025,10,0.1,0.9994924712139436,0.15637639372196976,0.9730795433102357,0.9461590866204714,0.9080879846724664,0.9851121254687627,0.8310638438761724,0.7034158451484085,productive
0.0025,11,0.09090909090909091,0.9989535302746325,0.1356315509446412,0.9441803052044971,0.8883606104089943,0.8913705006777213,0.9562171051857934,0.8265238961696495,0.6258344612320228,productive
0.0025,12,0.08333333333333333,0.9980979426127404,0.1356315509446412,0.985150054703074,0.9703001094061481,0.9321842245276888,1.0000000000000118,0.8643684490553686,0.7818199267610123,productive
0.0025,13,0.07692307692307693,0.9968585630378793,0.11437658908262405,0.9354611039317846,0.8709222078635692,0.8948910279391773,0.9491725895615649,0.8406094663167912,0.6218547890219854,productive
0.0025,14,0.07142857142857142,0.9951838190310288,0.11437658908262405,0.9687506771533388,0.9375013543066777,0.9287752430812345,0.9851121254687623,0.8724383606937098,0.7483468795940219,productive
0.0025,15,0.06666666666666667,0.9930393801316743,0.09259896422400005,0.901073947823012,0.802147895646024,0.8726265635862415,0.914990132875992,0.8302629942964936,0.5317591478576111,productive
0.0025,16,0.0625,0.9904074979477991,0.09259896422400005,0.9260451939548979,0.8520903879097959,0.8985750476538967,0.9421983429806895,0.8549517523271064,0.6167710260325355,productive
0.0025,17,0.058823529411764705,0.9872849986099358,0.09259896422400005,0.9518954672473079,0.9037909344946158,0.9255852193639793,0.9705197826815896,0.880650656046371,0.7149776183075607,productive
0.0025,18,0.05555555555555555,0.9836806832556286,0.09259896422400005,0.978662227672595,0.9573244553451901,0.9537005178880105,1.0000000000000118,0.9074010357760103,0.8284578977624613,productive
0.0025,19,0.05263157894736842,0.9796126349734647,0.07028582400000005,0.8793144751074995,0.758628950214999,0.8638251114790445,0.8952881439360313,0.8323620790220576,0.48834906026781705,productive
0.0025,20,0.05,0.9751057193808106,0.07028582400000005,0.8970677985938119,0.7941355971876238,0.882834715155462,0.9149901328759915,0.850679297434933,0.5457029989646598,productive
0.0025,21,0.047619047619047616,0.9701894171762189,0.07028582400000005,0.9152682380535738,0.8305364761071476,0.9024247215634428,0.935293664509455,0.8695557786174298,0.6095581370174651,productive
0.0025,22,0.045454545454545456,0.9648960326755942,0.07028582400000005,0.9339301317301401,0.8678602634602801,0.922612851605354,0.9562171051857933,0.8890085980249154,0.6806624196442866,productive
0.0025,23,0.043478260869565216,0.9592592681774077,0.07028582400000005,0.9530682932864996,0.9061365865729991,0.9434173672395652,0.9777793820172103,0.9090553524619207,0.7598515196948086,productive
0.0025,24,0.041666666666666664,0.953313126638417,0.07028582400000005,0.972698026246402,0.945396052492804,0.9648570880000116,1.00000000000001,0.9297141760000116,0.8480593157866612,productive
0.0025,25,0.04,0.9470910943469678,0.04742400000000002,0.8345669151493317,0.6691338302986634,0.831364922863863,0.8515570434788321,0.8111728022488934,0.3842658681688234,productive
0.0025,26,0.038461538461538464,0.9406255539904451,0.04742400000000002,0.8452791888927136,0.6905583777854272,0.8432590857347485,0.8637400907670164,0.8227780807024813,0.4138350006852356,productive
0.0025,27,0.037037037037037035,0.9339473821720392,0.04742400000000002,0.8561562782509536,0.7123125565019073,0.8553941354014589,0.8761698754890541,0.8346183953138628,0.4455671230142431,productive
0.0025,28,0.03571428571428571,0.9270856912663876,0.04742400000000002,0.8672018977387752,0.7344037954775504,0.8677749504291382,0.888851394700272,0.846698506158006,0.4796229697838203,productive
0.0025,29,0.034482758620689655,0.9200676819218311,0.04742400000000002,0.8784198412104691,0.7568396824209382,0.8804065081861788,0.9017897466589554,0.8590232697134024,0.5161754684542742,productive
0.0025,30,0.03333333333333333,0.9129185786715375,0.04742400000000002,0.8898139833201375,0.779627966640275,0.8932938868452365,0.9149901328759913,0.8715976408144818,0.5554106823287377,productive
0.0025,31,0.03225806451612903,0.9056616266084568,0.04742400000000002,0.9013882810155326,0.8027765620310652,0.9064422674247702,0.9284578602059744,0.8844266746435668,0.5975288277182573,productive
0.0025,32,0.03125,0.8983181317703235,0.04742400000000002,0.9131467750661548,0.8262935501323097,0.9198569358719305,0.9421983429806882,0.8975155287631732,0.6427453711731596,productive
0.0025,33,0.030303030303030304,0.8909075317708781,0.04742400000000002,0.9250935916261954,0.8501871832523908,0.9335432851876277,0.9562171051857938,0.9108694651894627,0.691292213168693,productive
0.0025,34,0.029411764705882353,0.8834474863712909,0.04742400000000002,0.9372329438329291,0.8744658876658582,0.9475068175946433,0.9705197826815896,0.9244938525076982,0.7434189651482267,productive
0.0025,35,0.02857142857142857,0.8759539802081466,0.04742400000000002,0.9495691334412273,0.8991382668824546,0.9617531467496461,0.9851121254687611,0.9383941680305316,0.7993943273845182,productive
0.0025,36,0.027777777777777776,0.8684414318834667,0.04742400000000002,0.9621065524948135,0.9242131049896269,0.9762880000000113,1.0000000000000118,0.9525760000000119,0.8595075757220004,productive
0.0025,37,0.02702702702702703,0.8609228051738309,0.02400000000000002,0.7617741775810486,0.5235483551620972,0.768715644775749,0.7780522720402331,0.759379017511267,0.23778797450168027,productive
0.0025,38,0.02631578947368421,0.8534097193143909,0.02400000000000002,0.7662611855959779,0.5325223711919558,0.7739721923948881,0.7833726643672952,0.7645717204224811,0.24685950736280887,productive
0.0025,39,0.02564102564102564,0.8459125562311827,0.02400000000000002,0.7707753636079364,0.5415507272158728,0.7792817023760895,0.7887466623239774,0.7698167424282023,0.25624683447457014,productive
0.0025,40,0.025,0.8384405632911975,0.02400000000000002,0.7753171653060049,0.5506343306120098,0.7846447083417992,0.7941748060139682,0.7751146106696322,0.26596124919746644,productive
0.0025,41,0.024390243902439025,0.8310019506624012,0.02400000000000002,0.7798870471555296,0.5597740943110592,0.7900617492909765,0.7996576409827703,0.7804658575991837,0.27601445857191237,productive
0.0025,42,0.023809523809523808,0.8236039827641435,0.02400000000000002,0.7844854684440066,0.5689709368880131,0.7955333696532682,0.8051957182725387,0.7858710210339982,0.2864185988269643,productive
0.0025,43,0.023255813953488372,0.8162530635729409,0.02400000000000002,0.7891128913272312,0.5782257826544623,0.8010601193437219,0.8107895944774507,0.7913306442099929,0.29718625148152356,productive
0.0025,44,0.022727272727272728,0.8089548157536728,0.02400000000000002,0.7937697808757527,0.5875395617515053,0.806642553818057,0.8164398317996531,0.7968452758364619,0.30833046006105863,productive
0.0025,45,0.022222222222222223,0.801714153730813,0.02400000000000002,0.7984566051216083,0.5969132102432166,0.8122812341284885,0.8221469981057572,0.80241547015122,0.31986474745368526,productive
0.0025,46,0.021739130434782608,0.7945353509131267,0.02400000000000002,0.8031738351053723,0.6063476702107446,0.8179767269801154,0.8279116669839223,0.8080417869763089,0.33180313393048533,productive
0.0025,47,0.02127659574468085,0.7874221013498609,0.02400000000000002,0.8079219449234876,0.6158438898469751,0.8237296047878744,0.8337344178014928,0.813724791774257,0.344160155855806,productive
0.0025,48,0.020833333333333332,0.78037757613542,0.02400000000000002,0.8127014117759163,0.6254028235518325,0.8295404457340716,0.8396158357632302,0.8194650557049135,0.3569508851144142,productive
0.0025,49,0.02040816326530612,0.7734044748999146,0.02400000000000002,0.817512716014105,0.63502543202821,0.8354098338264907,0.8455565119701317,0.8252631556828498,0.37019094928335883,productive
0.0025,50,0.02,0.7665050727296459,0.02400000000000002,0.8223563411892562,0.6447126823785123,0.8413383589570874,0.8515570434788334,0.8311196744353418,0.38389655257749367,productive
0.0025,51,0.0196078431372549,0.759681262858714,0.02400000000000002,0.8272327741009258,0.6544655482018515,0.8473266169612761,0.8576180333616148,0.837035200560937,0.3980844975987969,productive
0.0025,52,0.019230769230769232,0.7529345954633263,0.02400000000000002,0.8321425048459548,0.6642850096919095,0.8533752096778123,0.8637400907670165,0.8430103285886086,0.4127722079207825,productive
0.0025,53,0.018867924528301886,0.746266312876328,0.02400000000000002,0.8370860268677166,0.6741720537354332,0.8594847450092795,0.869923830981053,0.8490456590375073,0.42797775154050044,productive
0.0025,54,0.018518518518518517,0.7396773815225959,0.02400000000000002,0.8420638370057161,0.6841276740114322,0.8656558369831868,0.876169875489056,0.8551417984773185,0.44371986523198415,productive
0.0025,55,0.01818181818181818,0.7331685208574867,0.02400000000000002,0.8470764355455219,0.6941528710910438,0.8718891058136778,0.8824788520381359,0.8612993595892207,0.46001797983624676,productive
0.0025,56,0.017857142857142856,0.7267402295713808,0.02400000000000002,0.8521243262690474,0.7042486525380949,0.8781851779638674,0.8888513947002715,0.8675189612274645,0.47689224652437745,productive
0.0025,57,0.017543859649122806,0.7203928093041521,0.02400000000000002,0.8572080165051784,0.7144160330103568,0.8845446862088,0.8952881439360331,0.873801228481568,0.49436356407168525,productive
0.0025,58,0.017241379310344827,0.7141263860945648,0.02400000000000002,0.8623280171807667,0.7246560343615334,0.8909682696990479,0.9017897466589555,0.8801467927391409,0.512453607182393,productive
0.0025,59,0.01694915254237288,0.7079409297714696,0.02400000000000002,0.8674848428719774,0.7349696857439547,0.8974565740249468,0.9083568563005534,0.8865562917493406,0.5311848559058657,productive
0.0025,60,0.016666666666666666,0.7018362714764412,0.02400000000000002,0.8726790118560046,0.7453580237120092,0.9040102512814794,0.9149901328759915,0.8930303696869678,0.5505806261870363,productive
0.0025,61,0.01639344262295082,0.6958121194912221,0.02400000000000002,0.8779110461631602,0.7558220923263204,0.9106299601338144,0.9216902430504191,0.8995696772172096,0.5706651015953595,productive
0.0025,62,0.016129032258064516,0.6898680735282592,0.02400000000000002,0.883181471629343,0.766362943258686,0.9173163658835021,0.928457860205975,0.9061748715610306,0.591463366278369,productive
0.0025,63,0.015873015873015872,0.6840036376283989,0.02400000000000002,0.8884908179488779,0.7769816358977557,0.9240701405353421,0.9352936645094557,0.9128466165612289,0.6130014391877141,productive
0.0025,64,0.015625,0.6782182317969141,0.02400000000000002,0.8938396187277654,0.7876792374555308,0.9308919628649198,0.9421983429806885,0.9195855827491517,0.6353063096275342,productive
0.0025,65,0.015384615384615385,0.6725112024969713,0.02400000000000002,0.8992284115372979,0.7984568230745959,0.937782518486826,0.9491725895615649,0.9263924474120874,0.6584059741768306,productive
0.0025,66,0.015151515151515152,0.6668818321087359,0.02400000000000002,0.9046577379680951,0.8093154759361902,0.9447424999235634,0.9562171051857932,0.9332678946613341,0.6823294750397492,productive
0.0025,67,0.014925373134328358,0.6613293474521653,0.02400000000000002,0.9101281436845324,0.8202562873690649,0.9517726066751478,0.9633325978493407,0.9402126155009558,0.7071069398796386,productive
0.0025,68,0.014705882352941176,0.655852927462479,0.02400000000000002,0.9156401784795819,0.8312803569591638,0.9588735452894095,0.9705197826815897,0.9472273078972306,0.7327696231950664,productive
0.0025,69,0.014492753623188406,0.6504517100988787,0.02400000000000002,0.9211943963300695,0.842388792660139,0.9660460294330033,0.977779382017211,0.954312676848797,0.7593499492982434,productive
0.0025,70,0.014285714285714285,0.6451247985594666,0.02400000000000002,0.9267913554523518,0.8535827109047036,0.9732907799631356,0.9851121254687623,0.9614694344575107,0.7868815569587024,productive
0.0025,71,0.014084507042253521,0.6398712668685116,0.02400000000000002,0.9324316183584159,0.8648632367168319,0.9806085250000104,0.9925187500000126,0.9686983000000106,0.8153993457775525,productive
0.0025,72,0.013888888888888888,0.6346901648958398,0.02400000000000002,0.9381157519124161,0.8762315038248323,0.9880000000000105,1.0000000000000127,0.9760000000000106,0.8449395243602689,productive
0.00375,1,1.0,1.0,0.8260650438651997,0.9969791288248515,0.993958257649703,0.5869674780673967,0.9999999999999926,0.17393495613479867,0.10147733592460761,crystallized
0.00375,2,0.5,1.0,0.582944900361115,0.9940353738369327,0.9880707476738655,0.7085275498194354,0.9999999999999928,0.41705509963888276,0.2919699931380557,crystallized
0.00375,3,0.3333333333333333,0.9999999999997904,0.44179255567076836,0.9911658220245361,0.9823316440490721,0.7791037221646107,0.9999999999999911,0.5582074443292286,0.427217503153406,productive
0.00375,4,0.25,0.9999999989897916,0.3542019668356948,0.9883677072013796,0.9767354144027591,0.8228990165821474,0.9999999999999917,0.6457980331643005,0.519063147558886,productive
0.00375,5,0.2,0.9999998946877083,0.2882992109304511,0.9640939330446221,0.9281878660892442,0.836809316634169,0.9777518617480402,0.6958667715202982,0.5284661128056973,productive
0.00375,6,0.16666666666666666,0.9999980095545283,0.25286718427763344,0.9829754032987933,0.9659508065975866,0.8735664078611748,0.9999999999999936,0.7471328157223581,0.6304472385405551,productive
0.00375,7,0.14285714285714285,0.9999848702710878,0.21567117403507274,0.9590870532999318,0.9181741065998636,0.8723154157789492,0.9777518617480397,0.7668789698098585,0.6005567718106207,productive
0.00375,8,0.125,0.9999332302396285,0.1963843996260991,0.9778389357015865,0.9556778714031731,0.9018078001869415,0.9999999999999919,0.8036156003738909,0.6925862680412447,productive
0.00375,9,0.1111111111111111,0.9997924998649104,0.17662336027264247,0.9753610437775911,0.9507220875551823,0.9116883198636704,0.9999999999999916,0.8233766397273478,0.7136717663367752,productive
0.00375,10,0.1,0.9994924712139436,0.15637639372196976,0.9520093159409382,0.9040186318818764,0.9013032067004886,0.9777518617480365,0.8248545516529363,0.6571345845754479,productive
0.00375,11,0.09090909090909091,0.9989535302746325,0.1356315509446412,0.9099175922011964,0.8198351844023928,0.8717935330330796,0.9352159263098486,0.8083711397563108,0.5403347390332869,productive
0.00375,12,0.08333333333333333,0.9980979426127404,0.1356315509446412,0.9682643235947868,0.9365286471895735,0.9321842245276714,0.9999999999999916,0.8643684490553498,0.7546085497232642,productive
0.00375,13,0.07692307692307693,0.9968585630378793,0.11437658908262405,0.8964765156877685,0.7929530313755371,0.8720784176797179,0.9249762308110532,0.8191806045483815,0.5239782212595256,productive
0.00375,14,0.07142857142857142,0.9951838190310288,0.11437658908262405,0.9433002062668742,0.8866004125337483,0.9218359002900753,0.9777518617480376,0.865919938832111,0.6919710702167892,productive
0.00375,15,0.06666666666666667,0.9930393801316743,0.09259896422400005,0.8477601132543897,0.6955202265087794,0.835468186468572,0.876027820891556,0.7949085520455879,0.40464553216237287,productive
0.00375,16,0.0625,0.9904074979477991,0.09259896422400005,0.8817944194962744,0.7635888389925487,0.8725306421867179,0.9148895547618707,0.8301717296115643,0.5060307040004998,productive
0.00375,17,0.058823529411764705,0.9872849986099358,0.09259896422400005,0.9176443865149151,0.8352887730298302,0.911893812414082,0.9561636963703247,0.8676239284578398,0.631894658809595,productive
0.00375,18,0.05555555555555555,0.9836806832556286,0.09259896422400005,0.9554275258439815,0.910855051687963,0.9537005178879921,0.9999999999999921,0.9074010357759922,0.788243794540472,productive
0.00375,19,0.05263157894736842,0.9796126349734647,0.07028582400000005,0.8166559196072818,0.6333118392145636,0.8185650003630468,0.8483795274384168,0.7887504732876767,0.3468970375151971,productive
0.00375,20,0.05,0.9751057193808106,0.07028582400000005,0.8402538399201499,0.6805076798402998,0.8452416522724112,0.8760278208915572,0.814455483653267,0.41039226956389047,productive
0.00375,21,0.047619047619047616,0.9701894171762189,0.07028582400000005,0.8647552781300073,0.7295105562600146,0.8731509063456477,0.904953611477899,0.8413482012133976,0.48497904938061986,productive
0.00375,22,0.045454545454545456,0.9648960326755942,0.07028582400000005,0.8902042111342571,0.7804084222685141,0.9023497153105406,0.9352159263098485,0.8694835043112353,0.5726246963361911,productive
0.00375,23,0.043478260869565216,0.9592592681774077,0.07028582400000005,0.9166467808933824,0.8332935617867647,0.9328976634115924,0.9668765198640397,0.8989188069591447,0.6756526930719414,productive
0.00375,24,0.041666666666666664,0.953313126638417,0.07028582400000005,0.9441313939412993,0.8882627878825986,0.9648570879999915,0.9999999999999912,0.9297141759999928,0.7968084171116818,productive
0.00375,25,0.04,0.9470910943469678,0.04742400000000002,0.7559768298901308,0.5119536597802616,0.769825162554934,0.7885226106998489,0.7511277144100198,0.23342678684072213,productive
0.00375,26,0.038461538461538464,0.9406255539904451,0.04742400000000002,0.7695769034000983,0.5391538068001966,0.7858979885575051,0.8049858121348491,0.7668101649801641,0.2615501301929075,productive
0.00375,27,0.037037037037037035,0.9339473821720392,0.04742400000000002,0.7834984818957552,0.5669969637915104,0.8024621777207919,0.8219523109172607,0.7829720445243222,0.2928182780011894,productive
0.00375,28,0.03571428571428571,0.9270856912663876,0.04742400000000002,0.7977525053472833,0.5955050106945665,0.8195327515323444,0.8394374933752576,0.7996280096894308,0.3275880838202621,productive
0.00375,29,0.034482758620689655,0.9200676819218311,0.04742400000000002,0.8123502573389457,0.6247005146778914,0.8371251907023551,0.857457216213203,0.8167931651915084,0.366257755181526,productive
0.00375,30,0.03333333333333333,0.9129185786715375,0.04742400000000002,0.827303374929339,0.6546067498586781,0.8552554492025746,0.8760278208915556,0.8344830775135946,0.4092717437416524,productive
0.00375,31,0.03225806451612903,0.9056616266084568,0.04742400000000002,0.8426238588416564,0.6852477176833127,0.8739399687344145,0.8951661484463754,0.8527137890224545,0.45712622380004836,productive
0.00375,32,0.03125,0.8983181317703235,0.04742400000000002,0.8583240839931253,0.7166481679862506,0.893195693639357,0.9148895547618701,0.8715018325168443,0.5103752309903694,productive
0.00375,33,0.030303030303030304,0.8909075317708781,0.04742400000000002,0.8744168103730972,0.7488336207461943,0.913040086265187,0.9352159263098445,0.8908642462205287,0.5696375418151732,productive
0.00375,34,0.029411764705882353,0.8834474863712909,0.04742400000000002,0.890915194279572,0.781830388559144,0.9334911428019897,0.9561636963703224,0.9108185892336575,0.6356043846608636,productive
0.00375,35,0.02857142857142857,0.8759539802081466,0.04742400000000002,0.907832799924261,0.815665599848522,0.9545674096022685,0.9777518617480372,0.9313829574564999,0.7090480841407242,productive
0.00375,36,0.027777777777777776,0.8684414318834667,0.04742400000000002,0.9251836114166747,0.8503672228333494,0.9762879999999914,0.9999999999999905,0.9525759999999922,0.7908317532233003,productive
0.00375,37,0.02702702702702703,0.8609228051738309,0.02400000000000002,0.663140537615728,0.326281075231456,0.6844760562990346,0.6927895306670392,0.6761625819310308,0.10461708027346524,productive
0.00375,38,0.02631578947368421,0.8534097193143909,0.02400000000000002,0.6684093371316655,0.336818674263331,0.6911127664527122,0.6995068486363479,0.6827186842690767,0.11116775543782982,productive
0.00375,39,0.02564102564102564,0.8459125562311827,0.02400000000000002,0.673729955000232,0.34745991000046406,0.6978501585089302,0.7063260713653119,0.6893742456525472,0.11806663230899822,productive
0.00375,40,0.025,0.8384405632911975,0.02400000000000002,0.679103597423933,0.358207194847866,0.704689759857805,0.7132487447953495,0.6961307749202615,0.1253326190398773,productive
0.00375,41,0.024390243902439025,0.8310019506624012,0.02400000000000002,0.6845314826261139,0.3690629652522277,0.7116331210606553,0.7202764383205008,0.7029898038008101,0.13298567259624783,productive
0.00375,42,0.023809523809523808,0.8236039827641435,0.02400000000000002,0.6900148411271536,0.3800296822543072,0.718681816201517,0.7274107451432338,0.7099528872597988,0.1410468582815954,productive
0.00375,43,0.023255813953488372,0.8162530635729409,0.02400000000000002,0.6955549160234205,0.3911098320468409,0.7258374432439946,0.7346532826356199,0.7170216038523677,0.14953841270506446,productive
0.00375,44,0.022727272727272728,0.8089548157536728,0.02400000000000002,0.7011529632690848,0.40230592653816966,0.7331016243935253,0.7420056927059969,0.7241975560810541,0.15848381039488277,productive
0.00375,45,0.022222222222222223,0.801714153730813,0.02400000000000002,0.7068102519608458,0.4136205039216916,0.7404760064651388,0.7494696421711938,0.731482370759085,0.16790783427161013,productive
0.00375,46,0.021739130434782608,0.7945353509131267,0.02400000000000002,0.7125280646256446,0.4250561292512891,0.747962261256795,0.7570468231344071,0.7388776993791827,0.17783665020834302,productive
0.00375,47,0.02127659574468085,0.7874221013498609,0.02400000000000002,0.7183076975114224,0.43661539502284485,0.7555620859283874,0.764738953368812,0.746385218487962,0.18829788591852126,productive
0.00375,48,0.020833333333333332,0.78037757613542,0.02400000000000002,0.724150460880974,0.448300921761948,0.7632772033864942,0.7725477767069769,0.754006630066011,0.1993207144263155,productive
0.00375,49,0.02040816326530612,0.7734044748999146,0.02400000000000002,0.730057679308994,0.460115358617988,0.7711093626749683,0.7804750634362019,0.7617436619137344,0.21093594238983093,productive
0.00375,50,0.02,0.7665050727296459,0.02400000000000002,0.7360306919823622,0.4720613839647243,0.7790603393714504,0.7885226106998477,0.7695980680430525,0.22317610356342726,productive
0.00375,51,0.0196078431372549,0.759681262858714,0.02400000000000002,0.7420708530037415,0.4841417060074831,0.7871319359898994,0.7966922429047556,0.7775716290750427,0.23607555770258265,productive
0.00375,52,0.019230769230769232,0.7529345954633263,0.02400000000000002,0.748179531698559,0.496359063397118,0.7953259823892281,0.8049858121348457,0.7856661526436104,0.2496705952328366,productive
0.00375,53,0.018867924528301886,0.746266312876328,0.02400000000000002,0.7543581129254336,0.5087162258508673,0.8036443361881398,0.81340519857099,0.7938834738052882,0.2639995480235689,productive
0.00375,54,0.018518518518518517,0.7396773815225959,0.02400000000000002,0.7606079973901346,0.5212159947802693,0.8120888831862546,0.8219523109172606,0.8022254554552477,0.2791029066277513,productive
0.00375,55,0.01818181818181818,0.7331685208574867,0.02400000000000002,0.766930601963118,0.533861203926236,0.8206615377916283,0.8306290868336317,0.810693988749625,0.2950234443703811,productive
0.00375,56,0.017857142857142856,0.7267402295713808,0.02400000000000002,0.7733273600007402,0.5466547200014804,0.8293642434547551,0.8394374933752581,0.8192909935342523,0.3118063486912664,productive
0.00375,57,0.017543859649122806,0.7203928093041521,0.02400000000000002,0.7797997216702076,0.5595994433404152,0.8381989731091553,0.8483795274384158,0.8280184187798942,0.32949936017207476,productive
0.00375,58,0.017241379310344827,0.7141263860945648,0.02400000000000002,0.7863491542783306,0.5726983085566613,0.8471677296186441,0.8574572162132018,0.8368782430240856,0.348152919703321,productive
0.00375,59,0.01694915254237288,0.7079409297714696,0.02400000000000002,0.7929771426041686,0.5859542852083373,0.8562725462313892,0.8666726176431061,0.845872474819672,0.3678203242743083,productive
0.00375,60,0.016666666666666666,0.7018362714764412,0.02400000000000002,0.7996851892356328,0.5993703784712656,0.8655154870408563,0.8760278208915534,0.8550031531901577,0.38855789189797363,productive
0.00375,61,0.01639344262295082,0.6958121194912221,0.02400000000000002,0.8064748149101336,0.6129496298202672,0.8748986474537433,0.8855249468155287,0.8642723480919571,0.41042513621332194,productive
0.00375,62,0.016129032258064516,0.6898680735282592,0.02400000000000002,0.813347558859328,0.6266951177186559,0.8844241546650183,0.8951661484463742,0.8736821608836619,0.43348495134066944,productive
0.00375,63,0.015873015873015872,0.6840036376283989,0.02400000000000002,0.8203049791580764,0.6406099583161529,0.8940941681401627,0.9049536114778969,0.883234724802428,0.4578038075995325,productive
0.00375,64,0.015625,0.6782182317969141,0.02400000000000002,0.8273486530776614,0.6546973061553227,0.9039108801047276,0.9148895547618694,0.8929322054475852,0.48345195873554014,productive
0.00375,65,0.015384615384615385,0.6725112024969713,0.02400000000000002,0.834480177443359,0.668960354886718,0.9138765160413205,0.9249762308110516,0.9027768012715879,0.5105036613416718,productive
0.00375,66,0.015151515151515152,0.6668818321087359,0.02400000000000002,0.8417011689964469,0.6834023379928937,0.9239933351941279,0.9352159263098444,0.91277074407841,0.539037407200297,productive
0.00375,67,0.014925373134328358,0.6613293474521653,0.02400000000000002,0.8490132647607238,0.6980265295214476,0.9342636310810959,0.9456109626326877,0.9229162995295038,0.5691361693161984,productive
0.00375,68,0.014705882352941176,0.655852927462479,0.02400000000000002,0.8564181224136256,0.7128362448272512,0.9446897320138784,0.9561636963703211,0.9332157676574346,0.600887662457104,productive
0.00375,69,0.014492753623188406,0.6504517100988787,0.02400000000000002,0.8639174206620343,0.7278348413240685,0.9552740016256722,0.9668765198640389,0.9436714833873039,0.6343846190674579,productive
0.00375,70,0.014285714285714285,0.6451247985594666,0.02400000000000002,0.87151285962284,0.74302571924568,0.9660188394070613,0.9777518617480362,0.9542858170660852,0.6697250814732112,productive
0.00375,71,0.014084507042253521,0.6398712668685116,0.02400000000000002,0.8792061612083651,0.7584123224167303,0.976926681249991,0.9887921874999893,0.9650611749999913,0.7070127113508251,productive
0.00375,72,0.013888888888888888,0.6346901648958398,0.02400000000000002,0.8869990695167282,0.7739981390334565,0.9879999999999912,0.9999999999999892,0.9759999999999915,0.7463571174922725,productive
0.005,1,1.0,1.0,0.8260650438651997,0.9946464642365096,0.9892929284730192,0.5869674780673984,0.9999999999999996,0.1739349561348007,0.10100103304929521,crystallized
0.005,2,0.5,1.0,0.582944900361115,0.9894876047346043,0.9789752094692086,0.708527549819441,1.0000000000000007,0.4170550996388861,0.28928230682263173,crystallized
0.005,3,0.3333333333333333,0.9999999999997904,0.44179255567076836,0.9845131214985073,0.9690262429970147,0.7791037221646129,0.9999999999999999,0.5582074443292331,0.421430964309481,productive
0.005,4,0.25,0.9999999989897916,0.3542019668356948,0.9797134302747852,0.9594268605495704,0.8228990165821481,1.0000000000000013,0.6457980331643066,0.5098649222153192,productive
0.005,5,0.2,0.9999998946877083,0.2882992109304511,0.9469173585997788,0.8938347171995575,0.8305574542439639,0.9704470075000013,0.6906679009879333,0.4975858217176508,productive
0.005,6,0.16666666666666666,0.9999980095545283,0.25286718427763344,0.9706033046450592,0.9412066092901183,0.8735664078611816,1.000000000000004,0.7471328157223677,0.6142974400665252,productive
0.005,7,0.14285714285714285,0.9999848702710878,0.21567117403507274,0.9385980238410586,0.8771960476821172,0.8657982847768256,0.9704470074999991,0.7611495620536538,0.5609901221845542,productive
0.005,8,0.125,0.9999332302396285,0.1963843996260991,0.9620926924031393,0.9241853848062787,0.9018078001869506,1.0000000000000009,0.8036156003739025,0.6697634483274888,productive
0.005,9,0.1111111111111111,0.9997924998649104,0.17662336027264247,0.9580442919838049,0.9160885839676098,0.9116883198636802,1.0000000000000018,0.8233766397273594,0.6876736812987895,productive
0.005,10,0.1,0.9994924712139436,0.15637639372196976,0.9271066929345043,0.8542133858690086,0.8945695058344368,0.9704470075000035,0.818692004168875,0.6071176189048844,productive
0.005,11,0.09090909090909091,0.9989535302746325,0.1356315509446412,0.8729353370193195,0.7458706740386389,0.8527515518372456,0.9147886537870987,0.7907144498873953,0.4600727333551086,productive
0.005,12,0.08333333333333333,0.9980979426127404,0.1356315509446412,0.9466512206608475,0.893302441321695,0.9321842245276801,0.999999999999999,0.8643684490553609,0.7197790070094723,productive
0.005,13,0.07692307692307693,0.9968585630378793,0.11437658908262405,0.8549333652288952,0.7098667304577904,0.850000717374783,0.9015593595767336,0.7984420751728333,0.4343440292185362,productive
0.005,14,0.07142857142857142,0.9951838190310288,0.11437658908262405,0.9133852076129627,0.8267704152259254,0.9149487981983555,0.9704470075000011,0.8594505888967117,0.6309202363384395,productive
0.005,15,0.06666666666666667,0.9930393801316743,0.09259896422400005,0.7940258043356092,0.5880516086712184,0.8004013668078447,0.8392586056054154,0.7615441280102758,0.3008251492621223,productive
0.005,16,0.0625,0.9904074979477991,0.09259896422400005,0.8352183842975208,0.6704367685950416,0.8474519174117088,0.8885933283211573,0.8063105065022622,0.407078586494983,productive
0.005,17,0.058823529411764705,0.9872849986099358,0.09259896422400005,0.8793827670993806,0.7587655341987611,0.8984416991877338,0.9420585208209419,0.8548248775545294,0.5489749537940973,productive
0.005,18,0.05555555555555555,0.9836806832556286,0.09259896422400005,0.9267783147792944,0.8535566295585888,0.9537005178880009,0.9999999999999992,0.9074010357760026,0.7386583796089496,productive
0.005,19,0.05263157894736842,0.9796126349734647,0.07028582400000005,0.755098945106802,0.510197890213604,0.7764931331949468,0.8047752800412109,0.7482109863486844,0.23854756431662152,productive
0.005,20,0.05,0.9751057193808106,0.07028582400000005,0.7829919912009956,0.5659839824019912,0.8097646142833809,0.8392586056054158,0.7802706229613482,0.3001262587902639,productive
0.005,21,0.047619047619047616,0.9701894171762189,0.07028582400000005,0.812334663901782,0.624669327803564,0.8451041603264936,0.8758853210875674,0.8143229995654226,0.3765341498991798,productive
0.005,22,0.045454545454545456,0.9648960326755942,0.07028582400000005,0.843221907197905,0.68644381439581,0.8826403166284581,0.9147886537870988,0.8504919794698209,0.4713893307263612,productive
0.005,23,0.043478260869565216,0.9592592681774077,0.07028582400000005,0.8757548555576887,0.7515097111153775,0.92250961852064,0.9561101120507512,0.8889091249905314,0.5892109046573973,productive
0.005,24,0.041666666666666664,0.953313126638417,0.07028582400000005,0.9100412170112384,0.8200824340224768,0.9648570880000001,1.0000000000000013,0.929714176000001,0.7356478229964185,productive
0.005,25,0.04,0.9470910943469678,0.04742400000000002,0.6826484847689387,0.3652969695378774,0.7146024968320641,0.7319587015635395,0.6972462921005904,0.13322428255520913,productive
0.005,26,0.038461538461538464,0.9406255539904451,0.04742400000000002,0.6980400422199179,0.3960800844398358,0.7339038251728571,0.7517288189272603,0.7160788314184547,0.15647472344174593,productive
0.005,27,0.037037037037037035,0.9339473821720392,0.04742400000000002,0.7139304863334944,0.42786097266698886,0.7539969008673866,0.7723099135371827,0.7356838881975938,0.18329688707142655,productive
0.005,28,0.03571428571428571,0.9270856912663876,0.04742400000000002,0.7303424871824429,0.46068497436488576,0.7749142016737158,0.7937352519683925,0.756093151379042,0.21424398660873026,productive
0.005,29,0.034482758620689655,0.9200676819218311,0.04742400000000002,0.7472996535561797,0.49459930711235933,0.7966895375990949,0.8160394654027248,0.7773396097954661,0.2499565824907722,productive
0.005,30,0.03333333333333333,0.9129185786715375,0.04742400000000002,0.7648265699417711,0.5296531398835422,0.8193581055492984,0.8392586056054157,0.7994576054931836,0.2911766513276515,productive
0.005,31,0.03225806451612903,0.9056616266084568,0.04742400000000002,0.7829488351202032,0.5658976702404064,0.8429565462196937,0.8634302031979242,0.8224828892414651,0.3387639606641153,productive
0.005,32,0.03125,0.8983181317703235,0.04742400000000002,0.8016931024398751,0.6033862048797503,0.867523003320005,0.8885933283211586,0.8464526783188544,0.3937151330046207,productive
0.005,33,0.030303030303030304,0.8909075317708781,0.04742400000000002,0.8210871218319146,0.6421742436638291,0.8930971852284963,0.9147886537870984,0.8714057166698976,0.4571858469943802,productive
0.005,34,0.029411764705882353,0.8834474863712909,0.04742400000000002,0.8411597836348369,0.6823195672696738,0.9197204291752332,0.9420585208209413,0.8973823375295281,0.5305166990867796,productive
0.005,35,0.02857142857142857,0.8759539802081466,0.04742400000000002,0.8619411642989447,0.7238823285978895,0.9474357680581597,0.970447007500002,0.9244245286163202,0.6152633372835035,productive
0.005,36,0.027777777777777776,0.8684414318834667,0.04742400000000002,0.8834625740439485,0.7669251480878969,0.9762879999999996,1.0000000000000007,0.9525760000000004,0.7132315818012986,productive
0.005,37,0.02702702702702703,0.8609228051738309,0.02400000000000002,0.5780153899086858,0.15603077981737168,0.6136754467637535,0.6211289947001563,0.6062218988273521,0.03605474678952418,dissolved
0.005,38,0.02631578947368421,0.8534097193143909,0.02400000000000002,0.5835569412728848,0.16711388254576964,0.6211204435912188,0.6286644165903037,0.6135764705921358,0.04003832766041902,productive
0.005,39,0.02564102564102564,0.8459125562311827,0.02400000000000002,0.5891764255839049,0.17835285116780986,0.6287166040110385,0.6363528380678521,0.621080369954225,0.04431806343049235,productive
0.005,40,0.025,0.8384405632911975,0.02400000000000002,0.5948761133977998,0.18975222679559955,0.6364669972564415,0.6441973656441734,0.6287366288687121,0.04891594825572641,productive
0.005,41,0.024390243902439025,0.8310019506624012,0.02400000000000002,0.6006583076768849,0.20131661535376977,0.644374754878524,0.652201168905391,0.6365483408516598,0.05385562880144373,productive
0.005,42,0.023809523809523808,0.8236039827641435,0.02400000000000002,0.6065253447202692,0.2130506894405384,0.6524430720115538,0.660367481793072,0.6445186622300373,0.059162530883187375,productive
0.005,43,0.023255813953488372,0.8162530635729409,0.02400000000000002,0.6124795951078349,0.2249591902156698,0.6606752086639668,0.6686996039108991,0.6526508134170365,0.06486399598577491,productive
0.005,44,0.022727272727272728,0.8089548157536728,0.02400000000000002,0.6185234646580633,0.2370469293161266,0.6690744910355748,0.6772009018578701,0.6609480802132807,0.0709894284429271,productive
0.005,45,0.022222222222222223,0.801714153730813,0.02400000000000002,0.6246593954001166,0.24931879080023323,0.677644312861519,0.6858748105885826,0.6694138151344565,0.07757045412262796,productive
0.005,46,0.021739130434782608,0.7945353509131267,0.02400000000000002,0.6308898665605369,0.26177973312107383,0.6863881367835107,0.6947248348011255,0.6780514387658977,0.08464109153116584,productive
0.005,47,0.02127659574468085,0.7874221013498609,0.02400000000000002,0.6372173955649777,0.2744347911299554,0.6953094957489141,0.7037545503531535,0.6868644411446768,0.09223793632216588,productive
0.005,48,0.020833333333333332,0.78037757613542,0.02400000000000002,0.6436445390553746,0.2872890781107491,0.704411994438235,0.7129676057067174,0.6958563831697547,0.10040036027618782,productive
0.005,49,0.02040816326530612,0.7734044748999146,0.02400000000000002,0.650173893922956,0.300347787845912,0.7136993107215946,0.7223677234024249,0.7050308980407659,0.10917072590216365,productive
0.005,50,0.02,0.7665050727296459,0.02400000000000002,0.6568080983575219,0.3136161967150437,0.7231751971447753,0.7319587015635395,0.7143916927260132,0.11859461790462981,productive
0.005,51,0.0196078431372549,0.759681262858714,0.02400000000000002,0.6635498329133993,0.3270996658267986,0.7328434824454395,0.7417444154306078,0.7239425494602726,0.1287210928608842,productive
0.005,52,0.019230769230769232,0.7529345954633263,0.02400000000000002,0.6704018215925318,0.3408036431850636,0.7427080731001323,0.7517288189272616,0.7336873272730057,0.13960294856056768,productive
0.005,53,0.018867924528301886,0.746266312876328,0.02400000000000002,0.6773668329451005,0.35473366589020094,0.7527729549026958,0.7619159462577906,0.7436299635476028,0.15129701457726624,productive
0.005,54,0.018518518518518517,0.7396773815225959,0.02400000000000002,0.6844476811881747,0.36889536237634935,0.763042194574733,0.7723099135371815,0.7537744756122873,0.16386446576849245,productive
0.005,55,0.01818181818181818,0.7331685208574867,0.02400000000000002,0.6916472273427829,0.3832944546855659,0.7735199414087673,0.7829149204542205,0.7641249623633173,0.1773711605372875,productive
0.005,56,0.017857142857142856,0.7267402295713808,0.02400000000000002,0.6989683803899209,0.39793676077984186,0.7842104289447681,0.7937352519683917,0.774685605921148,0.19188800583696147,productive
0.005,57,0.017543859649122806,0.7203928093041521,0.02400000000000002,0.7064140984459206,0.41282819689184125,0.7951179766807144,0.8047752800412113,0.7854606733202204,0.20749135106060723,productive
0.005,58,0.017241379310344827,0.7141263860945648,0.02400000000000002,0.713987389957684,0.4279747799153679,0.8062469918178905,0.8160394654027252,0.7964545182330581,0.22426341313038894,productive
0.005,59,0.01694915254237288,0.7079409297714696,0.02400000000000002,0.7216913149182443,0.4433826298364887,0.8176019710416188,0.8275323593538676,0.8076715827293728,0.24229273528898243,productive
0.005,60,0.016666666666666666,0.7018362714764412,0.02400000000000002,0.7295289861031574,0.45905797220631483,0.829187502338148,0.839258605605415,0.8191163990708833,0.261674682298293,productive
0.005,61,0.01639344262295082,0.6958121194912221,0.02400000000000002,0.7375035703282246,0.4750071406564491,0.8410082668484318,0.8512229421542853,0.8307935915425807,0.28251197496984964,productive
0.005,62,0.016129032258064516,0.6898680735282592,0.02400000000000002,0.7456182897290432,0.4912365794580864,0.8530690407595467,0.8634302031979242,0.842707878321172,0.3049152671884308,productive
0.005,63,0.015873015873015872,0.6840036376283989,0.02400000000000002,0.7538764230629127,0.5077528461258254,0.8653746972345138,0.8758853210875662,0.8548640733814632,0.32900376884708155,productive
0.005,64,0.015625,0.6782182317969141,0.02400000000000002,0.7622813070336202,0.5245626140672404,0.8779302083813013,0.8885933283211567,0.8672670884414478,0.35490591838921054,productive
0.005,65,0.015384615384615385,0.6725112024969713,0.02400000000000002,0.7708363376396382,0.5416726752792764,0.8907406472618115,0.9015593595767344,0.8799219349468912,0.38276010895370033,productive
0.005,66,0.015151515151515152,0.6668818321087359,0.02400000000000002,0.7795449715462738,0.5590899430925476,0.9038111899416502,0.914788653787097,0.8928337260962056,0.4127154724437738,productive
0.005,67,0.014925373134328358,0.6613293474521653,0.02400000000000002,0.7884107274823463,0.5768214549646926,0.9171471175815225,0.9282865562566037,0.9060076789064436,0.444932726191829,productive
0.005,68,0.014705882352941176,0.655852927462479,0.02400000000000002,0.7974371876619224,0.5948743753238448,0.9307538185710869,0.94205852082094,0.9194491163212362,0.47958508727252575,productive
0.005,69,0.014492753623188406,0.6504517100988787,0.02400000000000002,0.8066279992317184,0.6132559984634367,0.9446367907061393,0.9561101120507501,0.9331634693615307,0.5168592599278933,productive
0.005,70,0.014285714285714285,0.6451247985594666,0.02400000000000002,0.815986875744728,0.6319737514894559,0.9588016434099981,0.9704470075000002,0.9471562793199982,0.5569565020131529,productive
0.005,71,0.014084507042253521,0.6398712668685116,0.02400000000000002,0.8255175986606879,0.6510351973213757,0.9732540999999982,0.9850750000000001,0.9614331999999984,0.6000937768536044,productive
0.005,72,0.013888888888888888,0.6346901648958398,0.02400000000000002,0.8352240188739783,0.6704480377479567,0.9879999999999981,1.0,0.9759999999999983,0.6465049974238993,productive
0.00625,1,1.0,1.0,0.8260650438651997,0.9916668974635534,0.9833337949271068,0.5869674780674002,1.0000000000000027,0.17393495613480067,0.10039264030040104,crystallized
0.00625,2,0.5,1.0,0.582944900361115,0.9837360860294306,0.9674721720588613,0.7085275498194409,1.0000000000000024,0.41705509963888515,0.28588321646227755,crystallized
0.00625,3,0.3333333333333333,0.9999999999997904,0.44179255567076836,0.9761797809952153,0.9523595619904306,0.7791037221646137,1.0000000000000022,0.5582074443292321,0.41418259977941513,productive
0.00625,4,0.25,0.9999999989897916,0.3542019668356948,0.9689726813536007,0.9379453627072014,0.8228990165821506,1.0000000000000029,0.6457980331643066,0.4984490835757881,productive
0.00625,5,0.2,0.9999998946877083,0.2882992109304511,0.9276582008609179,0.8553164017218358,0.8243527754710595,0.9631972839355484,0.6855082670065754,0.46555162897210234,productive
0.00625,6,0.16666666666666666,0.9999980095545283,0.25286718427763344,0.9555157267624362,0.9110314535248725,0.8735664078611816,1.0000000000000002,0.7471328157223662,0.59460301722967,productive
0.00625,7,0.14285714285714285,0.9999848702710878,0.21567117403507274,0.9155785994724233,0.8311571989448465,0.8593303394086586,0.9631972839355485,0.7554633948817737,0.519723065301061,productive
0.00625,8,0.125,0.9999332302396285,0.1963843996260991,0.9432030457063817,0.8864060914127634,0.901807800186949,1.0000000000000009,0.803615600373901,0.6423845368724859,productive
0.00625,9,0.1111111111111111,0.9997924998649104,0.17662336027264247,0.9374322737559103,0.8748645475118206,0.911688319863677,1.0000000000000018,0.823376639727358,0.6567283279741448,productive
0.00625,10,0.1,0.9994924712139436,0.15637639372196976,0.8992954440085812,0.7985908880171624,0.8878866250832268,0.9631972839355484,0.8125759662309106,0.5549592399434105,productive
0.00625,11,0.09090909090909091,0.9989535302746325,0.1356315509446412,0.8342656102688859,0.6685312205377718,0.8342312332125786,0.8949209944367713,0.7735414719883914,0.38607922999506966,productive
0.00625,12,0.08333333333333333,0.9980979426127404,0.1356315509446412,0.92148505494606,0.8429701098921201,0.9321842245276772,0.9999999999999997,0.8643684490553598,0.6792236991304837,productive
0.00625,13,0.07692307692307693,0.9968585630378793,0.11437658908262405,0.8120741329801339,0.6241482659602677,0.8286360185529781,0.8788987384812327,0.7783732986247278,0.353816714849199,productive
0.00625,14,0.07142857142857142,0.9951838190310288,0.11437658908262405,0.8804470705054335,0.7608941410108669,0.9081136739604475,0.9631972839355502,0.8530300639853523,0.5677328735584551,productive
0.00625,15,0.06666666666666667,0.9930393801316743,0.09259896422400005,0.7411021724228736,0.48220434484574715,0.7673132167295525,0.8045641187537516,0.7300623147053585,0.2173323567435834,productive
0.00625,16,0.0625,0.9904074979477991,0.09259896422400005,0.7878474957307708,0.5756949914615417,0.8233053715354104,0.863274535447089,0.783336207623735,0.3205166032666507,productive
0.00625,17,0.058823529411764705,0.9872849986099358,0.09259896422400005,0.8388815840821042,0.6777631681642085,0.8852252858717565,0.9282004877507231,0.842250083992795,0.4690451289997002,productive
0.00625,18,0.05555555555555555,0.9836806832556286,0.09259896422400005,0.8946771636080694,0.7893543272161387,0.953700517888,1.0000000000000018,0.9074010357760025,0.6830984238038358,productive
0.00625,19,0.05263157894736842,0.9796126349734647,0.07028582400000005,0.6959765460846189,0.3919530921692378,0.7373921345902351,0.764250108913785,0.7105341602666896,0.15694701762565416,productive
0.00625,20,0.05,0.9751057193808106,0.07028582400000005,0.7269337312084473,0.4538674624168946,0.776289392730029,0.8045641187537509,0.7480146667063103,0.21204277304638727,productive
0.00625,21,0.047619047619047616,0.9701894171762189,0.07028582400000005,0.7599446293723868,0.5198892587447737,0.8182359539622562,0.8480384962070754,0.7884334117174404,0.28442645671850114,productive
0.00625,22,0.045454545454545456,0.9648960326755942,0.07028582400000005,0.7951785942801515,0.590357188560303,0.8634708646823248,0.8949209944367725,0.832020734927883,0.37956083213615077,productive
0.00625,23,0.043478260869565216,0.9592592681774077,0.07028582400000005,0.8328187328082479,0.6656374656164958,0.9122519110361436,0.9454787889127743,0.8790250331595173,0.5046677743325261,productive
0.00625,24,0.041666666666666664,0.953313126638417,0.07028582400000005,0.87306297968918,0.74612595937836,0.9648570879999987,1.0000000000000016,0.9297141760000006,0.6693058099117387,productive
0.00625,25,0.04,0.9470910943469678,0.04742400000000002,0.6154442971225782,0.2308885942451564,0.6650620230986284,0.6812149930129532,0.6489090531843068,0.06787856614356166,productive
0.00625,26,0.038461538461538464,0.9406255539904451,0.04742400000000002,0.6318350106077423,0.26367002121548455,0.6867861331521193,0.7034667364057752,0.6701055298984671,0.08536287632133181,productive
0.00625,27,0.037037037037037035,0.9339473821720392,0.04742400000000002,0.6489099497104867,0.2978198994209733,0.7096312601697238,0.7268667239274937,0.6923957964119565,0.1063642448060058,productive
0.00625,28,0.03571428571428571,0.9270856912663876,0.04742400000000002,0.6667079251529454,0.3334158503058908,0.7336552513558023,0.7514742077704581,0.7158362949411508,0.13158490349160315,productive
0.00625,29,0.034482758620689655,0.9200676819218311,0.04742400000000002,0.6852697464534746,0.3705394929069492,0.758918938971286,0.777351497684381,0.7404863802581955,0.16186927006173688,productive
0.00625,30,0.03333333333333333,0.9129185786715375,0.04742400000000002,0.7046383225675665,0.40927664513513307,0.7854862943698597,0.8045641187537508,0.7664084699859723,0.19823326340903052,productive
0.00625,31,0.03225806451612903,0.9056616266084568,0.04742400000000002,0.7248587679494441,0.4497175358988883,0.8134245899827897,0.8331809773169329,0.7936682026486517,0.24189976502021726,productive
0.00625,32,0.03125,0.8983181317703235,0.04742400000000002,0.7459785143012512,0.49195702860250234,0.8428045696625659,0.86327453544709,0.8223346038780452,0.294341533111557,productive
0.00625,33,0.030303030303030304,0.8909075317708781,0.04742400000000002,0.7680474282912755,0.536094856582551,0.8737006278166842,0.8949209944367716,0.8524802611966003,0.35733315734335513,productive
0.00625,34,0.029411764705882353,0.8834474863712909,0.04742400000000002,0.7911179355377084,0.5822358710754167,0.9061909977851752,0.9282004877507222,0.884181507819631,0.43301398397610996,productive
0.00625,35,0.02857142857142857,0.8759539802081466,0.04742400000000002,0.8152451511704997,0.6304903023409993,0.940357949938866,0.9631972839355494,0.9175186159421872,0.5239643576828842,productive
0.00625,36,0.027777777777777776,0.8684414318834667,0.04742400000000002,0.8404870173004759,0.6809740346009518,0.9762879999999987,1.0000000000000029,0.9525759999999992,0.6332980331587512,productive
0.00625,37,0.02702702702702703,0.8609228051738309,0.02400000000000002,0.5052779612476752,0.010555922495350423,0.5541959663498942,0.5609270914472645,0.5474648412525274,0.001796479239727156,dissolved
0.00625,38,0.02631578947368421,0.8534097193143909,0.02400000000000002,0.5107816485766887,0.02156329715337746,0.5620223016566774,0.5688484834581782,0.5551961198551796,0.0038274695456684054,dissolved
0.00625,39,0.02564102564102564,0.8459125562311827,0.02400000000000002,0.516388193928963,0.032776387857925915,0.5700480260539555,0.5769716862894319,0.5631243658184827,0.0060705963594138105,dissolved
0.00625,40,0.025,0.8384405632911975,0.02400000000000002,0.5221011458912868,0.04420229178257351,0.5782782193150641,0.5853018414120104,0.5712545972181202,0.008546557535531341,dissolved
0.00625,41,0.024390243902439025,0.8310019506624012,0.02400000000000002,0.5279241203990732,0.05584824079814643,0.5867180906291316,0.5938442212845476,0.5795919599737175,0.011278046058423169,dissolved
0.00625,42,0.023809523809523808,0.8236039827641435,0.02400000000000002,0.5338608030250115,0.06772160605002298,0.5953729818981641,0.602604232690452,0.5881417311058792,0.014289944590395467,dissolved
0.00625,43,0.023255813953488372,0.8162530635729409,0.02400000000000002,0.539914951311796,0.07982990262359202,0.6042483711181301,0.6115874201600526,0.5969093220762101,0.017609539256562848,dissolved
0.00625,44,0.022727272727272728,0.8089548157536728,0.02400000000000002,0.5460903971504253,0.09218079430085058,0.6133498758461838,0.6207994694799465,0.6059002822124251,0.021266754594948624,dissolved
0.00625,45,0.022222222222222223,0.801714153730813,0.02400000000000002,0.5523910492055277,0.10478209841105546,0.6226832567562214,0.6302462112917244,0.6151203022207211,0.02529441179570635,dissolved
0.00625,46,0.021739130434782608,0.7945353509131267,0.02400000000000002,0.5588208953893148,0.11764179077862957,0.6322544212850211,0.639933624782412,0.6245752177876326,0.029728512569066192,dissolved
0.00625,47,0.02127659574468085,0.7874221013498609,0.02400000000000002,0.5653840053856651,0.13076801077133027,0.6420694273712763,0.6498678414689048,0.6342710132736499,0.03460855121927827,dissolved
0.00625,48,0.020833333333333332,0.78037757613542,0.02400000000000002,0.5720845332259806,0.14416906645196126,0.6521344872898844,0.6600551490788329,0.6442138255009391,0.039977857763985915,dissolved
0.00625,49,0.02040816326530612,0.7734044748999146,0.02400000000000002,0.5789267199184195,0.15785343983683897,0.6624559715839223,0.6705019955302887,0.6544099476375596,0.04588397522744311,dissolved
0.00625,50,0.02,0.7665050727296459,0.02400000000000002,0.5859148961321899,0.1718297922643799,0.6730404130967959,0.6812149930129542,0.6648658331806412,0.052379074554714,productive
0.00625,51,0.0196078431372549,0.759681262858714,0.02400000000000002,0.593053484938586,0.186106969877172,0.6838945111071134,0.6922009221731938,0.6755881000410359,0.05952041094542572,productive
0.00625,52,0.019230769230769232,0.7529345954633263,0.02400000000000002,0.6003470046105126,0.2006940092210252,0.6950251355689037,0.7034667364057754,0.6865835347320349,0.06737082579326799,productive
0.00625,53,0.018867924528301886,0.746266312876328,0.02400000000000002,0.6078000714822599,0.2156001429645198,0.7064393314598595,0.7150195662549209,0.6978590966648011,0.07599929884490748,productive
0.00625,54,0.018518518518518517,0.7396773815225959,0.02400000000000002,0.6154174028713553,0.23083480574271054,0.7181443232403625,0.7268667239274941,0.7094219225532331,0.08548155566352328,productive
0.00625,55,0.01818181818181818,0.7331685208574867,0.02400000000000002,0.6232038200643236,0.24640764012864724,0.7301475194261048,0.7390157079211608,0.7212793309310516,0.09590073600224394,productive
0.00625,56,0.017857142857142856,0.7267402295713808,0.02400000000000002,0.6311642513682524,0.26232850273650477,0.7424565172772104,0.7514742077704581,0.7334388267839657,0.10734812926651385,productive
0.00625,57,0.017543859649122806,0.7203928093041521,0.02400000000000002,0.6393037352300998,0.2786074704601995,0.7550791076068171,0.7642501089137846,0.7459081062998524,0.11992398387733492,productive
0.00625,58,0.017241379310344827,0.7141263860945648,0.02400000000000002,0.647627423425711,0.295254846851422,0.7680232797121662,0.7773514976843803,0.7586950617399545,0.13373839804556975,productive
0.00625,59,0.01694915254237288,0.7079409297714696,0.02400000000000002,0.6561405843205659,0.31228116864113176,0.7812972264313194,0.7907866664284626,0.7718077864341786,0.148912300237877,productive
0.00625,60,0.016666666666666666,0.7018362714764412,0.02400000000000002,0.664848606204314,0.3296972124086279,0.7949093493287043,0.8045641187537512,0.7852545799036602,0.16557852846482626,productive
0.00625,61,0.01639344262295082,0.6958121194912221,0.02400000000000002,0.6737570007012269,0.3475140014024538,0.8088682640127716,0.8186925749117148,0.7990439531138317,0.18388301845964322,productive
0.00625,62,0.016129032258064516,0.6898680735282592,0.02400000000000002,0.6828714062586988,0.3657428125173976,0.8231828055891266,0.8331809773169319,0.813184633861324,0.20398611185089632,productive
0.00625,63,0.015873015873015872,0.6840036376283989,0.02400000000000002,0.6921975917160327,0.38439518343206536,0.8378620342525894,0.8480384962070767,0.827685572298105,0.22606399657452958,productive
0.00625,64,0.015625,0.6782182317969141,0.02400000000000002,0.7017414599557419,0.4034829199114838,0.852915241021723,0.8632745354470901,0.8425559465963582,0.25031029303088514,productive
0.00625,65,0.015384615384615385,0.6725112024969713,0.02400000000000002,0.7115090516397041,0.42301810327940825,0.8683519536194565,0.8788987384812331,0.8578051687576821,0.27693780088332404,productive
0.00625,66,0.015151515151515152,0.6668818321087359,0.02400000000000002,0.7215065490325152,0.4430130980650304,0.8841819425035283,0.8949209944367723,0.8734428905702875,0.3061804229300839,productive
0.00625,67,0.014925373134328358,0.6613293474521653,0.02400000000000002,0.731740279914467,0.463480559828934,0.9004152270505659,0.9113514443831667,0.8894790097179682,0.3382952841753489,productive
0.00625,68,0.014705882352941176,0.655852927462479,0.02400000000000002,0.7422167215866344,0.48443344317326886,0.9170620818977122,0.9282004877507237,0.9059236760447039,0.37356506609562645,productive
0.00625,69,0.014492753623188406,0.6504517100988787,0.02400000000000002,0.7529425049705922,0.5058850099411845,0.9341330434458195,0.9454787889127751,0.9227872979788666,0.41230057816176396,productive
0.00625,70,0.014285714285714285,0.6451247985594666,0.02400000000000002,0.7639244188053684,0.5278488376107369,0.9516389165283199,0.9631972839355494,0.9400805491210935,0.45484359095563714,productive
0.00625,71,0.014084507042253521,0.6398712668685116,0.02400000000000002,0.7751694139442821,0.5503388278885641,0.9695907812499996,0.9813671875000021,0.9578143749999998,0.5015699577359491,productive
0.00625,72,0.013888888888888888,0.6346901648958398,0.02400000000000002,0.7866846077543959,0.5733692155087917,0.9879999999999995,1.0000000000000024,0.9759999999999998,0.5528930540845427,productive
0.0075,1,1.0,1.0,0.8260650438651997,0.9880537473456806,0.9761074946913613,0.5869674780674023,1.0000000000000095,0.17393495613480237,0.09965487722949824,crystallized
0.0075,2,0.5,1.0,0.582944900361115,0.9768387011252287,0.9536774022504575,0.7085275498194559,1.0000000000000107,0.4170550996388904,0.2818069305730626,crystallized
0.0075,3,0.3333333333333333,0.9999999999997904,0.44179255567076836,0.9662918839392511,0.9325837678785023,0.7791037221646286,1.0000000000000095,0.5582074443292386,0.4055820773035895,productive
0.0075,4,0.25,0.9999999989897916,0.3542019668356948,0.9563572434904956,0.9127144869809911,0.8228990165821648,1.0000000000000115,0.6457980331643132,0.48504072592132025,productive
0.0075,5,0.2,0.9999998946877083,0.2882992109304511,0.9066492351795714,0.8132984703591428,0.8181950423155122,0.9560024129687602,0.680387671662261,0.43283485232469726,productive
0.0075,6,0.16666666666666666,0.9999980095545283,0.25286718427763344,0.9381295502673015,0.876259100534603,0.8735664078611939,1.0000000000000104,0.747132815722375,0.5719081410822285,productive
0.0075,7,0.14285714285714285,0.9999848702710878,0.21567117403507274,0.890573255376052,0.7811465107521041,0.8529113315760946,0.9560024129687607,0.749820250183426,0.47758704224119175,productive
0.0075,8,0.125,0.9999332302396285,0.1963843996260991,0.9218142008282748,0.8436284016565496,0.9018078001869608,1.000000000000009,0.8036156003739094,0.6113832535005435,productive
0.0075,9,0.1111111111111111,0.9997924998649104,0.17662336027264247,0.9142851074966623,0.8285702149933245,0.9116883198636889,1.0000000000000098,0.8233766397273663,0.6219768916792326,productive
0.0075,10,0.1,0.9994924712139436,0.15637639372196976,0.8694479165961108,0.7388958331922215,0.881254308103983,0.9560024129687595,0.806506203239205,0.5020548549529088,productive
0.0075,11,0.09090909090909091,0.9989535302746325,0.1356315509446412,0.7948209490464998,0.5896418980929996,0.8162195526781196,0.8755989762556682,0.756840129100572,0.31893686863228826,productive
0.0075,12,0.08333333333333333,0.9980979426127404,0.1356315509446412,0.8938643216068357,0.7877286432136714,0.9321842245276893,1.000000000000009,0.8643684490553687,0.6347128524202562,productive
0.0075,13,0.07692307692307693,0.9968585630378793,0.11437658908262405,0.7689509971122058,0.5379019942244117,0.8079630129278733,0.8569717667376529,0.7589542591180918,0.2826680683274887,productive
0.0075,14,0.07142857142857142,0.9951838190310288,0.11437658908262405,0.8457606876400829,0.6915213752801659,0.9013302653936973,0.9560024129687597,0.8466581178186353,0.5044947236476621,productive
0.0075,15,0.06666666666666667,0.9930393801316743,0.09259896422400005,0.6899291861550321,0.37985837231006414,0.7360966786961415,0.771832105456177,0.7003612519361062,0.1511476889594233,productive
0.0075,16,0.0625,0.9904074979477991,0.09259896422400005,0.7409050102136266,0.4818100204272533,0.8000585846945247,0.8388991823830416,0.7612179870060103,0.24615940329038435,productive
0.0075,17,0.058823529411764705,0.9872849986099358,0.09259896422400005,0.7976040246204206,0.5952080492408411,0.8722410237439224,0.9145858761569403,0.8298961713309063,0.39405201793818456,productive
0.0075,18,0.05555555555555555,0.9836806832556286,0.09259896422400005,0.8607904971270364,0.7215809942540727,0.9537005178880089,1.0000000000000087,0.9074010357760085,0.62444813796125,productive
0.0075,19,0.05263157894736842,0.9796126349734647,0.07028582400000005,0.6401865906310465,0.2803731812620931,0.7010589556741095,0.7265935695485197,0.6755243417996997,0.09647694968902286,productive
0.0075,20,0.05,0.9751057193808106,0.07028582400000005,0.6732497968344491,0.34649959366889815,0.7447076776953558,0.7718321054561778,0.7175832499345346,0.14291693488211538,productive
0.0075,21,0.047619047619047616,0.9701894171762189,0.07028582400000005,0.7090061915882473,0.4180123831764946,0.7924995615312947,0.8213647092275866,0.7636344138350042,0.2077828549051458,productive
0.0075,22,0.045454545454545456,0.9648960326755942,0.07028582400000005,0.7477238447378385,0.49544768947567697,0.8448278784858239,0.8755989762556656,0.8140567807159816,0.29834996235049593,productive
0.0075,23,0.043478260869565216,0.9592592681774077,0.07028582400000005,0.789696928272595,0.5793938565451899,0.9021232294013379,0.9349811911226156,0.8692652676800613,0.424810217216317,productive
0.0075,24,0.041666666666666664,0.953313126638417,0.07028582400000005,0.8352481889043992,0.6704963778087984,0.96485708800001,1.0000000000000107,0.9297141760000102,0.6014629507946787,productive
0.0075,25,0.04,0.9470910943469678,0.04742400000000002,0.5546852026834119,0.10937040536682385,0.6206312813982142,0.6357051212328895,0.6055574415635405,0.02613030859352706,dissolved
0.0075,26,0.038461538461538464,0.9406255539904451,0.04742400000000002,0.5715126128742031,0.14302522574840615,0.6440981980140875,0.6597420003258134,0.6284543957023622,0.038195537610837924,dissolved
0.0075,27,0.037037037037037035,0.9339473821720392,0.04742400000000002,0.5892089246775287,0.17841784935505745,0.6690275568074879,0.6852768412676263,0.6527782723473502,0.053396655062356656,productive
0.0075,28,0.03571428571428571,0.9270856912663876,0.04742400000000002,0.6078331071927376,0.21566621438547529,0.6955104961736994,0.712402996015213,0.6786179963321871,0.07251651313298157,productive
0.0075,29,0.034482758620689655,0.9200676819218311,0.04742400000000002,0.6274477721913586,0.2548955443827172,0.7236438341904039,0.7412196341555009,0.7060680342253088,0.09653406067107083,productive
0.0075,30,0.03333333333333333,0.9129185786715375,0.04742400000000002,0.6481193980138407,0.29623879602768133,0.7535304225716004,0.7718321054561788,0.7352287396870236,0.12667416192382236,productive
0.0075,31,0.03225806451612903,0.9056616266084568,0.04742400000000002,0.6699185678262831,0.33983713565256624,0.7852795226796893,0.8043523250103354,0.766206720349044,0.16447026253147998,productive
0.0075,32,0.03125,0.8983181317703235,0.04742400000000002,0.6929202231038117,0.3858404462076235,0.8190072049703742,0.838899182383041,0.7991152275577074,0.21184326001399464,productive
0.0075,33,0.030303030303030304,0.8909075317708781,0.04742400000000002,0.7172039332631426,0.43440786652628516,0.8548367733306925,0.8755989762556664,0.8340745704057181,0.2712008229549617,productive
0.0075,34,0.029411764705882353,0.8834474863712909,0.04742400000000002,0.7428541824261038,0.4857083648522076,0.8928992158615059,0.9145858761569413,0.8712125555660724,0.3455625264463172,productive
0.0075,35,0.02857142857142857,0.8759539802081466,0.04742400000000002,0.7699606743587007,0.5399213487174015,0.933333683752444,0.9560024129687614,0.9106649545361286,0.43871759453153764,productive
0.0075,36,0.027777777777777776,0.8684414318834667,0.04742400000000002,0.7986186566969866,0.5972373133939732,0.9762880000000098,1.000000000000011,0.95257600000001,0.5554238439106897,productive
0.0075,37,0.02702702702702703,0.8609228051738309,0.02400000000000002,0.4435506855638112,0.0,0.5042493835985018,0.5103738700389697,0.4981248971580343,0.0,dissolved
0.0075,38,0.02631578947368421,0.8534097193143909,0.02400000000000002,0.4488333512492747,0.0,0.5121440476162764,0.5183644206642489,0.5059236745683056,0.0,dissolved
0.0075,39,0.02564102564102564,0.8459125562311827,0.02400000000000002,0.45424097862296403,0.0,0.5202809890657079,0.5266001913620542,0.5139617867693634,0.0,dissolved
0.0075,40,0.025,0.8384405632911975,0.02400000000000002,0.4597785089463679,0.0,0.5286676431402073,0.5350887076317898,0.522246578648626,0.0,dissolved
0.0075,41,0.024390243902439025,0.8310019506624012,0.02400000000000002,0.4654510021808061,0.0,0.5373116732100363,0.5438377259210909,0.5307856204989835,0.0,dissolved
0.0075,42,0.023809523809523808,0.8236039827641435,0.02400000000000002,0.47126364161100226,0.0,0.5462209778247686,0.5528552407133307,0.539586714936209,0.0,dissolved
0.0075,43,0.023255813953488372,0.8162530635729409,0.02400000000000002,0.47722173858135436,0.0,0.5554036979306538,0.5621494918326467,0.5486579040286623,0.0,dissolved
0.0075,44,0.022727272727272728,0.8089548157536728,0.02400000000000002,0.4833307373492206,0.0,0.564868224309468,0.5717289719731475,0.5580074766457905,0.0,dissolved
0.0075,45,0.022222222222222223,0.801714153730813,0.02400000000000002,0.4895962200596442,0.0,0.5746232052456575,0.5816024344591697,0.5676439760321476,0.0,dissolved
0.0075,46,0.021739130434782608,0.7945353509131267,0.02400000000000002,0.49602391184608585,0.0,0.5846775544287743,0.5917789012437008,0.5775762076138501,0.0,dissolved
0.0075,47,0.02127659574468085,0.7874221013498609,0.02400000000000002,0.5026196860618103,0.005239372123620578,0.5950404590984303,0.6022676711522584,0.5878132470446035,0.0011037091979751886,dissolved
0.0075,48,0.020833333333333332,0.78037757613542,0.02400000000000002,0.5093895696467069,0.018779139293413794,0.6057213884392076,0.6130783283797658,0.5983644484986508,0.004172826611062754,dissolved
0.0075,49,0.02040816326530612,0.7734044748999146,0.02400000000000002,0.5163397486344504,0.03267949726890085,0.616730102233201,0.6242207512481797,0.6092394532182233,0.007664727781239993,dissolved
0.0075,50,0.02,0.7665050727296459,0.02400000000000002,0.5234765738050424,0.046953147610084844,0.6280766597780938,0.6357051212328894,0.6204481983232994,0.011631577108917344,dissolved
0.0075,51,0.0196078431372549,0.759681262858714,0.02400000000000002,0.5308065664878809,0.061613132975761875,0.6397714290789184,0.6475419322661139,0.6320009258917252,0.016131834049579886,dissolved
0.0075,52,0.019230769230769232,0.7529345954633263,0.02400000000000002,0.5383364245206762,0.07667284904135241,0.651825096321903,0.6597420003258148,0.6439081923179932,0.02123101524721418,dissolved
0.0075,53,0.018867924528301886,0.746266312876328,0.02400000000000002,0.5460730283696567,0.09214605673931331,0.6642486756390559,0.6723164733188843,0.6561808779592294,0.027002549757285933,dissolved
0.0075,54,0.018518518518518517,0.7396773815225959,0.02400000000000002,0.5540234474166423,0.10804689483328467,0.6770535191724144,0.6852768412676268,0.6688301970772033,0.033528738840732215,dissolved
0.0075,55,0.01818181818181818,0.7331685208574867,0.02400000000000002,0.5621949464187546,0.12438989283750912,0.6902513274471531,0.6986349468088613,0.6818677080854472,0.040901833239043374,dissolved
0.0075,56,0.017857142857142856,0.7267402295713808,0.02400000000000002,0.5705949921466347,0.14118998429326934,0.7038541600630298,0.7124029960152143,0.6953053241108477,0.04922524244813515,dissolved
0.0075,57,0.017543859649122806,0.7203928093041521,0.02400000000000002,0.5792312602072706,0.15846252041454112,0.7178744467139375,0.7265935695485215,0.7091553238793556,0.05861489231805594,dissolved
0.0075,58,0.017241379310344827,0.7141263860945648,0.02400000000000002,0.5881116420576403,0.17622328411528065,0.7323249985456336,0.7412196341555004,0.7234303629357678,0.06920074934192905,productive
0.0075,59,0.01694915254237288,0.7079409297714696,0.02400000000000002,0.5972442522155943,0.1944885044311886,0.7472190198620254,0.7562945545162206,0.7381434852078308,0.08112853228969852,productive
0.0075,60,0.016666666666666666,0.7018362714764412,0.02400000000000002,0.6066374356745544,0.21327487134910883,0.7625701201907037,0.7718321054561786,0.7533081349252299,0.09456163442241851,productive
0.0075,61,0.01639344262295082,0.6958121194912221,0.02400000000000002,0.6162997755288198,0.23259955105763952,0.7783923267187547,0.7878464845331538,0.7689381689043571,0.10968328242748265,productive
0.0075,62,0.016129032258064516,0.6898680735282592,0.02400000000000002,0.6262401008164343,0.25248020163286866,0.794700097110211,0.804352325010337,0.7850478692100871,0.1266989614852543,productive
0.0075,63,0.015873015873015872,0.6840036376283989,0.02400000000000002,0.6364674945867891,0.27293498917357817,0.8115083327168553,0.8213647092275875,0.8016519562061243,0.14583913955932998,productive
0.0075,64,0.015625,0.6782182317969141,0.02400000000000002,0.6469913022003333,0.2939826044006666,0.8288323921944448,0.838899182383043,0.8187656020058484,0.16736232814818294,productive
0.0075,65,0.015384615384615385,0.6725112024969713,0.02400000000000002,0.657821139867962,0.31564227973592396,0.8466881055368028,0.856971766737657,0.836404444335951,0.1915585214038769,productive
0.0075,66,0.015151515151515152,0.6668818321087359,0.02400000000000002,0.6689669034379084,0.33793380687581687,0.8650917885405993,0.8755989762556688,0.8545846008255313,0.2187530607801769,productive
0.0075,67,0.014925373134328358,0.6613293474521653,0.02400000000000002,0.6804387774381544,0.3608775548763088,0.8840602577140348,0.8947978316943688,0.8733226837337026,0.24931097829209875,productive
0.0075,68,0.014705882352941176,0.655852927462479,0.02400000000000002,0.6922472443826142,0.3844944887652284,0.9036108456430566,0.914585876156941,0.8926358151291734,0.2836418781359459,productive
0.0075,69,0.014492753623188406,0.6504517100988787,0.02400000000000002,0.704403094349622,0.408806188699244,0.9237614168291445,0.934981191122617,0.9125416425356732,0.3222054239278894,productive
0.0075,70,0.014285714285714285,0.6451247985594666,0.02400000000000002,0.7169174348414425,0.4338348696828851,0.9445303840131355,0.9560024129687617,0.9330583550575104,0.3655175072767759,productive
0.0075,71,0.014084507042253521,0.6398712668685116,0.02400000000000002,0.7298017009338413,0.45960340186768267,0.9659367250000107,0.9776687500000119,0.9542047000000108,0.41415718293379283,productive
0.0075,72,0.013888888888888888,0.6346901648958398,0.02400000000000002,0.7430676657249734,0.4861353314499468,0.988000000000011,1.0000000000000124,0.9760000000000111,0.4687744664932227,productive
0.00875,1,1.0,1.0,0.8260650438651997,0.9838227037753836,0.9676454075507672,0.5869674780673992,0.9999999999999921,0.17393495613479906,0.09879094752944828,crystallized
0.00875,2,0.5,1.0,0.582944900361115,0.9688603355860218,0.9377206711720436,0.7085275498194361,0.999999999999993,0.4170550996388803,0.2770917958780443,crystallized
0.00875,3,0.3333333333333333,0.9999999999997904,0.44179255567076836,0.9549865596224116,0.9099731192448233,0.7791037221646129,0.9999999999999917,0.5582074443292271,0.39574867235068933,productive
0.00875,4,0.25,0.9999999989897916,0.3542019668356948,0.9420915998373698,0.8841831996747396,0.822899016582149,0.9999999999999913,0.6457980331642993,0.46987844187311245,productive
0.00875,5,0.2,0.9999998946877083,0.2882992109304511,0.8842240050963155,0.768448010192631,0.8120840173790915,0.9488621172167885,0.6753059175413902,0.39987027097107125,productive
0.00875,6,0.16666666666666666,0.9999980095545283,0.25286718427763344,0.918866764266896,0.8377335285337919,0.8735664078611776,0.9999999999999897,0.7471328157223585,0.5467636509951063,productive
0.00875,7,0.14285714285714285,0.9999848702710878,0.21567117403507274,0.8641070636320959,0.7282141272641918,0.8465410138080152,0.9488621172167881,0.744219910399238,0.43532288290267607,productive
0.00875,8,0.125,0.9999332302396285,0.1963843996260991,0.8985513924291073,0.7971027848582146,0.9018078001869443,0.9999999999999906,0.8036156003738935,0.5776658218523691,productive
0.00875,9,0.1111111111111111,0.9997924998649104,0.17662336027264247,0.8893259265345077,0.7786518530690154,0.9116883198636728,0.9999999999999918,0.8233766397273501,0.5845050310866121,productive
0.00875,10,0.1,0.9994924712139436,0.15637639372196976,0.8383592944132198,0.6767185888264395,0.8746722992019127,0.9488621172167877,0.8004824811870335,0.44958148624294286,productive
0.00875,11,0.09090909090909091,0.9989535302746325,0.1356315509446412,0.7553803903641183,0.5107607807282366,0.7987037791543257,0.8568089419867764,0.7405986163218723,0.2588631121447525,productive
0.00875,12,0.08333333333333333,0.9980979426127404,0.1356315509446412,0.864776403151909,0.7295528063038179,0.9321842245276722,0.9999999999999934,0.8643684490553508,0.5878376350403568,productive
0.00875,13,0.07692307692307693,0.9968585630378793,0.11437658908262405,0.7264204314344334,0.4528408628688667,0.7879609774130625,0.8357564642557238,0.7401654905703996,0.2207287463012176,productive
0.00875,14,0.07142857142857142,0.9951838190310288,0.11437658908262405,0.8104085597802901,0.6208171195605803,0.8945983109783031,0.9488621172167883,0.8403345047398154,0.4428402249541689,productive
0.00875,15,0.06666666666666667,0.9930393801316743,0.09259896422400005,0.6411849328503963,0.2823698657007927,0.7066502380150015,0.7409561227668221,0.6723443532631809,0.09940474366242445,productive
0.00875,16,0.0625,0.9904074979477991,0.09259896422400005,0.6953234610117973,0.39064692202359463,0.7776801866223504,0.8154343759239523,0.739925997320748,0.18330011757237555,productive
0.00875,17,0.058823529411764705,0.9872849986099358,0.09259896422400005,0.7567054308855345,0.5134108617710691,0.859485408719115,0.9012110118409852,0.817759805597244,0.32520394899494093,productive
0.00875,18,0.05555555555555555,0.9836806832556286,0.09259896422400005,0.8264695485683278,0.6529390971366555,0.9537005178879924,0.9999999999999931,0.907401035775991,0.5650462063937067,productive
0.00875,19,0.05263157894736842,0.9796126349734647,0.07028582400000005,0.5882736641750749,0.17654732835014975,0.6673039625993062,0.6916091210798118,0.6429988041188002,0.05239088455968355,productive
0.00875,20,0.05,0.9751057193808106,0.07028582400000005,0.6227095152181993,0.24541903043639857,0.7149167669485664,0.7409561227668222,0.6888774111303099,0.08955671478343201,productive
0.00875,21,0.047619047619047616,0.9701894171762189,0.07028582400000005,0.6604972177198414,0.32099443543968276,0.7678499984004203,0.7958173370442407,0.7398826597565994,0.14512764123940128,productive
0.00875,22,0.045454545454545456,0.9648960326755942,0.07028582400000005,0.7020279680849247,0.4040559361698495,0.8266981807377234,0.856808941986778,0.7965874194886682,0.2279848073619945,productive
0.00875,23,0.043478260869565216,0.9592592681774077,0.07028582400000005,0.7477374689409139,0.4954749378818277,0.8921222719828312,0.9246159696376008,0.859628574328062,0.3513324845293838,productive
0.00875,24,0.041666666666666664,0.953313126638417,0.07028582400000005,0.7981108973314839,0.5962217946629678,0.9648570879999935,0.9999999999999925,0.9297141759999937,0.534835581242066,productive
0.00875,25,0.04,0.9470910943469678,0.04742400000000002,0.5003259221200336,0.0006518442400671454,0.5807942484332054,0.5949005297957234,0.5666879670706891,0.00012763050450238897,dissolved
0.00875,26,0.038461538461538464,0.9406255539904451,0.04742400000000002,0.5171973551997797,0.034394710399559436,0.6054332472380755,0.6201379585102718,0.5907285359658798,0.007628412855216586,dissolved
0.00875,27,0.037037037037037035,0.9339473821720392,0.04742400000000002,0.5351158291374272,0.07023165827485434,0.6318751570918333,0.6472220872240922,0.6165282269595754,0.017708040169168333,dissolved
0.00875,28,0.03571428571428571,0.9270856912663876,0.04742400000000002,0.554163957225294,0.10832791445058798,0.6602519025209557,0.6762880446353495,0.644215760406562,0.031161122876896888,dissolved
0.00875,29,0.034482758620689655,0.9200676819218311,0.04742400000000002,0.5744303227442029,0.14886064548840583,0.6907050613738048,0.7074808472231608,0.6739292755244491,0.049023187535211725,dissolved
0.00875,30,0.03333333333333333,0.9129185786715375,0.04742400000000002,0.5960099128798713,0.19201982575974252,0.7233865711837749,0.740956122766822,0.7058170196007276,0.07264423106640812,productive
0.00875,31,0.03225806451612903,0.9056616266084568,0.04742400000000002,0.6190045849961107,0.23800916999222133,0.7584594872191899,0.776880886807161,0.7400380876312181,0.10378499935923922,productive
0.00875,32,0.03125,0.8983181317703235,0.04742400000000002,0.6435235675816475,0.28704713516329505,0.7960987960020429,0.815434375923951,0.7767632160801338,0.14474309373476732,productive
0.00875,33,0.030303030303030304,0.8909075317708781,0.04742400000000002,0.6696839983608553,0.3393679967217107,0.8364922883543869,0.8568089419867759,0.8161756347219961,0.19851825192902417,productive
0.00875,34,0.029411764705882353,0.8834474863712909,0.04742400000000002,0.6976115022446275,0.39522300448925507,0.8798414963282112,0.9012110118409848,0.8584719808154375,0.2690291075936425,productive
0.00875,35,0.02857142857142857,0.8759539802081466,0.04742400000000002,0.7274408119968087,0.4548816239936173,0.9263626986933446,0.9488621172167877,0.9038632801699,0.3613976327327022,productive
0.00875,36,0.027777777777777776,0.8684414318834667,0.04742400000000002,0.7593164347052684,0.5186328694105369,0.9762879999999923,0.999999999999992,0.9525759999999924,0.4823226135510944,productive
0.00875,37,0.02702702702702703,0.8609228051738309,0.02400000000000002,0.3914188728243182,0.0,0.46232643060475515,0.46794173138133116,0.45671112982817935,0.0,dissolved
0.00875,38,0.02631578947368421,0.8534097193143909,0.02400000000000002,0.3963787499477293,0.0,0.47006540603539576,0.4757747024649752,0.4643561096058162,0.0,dissolved
0.00875,39,0.02564102564102564,0.8459125562311827,0.02400000000000002,0.4014819885959529,0.0,0.47808252540102775,0.48388919575002737,0.4722758550520275,0.0,dissolved
0.00875,40,0.025,0.8384405632911975,0.02400000000000002,0.40673495208145677,0.0,0.48638778538005717,0.4922953293320419,0.4804802414280727,0.0,dissolved
0.00875,41,0.024390243902439025,0.8310019506624012,0.02400000000000002,0.4121441904110719,0.0,0.49499154193817485,0.5010035849576662,0.4889794989186829,0.0,dissolved
0.00875,42,0.023809523809523808,0.8236039827641435,0.02400000000000002,0.41771644845331896,0.0,0.5039045232413808,0.5100248210945146,0.4977842253882465,0.0,dissolved
0.00875,43,0.023255813953488372,0.8162530635729409,0.02400000000000002,0.42345867434868123,0.0,0.5131378430331105,0.5193702864707593,0.5069053995954614,0.0,dissolved
0.00875,44,0.022727272727272728,0.8089548157536728,0.02400000000000002,0.4293780281733663,0.0,0.5227030144921474,0.5290516341013642,0.516354394882931,0.0,dissolved
0.00875,45,0.022222222222222223,0.801714153730813,0.02400000000000002,0.4354818908673152,0.0,0.532611964588593,0.5390809358184138,0.526142993358772,0.0,dissolved
0.00875,46,0.021739130434782608,0.7945353509131267,0.02400000000000002,0.44177787343762714,0.0,0.5428770489558035,0.5494706973236875,0.5362834005879195,0.0,dissolved
0.00875,47,0.02127659574468085,0.7874221013498609,0.02400000000000002,0.4482738264488417,0.0,0.5535110672968329,0.5602338737822198,0.5467882608114464,0.0,dissolved
0.00875,48,0.020833333333333332,0.78037757613542,0.02400000000000002,0.4549778498119405,0.0,0.5645272793445946,0.5713838859763112,0.557670672712879,0.0,dissolved
0.00875,49,0.02040816326530612,0.7734044748999146,0.02400000000000002,0.4618983028842583,0.0,0.5759394213956397,0.5829346370401208,0.5689442057511584,0.0,dissolved
0.00875,50,0.02,0.7665050727296459,0.02400000000000002,0.46904381489291075,0.0,0.5877617234381727,0.5949005297957219,0.5806229170806242,0.0,dissolved
0.00875,51,0.0196078431372549,0.759681262858714,0.02400000000000002,0.47642329569470676,0.0,0.6000089268956589,0.6072964847122054,0.5927213690791123,0.0,dissolved
0.00875,52,0.019230769230769232,0.7529345954633263,0.02400000000000002,0.48404594688600955,0.0,0.6126963030081478,0.6201379585102713,0.6052546475060245,0.0,dissolved
0.00875,53,0.018867924528301886,0.746266312876328,0.02400000000000002,0.4919212732763499,0.0,0.6258396718742345,0.6334409634354605,0.6182383803130089,0.0,dissolved
0.00875,54,0.018518518518518517,0.7396773815225959,0.02400000000000002,0.5000590947401322,0.0001181894802644301,0.6394554221774019,0.6472220872240906,0.6316887571307129,3.089908180325712e-05,dissolved
0.00875,55,0.01818181818181818,0.7331685208574867,0.02400000000000002,0.5084695584612039,0.016939116922407793,0.6535605316213396,0.6614985137867825,0.6456225494558985,0.004728072706537621,dissolved
0.00875,56,0.017857142857142856,0.7267402295713808,0.02400000000000002,0.5171631515855325,0.034326303171065,0.6681725880997247,0.6762880446353495,0.6600571315641007,0.01023832535098716,dissolved
0.00875,57,0.017543859649122806,0.7203928093041521,0.02400000000000002,0.5261507142978165,0.052301428595632915,0.6833098116268539,0.6916091210798108,0.6750105021738964,0.016684087179258195,dissolved
0.00875,58,0.017241379310344827,0.7141263860945648,0.02400000000000002,0.5354434533382839,0.07088690667656783,0.6989910770564823,0.7074808472231605,0.6905013068898047,0.024205655564954916,dissolved
0.00875,59,0.01694915254237288,0.7079409297714696,0.02400000000000002,0.5450529559765561,0.09010591195311224,0.715235937617189,0.7239230137825802,0.7065488614517982,0.032963794529591264,dissolved
0.00875,60,0.016666666666666666,0.7018362714764412,0.02400000000000002,0.5549912044600138,0.10998240892002764,0.7320646492936196,0.7409561227668217,0.723173175820418,0.04314271412600842,dissolved
0.00875,61,0.01639344262295082,0.6958121194912221,0.02400000000000002,0.5652705909546567,0.1305411819093134,0.749498196084009,0.7586014130404959,0.7403949791275233,0.0549534856666587,dissolved
0.00875,62,0.016129032258064516,0.6898680735282592,0.02400000000000002,0.5759039329970951,0.15180786599419016,0.7675583161654751,0.7768808868071606,0.7582357455237895,0.06863795697345035,dissolved
0.00875,63,0.015873015873015872,0.6840036376283989,0.02400000000000002,0.5869044894769575,0.173808978953915,0.7862675289997091,0.7958173370442396,0.7767177209551785,0.08447324133491738,productive
0.00875,64,0.015625,0.6782182317969141,0.02400000000000002,0.5982859771696076,0.19657195433921526,0.8056491634128643,0.8154343759239517,0.7958639509017771,0.10277686478201353,productive
0.00875,65,0.015384615384615385,0.6725112024969713,0.02400000000000002,0.6100625878398249,0.22012517567964984,0.8257273866846547,0.8357564642557241,0.8156983091135863,0.12391266884793693,productive
0.00875,66,0.015151515151515152,0.6668818321087359,0.02400000000000002,0.6222490059377473,0.2444980118754947,0.846527234682936,0.8568089419867766,0.836245527379095,0.14829758040356938,productive
0.00875,67,0.014925373134328358,0.6613293474521653,0.02400000000000002,0.6348604269091597,0.26972085381831934,0.8680746430813394,0.8786180597989262,0.8575312263637526,0.17640937673896048,productive
0.00875,68,0.014705882352941176,0.655852927462479,0.02400000000000002,0.6479125761429366,0.29582515228587325,0.8903964796988929,0.901211011840985,0.8795819475568014,0.2087955931150656,productive
0.00875,69,0.014492753623188406,0.6504517100988787,0.02400000000000002,0.6614217285792962,0.3228434571585923,0.9135205780019479,0.9246159696375995,0.9024251863662969,0.24608374190979498,productive
0.00875,70,0.014285714285714285,0.6451247985594666,0.02400000000000002,0.6754047290032894,0.3508094580065788,0.9374757718101876,0.9488621172167893,0.9260894264035863,0.28899303765479206,productive
0.00875,71,0.014084507042253521,0.6398712668685116,0.02400000000000002,0.6898790130488422,0.3797580260976845,0.9622919312499919,0.9739796874999921,0.9506041749999922,0.33834785119531635,productive
0.00875,72,0.013888888888888888,0.6346901648958398,0.02400000000000002,0.7048626289395322,0.40972525787906444,0.9879999999999919,0.9999999999999921,0.9759999999999922,0.3950931494696778,productive
0.01,1,1.0,1.0,0.8260650438651997,0.9789917172764174,0.9579834345528349,0.5869674780674002,1.0,0.17393495613480067,0.09780451648764352,crystallized
0.01,2,0.5,1.0,0.582944900361115,0.9598719632053727,0.9197439264107454,0.7085275498194498,1.0,0.41705509963888693,0.2717797571835014,crystallized
0.01,3,0.3333333333333333,0.9999999999997904,0.44179255567076836,0.9424093134887817,0.8848186269775633,0.7791037221646221,1.0000000000000002,0.5582074443292329,0.3848089459918772,productive
0.01,4,0.25,0.9999999989897916,0.3542019668356948,0.9264076655859655,0.8528153311719311,0.8228990165821572,1.000000000000003,0.6457980331643055,0.4532087232193428,productive
0.01,5,0.2,0.9999998946877083,0.2882992109304511,0.8607092044647988,0.7214184089295976,0.8060194638654348,0.9417761200000018,0.6702628077308591,0.36705026776915656,productive
0.01,6,0.16666666666666666,0.9999980095545283,0.25286718427763344,0.8981426778965553,0.7962853557931107,0.8735664078611886,1.000000000000001,0.7471328157223673,0.5197116667031335,productive
0.01,7,0.14285714285714285,0.9999848702710878,0.21567117403507274,0.8366728811492953,0.6733457622985906,0.8402191392607076,0.9417761200000018,0.7386621585214063,0.3935720294398073,productive
0.01,8,0.125,0.9999332302396285,0.1963843996260991,0.8740030797439003,0.7480061594878007,0.9018078001869545,1.0000000000000029,0.8036156003739007,0.54208516276609,productive
0.01,9,0.1111111111111111,0.9997924998649104,0.17662336027264247,0.8632209874666397,0.7264419749332793,0.9116883198636834,1.0000000000000013,0.823376639727359,0.5453130143689197,productive
0.01,10,0.1,0.9994924712139436,0.15637639372196976,0.8067313586288711,0.6134627172577423,0.8681403433304699,0.9417761200000001,0.7945045666609324,0.3984943650927629,productive
0.01,11,0.09090909090909091,0.9989535302746325,0.1356315509446412,0.7165859169372354,0.4331718338744708,0.7816714690733931,0.838537542801102,0.7248053953456803,0.20579195801639494,productive
0.01,12,0.08333333333333333,0.9980979426127404,0.1356315509446412,0.8350773505403885,0.6701547010807769,0.9321842245276837,1.0000000000000016,0.8643684490553616,0.5399775741942102,productive
0.01,13,0.07692307692307693,0.9968585630378793,0.11437658908262405,0.6851507876270956,0.37030157525419116,0.7686097594750378,0.8152314561061778,0.7219880628438935,0.16752221246119475,productive
0.01,14,0.07142857142857142,0.9951838190310288,0.11437658908262405,0.7752742637302841,0.5505485274605681,0.8879175498574704,0.9417761200000019,0.8340589797149347,0.3839836052783815,productive
0.01,15,0.06666666666666667,0.9930393801316743,0.09259896422400005,0.595322375974628,0.190644751949256,0.6788776488474695,0.7118352523818106,0.6459200453131259,0.059507899282382544,productive
0.01,16,0.0625,0.9904074979477991,0.09259896422400005,0.6517754674100786,0.30355093482015727,0.7561398252034159,0.7928482904443724,0.719431359962456,0.130922155252447,productive
0.01,17,0.058823529411764705,0.9872849986099358,0.09259896422400005,0.7170551337479697,0.4341102674959394,0.8469549808991608,0.8880722669363418,0.8058376948619769,0.26312146032742234,productive
0.01,18,0.05555555555555555,0.9836806832556286,0.09259896422400005,0.7927610061897942,0.5855220123795883,0.9537005178880036,1.0000000000000018,0.9074010357760018,0.5067042137711999,productive
0.01,19,0.05263157894736842,0.9796126349734647,0.07028582400000005,0.5405072252761671,0.08101445055233425,0.6359500809617529,0.6591132395368298,0.6127869223866741,0.02080918357924379,dissolved
0.01,20,0.05,0.9751057193808106,0.07028582400000005,0.5757618293246285,0.151523658649257,0.6868192887488601,0.7118352523818107,0.6618033251159074,0.049026553988512904,dissolved
0.01,21,0.047619047619047616,0.9701894171762189,0.07028582400000005,0.6150343603879823,0.23006872077596463,0.7442439603224786,0.7713514981427767,0.7171364225021775,0.0947167972502339,productive
0.01,22,0.045454545454545456,0.9648960326755942,0.07028582400000005,0.658863220052322,0.317726440104644,0.8090688917257488,0.8385375428011017,0.7796002406503922,0.168047995278218,productive
0.01,23,0.043478260869565216,0.9592592681774077,0.07028582400000005,0.7078570535090134,0.4157141070180268,0.8822477470205735,0.9143817856480014,0.8501137083931418,0.28509520044211456,productive
0.01,24,0.041666666666666664,0.953313126638417,0.07028582400000005,0.7627037995869475,0.5254075991738949,0.9648570880000038,1.000000000000003,0.9297141760000032,0.47131232237497256,productive
0.01,25,0.04,0.9470910943469678,0.04742400000000002,0.45208705772239133,0.0,0.5450858961906458,0.5583248961276241,0.5318468962536673,0.0,dissolved
0.01,26,0.038461538461538464,0.9406255539904451,0.04742400000000002,0.4687329525190687,0.0,0.5704209669793522,0.5842753029632144,0.556566630995488,0.0,dissolved
0.01,27,0.037037037037037035,0.9339473821720392,0.04742400000000002,0.4865935066388453,0.0,0.5978883838822795,0.6124098461542896,0.5833669216102685,0.0,dissolved
0.01,28,0.03571428571428571,0.9270856912663876,0.04742400000000002,0.5057778835969143,0.01155576719382867,0.6276676174834562,0.6429123552511711,0.6124228797157399,0.00285582562561852,dissolved
0.01,29,0.034482758620689655,0.9200676819218311,0.04742400000000002,0.5264043066153964,0.05280861323079278,0.6599532436494513,0.6759821319625456,0.6439243553363547,0.015170084470753692,dissolved
0.01,30,0.03333333333333333,0.9129185786715375,0.04742400000000002,0.5486008194511443,0.0972016389022885,0.6949562148773338,0.7118352523818108,0.6780771773728556,0.03260540880406052,dissolved
0.01,31,0.03225806451612903,0.9056616266084568,0.04742400000000002,0.5725061120407149,0.14501222408142977,0.7329052386466306,0.7507059788163227,0.7151044984769369,0.05705475228957243,dissolved
0.01,32,0.03125,0.8983181317703235,0.04742400000000002,0.5982704163392903,0.1965408326785807,0.7740482717813573,0.7928482904443735,0.7552482531183392,0.09109628377748791,productive
0.01,33,0.030303030303030304,0.8909075317708781,0.04742400000000002,0.6260564781899821,0.2521129563799642,0.818654140586203,0.8385375428011014,0.7987707383713021,0.13824208847515174,productive
0.01,34,0.029411764705882353,0.8834474863712909,0.04742400000000002,0.6560406115577803,0.3120812231155605,0.8670142973427475,0.8880722669363404,0.8459563277491519,0.20327789266802423,productive
0.01,35,0.02857142857142857,0.8759539802081466,0.04742400000000002,0.6884138420015223,0.37682768400304467,0.9194447246425629,0.9417761200000017,0.8971133292851216,0.2927274234095204,productive
0.01,36,0.027777777777777776,0.8684414318834667,0.04742400000000002,0.7233831468412999,0.4467662936825998,0.9762880000000028,1.0000000000000022,0.9525760000000019,0.41548752330419886,productive
0.01,37,0.02702702702702703,0.8609228051738309,0.02400000000000002,0.3475425441185534,0.0,0.4271538328897687,0.4323419361232468,0.4219657296562892,0.0,dissolved
0.01,38,0.02631578947368421,0.8534097193143909,0.02400000000000002,0.35212944111701,0.0,0.43458208339209586,0.4398604082915943,0.4293037584925963,0.0,dissolved
0.01,39,0.02564102564102564,0.8459125562311827,0.02400000000000002,0.356874042657972,0.0,0.44231662160776347,0.44768888826696657,0.43694435494855943,0.0,dissolved
0.01,40,0.025,0.8384405632911975,0.02400000000000002,0.36178409582010634,0.0,0.45037007664281903,0.4558401585453623,0.44489999474027414,0.0,dissolved
0.01,41,0.024390243902439025,0.8310019506624012,0.02400000000000002,0.36686761783474175,0.0,0.45875559833696244,0.46432752868113536,0.45318366799278825,0.0,dissolved
0.01,42,0.023809523809523808,0.8236039827641435,0.02400000000000002,0.37213290917655767,0.0,0.46748687873486333,0.4731648570190917,0.46180890045063383,0.0,dissolved
0.01,43,0.023255813953488372,0.8162530635729409,0.02400000000000002,0.37758856711676453,0.0,0.4765781744427981,0.48236657332266963,0.4707897755629257,0.0,dissolved
0.01,44,0.022727272727272728,0.8089548157536728,0.02400000000000002,0.38324349976089656,0.0,0.48604432990712,0.4919477023351414,0.4801409574790979,0.0,dissolved
0.01,45,0.022222222222222223,0.801714153730813,0.02400000000000002,0.3891069405941422,0.0,0.4959008016525614,0.501923888312308,0.4898777149928133,0.0,dissolved
0.01,46,0.021739130434782608,0.7945353509131267,0.02400000000000002,0.39518846355796156,0.0,0.5061636835199514,0.5123114205667516,0.5000159464731501,0.0,dissolved
0.01,47,0.02127659574468085,0.7874221013498609,0.02400000000000002,0.40149799868260294,0.0,0.5168497329445556,0.5231272600653395,0.5105722058237713,0.0,dissolved
0.01,48,0.020833333333333332,0.78037757613542,0.02400000000000002,0.4080458483010528,0.0,0.5279763983179463,0.5343890671234263,0.521563729512465,0.0,dissolved
0.01,49,0.02040816326530612,0.7734044748999146,0.02400000000000002,0.41484270387089034,0.0,0.5395618474780781,0.546115230240969,0.5330084647151864,0.0,dissolved
0.01,50,0.02,0.7665050727296459,0.02400000000000002,0.42189966343150404,0.0,0.551624997374092,0.5583248961276224,0.5449250986205603,0.0,dissolved
0.01,51,0.0196078431372549,0.759681262858714,0.02400000000000002,0.4292282497251949,0.0,0.5641855449542814,0.5710380009658704,0.5573330889426906,0.0,dissolved
0.01,52,0.019230769230769232,0.7529345954633263,0.02400000000000002,0.436840429011733,0.0,0.5772639993276566,0.5842753029632145,0.5702526956920978,0.0,dissolved
0.01,53,0.018867924528301886,0.746266312876328,0.02400000000000002,0.4447486306070989,0.0,0.5908817152516207,0.5980584162465787,0.5837050142566615,0.0,dissolved
0.01,54,0.018518518518518517,0.7396773815225959,0.02400000000000002,0.45296576717832204,0.0,0.6050609280004378,0.6124098461542886,0.597712009846586,0.0,dissolved
0.01,55,0.01818181818181818,0.7331685208574867,0.02400000000000002,0.46150525582753177,0.0,0.6198247896714265,0.6273530259832242,0.6122965533596276,0.0,dissolved
0.01,56,0.017857142857142856,0.7267402295713808,0.02400000000000002,0.47038103999966857,0.0,0.6351974069881573,0.6429123552511706,0.6274824587251431,0.0,dissolved
0.01,57,0.017543859649122806,0.7203928093041521,0.02400000000000002,0.47960761224961224,0.0,0.651203880662388,0.6591132395368289,0.6432945217879459,0.0,dissolved
0.01,58,0.017241379310344827,0.7141263860945648,0.02400000000000002,0.4892000379059133,0.0,0.6678703463789963,0.6759821319625454,0.6597585607954457,0.0,dissolved
0.01,59,0.01694915254237288,0.7079409297714696,0.02400000000000002,0.49917397966975663,0.0,0.6852240174708416,0.6935465763874907,0.6769014585541916,0.0,dissolved
0.01,60,0.016666666666666666,0.7018362714764412,0.02400000000000002,0.5095457231893248,0.019091446378649568,0.7032932293532294,0.7118352523818098,0.6947512063246476,0.006640244486176836,dissolved
0.01,61,0.01639344262295082,0.6958121194912221,0.02400000000000002,0.5203322036513307,0.04066440730266141,0.7221074857905344,0.7308780220551958,0.7133369495258719,0.015309320556809496,dissolved
0.01,62,0.016129032258064516,0.6898680735282592,0.02400000000000002,0.5315510334331182,0.06310206686623632,0.7416975070705274,0.750705978816322,0.7326890353247313,0.025743048262575847,dissolved
0.01,63,0.015873015873015872,0.6840036376283989,0.02400000000000002,0.5432205308605008,0.08644106172100163,0.7620952801650639,0.7713514981427771,0.7528390621873504,0.03825461511659162,dissolved
0.01,64,0.015625,0.6782182317969141,0.02400000000000002,0.5553597501182794,0.11071950023655885,0.7833341109590419,0.7928482904443731,0.7738199314737094,0.05321096821767033,dissolved
0.01,65,0.015384615384615385,0.6725112024969713,0.02400000000000002,0.5679885123623002,0.13597702472460038,0.8054486786329049,0.8152314561061776,0.7956659011596308,0.07104198421860623,dissolved
0.01,66,0.015151515151515152,0.6668818321087359,0.02400000000000002,0.5811274380838162,0.16225487616763234,0.8284750922874894,0.8385375428011017,0.8184126417738763,0.09225120635731021,productive
0.01,67,0.014925373134328358,0.6613293474521653,0.02400000000000002,0.5947979807790367,0.18959596155807334,0.8524509499036749,0.8628046051656624,0.842097294641687,0.1174284174733048,productive
0.01,68,0.014705882352941176,0.655852927462479,0.02400000000000002,0.6090224619788153,0.21804492395763053,0.8774153997331057,0.8880722669363406,0.8667585325298697,0.14726436428655715,productive
0.01,69,0.014492753623188406,0.6504517100988787,0.02400000000000002,0.6238241076956887,0.2476482153913775,0.9034092042202265,0.9143817856480014,0.8924366227924505,0.18256800259189185,productive
0.01,70,0.014285714285714285,0.6451247985594666,0.02400000000000002,0.6392270863477607,0.2784541726955214,0.9304748065600025,0.9417761200000021,0.9191734931200025,0.224286696812749,productive
0.01,71,0.014084507042253521,0.6398712668685116,0.02400000000000002,0.6552565482213724,0.3105130964427447,0.9586564000000024,0.9703000000000019,0.9470128000000027,0.27352988219807883,productive
0.01,72,0.013888888888888888,0.6346901648958398,0.02400000000000002,0.6719386665369863,0.3438773330739726,0.9880000000000024,1.0000000000000018,0.9760000000000026,0.3315967857552372,productive
0.01125,1,1.0,1.0,0.8260650438651997,0.9735808754147144,0.9471617508294288,0.5869674780674001,1.0000000000000033,0.17393495613480084,0.09669968575051956,crystallized
0.01125,2,0.5,1.0,0.582944900361115,0.9499496964906823,0.8998993929813646,0.7085275498194427,1.0000000000000004,0.41705509963888593,0.2659157962243819,crystallized
0.01125,3,0.3333333333333333,0.9999999999997904,0.44179255567076836,0.9287113987053505,0.8574227974107009,0.7791037221646187,1.0000000000000027,0.5582074443292319,0.3728944586847898,productive
0.01125,4,0.25,0.9999999989897916,0.3542019668356948,0.9095398621749056,0.8190797243498111,0.8228990165821526,1.0000000000000033,0.6457980331643056,0.4352807255203868,productive
0.01125,5,0.2,0.9999998946877083,0.2882992109304511,0.8364182170765609,0.6728364341531219,0.8000011455798477,0.9347441453417985,0.665258145817899,0.3347210799756065,productive
0.01125,6,0.16666666666666666,0.9999980095545283,0.25286718427763344,0.8763560401804678,0.7527120803609355,0.8735664078611839,1.0000000000000009,0.7471328157223681,0.49127269136116336,productive
0.01125,7,0.14285714285714285,0.9999848702710878,0.21567117403507274,0.8087218759376575,0.6174437518753151,0.833945461717659,0.9347441453418003,0.7331467780935216,0.35287324715127755,productive
0.01125,8,0.125,0.9999332302396285,0.1963843996260991,0.8487078976632693,0.6974157953265385,0.901807800186951,1.0000000000000033,0.8036156003739025,0.505421980995591,productive
0.01125,9,0.1111111111111111,0.9997924998649104,0.17662336027264247,0.8365663017302678,0.6731326034605356,0.911688319863679,1.000000000000003,0.8233766397273588,0.5052956488324836,productive
0.01125,10,0.1,0.9994924712139436,0.15637639372196976,0.7751642989649566,0.5503285979299133,0.8616581860911596,0.9347441453417984,0.7885722268405229,0.349535532381572,productive
0.01125,11,0.09090909090909091,0.9989535302746325,0.1356315509446412,0.678946639248306,0.357893278496612,0.7651104605929564,0.8207717320904296,0.7094491890954855,0.1594488418301435,productive
0.01125,12,0.08333333333333333,0.9980979426127404,0.1356315509446412,0.8054838215935266,0.6109676431870532,0.9321842245276801,1.0000000000000007,0.8643684490553607,0.49228756486710284,productive
0.01125,13,0.07692307692307693,0.9968585630378793,0.11437658908262405,0.6456382978288031,0.2912765956576062,0.7498897628165364,0.7953759573357316,0.7044035682973433,0.12237621626766734,productive
0.01125,14,0.07142857142857142,0.9951838190310288,0.11437658908262405,0.7410496290971391,0.48209925819427824,0.8812877218372237,0.9347441453417982,0.8278312983326507,0.3287674237366115,productive
0.01125,15,0.06666666666666667,0.9930393801316743,0.09259896422400005,0.5526082382541881,0.10521647650837629,0.6526876731161927,0.6843738268713446,0.6210015193610426,0.029186043094184076,dissolved
0.01125,16,0.0625,0.9904074979477991,0.09259896422400005,0.6107114135822072,0.2214228271644143,0.7354081358935948,0.7711101358340257,0.6997061359531664,0.08785832432649925,productive
0.01125,17,0.058823529411764705,0.9872849986099358,0.09259896422400005,0.6792704990668558,0.35854099813371154,0.8346463241257618,0.8751660594398264,0.7941265888116987,0.20797997038145394,productive
0.01125,18,0.05555555555555555,0.9836806832556286,0.09259896422400005,0.7604355531526573,0.5208711063053146,0.953700517888002,1.0,0.9074010357760028,0.4507560413039897,productive
0.01125,19,0.05263157894736842,0.9796126349734647,0.07028582400000005,0.4969508741106526,0.0,0.6068319928145801,0.6289345856104459,0.5847294000187165,0.0,dissolved
0.01125,20,0.05,0.9751057193808106,0.07028582400000005,0.532610110979984,0.06522022195996802,0.6603229376985014,0.6843738268713445,0.636272048525659,0.018753178752860946,dissolved
0.01125,21,0.047619047619047616,0.9701894171762189,0.07028582400000005,0.5729520429982267,0.14590408599645333,0.7216397647037815,0.7479239917277589,0.6953555376798046,0.05475859454769937,dissolved
0.01125,22,0.045454545454545456,0.9648960326755942,0.07028582400000005,0.6186857836385689,0.2373715672771377,0.7919274233374874,0.8207717320904313,0.7630831145845468,0.11773573891738083,productive
0.01125,23,0.043478260869565216,0.9592592681774077,0.07028582400000005,0.6706250432231442,0.3412500864462884,0.8724983725776192,0.904277310524996,0.8407194346302433,0.22635501273090397,productive
0.01125,24,0.041666666666666664,0.953313126638417,0.07028582400000005,0.7297034364708903,0.4594068729417806,0.9648570880000004,1.0000000000000013,0.9297141760000014,0.4121069442879331,productive
0.01125,25,0.04,0.9470910943469678,0.04742400000000002,0.40955113186265196,0.0,0.5130872633325407,0.5255490831932194,0.5006254434718638,0.0,dissolved
0.01125,26,0.038461538461538464,0.9406255539904451,0.04742400000000002,0.42578989222471036,0.0,0.5387243148419097,0.5518088052315606,0.5256398244522594,0.0,dissolved
0.01125,27,0.037037037037037035,0.9339473821720392,0.04742400000000002,0.4433977628587557,0.0,0.5668045675360445,0.5805710687174739,0.5530380663546164,0.0,dissolved
0.01125,28,0.03571428571428571,0.9270856912663876,0.04742400000000002,0.46251278346664165,0.0,0.5975608575516214,0.6120743648919403,0.5830473502113044,0.0,dissolved
0.01125,29,0.034482758620689655,0.9200676819218311,0.04742400000000002,0.48328596337922,0.0,0.6312482102199213,0.6465799131198186,0.6159165073200248,0.0,dissolved
0.01125,30,0.03333333333333333,0.9129185786715375,0.04742400000000002,0.5058825181812243,0.011765036362448633,0.6681459546885704,0.684373826871345,0.6519180825057977,0.0035071233155170942,dissolved
0.01125,31,0.03225806451612903,0.9056616266084568,0.04742400000000002,0.5304832250787804,0.06096645015756086,0.7085600400659245,0.7257694861208217,0.691350594011028,0.021675274691219614,dissolved
0.01125,32,0.03125,0.8983181317703235,0.04742400000000002,0.5572859082178582,0.11457181643571634,0.7528255722931272,0.7711101358340243,0.734541008752231,0.04885450533242279,dissolved
0.01125,33,0.030303030303030304,0.8909075317708781,0.04742400000000002,0.5865070662412984,0.1730141324825969,0.8013095927791006,0.820771732090429,0.7818474534677722,0.08896646568609866,productive
0.01125,34,0.029411764705882353,0.8834474863712909,0.04742400000000002,0.6183836555534201,0.23676731110684024,0.854414121838387,0.8751660594398256,0.8336621842369495,0.1475946883394367,productive
0.01125,35,0.02857142857142857,0.8759539802081466,0.04742400000000002,0.6531750440539977,0.30635008810799547,0.9125794921674525,0.9347441453417988,0.8904148389931071,0.23268793056978637,productive
0.01125,36,0.027777777777777776,0.8684414318834667,0.04742400000000002,0.6911651515187164,0.38233030303743276,0.9762880000000003,1.0000000000000027,0.9525759999999993,0.35556279186545275,productive
0.01125,37,0.02702702702702703,0.8609228051738309,0.02400000000000002,0.31070722290102426,0.0,0.3976578733459683,0.4024877260586733,0.3928280206332642,0.0,dissolved
0.01125,38,0.02631578947368421,0.8534097193143909,0.02400000000000002,0.31490327880761976,0.0,0.4046733520539173,0.4095884130100397,0.39975829109779687,0.0,dissolved
0.01125,39,0.02564102564102564,0.8459125562311827,0.02400000000000002,0.3192673316035739,0.0,0.412015510943981,0.41701974791900964,0.40701127396895287,0.0,dissolved
0.01125,40,0.025,0.8384405632911975,0.02400000000000002,0.32380842308031305,0.0,0.41969956208447723,0.4247971276158683,0.4146019965530868,0.0,dissolved
0.01125,41,0.024390243902439025,0.8310019506624012,0.02400000000000002,0.3285359618320675,0.0,0.4277414259032605,0.43293666589398977,0.4225461859125326,0.0,dissolved
0.01125,42,0.023809523809523808,0.8236039827641435,0.02400000000000002,0.33345974274935003,0.0,0.4361577641729299,0.44145522689567873,0.4308603014501818,0.0,dissolved
0.01125,43,0.023255813953488372,0.8162530635729409,0.02400000000000002,0.33858996731279195,0.0,0.4449660145320137,0.45037046005264636,0.43956156901138194,0.0,dissolved
0.01125,44,0.022727272727272728,0.8089548157536728,0.02400000000000002,0.34393726472937586,0.0,0.454184426613655,0.4597008366534985,0.448668016573813,0.0,dissolved
0.01125,45,0.022222222222222223,0.801714153730813,0.02400000000000002,0.3495127139548725,0.0,0.46383209985665186,0.4694656881140214,0.45819851159928354,0.0,dissolved
0.01125,46,0.021739130434782608,0.7945353509131267,0.02400000000000002,0.3553278666481063,0.0,0.473929023077193,0.47968524602954854,0.46817280012483836,0.0,dissolved
0.01125,47,0.02127659574468085,0.7874221013498609,0.02400000000000002,0.36139477110459384,0.0,0.4844961158832744,0.49038068409238345,0.47861154767416575,0.0,dissolved
0.01125,48,0.020833333333333332,0.78037757613542,0.02400000000000002,0.3677259972191658,0.0,0.49555527201760785,0.5015741619611418,0.4895363820740742,0.0,dissolved
0.01125,49,0.02040816326530612,0.7734044748999146,0.02400000000000002,0.3743346625292701,0.0,0.5071294047188156,0.5132888711728913,0.500969938264741,0.0,dissolved
0.01125,50,0.02,0.7665050727296459,0.02400000000000002,0.3812344593929294,0.0,0.5192424941948998,0.5255490831932195,0.512935905196581,0.0,dissolved
0.01125,51,0.0196078431372549,0.759681262858714,0.02400000000000002,0.38843968335765694,0.0,0.5319196373073434,0.5383801997037894,0.5254590749108977,0.0,dissolved
0.01125,52,0.019230769230769232,0.7529345954633263,0.02400000000000002,0.3959652627791113,0.0,0.5451870995687822,0.5518088052315621,0.5385653939060033,0.0,dissolved
0.01125,53,0.018867924528301886,0.746266312876328,0.02400000000000002,0.4038267897508417,0.0,0.5590723695619805,0.5658627222287259,0.5522820168952358,0.0,dissolved
0.01125,54,0.018518518518518517,0.7396773815225959,0.02400000000000002,0.4120405524092377,0.0,0.5736042158928636,0.5805710687174741,0.5666373630682539,0.0,dissolved
0.01125,55,0.01818181818181818,0.7331685208574867,0.02400000000000002,0.42062356868057404,0.0,0.5888127467956004,0.5959643186190295,0.5816611749721722,0.0,dissolved
0.01125,56,0.017857142857142856,0.7267402295713808,0.02400000000000002,0.42959362154011105,0.0,0.6047294725132362,0.6120743648919399,0.5973845801345331,0.0,dissolved
0.01125,57,0.017543859649122806,0.7203928093041521,0.02400000000000002,0.4389692958562723,0.0,0.6213873705831187,0.6289345856104448,0.6138401555557935,0.0,dissolved
0.01125,58,0.017241379310344827,0.7141263860945648,0.02400000000000002,0.4487700168962506,0.0,0.638820954162381,0.6465799131198193,0.6310619952049433,0.0,dissolved
0.01125,59,0.01694915254237288,0.7079409297714696,0.02400000000000002,0.45901609057282583,0.0,0.6570663435350436,0.6650469064119887,0.6490857806580997,0.0,dissolved
0.01125,60,0.016666666666666666,0.7018362714764412,0.02400000000000002,0.46972874551576027,0.0,0.6761613409488881,0.6843738268713444,0.6679488550264321,0.0,dissolved
0.01125,61,0.01639344262295082,0.6958121194912221,0.02400000000000002,0.4809301770549728,0.0,0.696145508937161,0.7046007175477349,0.6876903003265883,0.0,dissolved
0.01125,62,0.016129032258064516,0.6898680735282592,0.02400000000000002,0.4926435932065743,0.0,0.7170602522873722,0.7257694861208229,0.7083510184539225,0.0,dissolved
0.01125,63,0.015873015873015872,0.6840036376283989,0.02400000000000002,0.5048932627570909,0.009786525514181799,0.7389489038270262,0.7479239917277603,0.7299738159262931,0.003948277681044137,dissolved
0.01125,64,0.015625,0.6782182317969141,0.02400000000000002,0.5177045655454576,0.03540913109091526,0.7618568142040161,0.7711101358340253,0.7526034925740078,0.015655655894960253,dissolved
0.01125,65,0.015384615384615385,0.6725112024969713,0.02400000000000002,0.5311040450469893,0.06220809009397854,0.7858314458477024,0.7953759573357317,0.7762869343596736,0.030183597928745778,dissolved
0.01125,66,0.015151515151515152,0.6668818321087359,0.02400000000000002,0.5451194633682614,0.0902389267365229,0.8109224713053447,0.8207717320904302,0.8010732105202595,0.048113600247928164,dissolved
0.01125,67,0.014925373134328358,0.6613293474521653,0.02400000000000002,0.5597798587668481,0.11955971753369621,0.8371818761576331,0.8473500770826244,0.8270136752326416,0.07014234198760158,dissolved
0.01125,68,0.014705882352941176,0.655852927462479,0.02400000000000002,0.5751156058150955,0.15023121163019093,0.8646640667265475,0.8751660594398263,0.8541620740132696,0.09710427092744923,dissolved
0.01125,69,0.014492753623188406,0.6504517100988787,0.02400000000000002,0.5911584783325674,0.1823169566651348,0.8934259827986973,0.9042773105249975,0.8825746550723974,0.12999861546395305,productive
0.01125,70,0.014285714285714285,0.6451247985594666,0.02400000000000002,0.6079417152175786,0.21588343043515712,0.923527215597697,0.9347441453417993,0.9123102858535956,0.1700216919873938,productive
0.01125,71,0.014084507042253521,0.6398712668685116,0.02400000000000002,0.6255000893141799,0.25100017862835977,0.9550301312500019,0.9666296875000024,0.9434305750000022,0.21860554837872623,productive
0.01125,72,0.013888888888888888,0.6346901648958398,0.02400000000000002,0.6438699794573038,0.2877399589146077,0.9880000000000022,1.0000000000000027,0.9760000000000024,0.2774641895018513,productive
0.0125,1,1.0,1.0,0.8260650438651997,0.9676122672013804,0.9352245344027608,0.5869674780674004,1.0000000000000053,0.17393495613480114,0.09548096563625867,crystallized
0.0125,2,0.5,1.0,0.582944900361115,0.93917381736315,0.8783476347263,0.7085275498194431,1.000000000000006,0.41705509963888665,0.2595473588177931,crystallized
0.0125,3,0.3333333333333333,0.9999999999997904,0.44179255567076836,0.9140472813436225,0.8280945626872449,0.7791037221646184,1.0000000000000044,0.5582074443292356,0.36013956548110165,productive
0.0125,4,0.25,0.9999999989897916,0.3542019668356948,0.8917206293066646,0.7834412586133292,0.8228990165821543,1.0000000000000064,0.645798033164309,0.4163414980422316,productive
0.0125,5,0.2,0.9999998946877083,0.2882992109304511,0.8116458563386159,0.6232917126772317,0.7940288269294734,0.9277659179687565,0.6602917358901972,0.30318094220712793,productive
0.0125,6,0.16666666666666666,0.9999980095545283,0.25286718427763344,0.8538811295861182,0.7077622591722363,0.8735664078611888,1.000000000000008,0.7471328157223722,0.46193528572130704,productive
0.0125,7,0.14285714285714285,0.9999848702710878,0.21567117403507274,0.7806571531097901,0.5613143062195802,0.8277197355897303,0.9277659179687551,0.727673553210707,0.31366381984725233,productive
0.0125,8,0.125,0.9999332302396285,0.1963843996260991,0.8231459880125336,0.6462919760250672,0.9018078001869552,1.0000000000000056,0.8036156003739059,0.46837220064854784,productive
0.0125,9,0.1111111111111111,0.9997924998649104,0.17662336027264247,0.8098799873443091,0.6197599746886182,0.9116883198636841,1.0000000000000056,0.823376639727363,0.46523079839060727,productive
0.0125,10,0.1,0.9994924712139436,0.15637639372196976,0.7441550035888258,0.4883100071776516,0.8552255737337026,0.9277659179687548,0.7826852294986494,0.3032507307980561,productive
0.0125,11,0.09090909090909091,0.9989535302746325,0.1356315509446412,0.6428483262790868,0.28569665255817367,0.7490088679122695,0.8034987593699939,0.6945189764545461,0.1194157026842225,productive
0.0125,12,0.08333333333333333,0.9980979426127404,0.1356315509446412,0.7765742643256461,0.5531485286512923,0.9321842245276852,1.0000000000000084,0.8643684490553646,0.4456997767657571,productive
0.0125,13,0.07692307692307693,0.9968585630378793,0.11437658908262405,0.6082278489237843,0.21645569784756868,0.7317819333843258,0.7761697581261011,0.6873941086425518,0.08451099765509956,productive
0.0125,14,0.07142857142857142,0.9951838190310288,0.11437658908262405,0.7082508166418383,0.4165016332836766,0.8747085673865682,0.9277659179687557,0.8216512168043804,0.27771926437774647,productive
0.0125,15,0.06666666666666667,0.9930393801316743,0.09259896422400005,0.5131605474164409,0.02632109483288181,0.6279938317347254,0.6584811688321583,0.5975064946372921,0.006503472643738084,dissolved
0.0125,16,0.0625,0.9904074979477991,0.09259896422400005,0.5723987955945501,0.14479759118910018,0.7154567119845352,0.7501901263186241,0.6807232976504474,0.05290377441274237,dissolved
0.0125,17,0.058823529411764705,0.9872849986099358,0.09259896422400005,0.6437561943199298,0.2875123886398596,0.8225560655371561,0.8624888527467012,0.7826232783276109,0.1596350762788285,productive
0.0125,18,0.05555555555555555,0.9836806832556286,0.09259896422400005,0.7300255103184694,0.4600510206369388,0.9537005178880057,1.0000000000000049,0.9074010357760052,0.39812301805548067,productive
0.0125,19,0.05263157894736842,0.9796126349734647,0.07028582400000005,0.4575206769562056,0.0,0.5797953831690491,0.6009132237095093,0.5586775426285894,0.0,dissolved
0.0125,20,0.05,0.9751057193808106,0.07028582400000005,0.49327698163916606,0.0,0.6353402230622333,0.6584811688321593,0.6121992772923075,0.0,dissolved
0.0125,21,0.047619047619047616,0.9701894171762189,0.07028582400000005,0.5343728295186617,0.06874565903732344,0.699997293782787,0.725493238831642,0.6745013487339315,0.023548206337584296,dissolved
0.0125,22,0.045454545454545456,0.9648960326755942,0.07028582400000005,0.5817108452507487,0.16342169050149735,0.7752614731773455,0.8034987593699936,0.7470241869846966,0.07604624508967837,productive
0.0125,23,0.043478260869565216,0.9592592681774077,0.07028582400000005,0.6363425009638888,0.27268500192777756,0.8628728764903557,0.8943012257690492,0.831444527211662,0.1749545229509027,productive
0.0125,24,0.041666666666666664,0.953313126638417,0.07028582400000005,0.6994925510457926,0.3989851020915851,0.9648570880000068,1.000000000000006,0.9297141760000067,0.357906119659233,productive
0.0125,25,0.04,0.9470910943469678,0.04742400000000002,0.3722301673423068,0.0,0.48442099215488266,0.4961865680566421,0.4726554162531236,0.0,dissolved
0.0125,26,0.038461538461538464,0.9406255539904451,0.04742400000000002,0.3879423236442543,0.0,0.5100366042049478,0.5224243299159137,0.49764887849398165,0.0,dissolved
0.0125,27,0.037037037037037035,0.9339473821720392,0.04742400000000002,0.4051631964967279,0.0,0.5383822446808307,0.55145842689947,0.5253060624621908,0.0,dissolved
0.0125,28,0.03571428571428571,0.9270856912663876,0.04742400000000002,0.42406146956612467,0.0,0.5697488711123069,0.5835868832888518,0.5559108589357618,0.0,dissolved
0.0125,29,0.034482758620689655,0.9200676819218311,0.04742400000000002,0.44482356298848774,0.0,0.6044584503341582,0.6191394858219682,0.5897774148463478,0.0,dissolved
0.0125,30,0.03333333333333333,0.9129185786715375,0.04742400000000002,0.46765552750625633,0.0,0.6428672633568112,0.6584811688321593,0.6272533578814632,0.0,dissolved
0.0125,31,0.03225806451612903,0.9056616266084568,0.04742400000000002,0.49278514138607576,0.0,0.6853695624593132,0.7020157601643305,0.6687233647542965,0.0,dissolved
0.0125,32,0.03125,0.8983181317703235,0.04742400000000002,0.5204642315953136,0.04092846319062726,0.7324016180433568,0.7501901263186248,0.7146131097680897,0.016070043631108005,dissolved
0.0125,33,0.030303030303030304,0.8909075317708781,0.04742400000000002,0.5509712430200022,0.10194248604000444,0.7844461967878121,0.8034987593699929,0.7653936342056307,0.04917999027862672,dissolved
0.0125,34,0.029411764705882353,0.8834474863712909,0.04742400000000002,0.5846140820560299,0.16922816411205988,0.8420375170703719,0.8624888527467032,0.8215861813940419,0.10097426527123317,productive
0.0125,35,0.02857142857142857,0.8759539802081466,0.04742400000000002,0.6217332637246921,0.24346652744938413,0.9057667325218809,0.9277659179687567,0.8837675470750056,0.18081401558523463,productive
0.0125,36,0.027777777777777776,0.8684414318834667,0.04742400000000002,0.6627053945821715,0.32541078916434296,0.9762880000000063,1.0000000000000062,0.9525760000000061,0.30262829751971754,productive
0.0125,37,0.02702702702702703,0.8609228051738309,0.02400000000000002,0.2798409933540737,0.0,0.37293350963968463,0.3774630664369279,0.36840395284244154,0.0,dissolved
0.0125,38,0.02631578947368421,0.8534097193143909,0.02400000000000002,0.28364828523482033,0.0,0.37947443486094373,0.38408343609407314,0.37486543362781494,0.0,dissolved
0.0125,39,0.02564102564102564,0.8459125562311827,0.02400000000000002,0.28763005291957905,0.0,0.38635509255589073,0.3910476645302538,0.38166252058152766,0.0,dissolved
0.0125,40,0.025,0.8384405632911975,0.02400000000000002,0.2917965077052444,0.0,0.39359312826392184,0.3983736116031589,0.3888126449246838,0.0,dissolved
0.0125,41,0.024390243902439025,0.8310019506624012,0.02400000000000002,0.2961583345212711,0.0,0.40120710402516424,0.40608006480279785,0.39633414324753047,0.0,dissolved
0.0125,42,0.023809523809523808,0.8236039827641435,0.02400000000000002,0.30072671933131534,0.0,0.4092165459830787,0.4141867874322656,0.4042463045338914,0.0,dissolved
0.0125,43,0.023255813953488372,0.8162530635729409,0.02400000000000002,0.30551337781979554,0.0,0.41764199445951716,0.4227145692910086,0.4125694196280249,0.0,dissolved
0.0125,44,0.022727272727272728,0.8089548157536728,0.02400000000000002,0.3105305854369213,0.0,0.4265050566306557,0.43168527999054224,0.4213248332707691,0.0,dissolved
0.0125,45,0.022222222222222223,0.801714153730813,0.02400000000000002,0.3157912088792458,0.0,0.43582846193888825,0.4411219250393599,0.43053499883841584,0.0,dissolved
0.0125,46,0.021739130434782608,0.7945353509131267,0.02400000000000002,0.32130873908649216,0.0,0.44563612038278844,0.45104870484087856,0.44022353592469765,0.0,dissolved
0.0125,47,0.02127659574468085,0.7874221013498609,0.02400000000000002,0.3270973258392412,0.0,0.4559531838346228,0.4614910767556913,0.45041529091355426,0.0,dissolved
0.0125,48,0.020833333333333332,0.78037757613542,0.02400000000000002,0.3331718140462372,0.0,0.4668061105426668,0.47247582038731395,0.4611364006980187,0.0,dissolved
0.0125,49,0.02040816326530612,0.7734044748999146,0.02400000000000002,0.3395477818143599,0.0,0.4782227329837389,0.4840311062588434,0.4724143597086325,0.0,dissolved
0.0125,50,0.02,0.7665050727296459,0.02400000000000002,0.3462415803988882,0.0,0.4902323292399618,0.49618656805664146,0.48427809042328185,0.0,dissolved
0.0125,51,0.0196078431372549,0.759681262858714,0.02400000000000002,0.3532703761365071,0.0,0.5028656980827999,0.5089733786263155,0.49675801753928384,0.0,dissolved
0.0125,52,0.019230769230769232,0.7529345954633263,0.02400000000000002,0.36065219446862085,0.0,0.5161552379569226,0.5224243299159134,0.5098861459979316,0.0,dissolved
0.0125,53,0.018867924528301886,0.746266312876328,0.02400000000000002,0.36840596616783533,0.0,0.5301350300664538,0.5365739170713095,0.523696143061598,0.0,dissolved
0.0125,54,0.018518518518518517,0.7396773815225959,0.02400000000000002,0.3765515758861779,0.0,0.5448409257766771,0.551458426899471,0.5382234246538834,0.0,dissolved
0.0125,55,0.01818181818181818,0.7331685208574867,0.02400000000000002,0.3851099131495563,0.0,0.5603106385553474,0.5671160309264651,0.5535052461842298,0.0,dissolved
0.0125,56,0.017857142857142856,0.7267402295713808,0.02400000000000002,0.3941029259292326,0.0,0.5765838406893855,0.583586883288852,0.5695807980899192,0.0,dissolved
0.0125,57,0.017543859649122806,0.7203928093041521,0.02400000000000002,0.4035536769276872,0.0,0.5937022650249946,0.6009132237095083,0.5864913063404803,0.0,dissolved
0.0125,58,0.017241379310344827,0.7141263860945648,0.02400000000000002,0.4134864027232334,0.0,0.611709811992105,0.6191394858219679,0.6042801381622411,0.0,dissolved
0.0125,59,0.01694915254237288,0.7079409297714696,0.02400000000000002,0.42392657592504734,0.0,0.6306526621876186,0.638312411121071,0.6229929132541657,0.0,dissolved
0.0125,60,0.016666666666666666,0.7018362714764412,0.02400000000000002,0.4349009704980161,0.0,0.6505793948061731,0.6584811688321587,0.642677620780187,0.0,dissolved
0.0125,61,0.01639344262295082,0.6958121194912221,0.02400000000000002,0.4464377304249359,0.0,0.6715411122221413,0.6796974820062158,0.6633847424380666,0.0,dissolved
0.0125,62,0.016129032258064516,0.6898680735282592,0.02400000000000002,0.4585664418821299,0.0,0.6935915710423579,0.702015760164329,0.685167381920386,0.0,dissolved
0.0125,63,0.015873015873015872,0.6840036376283989,0.02400000000000002,0.47131820911360195,0.0,0.7167873199656624,0.7254932388316412,0.7080814010996827,0.0,dissolved
0.0125,64,0.015625,0.6782182317969141,0.02400000000000002,0.48472573419828585,0.0,0.7411878448028006,0.7501901263186238,0.7321855632869773,0.0,dissolved
0.0125,65,0.015384615384615385,0.6725112024969713,0.02400000000000002,0.4988234009149649,0.0,0.766855721028587,0.7761697581260993,0.7575416839310739,0.0,dissolved
0.0125,66,0.015151515151515152,0.6668818321087359,0.02400000000000002,0.5136473629199448,0.027294725839889677,0.7938567742575536,0.8034987593699934,0.7842147891451138,0.013653409948790426,dissolved
0.0125,67,0.014925373134328358,0.6613293474521653,0.02400000000000002,0.5292356364635824,0.05847127292716481,0.8222602490546256,0.832247215642333,0.8122732824669179,0.03250172141073798,dissolved
0.0125,68,0.014705882352941176,0.655852927462479,0.02400000000000002,0.5456281978834794,0.09125639576695876,0.8521389865137414,0.8624888527467014,0.8417891202807813,0.05645865742195707,dissolved
0.0125,69,0.014492753623188406,0.6504517100988787,0.02400000000000002,0.5628670861243359,0.12573417224867178,0.88356961105982,0.8943012257690481,0.8728379963505914,0.08671846210379766,dissolved
0.0125,70,0.014285714285714285,0.6451247985594666,0.02400000000000002,0.5809965105473909,0.16199302109478175,0.9166327269531309,0.9277659179687556,0.905499535937506,0.12474361065065127,productive
0.0125,71,0.014084507042253521,0.6398712668685116,0.02400000000000002,0.6000629643059247,0.2001259286118493,0.9514131250000064,0.9629687500000057,0.9398575000000065,0.17232437165830372,productive
0.0125,72,0.013888888888888888,0.6346901648958398,0.02400000000000002,0.6201153435775786,0.24023068715515716,0.9880000000000068,1.0000000000000058,0.9760000000000069,0.23165156885547675,productive
0.01375,1,1.0,1.0,0.8260650438651997,0.9611098367340621,0.9222196734681243,0.5869674780673966,0.9999999999999872,0.17393495613479806,0.09415324525005107,crystallized
0.01375,2,0.5,1.0,0.582944900361115,0.9276278033083238,0.8552556066166477,0.7085275498194337,0.9999999999999889,0.41705509963888077,0.2527237793275563,crystallized
0.01375,3,0.3333333333333333,0.9999999999997904,0.44179255567076836,0.8985722443438089,0.7971444886876178,0.7791037221646059,0.9999999999999897,0.5582074443292263,0.34667933194729317,productive
0.01375,4,0.25,0.9999999989897916,0.3542019668356948,0.873176444650709,0.746352889301418,0.8228990165821407,0.9999999999999896,0.6457980331642977,0.39663175328534794,productive
0.01375,5,0.2,0.9999998946877083,0.2882992109304511,0.7866642961227985,0.5733285922455971,0.7881022729231819,0.9208411633105362,0.6553633825358292,0.2726798697399916,productive
0.01375,6,0.16666666666666666,0.9999980095545283,0.25286718427763344,0.8310617782611283,0.6621235565222565,0.873566407861171,0.9999999999999893,0.7471328157223552,0.43214826772850845,productive
0.01375,7,0.14285714285714285,0.9999848702710878,0.21567117403507274,0.7528301430510362,0.5056602861020725,0.8215417159150319,0.9208411633105356,0.722242268519529,0.2762842278105887,productive
0.01375,8,0.125,0.9999332302396285,0.1963843996260991,0.7977341873037223,0.5954683746074445,0.9018078001869393,0.9999999999999881,0.8036156003738895,0.4315399902484164,productive
0.01375,9,0.1111111111111111,0.9997924998649104,0.17662336027264247,0.7835994072639384,0.5671988145278768,0.9116883198636657,0.9999999999999911,0.8233766397273454,0.42577508730145724,productive
0.01375,10,0.1,0.9994924712139436,0.15637639372196976,0.7141002874286929,0.42820057485738583,0.8488422531559123,0.9208411633105378,0.77684334300129,0.26001141143438466,productive
0.01375,11,0.09090909090909091,0.9989535302746325,0.1356315509446412,0.6085662716366581,0.21713254327331621,0.7333550756887239,0.7867061642888271,0.6800039870886233,0.08518502078397341,productive
0.01375,12,0.08333333333333333,0.9980979426127404,0.1356315509446412,0.7487966788168825,0.497593357633765,0.9321842245276668,0.9999999999999898,0.8643684490553487,0.40093616258588943,productive
0.01375,13,0.07692307692307693,0.9968585630378793,0.11437658908262405,0.5731357667752854,0.14627153355057088,0.7142677456943269,0.7575932092896858,0.6709422820989718,0.05310581625345704,dissolved
0.01375,14,0.07142857142857142,0.9951838190310288,0.11437658908262405,0.6772394537694287,0.35447890753885747,0.8681798276373672,0.920841163310537,0.8155184919642013,0.23110994129779908,productive
0.01375,15,0.06666666666666667,0.9930393801316743,0.09259896422400005,0.47698279782297953,0.0,0.6047141676065456,0.6340713423808405,0.5753569928322528,0.0,dissolved
0.01375,16,0.0625,0.9904074979477991,0.09259896422400005,0.536959885719303,0.07391977143860595,0.6962580756906712,0.730059450143278,0.6624567012380667,0.024891243049736535,dissolved
0.01375,17,0.058823529411764705,0.9872849986099358,0.09259896422400005,0.6107439413103923,0.22148788262078467,0.810680875127905,0.8500371551891195,0.771324595066692,0.11772670476653974,productive
0.01375,18,0.05555555555555555,0.9836806832556286,0.09259896422400005,0.7018654348076795,0.403730869615359,0.9537005178879872,0.999999999999988,0.9074010357759893,0.34938418802089705,productive
0.01375,19,0.05263157894736842,0.9796126349734647,0.07028582400000005,0.42203237493914797,0.0,0.5546962330468763,0.5748998892640952,0.5344925768296594,0.0,dissolved
0.01375,20,0.05,0.9751057193808106,0.07028582400000005,0.45765794919673536,0.0,0.6117882289938269,0.6340713423808406,0.589505115606816,0.0,dissolved
0.01375,21,0.047619047619047616,0.9701894171762189,0.07028582400000005,0.4992668442949269,0.0,0.6792779396619743,0.7040192253445688,0.6545366539793824,0.0,dissolved
0.01375,22,0.045454545454545456,0.9648960326755942,0.07028582400000005,0.5479771979147574,0.09595439582951482,0.7590590187873658,0.7867061642888278,0.7314118732859063,0.04190974122403784,dissolved
0.01375,23,0.043478260869565216,0.9592592681774077,0.07028582400000005,0.6051114156193329,0.2102228312386658,0.8533699963185838,0.8844522229582122,0.8222877696789593,0.13047144094503701,productive
0.01375,24,0.041666666666666664,0.953313126638417,0.07028582400000005,0.6722334042144255,0.3444668084288509,0.964857087999987,0.9999999999999889,0.929714175999988,0.3090009579552256,productive
0.01375,25,0.04,0.9470910943469678,0.04742400000000002,0.33961166509687135,0.0,0.4587472881589304,0.46988930331923673,0.4476052729986248,0.0,dissolved
0.01375,26,0.038461538461538464,0.9406255539904451,0.04742400000000002,0.3547212462222964,0.0,0.48407883757186887,0.4958361032521855,0.47232157189155344,0.0,dissolved
0.01375,27,0.037037037037037035,0.9339473821720392,0.04742400000000002,0.37146334524956176,0.0,0.5123994939340203,0.5248446093099801,0.4999543785580624,0.0,dissolved
0.01375,28,0.03571428571428571,0.9270856912663876,0.04742400000000002,0.3900385300398563,0.0,0.5440619699913832,0.5572761008958267,0.5308478390869417,0.0,dissolved
0.01375,29,0.034482758620689655,0.9200676819218311,0.04742400000000002,0.4106707447860945,0.0,0.5794605983728517,0.5935344881560081,0.5653867085896966,0.0,dissolved
0.01375,30,0.03333333333333333,0.9129185786715375,0.04742400000000002,0.4336100760617147,0.0,0.6190362427103046,0.6340713423808406,0.6040011430397703,0.0,dissolved
0.01375,31,0.03225806451612903,0.9056616266084568,0.04742400000000002,0.45913584608240054,0.0,0.6632817882677848,0.6793915199897844,0.6471720565457871,0.0,dissolved
0.01375,32,0.03125,0.8983181317703235,0.04742400000000002,0.4875600716385043,0.0,0.7127482804614795,0.7300594501432779,0.695437110779682,0.0,dissolved
0.01375,33,0.030303030303030304,0.8909075317708781,0.04742400000000002,0.5192313317149386,0.03846266342987725,0.7680517877212099,0.7867061642888283,0.7493974111535933,0.01741624801190311,dissolved
0.01375,34,0.029411764705882353,0.8834474863712909,0.04742400000000002,0.5545390919098732,0.10907818381974632,0.8298810741652756,0.8500371551891224,0.8097249931414311,0.06230590553462599,dissolved
0.01375,35,0.02857142857142857,0.8759539802081466,0.04742400000000002,0.5939185394571795,0.18783707891435908,0.8990061776461163,0.9208411633105369,0.877171191981697,0.1363995969063812,productive
0.01375,36,0.027777777777777776,0.8684414318834667,0.04742400000000002,0.6378559890210714,0.27571197804214287,0.9762879999999886,0.9999999999999898,0.952575999999989,0.2564089738233727,productive
0.01375,37,0.02702702702702703,0.8609228051738309,0.02400000000000002,0.2540136395862017,0.0,0.35221820966808937,0.35649616363166997,0.34794025570450926,0.0,dissolved
0.01375,38,0.02631578947368421,0.8534097193143909,0.02400000000000002,0.25744621884553637,0.0,0.3582529889895937,0.3626042398680099,0.3539017381111777,0.0,dissolved
0.01375,39,0.02564102564102564,0.8459125562311827,0.02400000000000002,0.2610563138789333,0.0,0.3646338924427872,0.36906264417286183,0.3602051407127132,0.0,dissolved
0.01375,40,0.025,0.8384405632911975,0.02400000000000002,0.2648551562139231,0.0,0.3713807719407483,0.3758914695756562,0.3668700743058408,0.0,dissolved
0.01375,41,0.024390243902439025,0.8310019506624012,0.02400000000000002,0.2688545645981784,0.0,0.3785146180009368,0.3831119615394105,0.37391727446246426,0.0,dissolved
0.01375,42,0.023809523809523808,0.8236039827641435,0.02400000000000002,0.2730669817693437,0.0,0.3860576250497282,0.39074658405843,0.3813686660410275,0.0,dissolved
0.01375,43,0.023255813953488372,0.8162530635729409,0.02400000000000002,0.2775055131661937,0.0,0.39403326047248266,0.3988190895470478,0.3892474313979185,0.0,dissolved
0.01375,44,0.022727272727272728,0.8089548157536728,0.02400000000000002,0.2821839677015463,0.0,0.4024663376239732,0.40735459273681496,0.39757808251113186,0.0,dissolved
0.01375,45,0.022222222222222223,0.801714153730813,0.02400000000000002,0.287116900723789,0.0,0.4113830930263199,0.4163796488120658,0.40638653724057566,0.0,dissolved
0.01375,46,0.021739130434782608,0.7945353509131267,0.02400000000000002,0.2923196593006655,0.0,0.42081126799460233,0.4259223360269262,0.4157001999622798,0.0,dissolved
0.01375,47,0.02127659574468085,0.7874221013498609,0.02400000000000002,0.2978084299662309,0.0,0.43078019494410164,0.43601234306083225,0.4255480468273722,0.0,dissolved
0.01375,48,0.020833333333333332,0.78037757613542,0.02400000000000002,0.3036002890794922,0.0,0.4413208886476847,0.4466810613842972,0.4359607159110737,0.0,dissolved
0.01375,49,0.02040816326530612,0.7734044748999146,0.02400000000000002,0.30971325595143223,0.0,0.45246614272724583,0.4579616829223142,0.44697060253217846,0.0,dissolved
0.01375,50,0.02,0.7665050727296459,0.02400000000000002,0.3161663489056924,0.0,0.4642506316794056,0.4698893033192366,0.4586119600395751,0.0,dissolved
0.01375,51,0.0196078431372549,0.759681262858714,0.02400000000000002,0.3229796444473259,0.0,0.4767110187528825,0.4825010311264002,0.4709210063793661,0.0,dissolved
0.01375,52,0.019230769230769232,0.7529345954633263,0.02400000000000002,0.33017433972370325,0.0,0.4898860700131591,0.49583610325218586,0.4839360367741334,0.0,dissolved
0.01375,53,0.018867924528301886,0.746266312876328,0.02400000000000002,0.33777281847190915,0.0,0.503816774949316,0.5099360070337207,0.49769754286491186,0.0,dissolved
0.01375,54,0.018518518518518517,0.7396773815225959,0.02400000000000002,0.3457987206577808,0.0,0.5185464739982594,0.5248446093099798,0.5122483386865402,0.0,dissolved
0.01375,55,0.01818181818181818,0.7331685208574867,0.02400000000000002,0.35427701602325623,0.0,0.5341209933830833,0.540608292897858,0.5276336938683094,0.0,dissolved
0.01375,56,0.017857142857142856,0.7267402295713808,0.02400000000000002,0.36323408177085686,0.0,0.5505887876850759,0.557276100895826,0.5439014744743265,0.0,dissolved
0.01375,57,0.017543859649122806,0.7203928093041521,0.02400000000000002,0.3726977846269735,0.0,0.5680010905929261,0.5748998892640953,0.5611022919217574,0.0,dissolved
0.01375,58,0.017241379310344827,0.7141263860945648,0.02400000000000002,0.3826975675392828,0.0,0.5864120742981358,0.5935344881560081,0.5792896604402643,0.0,dissolved
0.01375,59,0.01694915254237288,0.7079409297714696,0.02400000000000002,0.39326454127801147,0.0,0.6058790180325384,0.613237872502569,0.5985201635625083,0.0,dissolved
0.01375,60,0.016666666666666666,0.7018362714764412,0.02400000000000002,0.40443158122604334,0.0,0.6264624862722697,0.6340713423808398,0.6188536301637003,0.0,dissolved
0.01375,61,0.01639344262295082,0.6958121194912221,0.02400000000000002,0.41623342965898547,0.0,0.648226517162609,0.6560997137273379,0.6403533205978815,0.0,dissolved
0.01375,62,0.016129032258064516,0.6898680735282592,0.02400000000000002,0.42870680383340903,0.0,0.6712388217499057,0.6793915199897838,0.6630861235100286,0.0,dissolved
0.01375,63,0.015873015873015872,0.6840036376283989,0.02400000000000002,0.44189051021954556,0.0,0.6955709946404329,0.7040192253445676,0.6871227639362982,0.0,dissolved
0.01375,64,0.015625,0.6782182317969141,0.02400000000000002,0.4558255652338254,0.0,0.7212987367415579,0.7300594501432782,0.7125380233398385,0.0,dissolved
0.01375,65,0.015384615384615385,0.6725112024969713,0.02400000000000002,0.4705553228468734,0.0,0.7485020907782084,0.7575932092896851,0.7394109722667322,0.0,dissolved
0.01375,66,0.015151515151515152,0.6668818321087359,0.02400000000000002,0.48612560946398736,0.0,0.777265690317361,0.7867061642888282,0.7678252163458951,0.0,dissolved
0.01375,67,0.014925373134328358,0.6613293474521653,0.02400000000000002,0.5025848664977021,0.0051697329954041304,0.8076790230753021,0.8174888897523308,0.7978691563982742,0.0027234565607717996,dissolved
0.01375,68,0.014705882352941176,0.655852927462479,0.02400000000000002,0.5199843010760317,0.039968602152063326,0.8398367093268506,0.8500371551891209,0.8296362634645814,0.02367224513394238,dissolved
0.01375,69,0.014492753623188406,0.6504517100988787,0.02400000000000002,0.5383780453552431,0.07675609071048628,0.8738387962827112,0.8844522229582099,0.8632253696072129,0.05120858117913124,dissolved
0.01375,70,0.014285714285714285,0.6451247985594666,0.02400000000000002,0.5578233249328252,0.11564664986565032,0.9097910693508096,0.9208411633105361,0.8987409753910833,0.08707510224158507,dissolved
0.01375,71,0.014084507042253521,0.6398712668685116,0.02400000000000002,0.5783806368845891,0.15676127376917814,0.9478053812499887,0.9593171874999888,0.936293574999989,0.13345419272048162,dissolved
0.01375,72,0.013888888888888888,0.6346901648958398,0.02400000000000002,0.6001139379798212,0.2002278759596423,0.9879999999999882,0.9999999999999886,0.9759999999999885,0.19307733805336477,productive
0.015,1,1.0,1.0,0.8260650438651997,0.9540992273970021,0.9081984547940043,0.5869674780673986,0.9999999999999921,0.17393495613479873,0.09272176067158464,crystallized
0.015,2,0.5,1.0,0.582944900361115,0.9153973633916244,0.8307947267832487,0.708527549819437,0.9999999999999929,0.4170550996388829,0.24549571095905298,crystallized
0.015,3,0.3333333333333333,0.9999999999997904,0.44179255567076836,0.882440167781661,0.764880335563322,0.7791037221646109,0.9999999999999937,0.5582074443292282,0.33264760343420097,productive
0.015,4,0.25,0.9999999989897916,0.3542019668356948,0.8541243965809568,0.7082487931619137,0.8228990165821481,0.9999999999999956,0.6457980331643005,0.3763822243081029,productive
0.015,5,0.2,0.9999998946877083,0.2882992109304511,0.7617201419718035,0.523440283943607,0.7822212491716618,0.9139696074999941,0.6504728908433303,0.243420812766941,productive
0.015,6,0.16666666666666666,0.9999980095545283,0.25286718427763344,0.808207220729051,0.6164144414581021,0.8735664078611771,0.9999999999999936,0.7471328157223605,0.40231529365623114,productive
0.015,7,0.14285714285714285,0.9999848702710878,0.21567117403507274,0.7255393566100881,0.4510787132201761,0.8154111583590439,0.9139696074999938,0.7168527092180946,0.24098536470904228,productive
0.015,8,0.125,0.9999332302396285,0.1963843996260991,0.7728244682627922,0.5456489365255843,0.9018078001869441,0.9999999999999941,0.8036156003738955,0.3954355038628948,productive
0.015,9,0.1111111111111111,0.9997924998649104,0.17662336027264247,0.7580821272618151,0.5161642545236302,0.9116883198636728,0.9999999999999937,0.8233766397273515,0.3874653382599636,productive
0.015,10,0.1,0.9994924712139436,0.15637639372196976,0.685303647246296,0.370607294492592,0.8425079719038272,0.913969607499994,0.7710463363076596,0.22003927947040364,productive
0.015,11,0.09090909090909091,0.9989535302746325,0.1356315509446412,0.5762798801874702,0.15255976037494046,0.7181377335536554,0.7703817707465757,0.665893696360736,0.056202889750809386,dissolved
0.015,12,0.08333333333333333,0.9980979426127404,0.1356315509446412,0.7224806648358556,0.4449613296717112,0.9321842245276742,0.9999999999999932,0.8643684490553523,0.3585278727715633,productive
0.015,13,0.07692307692307693,0.9968585630378793,0.11437658908262405,0.5404726359639828,0.08094527192796552,0.6973291894681208,0.7396272080954518,0.6550311708407881,0.02734665282013437,dissolved
0.015,14,0.07142857142857142,0.9951838190310288,0.11437658908262405,0.6482459192011704,0.2964918384023407,0.8617012443844779,0.9139696074999932,0.8094328812689597,0.1890088152628934,productive
0.015,15,0.06666666666666667,0.9930393801316743,0.09259896422400005,0.4439937017342431,0.0,0.5827710198650569,0.6110629164337891,0.5544791232963231,0.0,dissolved
0.015,16,0.0625,0.9904074979477991,0.09259896422400005,0.5044057628923,0.008811525784599983,0.6777856500384651,0.710690240097011,0.6448810599799202,0.0027371806395334332,dissolved
0.015,17,0.058823529411764705,0.9872849986099358,0.09259896422400005,0.5803297940107341,0.1606595880214683,0.7990174653122533,0.837807519578267,0.7602274110462395,0.08176184820443565,productive
0.015,18,0.05555555555555555,0.9836806832556286,0.09259896422400005,0.6761316665783869,0.3522633331567737,0.9537005178879935,0.9999999999999953,0.907401035775993,0.30484475646306697,productive
0.015,19,0.05263157894736842,0.9796126349734647,0.07028582400000005,0.3902383385376627,0.0,0.5314001563164724,0.5507553014073645,0.5120450112255793,0.0,dissolved
0.015,20,0.05,0.9751057193808106,0.07028582400000005,0.4255641792166712,0.0,0.5895883861350925,0.6110629164337903,0.5681138558363953,0.0,dissolved
0.015,21,0.047619047619047616,0.9701894171762189,0.07028582400000005,0.4674999271101418,0.0,0.6594445511373968,0.6834634469072755,0.6354256553675168,0.0,dissolved
0.015,22,0.045454545454545456,0.9648960326755942,0.07028582400000005,0.517400358257663,0.0348007165153259,0.7433083119708226,0.7703817707465739,0.7162348531950709,0.01427311034875126,dissolved
0.015,23,0.043478260869565216,0.9592592681774077,0.07028582400000005,0.5768923590012794,0.15378471800255888,0.8439884792959819,0.8747290036967454,0.8132479548952185,0.09233071647779702,dissolved
0.015,24,0.041666666666666664,0.953313126638417,0.07028582400000005,0.6479295402639099,0.29585908052781984,0.9648570879999933,0.9999999999999944,0.9297141759999921,0.2653978179199023,productive
0.015,25,0.04,0.9470910943469678,0.04742400000000002,0.31118866647871934,0.0,0.4357602631475529,0.44634397139732707,0.42517655489777867,0.0,dissolved
0.015,26,0.038461538461538464,0.9406255539904451,0.04742400000000002,0.32564998564817826,0.0,0.46059726823024033,0.4717842155493471,0.44941032091113337,0.0,dissolved
0.015,27,0.037037037037037035,0.9339473821720392,0.04742400000000002,0.34185139669606746,0.0,0.4886523984675314,0.5005207464063184,0.4767840505287439,0.0,dissolved
0.015,28,0.03571428571428571,0.9270856912663876,0.04742400000000002,0.360026097622356,0.0,0.5203426256109001,0.5329806630941896,0.5077045881276095,0.0,dissolved
0.015,29,0.034482758620689655,0.9200676819218311,0.04742400000000002,0.3804371719680501,0.0,0.5561389483477448,0.5696464038764639,0.542631492819025,0.0,dissolved
0.015,30,0.03333333333333333,0.9129185786715375,0.04742400000000002,0.4033814727846109,0.0,0.5965733925593105,0.6110629164337897,0.5820838686848315,0.0,dissolved
0.015,31,0.03225806451612903,0.9056616266084568,0.04742400000000002,0.429194010477586,0.0,0.6422469186004468,0.6578457571950578,0.6266480800058372,0.0,dissolved
0.015,32,0.03125,0.8983181317703235,0.04742400000000002,0.45825290964946136,0.0,0.6938383531238291,0.710690240097011,0.6769864661506486,0.0,dissolved
0.015,33,0.030303030303030304,0.8909075317708781,0.04742400000000002,0.4909850085305374,0.0,0.7521144781986304,0.7703817707465743,0.7338471856506873,0.0,dissolved
0.015,34,0.029411764705882353,0.8834474863712909,0.04742400000000002,0.5278721841438131,0.05574436828762619,0.8179414276740266,0.8378075195782665,0.7980753357697864,0.030486765253834387,dissolved
0.015,35,0.02857142857142857,0.8759539802081466,0.04742400000000002,0.5694584971425763,0.1389169942851527,0.8922975601669542,0.9139696074999963,0.870625512833914,0.09863435917743386,dissolved
0.015,36,0.027777777777777776,0.8684414318834667,0.04742400000000002,0.6163582624479493,0.23271652489589867,0.9762879999999937,0.9999999999999951,0.9525759999999934,0.21642369607597872,productive
0.015,37,0.02702702702702703,0.8609228051738309,0.02400000000000002,0.2324269153061972,0.0,0.3348697936690674,0.33893703812658654,0.33080254921154806,0.0,dissolved
0.015,38,0.02631578947368421,0.8534097193143909,0.02400000000000002,0.23550570005688487,0.0,0.34038908881822455,0.3445233692492158,0.3362548083872337,0.0,dissolved
0.015,39,0.02564102564102564,0.8459125562311827,0.02400000000000002,0.23876204631479875,0.0,0.34625506304413295,0.350460590125641,0.342049535962625,0.0,dissolved
0.015,40,0.025,0.8384405632911975,0.02400000000000002,0.24220804229204823,0.0,0.35248949202267305,0.3567707409136366,0.34820824313170917,0.0,dissolved
0.015,41,0.024390243902439025,0.8310019506624012,0.02400000000000002,0.2458564802186369,0.0,0.3591155192078576,0.36347724616179966,0.3547537922539158,0.0,dissolved
0.015,42,0.023809523809523808,0.8236039827641435,0.02400000000000002,0.24972090382978893,0.0,0.3661577417449863,0.3706050017661807,0.36171048172379183,0.0,dissolved
0.015,43,0.023255813953488372,0.8162530635729409,0.02400000000000002,0.2538156586430242,0.0,0.373642301780196,0.3781804673888623,0.3691041361715294,0.0,dissolved
0.015,44,0.022727272727272728,0.8089548157536728,0.02400000000000002,0.2581559452115994,0.0,0.38159698350536303,0.3862317646815412,0.37696220232918426,0.0,dissolved
0.015,45,0.022222222222222223,0.801714153730813,0.02400000000000002,0.26275787555201985,0.0,0.39005131629861095,0.3947887816787564,0.38531385091846554,0.0,dissolved
0.015,46,0.021739130434782608,0.7945353509131267,0.02400000000000002,0.2676385329550831,0.0,0.3990366843433001,0.4038832837482796,0.39419008493832036,0.0,dissolved
0.015,47,0.02127659574468085,0.7874221013498609,0.02400000000000002,0.2728160354024923,0.0,0.40858644313242654,0.4135490315105534,0.4036238547542996,0.0,dissolved
0.015,48,0.020833333333333332,0.78037757613542,0.02400000000000002,0.27830960282444545,0.0,0.41873604329092,0.423821906164899,0.413650180416941,0.0,dissolved
0.015,49,0.02040816326530612,0.7734044748999146,0.02400000000000002,0.284139628447882,0.0,0.42952316217549164,0.43474004268774463,0.4243062816632384,0.0,dissolved
0.015,50,0.02,0.7665050727296459,0.02400000000000002,0.29032775450024134,0.0,0.4409878437405587,0.4463439713973273,0.4356317160837905,0.0,dissolved
0.015,51,0.0196078431372549,0.759681262858714,0.02400000000000002,0.2968969525497623,0.0,0.45317264718945555,0.45867676841038046,0.4476685259685307,0.0,dissolved
0.015,52,0.019230769230769232,0.7529345954633263,0.02400000000000002,0.30387160878056707,0.0,0.46612280496275443,0.471784215549347,0.46046139437616196,0.0,dissolved
0.015,53,0.018867924528301886,0.746266312876328,0.02400000000000002,0.31127761451907654,0.0,0.47988639065018013,0.4857149702937052,0.4740578110066554,0.0,dissolved
0.015,54,0.018518518518518517,0.7396773815225959,0.02400000000000002,0.31914246234782084,0.0,0.4945144974494422,0.5005207464063184,0.4885082484925661,0.0,dissolved
0.015,55,0.01818181818181818,0.7331685208574867,0.02400000000000002,0.3274953481634374,0.0,0.5100614278344588,0.5162565059053232,0.5038663497635947,0.0,dissolved
0.015,56,0.017857142857142856,0.7267402295713808,0.02400000000000002,0.336367279557705,0.0,0.5265848951370594,0.5329806630941905,0.5201891271799288,0.0,dissolved
0.015,57,0.017543859649122806,0.7203928093041521,0.02400000000000002,0.3457911909239631,0.0,0.5441462377904768,0.5507553014073655,0.537537174173588,0.0,dissolved
0.015,58,0.017241379310344827,0.7141263860945648,0.02400000000000002,0.3558020657162019,0.0,0.5628106470299467,0.5696464038764644,0.5559748901834287,0.0,dissolved
0.015,59,0.01694915254237288,0.7079409297714696,0.02400000000000002,0.3664370663146783,0.0,0.5826474088956817,0.5897240980725527,0.5755707197188107,0.0,dissolved
0.015,60,0.016666666666666666,0.7018362714764412,0.02400000000000002,0.37773567198014213,0.0,0.6037301614365836,0.6110629164337902,0.5963974064393778,0.0,dissolved
0.015,61,0.01639344262295082,0.6958121194912221,0.02400000000000002,0.38973982540879315,0.0,0.6261371680694905,0.6337420729448291,0.6185322631941523,0.0,dissolved
0.015,62,0.016129032258064516,0.6898680735282592,0.02400000000000002,0.4024940884320037,0.0,0.6499516081087156,0.6578457571950573,0.6420574590223747,0.0,dissolved
0.015,63,0.015873015873015872,0.6840036376283989,0.02400000000000002,0.4160458074387933,0.0,0.675261885544389,0.6834634469072769,0.6670603241815017,0.0,dissolved
0.015,64,0.015625,0.6782182317969141,0.02400000000000002,0.43044528913515123,0.0,0.7021619572158455,0.7106902400970101,0.6936336743346816,0.0,dissolved
0.015,65,0.015384615384615385,0.6725112024969713,0.02400000000000002,0.4457459872926411,0.0,0.7307516815983058,0.7396272080954518,0.7218761551011607,0.0,dissolved
0.015,66,0.015151515151515152,0.6668818321087359,0.02400000000000002,0.46200470117954834,0.0,0.7611371894976148,0.770381770746574,0.751892608248656,0.0,dissolved
0.015,67,0.014925373134328358,0.6613293474521653,0.02400000000000002,0.47928178641119157,0.0,0.7934312780291367,0.8030680951711919,0.7837944608870825,0.0,dissolved
0.015,68,0.014705882352941176,0.655852927462479,0.02400000000000002,0.49764137900209593,0.0,0.8277538293433273,0.8378075195782677,0.8177001391083881,0.0,dissolved
0.015,69,0.014492753623188406,0.6504517100988787,0.02400000000000002,0.5171516334517804,0.03430326690356078,0.8642322556523834,0.8747290036967451,0.8537355076080226,0.022139245959598874,dissolved
0.015,70,0.014285714285714285,0.6451247985594666,0.02400000000000002,0.5378849757479641,0.07576995149592824,0.9030019722099941,0.9139696074999948,0.8920343369199945,0.05578263616844779,dissolved
0.015,71,0.014084507042253521,0.6398712668685116,0.02400000000000002,0.5599183722263951,0.11983674445279013,0.9442068999999939,0.9556749999999946,0.9327387999999941,0.10086196855436734,dissolved
0.015,72,0.013888888888888888,0.6346901648958398,0.02400000000000002,0.5833336152853663,0.16666723057073263,0.9879999999999936,0.9999999999999944,0.9759999999999939,0.16071521043258769,productive
0.01625,1,1.0,1.0,0.8260650438651997,0.9466076179979224,0.8932152359958447,0.5869674780674013,1.0000000000000069,0.1739349561348016,0.09119206149608332,crystallized
0.01625,2,0.5,1.0,0.582944900361115,0.9025694975097899,0.8051389950195798,0.708527549819447,1.0000000000000064,0.4170550996388877,0.23791456978609976,crystallized
0.01625,3,0.3333333333333333,0.9999999999997904,0.44179255567076836,0.865801515095105,0.7316030301902099,0.7791037221646205,1.0000000000000069,0.5582074443292356,0.3181752534907922,productive
0.01625,4,0.25,0.9999999989897916,0.3542019668356948,0.8347693326774814,0.6695386653549629,0.822899016582157,1.0000000000000073,0.6457980331643092,0.35581063400270124,productive
0.01625,5,0.2,0.9999998946877083,0.2882992109304511,0.7370325595001084,0.47406511900021675,0.7763855218873327,0.9071509773730521,0.645620066401614,0.21556190986180518,productive
0.01625,6,0.16666666666666666,0.9999980095545283,0.25286718427763344,0.7855896021218222,0.5711792042436443,0.8735664078611869,1.0000000000000049,0.7471328157223707,0.37279160550173723,productive
0.01625,7,0.14285714285714285,0.9999848702710878,0.21567117403507274,0.6990310888725434,0.3980621777450868,0.8093278192144959,0.9071509773730522,0.7115046610559421,0.20793744613088067,productive
0.01625,8,0.125,0.9999332302396285,0.1963843996260991,0.7487050086386078,0.49741001727721557,0.9018078001869545,1.0000000000000069,0.8036156003739053,0.36047643025004156,productive
0.01625,9,0.1111111111111111,0.9997924998649104,0.17662336027264247,0.7336097629991676,0.46721952599833516,0.9116883198636834,1.0000000000000067,0.8233766397273637,0.3507243481044351,productive
0.01625,10,0.1,0.9994924712139436,0.15637639372196976,0.6579843167221553,0.3159686334443106,0.8362224781715722,0.9071509773730544,0.765293978970095,0.18343139911761216,productive
0.01625,11,0.09090909090909091,0.9989535302746325,0.1356315509446412,0.5460877422524434,0.09217548450488677,0.7033457507254701,0.7545136811147417,0.6521778203361998,0.0319019654988944,dissolved
0.01625,12,0.08333333333333333,0.9980979426127404,0.1356315509446412,0.6978518850858515,0.395703770171703,0.9321842245276848,1.000000000000007,0.8643684490553648,0.3188385630545132,productive
0.01625,13,0.07692307692307693,0.9968585630378793,0.11437658908262405,0.5102648370310892,0.020529674062178316,0.6809487565740664,0.7222531844179629,0.6396443287301717,0.006458393532310238,dissolved
0.01625,14,0.07142857142857142,0.9951838190310288,0.11437658908262405,0.6213927009668712,0.24278540193374232,0.8552725600856041,0.9071509773730515,0.8033941427981557,0.15133359282420306,productive
0.01625,15,0.06666666666666667,0.9930393801316743,0.09259896422400005,0.41405220146010163,0.0,0.5620908088478389,0.5893787392425949,0.5348028784530834,0.0,dissolved
0.01625,16,0.0625,0.9904074979477991,0.09259896422400005,0.47466576263086147,0.0,0.6600137315372261,0.6920555448568346,0.6279719182176172,0.0,dissolved
0.01625,17,0.058823529411764705,0.9872849986099358,0.09259896422400005,0.5525072974016679,0.10501459480333586,0.7875625904906105,0.8257965427498073,0.7493286382314145,0.051177625405125174,dissolved
0.01625,18,0.05555555555555555,0.9836806832556286,0.09259896422400005,0.6528784434778052,0.30575688695561043,0.9537005178880067,1.0000000000000084,0.907401035776007,0.2645985970370932,productive
0.01625,19,0.05263157894736842,0.9796126349734647,0.07028582400000005,0.3618556120395819,0.0,0.5097817777030593,0.5283495183310086,0.4912140370751105,0.0,dissolved
0.01625,20,0.05,0.9751057193808106,0.07028582400000005,0.3967555086415043,0.0,0.568666254074721,0.5893787392425962,0.547953768906848,0.0,dissolved
0.01625,21,0.047619047619047616,0.9701894171762189,0.07028582400000005,0.4388713304162953,0.0,0.6404613822710995,0.6637888556103959,0.617133908931803,0.0,dissolved
0.01625,22,0.045454545454545456,0.9648960326755942,0.07028582400000005,0.4898146557003115,0.0,0.7279978732165309,0.7545136811147423,0.7014820653183198,0.0,dissolved
0.01625,23,0.043478260869565216,0.9592592681774077,0.07028582400000005,0.5515506561859513,0.10310131237190268,0.8347270822804138,0.8651302795636543,0.8043238849971732,0.05988543048296036,dissolved
0.01625,24,0.041666666666666664,0.953313126638417,0.07028582400000005,0.6264756951959944,0.2529513903919889,0.964857088000006,1.000000000000006,0.9297141760000063,0.2269078472429355,productive
0.01625,25,0.04,0.9470910943469678,0.04742400000000002,0.2864783855628565,0.0,0.41518462628757097,0.42526859521736515,0.40510065735777717,0.0,dissolved
0.01625,26,0.038461538461538464,0.9406255539904451,0.04742400000000002,0.3002667915651182,0.0,0.43936117118664836,0.45003233798494713,0.42869000438835,0.0,dissolved
0.01625,27,0.037037037037037035,0.9339473821720392,0.04742400000000002,0.3158866207526263,0.0,0.466953626038944,0.47829495603647976,0.45561229604140774,0.0,dissolved
0.01625,28,0.03571428571428571,0.9270856912663876,0.04742400000000002,0.33360398664397156,0.0,0.49844462559881253,0.5105508063182304,0.4863384448793955,0.0,dissolved
0.01625,29,0.034482758620689655,0.9200676819218311,0.04742400000000002,0.353722244581248,0.0,0.5343849962033196,0.5473640935905385,0.5214058988161014,0.0,dissolved
0.01625,30,0.03333333333333333,0.9129185786715375,0.04742400000000002,0.376587269278649,0.0,0.5754033905776743,0.5893787392425945,0.5614280419127545,0.0,dissolved
0.01625,31,0.03225806451612903,0.9056616266084568,0.04742400000000002,0.40259347838983217,0.0,0.622217283944681,0.6373296444744604,0.6071049234149033,0.0,dissolved
0.01625,32,0.03125,0.8983181317703235,0.04742400000000002,0.43219070734060955,0.0,0.6756455237771902,0.6920555448568363,0.6592355026975456,0.0,dissolved
0.01625,33,0.030303030303030304,0.8909075317708781,0.04742400000000002,0.46589205557300234,0.0,0.7366226527081493,0.7545136811147422,0.7187316243015571,0.0,dissolved
0.01625,34,0.029411764705882353,0.8834474863712909,0.04742400000000002,0.5042828413471611,0.008565682694322119,0.8062152551281224,0.8257965427498064,0.7866339675064395,0.004485994636669381,dissolved
0.01625,35,0.02857142857142857,0.8759539802081466,0.04742400000000002,0.5480308216467109,0.09606164329342182,0.8856406133975826,0.9071509773730526,0.864130249422113,0.06669085983026421,dissolved
0.01625,36,0.027777777777777776,0.8684414318834667,0.04742400000000002,0.5978978558699177,0.19579571173983545,0.9762880000000058,1.0000000000000062,0.9525760000000058,0.18208776376975896,productive
0.01625,37,0.02702702702702703,0.8609228051738309,0.02400000000000002,0.21440103174352296,0.0,0.3203476774261205,0.3242385399049816,0.3164568149472608,0.0,dissolved
0.01625,38,0.02631578947368421,0.8534097193143909,0.02400000000000002,0.21715053847290955,0.0,0.32535819420694045,0.32930991316491987,0.32140647524896143,0.0,dissolved
0.01625,39,0.02564102564102564,0.8459125562311827,0.02400000000000002,0.22007512661032766,0.0,0.3307109887434014,0.3347277214002041,0.32669425608659886,0.0,dissolved
0.01625,40,0.025,0.8384405632911975,0.02400000000000002,0.22318757109876777,0.0,0.3364294426680034,0.34051563023077347,0.33234325510523416,0.0,dissolved
0.01625,41,0.024390243902439025,0.8310019506624012,0.02400000000000002,0.22650146745972852,0.0,0.3425385348562154,0.3466989219192468,0.3383781477931844,0.0,dissolved
0.01625,42,0.023809523809523808,0.8236039827641435,0.02400000000000002,0.23003129118004897,0.0,0.3490649505371235,0.35330460580680584,0.3448252952674418,0.0,dissolved
0.01625,43,0.023255813953488372,0.8162530635729409,0.02400000000000002,0.23379246094252215,0.0,0.35603719785763244,0.36036153629315043,0.35171285942211455,0.0,dissolved
0.01625,44,0.022727272727272728,0.8089548157536728,0.02400000000000002,0.23780140597650962,0.0,0.3634857324093849,0.36790053887589635,0.35907092594287415,0.0,dissolved
0.01625,45,0.022222222222222223,0.801714153730813,0.02400000000000002,0.242075637822732,0.0,0.3714430902623479,0.37595454479994794,0.36693163572474846,0.0,dissolved
0.01625,46,0.021739130434782608,0.7945353509131267,0.02400000000000002,0.24663382682573,0.0,0.3799440300861705,0.3845587349050314,0.3753293252673102,0.0,dissolved
0.01625,47,0.02127659574468085,0.7874221013498609,0.02400000000000002,0.25149588368811077,0.0,0.38902568498011764,0.3937506932997144,0.38430067666052103,0.0,dissolved
0.01625,48,0.020833333333333332,0.78037757613542,0.02400000000000002,0.2566830464428282,0.0,0.39872772467479134,0.4035705715331899,0.3938848778163931,0.0,dissolved
0.01625,49,0.02040816326530612,0.7734044748999146,0.02400000000000002,0.2622179732233892,0.0,0.4090925288141511,0.4140612639819348,0.4041237936463679,0.0,dissolved
0.01625,50,0.02,0.7665050727296459,0.02400000000000002,0.2681248412372363,0.0,0.42016537207475624,0.42526859521736515,0.4150621489321478,0.0,dissolved
0.01625,51,0.0196078431372549,0.759681262858714,0.02400000000000002,0.2744294523746131,0.0,0.4319946219308467,0.4372415201729226,0.4267477236887716,0.0,dissolved
0.01625,52,0.019230769230769232,0.7529345954633263,0.02400000000000002,0.2811593459142401,0.0,0.44463194992912725,0.45003233798494735,0.43923156187330786,0.0,dissolved
0.01625,53,0.018867924528301886,0.746266312876328,0.02400000000000002,0.2883439188181031,0.0,0.4581325573961257,0.46369692044142286,0.45256819435082857,0.0,dissolved
0.01625,54,0.018518518518518517,0.7396773815225959,0.02400000000000002,0.29601455414082484,0.0,0.47255541656404243,0.4782949560364811,0.46681587709160466,0.0,dissolved
0.01625,55,0.01818181818181818,0.7331685208574867,0.02400000000000002,0.3042047581145102,0.0,0.4879635281683578,0.49389021069671923,0.48203684563999716,0.0,dissolved
0.01625,56,0.017857142857142856,0.7267402295713808,0.02400000000000002,0.31295030650789474,0.0,0.5044241966424108,0.5105508063182305,0.49829758696659204,0.0,dissolved
0.01625,57,0.017543859649122806,0.7203928093041521,0.02400000000000002,0.32228940089907954,0.0,0.5220093241110358,0.5283495183310085,0.5156691298910637,0.0,dissolved
0.01625,58,0.017241379310344827,0.7141263860945648,0.02400000000000002,0.3322628355444962,0.0,0.5407957244674514,0.5473640935905384,0.534227355344365,0.0,dissolved
0.01625,59,0.01694915254237288,0.7079409297714696,0.02400000000000002,0.3429141755729864,0.0,0.5608654589053289,0.5676775899851516,0.5540533278255073,0.0,dissolved
0.01625,60,0.016666666666666666,0.7018362714764412,0.02400000000000002,0.3542899472833811,0.0,0.5823061943716832,0.5893787392425949,0.5752336495007724,0.0,dissolved
0.01625,61,0.01639344262295082,0.6958121194912221,0.02400000000000002,0.36643984137681407,0.0,0.6052115865063484,0.6125623345205966,0.5978608384921017,0.0,dissolved
0.01625,62,0.016129032258064516,0.6898680735282592,0.02400000000000002,0.37941693001151516,0.0,0.6296816887407658,0.6373296444744604,0.6220337330070728,0.0,dissolved
0.01625,63,0.015873015873015872,0.6840036376283989,0.02400000000000002,0.3932778986282044,0.0,0.6558233893430717,0.663788855610397,0.6478579230757475,0.0,dissolved
0.01625,64,0.015625,0.6782182317969141,0.02400000000000002,0.4080832935587259,0.0,0.6837508783185534,0.6920555448568365,0.6754462117802719,0.0,dissolved
0.01625,65,0.015384615384615385,0.6725112024969713,0.02400000000000002,0.4238977864995046,0.0,0.7135861462049458,0.7222531844179625,0.7049191079919306,0.0,dissolved
0.01625,66,0.015151515151515152,0.6668818321087359,0.02400000000000002,0.4407904570050806,0.0,0.7454595169413649,0.7545136811147434,0.7364053527679885,0.0,dissolved
0.01625,67,0.014925373134328358,0.6613293474521653,0.02400000000000002,0.45883509423568064,0.0,0.7795102171385159,0.7889779525693493,0.770042481707684,0.0,dissolved
0.01625,68,0.014705882352941176,0.655852927462479,0.02400000000000002,0.47811051927689985,0.0,0.8158869842368077,0.8257965427498074,0.8059774257238103,0.0,dissolved
0.01625,69,0.014492753623188406,0.6504517100988787,0.02400000000000002,0.4987009294394207,0.0,0.85474871620889,0.8651302795636563,0.8443671528541264,0.0,dissolved
0.01625,70,0.014285714285714285,0.6451247985594666,0.02400000000000002,0.5206962660427107,0.041392532085421374,0.8962651656445756,0.9071509773730543,0.8853793539160991,0.02979665241335178,dissolved
0.01625,71,0.014084507042253521,0.6398712668685116,0.02400000000000002,0.5441926072892271,0.08838521457845427,0.9406176812500053,0.9520421875000077,0.9291931750000054,0.07354530671748417,dissolved
0.01625,72,0.013888888888888888,0.6346901648958398,0.02400000000000002,0.569292587945238,0.13858517589047592,0.9880000000000057,1.000000000000008,0.9760000000000058,0.13363602208907785,dissolved
0.0175,1,1.0,1.0,0.8260650438651997,0.9386635522638093,0.8773271045276185,0.5869674780674005,1.0000000000000047,0.17393495613480123,0.08956997601934662,crystallized
0.0175,2,0.5,1.0,0.582944900361115,0.8892315910239992,0.7784631820479984,0.7085275498194484,1.0000000000000067,0.41705509963888715,0.23003199968815816,crystallized
0.0175,3,0.3333333333333333,0.9999999999997904,0.44179255567076836,0.8488015471165935,0.697603094233187,0.7791037221646239,1.0000000000000069,0.5582074443292365,0.30338863042420566,productive
0.0175,4,0.25,0.9999999989897916,0.3542019668356948,0.8153015865832751,0.6306031731665502,0.8228990165821582,1.0000000000000067,0.645798033164309,0.33511927907785677,productive
0.0175,5,0.2,0.9999998946877083,0.2882992109304511,0.7127923536650211,0.4255847073300423,0.7705948578843766,0.9003850004687532,0.6408047152999984,0.18921957856366806,productive
0.0175,6,0.16666666666666666,0.9999980095545283,0.25286718427763344,0.763442945159508,0.5268858903190159,0.8735664078611871,1.0000000000000075,0.74713281572237,0.34388268254327675,productive
0.0175,7,0.14285714285714285,0.9999848702710878,0.21567117403507274,0.673501656742325,0.34700331348464997,0.8032914554014223,0.9003850004687559,0.7061979103340899,0.17723988061756776,productive
0.0175,8,0.125,0.9999332302396285,0.1963843996260991,0.7256032785108647,0.4512065570217294,0.9018078001869545,1.0000000000000047,0.8036156003739056,0.3269924676445692,productive
0.0175,9,0.1111111111111111,0.9997924998649104,0.17662336027264247,0.7103938694189588,0.42078773883791754,0.9116883198636838,1.000000000000007,0.8233766397273622,0.3158697297141508,productive
0.0175,10,0.1,0.9994924712139436,0.15637639372196976,0.632287604085047,0.26457520817009406,0.8299855208014262,0.9003850004687552,0.7595860411340973,0.15018442261262738,productive
0.0175,11,0.09090909090909091,0.9989535302746325,0.1356315509446412,0.5180223040668972,0.0360446081337944,0.6889682907190264,0.7390902705611802,0.6388463108768723,0.011725555296311871,dissolved
0.0175,12,0.08333333333333333,0.9980979426127404,0.1356315509446412,0.6750474928950151,0.3500949857900302,0.9321842245276848,1.0000000000000047,0.8643684490553635,0.28208925619649117,productive
0.0175,13,0.07692307692307693,0.9968585630378793,0.11437658908262405,0.4824740031255715,0.0,0.6651094282672727,0.7054530872033351,0.6247657693312109,0.0,dissolved
0.0175,14,0.07142857142857142,0.9951838190310288,0.11437658908262405,0.5967164451656821,0.19343289033136424,0.8488935178613685,0.9003850004687564,0.7974020352539822,0.11789330147510439,productive
0.0175,15,0.06666666666666667,0.9930393801316743,0.09259896422400005,0.3869778615521364,0.0,0.5426038313207352,0.5689457236768094,0.5162619389646622,0.0,dissolved
0.0175,16,0.0625,0.9904074979477991,0.09259896422400005,0.4476120822808353,0.0,0.6429174636120389,0.6741293011309257,0.6117056260931529,0.0,dissolved
0.0175,17,0.058823529411764705,0.9872849986099358,0.09259896422400005,0.5271958104207161,0.05439162084143212,0.7763130466195349,0.8140008651129871,0.7386252281260838,0.025387380329571607,dissolved
0.0175,18,0.05555555555555555,0.9836806832556286,0.09259896422400005,0.6320693790851929,0.2641387581703858,0.9537005178880054,1.0000000000000069,0.9074010357760055,0.22858273293824616,productive
0.0175,19,0.05263157894736842,0.9796126349734647,0.07028582400000005,0.3365865372133177,0.0,0.4897241495126787,0.5075613327646291,0.4718869662607288,0.0,dissolved
0.0175,20,0.05,0.9751057193808106,0.07028582400000005,0.37096514116573526,0.0,0.548951314176858,0.5689457236768091,0.5289569046769078,0.0,dissolved
0.0175,21,0.047619047619047616,0.9701894171762189,0.07028582400000005,0.4131423013988006,0.0,0.6222940426539038,0.6449598084456475,0.5996282768621616,0.0,dissolved
0.0175,22,0.045454545454545456,0.9648960326755942,0.07028582400000005,0.4650055051275868,0.0,0.7131164862227914,0.7390902705611819,0.6871427018844034,0.0,dissolved
0.0175,23,0.043478260869565216,0.9592592681774077,0.07028582400000005,0.5288921268704498,0.05778425374089968,0.8255845717045781,0.8556547720615164,0.7955143713476398,0.03247264643230609,dissolved
0.0175,24,0.041666666666666664,0.953313126638417,0.07028582400000005,0.6076967428614279,0.21539348572285588,0.9648570880000052,1.0000000000000053,0.9297141760000045,0.19321685514274564,productive
0.0175,25,0.04,0.9470910943469678,0.04742400000000002,0.2650328288850991,0.0,0.396772690797608,0.40640947220247375,0.3871359093927431,0.0,dissolved
0.0175,26,0.038461538461538464,0.9406255539904451,0.04742400000000002,0.27813830190769695,0.0,0.4201608058852285,0.43036563584232324,0.4099559759281356,0.0,dissolved
0.0175,27,0.037037037037037035,0.9339473821720392,0.04742400000000002,0.29315058071853506,0.0,0.4471311177821405,0.4579910003832276,0.43627123518105354,0.0,dissolved
0.0175,28,0.03571428571428571,0.9270856912663876,0.04742400000000002,0.31036855307498695,0.0,0.47823228694825787,0.489847552103742,0.466617021792774,0.0,dissolved
0.0175,29,0.034482758620689655,0.9200676819218311,0.04742400000000002,0.3301365125316503,0.0,0.5140970083944416,0.5265833528573965,0.5016106639314872,0.0,dissolved
0.0175,30,0.03333333333333333,0.9129185786715375,0.04742400000000002,0.35285113210453506,0.0,0.5554548826769841,0.5689457236768092,0.5419640416771596,0.0,dissolved
0.0175,31,0.03225806451612903,0.9056616266084568,0.04742400000000002,0.37896950606103863,0.0,0.6031472582538365,0.6177964476197972,0.588498068887876,0.0,dissolved
0.0175,32,0.03125,0.8983181317703235,0.04742400000000002,0.4090184232897756,0.0,0.6581443471425092,0.6741293011309264,0.6421593931540929,0.0,dissolved
0.0175,33,0.030303030303030304,0.8909075317708781,0.04742400000000002,0.443605060770785,0.0,0.7215649620656334,0.7390902705611802,0.7040396535700869,0.0,dissolved
0.0175,34,0.029411764705882353,0.8834474863712909,0.04742400000000002,0.48342931456760396,0.0,0.7946992765994271,0.814000865112986,0.7753976880858682,0.0,dissolved
0.0175,35,0.02857142857142857,0.8759539802081466,0.04742400000000002,0.5292980190860391,0.05859603817207826,0.8790350713376404,0.9003850004687555,0.8576851422065249,0.039776868925172765,dissolved
0.0175,36,0.027777777777777776,0.8684414318834667,0.04742400000000002,0.5821413437682378,0.16428268753647557,0.9762880000000058,1.0000000000000069,0.9525760000000055,0.1527810130967072,productive
0.0175,37,0.02702702702702703,0.8609228051738309,0.02400000000000002,0.1993601453887158,0.0,0.3081970013198112,0.3119402847366515,0.3044537179029712,0.0,dissolved
0.0175,38,0.02631578947368421,0.8534097193143909,0.02400000000000002,0.20180640495389465,0.0,0.31271666495187644,0.31651484306870126,0.30891848683505196,0.0,dissolved
0.0175,39,0.02564102564102564,0.8459125562311827,0.02400000000000002,0.20442320094064578,0.0,0.31757012532081547,0.3214272523490041,0.3137129982926273,0.0,dissolved
0.0175,40,0.025,0.8384405632911975,0.02400000000000002,0.20722382492367106,0.0,0.32278203476154027,0.32670246433354294,0.31886160518953766,0.0,dissolved
0.0175,41,0.024390243902439025,0.8310019506624012,0.02400000000000002,0.21022250220103628,0.0,0.32837886629068175,0.3323672735735652,0.32439045900779884,0.0,dissolved
0.0175,42,0.023809523809523808,0.8236039827641435,0.02400000000000002,0.21343446404917282,0.0,0.3343890480718212,0.33845045351398906,0.3303276426296532,0.0,dissolved
0.0175,43,0.023255813953488372,0.8162530635729409,0.02400000000000002,0.21687602508758735,0.0,0.34084310781156124,0.34498290264328024,0.33670331297984174,0.0,dissolved
0.0175,44,0.022727272727272728,0.8089548157536728,0.02400000000000002,0.22056466614622236,0.0,0.3477738278198728,0.35199780143711856,0.34354985420262724,0.0,dissolved
0.0175,45,0.022222222222222223,0.801714153730813,0.02400000000000002,0.2245191230563879,0.0,0.3552164115223203,0.35953078089303714,0.35090204215160364,0.0,dissolved
0.0175,46,0.021739130434782608,0.7945353509131267,0.02400000000000002,0.22875948181626585,0.0,0.363208662269935,0.36762010351208035,0.3587972210277899,0.0,dissolved
0.0175,47,0.02127659574468085,0.7874221013498609,0.02400000000000002,0.23330728061435466,0.0,0.371791175354973,0.3763068576467344,0.36727549306321206,0.0,dissolved
0.0175,48,0.020833333333333332,0.78037757613542,0.02400000000000002,0.23818561922907247,0.0,0.38100754420786914,0.3856351662022979,0.3763799222134415,0.0,dissolved
0.0175,49,0.02040816326530612,0.7734044748999146,0.02400000000000002,0.2434192763601919,0.0,0.3909045818227269,0.3956524107517486,0.3861567528937058,0.0,dissolved
0.0175,50,0.02,0.7665050727296459,0.02400000000000002,0.24903483548807778,0.0,0.4015325585360432,0.4064094722024739,0.39665564486961347,0.0,dissolved
0.0175,51,0.0196078431372549,0.759681262858714,0.02400000000000002,0.255060819899995,0.0,0.4129454573664187,0.41796098923726627,0.4079299254955715,0.0,dissolved
0.0175,52,0.019230769230769232,0.7529345954633263,0.02400000000000002,0.26152783756935044,0.0,0.4252012482122136,0.43036563584232235,0.4200368605821058,0.0,dissolved
0.0175,53,0.018867924528301886,0.746266312876328,0.02400000000000002,0.2684687366237358,0.0,0.43836218229988816,0.4436864193318713,0.4330379452679055,0.0,dissolved
0.0175,54,0.018518518518518517,0.7396773815225959,0.02400000000000002,0.27591877219146743,0.0,0.4524951083786284,0.45799100038322754,0.4469992163740298,0.0,dissolved
0.0175,55,0.01818181818181818,0.7331685208574867,0.02400000000000002,0.2839157854740716,0.0,0.46767181226731275,0.4733520367078068,0.46199158782681915,0.0,dissolved
0.0175,56,0.017857142857142856,0.7267402295713808,0.02400000000000002,0.29250039595429955,0.0,0.48396938147849616,0.489847552103742,0.47809121085325135,0.0,dissolved
0.0175,57,0.017543859649122806,0.7203928093041521,0.02400000000000002,0.30171620771595137,0.0,0.5014705967714527,0.5075613327646293,0.4953798607782772,0.0,dissolved
0.0175,58,0.017241379310344827,0.7141263860945648,0.02400000000000002,0.3116100309234793,0.0,0.5202643526231067,0.5265833528573964,0.5139453523888181,0.0,dissolved
0.0175,59,0.01694915254237288,0.7079409297714696,0.02400000000000002,0.3222321195863395,0.0,0.5404461087525642,0.5470102315309366,0.5338819859741929,0.0,dissolved
0.0175,60,0.016666666666666666,0.7018362714764412,0.02400000000000002,0.3336364268157717,0.0,0.5621183749926861,0.5689457236768091,0.5552910263085645,0.0,dissolved
0.0175,61,0.01639344262295082,0.6958121194912221,0.02400000000000002,0.3458808788705454,0.0,0.585391231971528,0.5925012469347463,0.578281217008311,0.0,dissolved
0.0175,62,0.016129032258064516,0.6898680735282592,0.02400000000000002,0.35902766938364006,0.0,0.6103828902483588,0.6177964476197976,0.6029693328769213,0.0,dissolved
0.0175,63,0.015873015873015872,0.6840036376283989,0.02400000000000002,0.37314357526433584,0.0,0.637220290744298,0.6449598084456465,0.6294807730429505,0.0,dissolved
0.0175,64,0.015625,0.6782182317969141,0.02400000000000002,0.38830029588028125,0.0,0.6660397495173538,0.6741293011309264,0.6579501979037831,0.0,dissolved
0.0175,65,0.015384615384615385,0.6725112024969713,0.02400000000000002,0.4045748172423603,0.0,0.6969876501568942,0.7054530872033355,0.6885222131104543,0.0,dissolved
0.0175,66,0.015151515151515152,0.6668818321087359,0.02400000000000002,0.4220498030421778,0.0,0.730221187314445,0.7390902705611807,0.7213521040677108,0.0,dissolved
0.0175,67,0.014925373134328358,0.6613293474521653,0.02400000000000002,0.44081401452836316,0.0,0.7659091651474614,0.7752117056148415,0.7566066246800833,0.0,dissolved
0.0175,68,0.014705882352941176,0.655852927462479,0.02400000000000002,0.4609627613543913,0.0,0.8042328547316292,0.8140008651129866,0.7944648443502732,0.0,dissolved
0.0175,69,0.014492753623188406,0.6504517100988787,0.02400000000000002,0.48259838568792357,0.0,0.8453869147967776,0.8556547720615174,0.8351190575320393,0.0,dissolved
0.0175,70,0.014285714285714285,0.6451247985594666,0.02400000000000002,0.5058307820406188,0.011661564081237641,0.8895803804631294,0.9003850004687561,0.8787757604575043,0.008208207369217228,dissolved
0.0175,71,0.014084507042253521,0.6398712668685116,0.02400000000000002,0.5307779554588069,0.06155591091761381,0.9370377250000049,0.9484187500000063,0.925656700000005,0.05063804362436803,dissolved
0.0175,72,0.013888888888888888,0.6346901648958398,0.02400000000000002,0.5575666209102563,0.11513324182051266,0.9880000000000052,1.0000000000000067,0.9760000000000053,0.11102160348862043,dissolved
0.01875,1,1.0,1.0,0.8260650438651997,0.9302967631451036,0.8605935262902071,0.5869674780673994,0.9999999999999913,0.1739349561347991,0.08786157536272728,crystallized
0.01875,2,0.5,1.0,0.582944900361115,0.8754705555498354,0.7509411110996709,0.7085275498194363,0.9999999999999909,0.41705509963888204,0.22189936456576828,crystallized
0.01875,3,0.3333333333333333,0.9999999999997904,0.44179255567076836,0.831578778221853,0.663157556443706,0.7791037221646087,0.9999999999999907,0.5582074443292281,0.2884082144533258,productive
0.01875,4,0.25,0.9999999989897916,0.3542019668356948,0.7958952685123402,0.5917905370246803,0.8228990165821453,0.9999999999999922,0.6457980331642993,0.3144932131199738,productive
0.01875,5,0.2,0.9999998946877083,0.2882992109304511,0.6891618778280109,0.3783237556560217,0.7648490245787616,0.893671405029288,0.6360266441282367,0.16447219965249785,productive
0.01875,6,0.16666666666666666,0.9999980095545283,0.25286718427763344,0.7419633556972993,0.48392671139459864,0.873566407861174,0.9999999999999918,0.7471328157223583,0.3158445096488607,productive
0.01875,7,0.14285714285714285,0.9999848702710878,0.21567117403507274,0.6491007791179194,0.2982015582358388,0.7973018244671677,0.8936714050292888,0.7009322439050484,0.14893150114642117,productive
0.01875,8,0.125,0.9999332302396285,0.1963843996260991,0.7036905840059562,0.4073811680119124,0.9018078001869401,0.9999999999999915,0.8036156003738922,0.29523190948158307,productive
0.01875,9,0.1111111111111111,0.9997924998649104,0.17662336027264247,0.6885831362404844,0.3771662724809688,0.9116883198636678,0.9999999999999917,0.8233766397273496,0.2831247147905637,productive
0.01875,10,0.1,0.9994924712139436,0.15637639372196976,0.6082957056340867,0.2165914112681735,0.8237968492838232,0.8936714050292899,0.7539222935383623,0.12021697765254255,productive
0.01875,11,0.09090909090909091,0.9989535302746325,0.1356315509446412,0.4920635330036368,0.0,0.6749947661495399,0.7241001814759842,0.6258893508230999,0.0,dissolved
0.01875,12,0.08333333333333333,0.9980979426127404,0.1356315509446412,0.654131456099655,0.3082629121993099,0.9321842245276686,0.9999999999999932,0.8643684490553506,0.24838303644661944,productive
0.01875,13,0.07692307692307693,0.9968585630378793,0.11437658908262405,0.4570139906572195,0.0,0.6497946627220645,0.6892093712454862,0.6103799541986467,0.0,dissolved
0.01875,14,0.07142857142857142,0.9951838190310288,0.11437658908262405,0.5741878610897675,0.14837572217953499,0.8425638614953234,0.8936714050292893,0.7914563179613614,0.08842406695026922,dissolved
0.01875,15,0.06666666666666667,0.9930393801316743,0.09259896422400005,0.3625670238260275,0.0,0.524244065487544,0.5496946427674181,0.4987934882076723,0.0,dissolved
0.01875,16,0.0625,0.9904074979477991,0.09259896422400005,0.4230797117106804,0.0,0.62647281077925,0.6568863065803888,0.5960593149781144,0.0,dissolved
0.01875,17,0.058823529411764705,0.9872849986099358,0.09259896422400005,0.504263892379261,0.008527784758521895,0.7652656707849929,0.8024171702031784,0.7281141713668097,0.0038128362930676066,dissolved
0.01875,18,0.05555555555555555,0.9836806832556286,0.09259896422400005,0.6136038989101879,0.2272077978203757,0.9537005178879893,0.9999999999999922,0.9074010357759907,0.1966230920838876,productive
0.01875,19,0.05263157894736842,0.9796126349734647,0.07028582400000005,0.3141333972368062,0.0,0.47111820475088584,0.48827770517542907,0.4539587043263443,0.0,dissolved
0.01875,20,0.05,0.9751057193808106,0.07028582400000005,0.3479175190871296,0.0,0.5303767723097697,0.5496946427674166,0.5110589018521232,0.0,dissolved
0.01875,21,0.047619047619047616,0.9701894171762189,0.07028582400000005,0.39005706450050887,0.0,0.6049094493069457,0.6269420174554861,0.5828768811584055,0.0,dissolved
0.01875,22,0.045454545454545456,0.9648960326755942,0.07028582400000005,0.4427333733683774,0.0,0.6986531925191878,0.7241001814759833,0.6732062035623942,0.0,dissolved
0.01875,23,0.043478260869565216,0.9592592681774077,0.07028582400000005,0.5086898845702337,0.01737976914046735,0.8165597235267329,0.8463012125654145,0.7868182344880541,0.009449989746413418,dissolved
0.01875,24,0.041666666666666664,0.953313126638417,0.07028582400000005,0.5913771328829738,0.18275426576594755,0.9648570879999895,0.9999999999999927,0.929714175999991,0.16393812643271338,productive
0.01875,25,0.04,0.9470910943469678,0.04742400000000002,0.24644393945041307,0.0,0.38030166685453337,0.3895384014292248,0.3710649322798441,0.0,dissolved
0.01875,26,0.038461538461538464,0.9406255539904451,0.04742400000000002,0.25886669055983447,0.0,0.40280555464074086,0.41258886173008547,0.39302224755139764,0.0,dissolved
0.01875,27,0.037037037037037035,0.9339473821720392,0.04742400000000002,0.2732562094626046,0.0,0.4290268776757256,0.43944704603121876,0.4186067093202338,0.0,dissolved
0.01875,28,0.03571428571428571,0.9270856912663876,0.04742400000000002,0.2899436246949431,0.0,0.4595797220658585,0.4707419553101746,0.448417488821544,0.0,dissolved
0.01875,29,0.034482758620689655,0.9200676819218311,0.04742400000000002,0.30931438752945833,0.0,0.49517961529329957,0.5072064957198082,0.4831527348667917,0.0,dissolved
0.01875,30,0.03333333333333333,0.9129185786715375,0.04742400000000002,0.3318172676714002,0.0,0.5366602833981152,0.5496946427674181,0.5236259240288145,0.0,dissolved
0.01875,31,0.03225806451612903,0.9056616266084568,0.04742400000000002,0.3579748346148788,0.0,0.5849931762927372,0.5992014408583731,0.5707849117271039,0.0,dissolved
0.01875,32,0.03125,0.8983181317703235,0.04742400000000002,0.38839566995869446,0.0,0.6413102184787525,0.656886306580388,0.6257341303771188,0.0,dissolved
0.01875,33,0.030303030303030304,0.8909075317708781,0.04742400000000002,0.42378859653464096,0.0,0.706930317972824,0.7241001814759841,0.6897604544696657,0.0,dissolved
0.01875,34,0.029411764705882353,0.8834474863712909,0.04742400000000002,0.46497925744797924,0.0,0.783390254263319,0.8024171702031792,0.7643633383234617,0.0,dissolved
0.01875,35,0.02857142857142857,0.8759539802081466,0.04742400000000002,0.5129294331768106,0.025858866353621224,0.8724806686732328,0.8936714050292899,0.8512899323171789,0.017164084899246684,dissolved
0.01875,36,0.027777777777777776,0.8684414318834667,0.04742400000000002,0.5687595490134654,0.13751909802693074,0.9762879999999896,0.9999999999999921,0.9525759999999905,0.12789118215535628,dissolved
0.01875,37,0.02702702702702703,0.8609228051738309,0.02400000000000002,0.1868182966389411,0.0,0.2980352069997435,0.3016550678135061,0.2944153461859817,0.0,dissolved
0.01875,38,0.02631578947368421,0.8534097193143909,0.02400000000000002,0.1889875339092318,0.0,0.3020894459096573,0.3057585484915567,0.29842034332775874,0.0,dissolved
0.01875,39,0.02564102564102564,0.8459125562311827,0.02400000000000002,0.1913211313648896,0.0,0.3064657537226867,0.3101880098407767,0.3027434976045976,0.0,dissolved
0.01875,40,0.025,0.8384405632911975,0.02400000000000002,0.1938327318945007,0.0,0.3111897156055314,0.31496934777887875,0.3074100834321849,0.0,dissolved
0.01875,41,0.024390243902439025,0.8310019506624012,0.02400000000000002,0.1965370190443288,0.0,0.31628894921157047,0.3201305153963274,0.31244738302681474,0.0,dissolved
0.01875,42,0.023809523809523808,0.8236039827641435,0.02400000000000002,0.19944980286259026,0.0,0.3217932661416853,0.3257016863782248,0.3178848459051468,0.0,dissolved
0.01875,43,0.023255813953488372,0.8162530635729409,0.02400000000000002,0.2025881123295896,0.0,0.3277348462315379,0.3317154314084401,0.3237542610546368,0.0,dissolved
0.01875,44,0.022727272727272728,0.8089548157536728,0.02400000000000002,0.20597029491408317,0.0,0.33414842568423736,0.3382069085872854,0.33008994278119,0.0,dissolved
0.01875,45,0.022222222222222223,0.801714153730813,0.02400000000000002,0.20961612383791345,0.0,0.34107150014827464,0.34521406897598717,0.3369289313205629,0.0,dissolved
0.01875,46,0.021739130434782608,0.7945353509131267,0.02400000000000002,0.21354691367600595,0.0,0.34854454392797424,0.35277787846961045,0.344311209386339,0.0,dissolved
0.01875,47,0.02127659574468085,0.7874221013498609,0.02400000000000002,0.21778564496756606,0.0,0.3566112466080344,0.36094255729558244,0.3522799359204876,0.0,dissolved
0.01875,48,0.020833333333333332,0.78037757613542,0.02400000000000002,0.22235709856698638,0.0,0.36531876847553074,0.36975583853798777,0.3608816984130751,0.0,dissolved
0.01875,49,0.02040816326530612,0.7734044748999146,0.02400000000000002,0.22728800051992035,0.0,0.37471801623265255,0.3792692471990422,0.37016678526626434,0.0,dissolved
0.01875,50,0.02,0.7665050727296459,0.02400000000000002,0.23260717831150876,0.0,0.3848639406120726,0.38953840142922463,0.3801894797949222,0.0,dissolved
0.01875,51,0.0196078431372549,0.759681262858714,0.02400000000000002,0.2383457294002304,0.0,0.3958158576348904,0.40062333768713765,0.391008377582645,0.0,dissolved
0.01875,52,0.019230769230769232,0.7529345954633263,0.02400000000000002,0.24453720302267787,0.0,0.40763779538932365,0.4125888617300858,0.40268672904856284,0.0,dissolved
0.01875,53,0.018867924528301886,0.746266312876328,0.02400000000000002,0.2512177963321421,0.0,0.42039886835750956,0.4255049274873586,0.41529280922766143,0.0,dissolved
0.01875,54,0.018518518518518517,0.7396773815225959,0.02400000000000002,0.2584265660176829,0.0,0.4341736814788434,0.43944704603121937,0.4289003169264689,0.0,dissolved
0.01875,55,0.01818181818181818,0.7331685208574867,0.02400000000000002,0.26620565664087587,0.0,0.4490427663121267,0.45449672703656646,0.4435888055876881,0.0,dissolved
0.01875,56,0.017857142857142856,0.7267402295713808,0.02400000000000002,0.27460054702516884,0.0,0.46509305184645156,0.4707419553101747,0.45944414838272957,0.0,dissolved
0.01875,57,0.017543859649122806,0.7203928093041521,0.02400000000000002,0.2836603161382865,0.0,0.482418372713323,0.4882777051754292,0.47655904025121787,0.0,dissolved
0.01875,58,0.017241379310344827,0.7141263860945648,0.02400000000000002,0.2934379300221374,0.0,0.50112001777117,0.5072064957198091,0.49503353982253223,0.0,dissolved
0.01875,59,0.01694915254237288,0.7079409297714696,0.02400000000000002,0.30399055144767795,0.0,0.5213073222694365,0.527638990151253,0.5149756543876216,0.0,dissolved
0.01875,60,0.016666666666666666,0.7018362714764412,0.02400000000000002,0.31537987410507684,0.0,0.5430983070542075,0.5496946427674179,0.5365019713409985,0.0,dissolved
0.01875,61,0.01639344262295082,0.6958121194912221,0.02400000000000002,0.32767248328294807,0.0,0.5666203685523578,0.5735023973202018,0.5597383397845154,0.0,dissolved
0.01875,62,0.016129032258064516,0.6898680735282592,0.02400000000000002,0.34094024514529025,0.0,0.5920110235680707,0.5992014408583721,0.5848206062777702,0.0,dissolved
0.01875,63,0.015873015873015872,0.6840036376283989,0.02400000000000002,0.35526072688195737,0.0,0.6194187132460202,0.6269420174554874,0.6118954090365545,0.0,dissolved
0.01875,64,0.015625,0.6782182317969141,0.02400000000000002,0.37071765018898084,0.0,0.649003670901422,0.6568863065803878,0.6411210352224572,0.0,dissolved
0.01875,65,0.015384615384615385,0.6725112024969713,0.02400000000000002,0.38740138072992525,0.0,0.6809388587905386,0.6892093712454859,0.6726683463355928,0.0,dissolved
0.01875,66,0.015151515151515152,0.6668818321087359,0.02400000000000002,0.4054094564398064,0.0,0.7154109792982709,0.7241001814759842,0.7067217771205591,0.0,dissolved
0.01875,67,0.014925373134328358,0.6613293474521653,0.02400000000000002,0.4248471577601917,0.0,0.7526215664545344,0.7617627190835382,0.7434804138255319,0.0,dissolved
0.01875,68,0.014705882352941176,0.655852927462479,0.02400000000000002,0.44582812313924514,0.0,0.792788164160739,0.8024171702031788,0.783159158118301,0.0,dissolved
0.01875,69,0.014492753623188406,0.6504517100988787,0.02400000000000002,0.4684750133951015,0.0,0.8361455980146285,0.8463012125654151,0.8259899834638437,0.0,dissolved
0.01875,70,0.014285714285714285,0.6451247985594666,0.02400000000000002,0.4929202288266431,0.0,0.8829473481689365,0.8936714050292897,0.8722232913085852,0.0,dissolved
0.01875,71,0.014084507042253521,0.6398712668685116,0.02400000000000002,0.5193066832641047,0.03861336652820935,0.9334670312499906,0.9448046874999925,0.9221293749999909,0.03140295722463373,dissolved
0.01875,72,0.013888888888888888,0.6346901648958398,0.02400000000000002,0.5477886395848379,0.09557727916967584,0.98799999999999,0.999999999999992,0.9759999999999903,0.09216402337596581,dissolved
0.02,1,1.0,1.0,0.8260650438651997,0.9215379933905333,0.8430759867810667,0.586967478067398,0.9999999999999937,0.1739349561347992,0.0860731368366015,crystallized
0.02,2,0.5,1.0,0.582944900361115,0.8613720252047633,0.7227440504095266,0.7085275498194354,0.9999999999999951,0.41705509963888254,0.21356727333080822,crystallized
0.02,3,0.3333333333333333,0.9999999999997904,0.44179255567076836,0.8142636818365057,0.6285273636730113,0.7791037221646067,0.9999999999999931,0.5582074443292282,0.273347491754589,productive
0.02,4,0.25,0.9999999989897916,0.3542019668356948,0.7767070904470423,0.5534141808940847,0.8228990165821424,0.9999999999999957,0.6457980331643003,0.2940989979504875,productive
0.02,5,0.2,0.9999998946877083,0.2882992109304511,0.6662756441650195,0.332551288330039,0.7591477899882504,0.8870099199999939,0.6312856599765133,0.1413641765535868,productive
0.02,6,0.16666666666666666,0.9999980095545283,0.25286718427763344,0.7213102410420065,0.44262048208401295,0.8735664078611742,0.9999999999999952,0.7471328157223622,0.2888851675938486,productive
0.02,7,0.14285714285714285,0.9999848702710878,0.21567117403507274,0.6259357455556696,0.2518714911113391,0.7913586845864141,0.8870099199999935,0.6957074491728399,0.12300068113416734,productive
0.02,8,0.125,0.9999332302396285,0.1963843996260991,0.6830875702073174,0.3661751404146347,0.9018078001869417,0.999999999999995,0.8036156003738958,0.26536962038986367,productive
0.02,9,0.1111111111111111,0.9997924998649104,0.17662336027264247,0.6682712758567368,0.3365425517134737,0.9116883198636707,0.9999999999999944,0.8233766397273529,0.25262999616057813,productive
0.02,10,0.1,0.9994924712139436,0.15637639372196976,0.5860383857536873,0.17207677150737455,0.8176562137573864,0.8870099199999943,0.7483025075147828,0.09338963287147607,productive
0.02,11,0.09090909090909091,0.9989535302746325,0.1356315509446412,0.46815121092467477,0.0,0.6614148336296579,0.7095323179973223,0.6132973492619986,0.0,dissolved
0.02,12,0.08333333333333333,0.9980979426127404,0.1356315509446412,0.6351090388427985,0.2702180776855969,0.9321842245276719,0.9999999999999944,0.8643684490553543,0.21772838697806843,productive
0.02,13,0.07692307692307693,0.9968585630378793,0.11437658908262405,0.4337652410194014,0.0,0.6349883828510654,0.6735049842663305,0.5964717814358025,0.0,dissolved
0.02,14,0.07142857142857142,0.9951838190310288,0.11437658908262405,0.5537290612747273,0.10745812254945464,0.8362833354339684,0.8870099199999951,0.7855567508679449,0.06261793382295834,dissolved
0.02,15,0.06666666666666667,0.9930393801316743,0.09259896422400005,0.34060524145155974,0.0,0.506948985341236,0.5315599350453232,0.4823380356371505,0.0,dissolved
0.02,16,0.0625,0.9904074979477991,0.09259896422400005,0.4008821110681772,0.0,0.6106565335456285,0.6403021934998503,0.5810108735914096,0.0,dissolved
0.02,17,0.058823529411764705,0.9872849986099358,0.09259896422400005,0.4835480327500584,0.0,0.7544173407789104,0.7910421842378701,0.7177924973199535,0.0,dissolved
0.02,18,0.05555555555555555,0.9836806832556286,0.09259896422400005,0.5973387434800562,0.19467748696011244,0.9537005178879935,0.999999999999996,0.9074010357759954,0.16847172417682663,productive
0.02,19,0.05263157894736842,0.9796126349734647,0.07028582400000005,0.2942083745387609,0.0,0.4538622444505883,0.4703932324230271,0.4373312564781513,0.0,dissolved
0.02,20,0.05,0.9751057193808106,0.07028582400000005,0.32734076946495977,0.0,0.5128793710252997,0.5315599350453235,0.4941988070052773,0.0,dissolved
0.02,21,0.047619047619047616,0.9701894171762189,0.07028582400000005,0.3693576831930253,0.0,0.5882757801720322,0.6097025015294627,0.5668490588146038,0.0,dissolved
0.02,22,0.045454545454545456,0.9648960326755942,0.07028582400000005,0.42275097945137624,0.0,0.6845972861847852,0.7095323179973214,0.6596622543722507,0.0,dissolved
0.02,23,0.043478260869565216,0.9592592681774077,0.07028582400000005,0.4907037793688774,0.0,0.8076513231815442,0.8370683422719956,0.778234304091095,0.0,dissolved
0.02,24,0.041666666666666664,0.953313126638417,0.07028582400000005,0.5772824417200189,0.15456488344003771,0.964857087999994,0.9999999999999944,0.9297141759999954,0.13865108591173692,dissolved
0.02,25,0.04,0.9470910943469678,0.04742400000000002,0.23034510842416742,0.0,0.3655712139860617,0.3744501765729611,0.35669225139916405,0.0,dissolved
0.02,26,0.038461538461538464,0.9406255539904451,0.04742400000000002,0.24209256727648593,0.0,0.3871222220272274,0.39652461366648784,0.3777198303879681,0.0,dissolved
0.02,27,0.037037037037037035,0.9339473821720392,0.04742400000000002,0.25585203869932815,0.0,0.4124958551896031,0.42251451947540497,0.40247719090380263,0.0,dissolved
0.02,28,0.03571428571428571,0.9270856912663876,0.04742400000000002,0.27198600185763483,0.0,0.4423701542770992,0.45311440300106154,0.43162590555313834,0.0,dissolved
0.02,29,0.034482758620689655,0.9200676819218311,0.04742400000000002,0.29092086046670435,0.0,0.47754342805535066,0.48914196226456885,0.46594489384613363,0.0,dissolved
0.02,30,0.03333333333333333,0.9129185786715375,0.04742400000000002,0.3131583057014713,0.0,0.518955585865528,0.5315599350453238,0.5063512366857339,0.0,dissolved
0.02,31,0.03225806451612903,0.9056616266084568,0.04742400000000002,0.3392886938993941,0.0,0.56771325412544,0.5815018254095524,0.5539246828413293,0.0,dissolved
0.02,32,0.03125,0.8983181317703235,0.04742400000000002,0.37000679634852895,0.0,0.6251193478875813,0.6403021934998513,0.6099365022753135,0.0,dissolved
0.02,33,0.030303030303030304,0.8909075317708781,0.04742400000000002,0.4061303418581863,0.0,0.6927078876729675,0.709532317997323,0.6758834573486157,0.0,dissolved
0.02,34,0.029411764705882353,0.8834474863712909,0.04742400000000002,0.44862184745623535,0.0,0.7722849919652209,0.7910421842378711,0.7535277996925732,0.0,dissolved
0.02,35,0.02857142857142857,0.8759539802081466,0.04742400000000002,0.4986143204394665,0.0,0.8659771407769539,0.8870099199999963,0.8449443615539145,0.0,dissolved
0.02,36,0.027777777777777776,0.8684414318834667,0.04742400000000002,0.5574415184699312,0.11488303693986235,0.9762879999999934,0.9999999999999943,0.9525759999999939,0.10683990525417292,dissolved
0.02,37,0.02702702702702703,0.8609228051738309,0.02400000000000002,0.1763664929427414,0.0,0.2895406891155545,0.2930573776473231,0.28602400058378674,0.0,dissolved
0.02,38,0.02631578947368421,0.8534097193143909,0.02400000000000002,0.17828430039554255,0.0,0.2931596019048986,0.2967202448430151,0.2895989589667826,0.0,dissolved
0.02,39,0.02564102564102564,0.8459125562311827,0.02400000000000002,0.18035905520172094,0.0,0.29708637359472523,0.30069471011611965,0.293478037073332,0.0,dissolved
0.02,40,0.025,0.8384405632911975,0.02400000000000002,0.18260459482319125,0.0,0.30134719357066564,0.30500728094197,0.2976871061993622,0.0,dissolved
0.02,41,0.024390243902439025,0.8310019506624012,0.02400000000000002,0.1850358957617073,0.0,0.305970479134837,0.309686719772103,0.302254238497572,0.0,dissolved
0.02,42,0.023809523809523808,0.8236039827641435,0.02400000000000002,0.18766917344380563,0.0,0.3109870650334605,0.3147642358638273,0.30720989420309486,0.0,dissolved
0.02,43,0.023255813953488372,0.8162530635729409,0.02400000000000002,0.19052199036869427,0.0,0.3164304091074877,0.3202736934286322,0.3125871247863443,0.0,dissolved
0.02,44,0.022727272727272728,0.8089548157536728,0.02400000000000002,0.1936133732403635,0.0,0.32233681543781234,0.32625183748766473,0.31842179338796056,0.0,dissolved
0.02,45,0.022222222222222223,0.801714153730813,0.02400000000000002,0.19696393986513328,0.0,0.32874567647332076,0.3327385389406089,0.32475281400603384,0.0,dissolved
0.02,46,0.021739130434782608,0.7945353509131267,0.02400000000000002,0.20059603666096387,0.0,0.3356997357566416,0.33977706048243134,0.3316224110308529,0.0,dissolved
0.02,47,0.02127659574468085,0.7874221013498609,0.02400000000000002,0.2045338876956527,0.0,0.3432453729998281,0.3474143451415276,0.3390764008581302,0.0,dissolved
0.02,48,0.020833333333333332,0.78037757613542,0.02400000000000002,0.2088037562479053,0.0,0.3514329134112719,0.3557013293636362,0.34716449745890865,0.0,dissolved
0.02,49,0.02040816326530612,0.7734044748999146,0.02400000000000002,0.2134341199688172,0.0,0.36031696333688384,0.3646932827296403,0.3559406439441286,0.0,dissolved
0.02,50,0.02,0.7665050727296459,0.02400000000000002,0.21845586081198173,0.0,0.36995677445408426,0.37445017657296054,0.36546337233520926,0.0,dissolved
0.02,51,0.0196078431372549,0.759681262858714,0.02400000000000002,0.22390247099896693,0.0,0.38041663894757416,0.38503708395503533,0.3757961939401143,0.0,dissolved
0.02,52,0.019230769230769232,0.7529345954633263,0.02400000000000002,0.22981027639382548,0.0,0.3917663183024894,0.3965246136664882,0.3870080229384922,0.0,dissolved
0.02,53,0.018867924528301886,0.746266312876328,0.02400000000000002,0.23621867877642672,0.0,0.40408150857475006,0.4089893811485332,0.3991736360009682,0.0,dissolved
0.02,54,0.018518518518518517,0.7396773815225959,0.02400000000000002,0.24317041863043976,0.0,0.4174443452416995,0.4225145194754052,0.41237417100799517,0.0,dissolved
0.02,55,0.01818181818181818,0.7331685208574867,0.02400000000000002,0.2507118601986123,0.0,0.4319439510001081,0.43719023380577837,0.4266976681944392,0.0,dissolved
0.02,56,0.017857142857142856,0.7267402295713808,0.02400000000000002,0.258893300706515,0.0,0.447677030165048,0.45311440300106176,0.4422396573290357,0.0,dissolved
0.02,57,0.017543859649122806,0.7203928093041521,0.02400000000000002,0.26776930581709035,0.0,0.46474851363394987,0.4703932324230271,0.45910379484487407,0.0,dissolved
0.02,58,0.017241379310344827,0.7141263860945648,0.02400000000000002,0.27739907355331234,0.0,0.48327225871739354,0.4891419622645695,0.47740255517021934,0.0,dissolved
0.02,59,0.01694915254237288,0.7079409297714696,0.02400000000000002,0.2878468291161101,0.0,0.5033718085041162,0.509485636137771,0.4972579808704636,0.0,dissolved
0.02,60,0.016666666666666666,0.7018362714764412,0.02400000000000002,0.2991822532307792,0.0,0.525181215824779,0.5315599350453243,0.5188024966042358,0.0,dissolved
0.02,61,0.01639344262295082,0.6958121194912221,0.02400000000000002,0.31148094687870653,0.0,0.5488459373098731,0.5555120822974435,0.5421797923223045,0.0,dissolved
0.02,62,0.016129032258064516,0.6898680735282592,0.02400000000000002,0.32482493551391695,0.0,0.5745238035046368,0.5815018254095532,0.5675457815997228,0.0,dissolved
0.02,63,0.015873015873015872,0.6840036376283989,0.02400000000000002,0.33930321612727865,0.0,0.6023860715111077,0.6097025015294628,0.5950696414927545,0.0,dissolved
0.02,64,0.015625,0.6782182317969141,0.02400000000000002,0.355012350806995,0.0,0.6326185671778515,0.6403021934998514,0.6249349408558537,0.0,dissolved
0.02,65,0.015384615384615385,0.6725112024969713,0.02400000000000002,0.37205711075408193,0.0,0.6654229244551341,0.6735049842663319,0.6573408646439385,0.0,dissolved
0.02,66,0.015151515151515152,0.6668818321087359,0.02400000000000002,0.3905511750480757,0.0,0.7010179301813523,0.7095323179973219,0.6925035423653847,0.0,dissolved
0.02,67,0.014925373134328358,0.6613293474521653,0.02400000000000002,0.41061788882333705,0.0,0.7396409832696965,0.7486244769936221,0.7306574895457734,0.0,dissolved
0.02,68,0.014705882352941176,0.655852927462479,0.02400000000000002,0.43239108591257247,0.0,0.7815496780270145,0.7910421842378713,0.7720571718161604,0.0,dissolved
0.02,69,0.014492753623188406,0.6504517100988787,0.02400000000000002,0.4560159814441467,0.0,0.8270235221647296,0.8370683422719956,0.816978702057466,0.0,dissolved
0.02,70,0.014285714285714285,0.6451247985594666,0.02400000000000002,0.4816501403463134,0.0,0.8763658009599933,0.8870099199999955,0.8657216819199935,0.0,dissolved
0.02,71,0.014084507042253521,0.6398712668685116,0.02400000000000002,0.5094645282177507,0.018929056435501357,0.9299055999999931,0.9411999999999952,0.9186111999999934,0.015218837638601126,dissolved
0.02,72,0.013888888888888888,0.6346901648958398,0.02400000000000002,0.5396446515731232,0.07928930314624649,0.9879999999999927,0.9999999999999949,0.975999999999993,0.07645772355228624,dissolved
0.02125,1,1.0,1.0,0.8260650438651997,0.9124188138525208,0.8248376277050415,0.5869674780674004,1.0000000000000047,0.17393495613480117,0.08421110684044698,crystallized
0.02125,2,0.5,1.0,0.582944900361115,0.8470196160731545,0.6940392321463089,0.7085275498194434,1.0000000000000053,0.4170550996388861,0.2050851422576383,crystallized
0.02125,3,0.3333333333333333,0.9999999999997904,0.44179255567076836,0.7969776460875931,0.5939552921751863,0.7791037221646202,1.0000000000000047,0.5582074443292331,0.2583120460844764,productive
0.02125,4,0.25,0.9999999989897916,0.3542019668356948,0.7578756858741137,0.5157513717482274,0.8228990165821554,1.0000000000000047,0.6457980331643081,0.27408398060507655,productive
0.02125,5,0.2,0.9999998946877083,0.2882992109304511,0.6442415058634827,0.28848301172696544,0.7534909227323506,0.8804002750292996,0.6265815704354003,0.11991017990799634,productive
0.02125,6,0.16666666666666666,0.9999980095545283,0.25286718427763344,0.7016083205862232,0.4032166411724465,0.873566407861186,1.0000000000000049,0.7471328157223684,0.2631674576225894,productive
0.02125,7,0.14285714285714285,0.9999848702710878,0.21567117403507274,0.604076064515033,0.20815212903006608,0.7854617945611152,0.8804002750293002,0.6905233140929299,0.09939497723272865,productive
0.02125,8,0.125,0.9999332302396285,0.1963843996260991,0.6638702602839957,0.3277405205679913,0.9018078001869538,1.0000000000000036,0.8036156003739038,0.2375157893870803,productive
0.02125,9,0.1111111111111111,0.9997924998649104,0.17662336027264247,0.6495051130360853,0.29901022607217054,0.9116883198636826,1.0000000000000036,0.8233766397273603,0.22445587305376144,productive
0.02125,10,0.1,0.9994924712139436,0.15637639372196976,0.5655030887739467,0.13100617754789345,0.8115633650088443,0.8804002750293004,0.7427264549883877,0.06952216244324166,dissolved
0.02125,11,0.09090909090909091,0.9989535302746325,0.1356315509446412,0.4461956713444269,0.0,0.648218388758147,0.6953758406355651,0.6010609368807287,0.0,dissolved
0.02125,12,0.08333333333333333,0.9980979426127404,0.1356315509446412,0.6179399738964687,0.23587994779293742,0.9321842245276833,1.0000000000000044,0.8643684490553625,0.19006041710201368,productive
0.02125,13,0.07692307692307693,0.9968585630378793,0.11437658908262405,0.4125866023568854,0.0,0.6206749644049172,0.6583233542936893,0.5830265745161453,0.0,dissolved
0.02125,14,0.07142857142857142,0.9951838190310288,0.11437658908262405,0.535228211058085,0.07045642211617009,0.8300516847866727,0.8804002750293,0.7797030945440453,0.04014534071309871,dissolved
0.02125,15,0.06666666666666667,0.9930393801316743,0.09259896422400005,0.32087655406587645,0.0,0.49065938393157377,0.5144795192291123,0.46683924863403536,0.0,dissolved
0.02125,16,0.0625,0.9904074979477991,0.09259896422400005,0.3808231801639532,0.0,0.595446164012661,0.6243534032374183,0.5665389247879041,0.0,dissolved
0.02125,17,0.058823529411764705,0.9872849986099358,0.09259896422400005,0.464867214245798,0.0,0.743764974678921,0.7798726756760211,0.7076572736818219,0.0,dissolved
0.02125,18,0.05555555555555555,0.9836806832556286,0.09259896422400005,0.5831049474082162,0.16620989481643234,0.9537005178880038,1.0000000000000049,0.907401035776004,0.14383618769802306,productive
0.02125,19,0.05263157894736842,0.9796126349734647,0.07028582400000005,0.27653992834133784,0.0,0.43786145714949626,0.4538096497348797,0.4219132645641128,0.0,dissolved
0.02125,20,0.05,0.9751057193808106,0.07028582400000005,0.3089749519582507,0.0,0.4963992107590413,0.5144795192291134,0.4783189022889702,0.0,dissolved
0.02125,21,0.047619047619047616,0.9701894171762189,0.07028582400000005,0.3507941337476097,0.0,0.5723624291421948,0.5932095397968359,0.551515318487554,0.0,dissolved
0.02125,22,0.045454545454545456,0.9648960326755942,0.07028582400000005,0.40481515171395177,0.0,0.670938308661182,0.6953758406355639,0.6465007766868003,0.0,dissolved
0.02125,23,0.043478260869565216,0.9592592681774077,0.07028582400000005,0.4746939844276978,0.0,0.7988581655309762,0.827954912148582,0.7697614189133711,0.0,dissolved
0.02125,24,0.041666666666666664,0.953313126638417,0.07028582400000005,0.56517460375437,0.13034920750874002,0.9648570880000037,1.0000000000000044,0.9297141760000041,0.11692862419058446,dissolved
0.02125,25,0.04,0.9470910943469678,0.04742400000000002,0.21641036872692715,0.0,0.35240122865416446,0.3609603197562238,0.34384213755210496,0.0,dissolved
0.02125,26,0.038461538461538464,0.9406255539904451,0.04742400000000002,0.2274951187149374,0.0,0.3729534816694794,0.38201174414668526,0.36389521919227324,0.0,dissolved
0.02125,27,0.037037037037037035,0.9339473821720392,0.04742400000000002,0.2406232404794451,0.0,0.3974049141514372,0.4070570509434074,0.3877527773594673,0.0,dissolved
0.02125,28,0.03571428571428571,0.9270856912663876,0.04742400000000002,0.256187353683078,0.0,0.4264952795714331,0.43685396068724847,0.41613659845561723,0.0,dissolved
0.02125,29,0.034482758620689655,0.9200676819218311,0.04742400000000002,0.274654209901268,0.0,0.46110467764630403,0.47230394888219873,0.44990540641040944,0.0,dissolved
0.02125,30,0.03333333333333333,0.9129185786715375,0.04742400000000002,0.2965787825805661,0.0,0.5022801808691523,0.5144795192291121,0.49008084250919154,0.0,dissolved
0.02125,31,0.03225806451612903,0.9056616266084568,0.04742400000000002,0.32262102909795726,0.0,0.5512675126334046,0.564656651145363,0.5378783741214458,0.0,dissolved
0.02125,32,0.03125,0.8983181317703235,0.04742400000000002,0.3535658318281984,0.0,0.6095487353398533,0.6243534032374193,0.5947440674422879,0.0,dissolved
0.02125,33,0.030303030303030304,0.8909075317708781,0.04742400000000002,0.3903467213253006,0.0,0.6788870887024142,0.6953758406355637,0.6623983367692642,0.0,dissolved
0.02125,34,0.029411764705882353,0.8834474863712909,0.04742400000000002,0.43407409916815265,0.0,0.7613803347903917,0.7798726756760204,0.7428879939047623,0.0,dissolved
0.02125,35,0.02857142857142857,0.8759539802081466,0.04742400000000002,0.4860688141717113,0.0,0.8595242237078067,0.8804002750292999,0.8386481723863127,0.0,dissolved
0.02125,36,0.027777777777777776,0.8684414318834667,0.04742400000000002,0.5479021076433293,0.0958042152866585,0.9762880000000047,1.0000000000000042,0.9525760000000053,0.08909682018186371,dissolved
0.02125,37,0.02702702702702703,0.8609228051738309,0.02400000000000002,0.16766120742932614,0.0,0.2824432055032027,0.2858736897805694,0.279012721225836,0.0,dissolved
0.02125,38,0.02631578947368421,0.8534097193143909,0.02400000000000002,0.16935203986352185,0.0,0.28565942831781804,0.28912897603018006,0.2821898806054559,0.0,dissolved
0.02125,39,0.02564102564102564,0.8459125562311827,0.02400000000000002,0.17119152000820229,0.0,0.2891675008409007,0.29267965672155927,0.28565534496024203,0.0,dissolved
0.02125,40,0.025,0.8384405632911975,0.02400000000000002,0.17319353455976444,0.0,0.2929939063906913,0.29655253683268307,0.28943527594869894,0.0,dissolved
0.02125,41,0.024390243902439025,0.8310019506624012,0.02400000000000002,0.17537319722755815,0.0,0.29716753146119057,0.30077685370565804,0.29355820921672254,0.0,dissolved
0.02125,42,0.023809523809523808,0.8236039827641435,0.02400000000000002,0.17774696283106348,0.0,0.30171988379353915,0.3053844977667397,0.2980552698203382,0.0,dissolved
0.02125,43,0.023255813953488372,0.8162530635729409,0.02400000000000002,0.1803327515214434,0.0,0.30668533023584743,0.31041025327514926,0.30296040719654566,0.0,dissolved
0.02125,44,0.022727272727272728,0.8089548157536728,0.02400000000000002,0.183150084065256,0.0,0.3121013561871414,0.3158920609181596,0.3083106514561236,0.0,dissolved
0.02125,45,0.022222222222222223,0.801714153730813,0.02400000000000002,0.1862202292116088,0.0,0.31800884858402895,0.3218713042348468,0.31414639293321084,0.0,dissolved
0.02125,46,0.021739130434782608,0.7945353509131267,0.02400000000000002,0.18956636425527734,0.0,0.324452404566427,0.3283931220307963,0.3205116871020576,0.0,dissolved
0.02125,47,0.02127659574468085,0.7874221013498609,0.02400000000000002,0.19321375000790408,0.0,0.3314806681525424,0.3355067491422494,0.32745458716283565,0.0,dissolved
0.02125,48,0.020833333333333332,0.78037757613542,0.02400000000000002,0.19718992149819725,0.0,0.33914669746475046,0.3432658881222169,0.335027506807284,0.0,dissolved
0.02125,49,0.02040816326530612,0.7734044748999146,0.02400000000000002,0.20152489584075892,0.0,0.347508365278651,0.35172911465450485,0.3432876159027971,0.0,dissolved
0.02125,50,0.02,0.7665050727296459,0.02400000000000002,0.20625139884280208,0.0,0.35662879591914975,0.360960319756224,0.3522972720820751,0.0,dissolved
0.02125,51,0.0196078431372549,0.759681262858714,0.02400000000000002,0.2114051120594669,0.0,0.36657684180179806,0.3710291921070825,0.3621244914965132,0.0,dissolved
0.02125,52,0.019230769230769232,0.7529345954633263,0.02400000000000002,0.2170249421628191,0.0,0.37742760321692603,0.3820117441466858,0.372843462287166,0.0,dissolved
0.02125,53,0.018867924528301886,0.746266312876328,0.02400000000000002,0.22315331465806343,0.0,0.389262995280547,0.39399088591148457,0.38453510464960944,0.0,dissolved
0.02125,54,0.018518518518518517,0.7396773815225959,0.02400000000000002,0.22983649416430885,0.0,0.4021723663320869,0.4070570509434074,0.39728768172076623,0.0,dissolved
0.02125,55,0.01818181818181818,0.7331685208574867,0.02400000000000002,0.2371249336777685,0.0,0.4162531724473811,0.42130887899532443,0.41119746589943734,0.0,dissolved
0.02125,56,0.017857142857142856,0.7267402295713808,0.02400000000000002,0.24507365545406776,0.0,0.43161171315900265,0.43685396068724913,0.42636946563075584,0.0,dissolved
0.02125,57,0.017543859649122806,0.7203928093041521,0.02400000000000002,0.253742666385031,0.0,0.44836393393806223,0.4538096497348803,0.44291821814124377,0.0,dissolved
0.02125,58,0.017241379310344827,0.7141263860945648,0.02400000000000002,0.26319741100574295,0.0,0.46663630149561275,0.4723039488821984,0.46096865410902643,0.0,dissolved
0.02125,59,0.01694915254237288,0.7079409297714696,0.02400000000000002,0.27350926555173727,0.0,0.4865667585115313,0.49247647622624546,0.48065704079681637,0.0,dissolved
0.02125,60,0.016666666666666666,0.7018362714764412,0.02400000000000002,0.28475607679607695,0.0,0.5083057649983638,0.5144795192291132,0.5021320107676146,0.0,dissolved
0.02125,61,0.01639344262295082,0.6958121194912221,0.02400000000000002,0.29702274973414433,0.0,0.5320174341616494,0.5384791843741384,0.5255556839491597,0.0,dissolved
0.02125,62,0.016129032258064516,0.6898680735282592,0.02400000000000002,0.3104018885527231,0.0,0.5578807713316191,0.5646566511453631,0.5511048915178747,0.0,dissolved
0.02125,63,0.015873015873015872,0.6840036376283989,0.02400000000000002,0.32499449572219646,0.0,0.5860910253192746,0.593209539796836,0.5789725108417126,0.0,dissolved
0.02125,64,0.015625,0.6782182317969141,0.02400000000000002,0.340910734489501,0.0,0.6168611623985704,0.6243534032374191,0.6093689215597216,0.0,dissolved
0.02125,65,0.015384615384615385,0.6725112024969713,0.02400000000000002,0.3582707605280715,0.0,0.6504234740421657,0.6583233542936896,0.6425235937906415,0.0,dissolved
0.02125,66,0.015151515151515152,0.6668818321087359,0.02400000000000002,0.377205629023119,0.0,0.687031330547938,0.6953758406355643,0.6786868204603115,0.0,dissolved
0.02125,67,0.014925373134328358,0.6613293474521653,0.02400000000000002,0.39785828404005247,0.0,0.7269610937948321,0.7357905807639995,0.7181316068256642,0.0,dissolved
0.02125,68,0.014705882352941176,0.655852927462479,0.02400000000000002,0.42038463764503636,0.0,0.7705142035679097,0.779872675676021,0.7611557314597976,0.0,dissolved
0.02125,69,0.014492753623188406,0.6504517100988787,0.02400000000000002,0.44495474692423354,0.0,0.8180194532028,0.8279549121485821,0.8080839942570172,0.0,dissolved
0.02125,70,0.014285714285714285,0.6451247985594666,0.02400000000000002,0.4717540977873472,0.0,0.8698354717289501,0.8804002750293008,0.8592706684285988,0.0,dissolved
0.02125,71,0.014084507042253521,0.6398712668685116,0.02400000000000002,0.5009850052472176,0.001970010494435126,0.9263534312500051,0.9376046875000044,0.9151021750000052,0.0015657939535961753,dissolved
0.02125,72,0.013888888888888888,0.6346901648958398,0.02400000000000002,0.5328681407465329,0.06573628149306576,0.9880000000000054,1.0000000000000049,0.9760000000000055,0.06338870740838641,dissolved
0.0225,1,1.0,1.0,0.8260650438651997,0.9029714409661855,0.8059428819323711,0.5869674780674013,1.0000000000000093,0.173934956134802,0.082282063594188,crystallized
0.0225,2,0.5,1.0,0.582944900361115,0.8324942550796625,0.6649885101593249,0.7085275498194454,1.0000000000000069,0.4170550996388884,0.19650079835396345,crystallized
0.0225,3,0.3333333333333333,0.9999999999997904,0.44179255567076836,0.7798321746580767,0.5596643493161535,0.7791037221646234,1.000000000000009,0.5582074443292371,0.2433988636803911,productive
0.0225,4,0.25,0.9999999989897916,0.3542019668356948,0.7395213756969246,0.4790427513938491,0.8228990165821604,1.000000000000008,0.6457980331643113,0.254576044532813,productive
0.0225,5,0.2,0.9999998946877083,0.2882992109304511,0.6231422854652128,0.24628457093042555,0.7478781920323216,0.8738422004687563,0.621914183595886,0.10009941759492323,productive
0.0225,6,0.16666666666666666,0.9999980095545283,0.25286718427763344,0.6829502218997086,0.3659004437994171,0.8735664078611903,1.0000000000000089,0.7471328157223737,0.23881229023106948,productive
0.0225,7,0.14285714285714285,0.9999848702710878,0.21567117403507274,0.5835583311389283,0.1671166622778566,0.7796109138205118,0.8738422004687583,0.6853796271722692,0.07803004700920926,productive
0.0225,8,0.125,0.9999332302396285,0.1963843996260991,0.646076284617685,0.2921525692353699,0.9018078001869572,1.0000000000000098,0.8036156003739073,0.21172495846148523,productive
0.0225,9,0.1111111111111111,0.9997924998649104,0.17662336027264247,0.6322925017386658,0.2645850034773316,0.9116883198636861,1.0000000000000093,0.8233766397273645,0.1986141368225439,productive
0.0225,10,0.1,0.9994924712139436,0.15637639372196976,0.5466441960199102,0.09328839203982042,0.8055180544730689,0.8738422004687592,0.737193908477383,0.04840805558074665,dissolved
0.0225,11,0.09090909090909091,0.9989535302746325,0.1356315509446412,0.4260869313801233,0.0,0.6353955611989625,0.6816201609943643,0.5891709614035617,0.0,dissolved
0.0225,12,0.08333333333333333,0.9980979426127404,0.1356315509446412,0.6025500708724199,0.2051001417448397,0.9321842245276871,1.0000000000000067,0.8643684490553663,0.16525956891395385,productive
0.0225,13,0.07692307692307693,0.9968585630378793,0.11437658908262405,0.39332480115654583,0.0,0.6068392243470488,0.6436483773308844,0.5700300713632125,0.0,dissolved
0.0225,14,0.07142857142857142,0.9951838190310288,0.11437658908262405,0.5185515624358353,0.03710312487167067,0.8238686553257227,0.8738422004687576,0.7738951101826868,0.020672051819246938,dissolved
0.0225,15,0.06666666666666667,0.9930393801316743,0.09259896422400005,0.30317015577625867,0.0,0.4753192051425295,0.49839461783573136,0.45224379244932633,0.0,dissolved
0.0225,16,0.0625,0.9904074979477991,0.09259896422400005,0.362706100932246,0.0,0.5808199821680609,0.6090171613352001,0.5526228030009203,0.0,dissolved
0.0225,17,0.058823529411764705,0.9872849986099358,0.09259896422400005,0.4480338913846833,0.0,0.7333055304314811,0.7689054547809284,0.697705606082032,0.0,dissolved
0.0225,18,0.05555555555555555,0.9836806832556286,0.09259896422400005,0.5707208546390828,0.14144170927816568,0.9537005178880085,1.0000000000000084,0.9074010357760083,0.12240207640184589,dissolved
0.0225,19,0.05263157894736842,0.9796126349734647,0.07028582400000005,0.2608765040175005,0.0,0.4230274685769508,0.4384353639913876,0.40761957316251357,0.0,dissolved
0.0225,20,0.05,0.9751057193808106,0.07028582400000005,0.29257714039037047,0.0,0.48087957963985734,0.49839461783573225,0.4633645414439827,0.0,dissolved
0.0225,21,0.047619047619047616,0.9701894171762189,0.07028582400000005,0.33413073182320574,0.0,0.5571399625853731,0.5774326265667356,0.5368472986040095,0.0,dissolved
0.0225,22,0.045454545454545456,0.9648960326755942,0.07028582400000005,0.38869457994057466,0.0,0.6576660436591134,0.6816201609943624,0.6337119263238626,0.0,dissolved
0.0225,23,0.043478260869565216,0.9592592681774077,0.07028582400000005,0.4604300506215853,0.0,0.7901790548154306,0.8189596828825185,0.7613984267483429,0.0,dissolved
0.0225,24,0.041666666666666664,0.953313126638417,0.07028582400000005,0.5548222227500792,0.1096444455001584,0.9648570880000088,1.0000000000000075,0.9297141760000087,0.09835559730283427,dissolved
0.0225,25,0.04,0.9470910943469678,0.04742400000000002,0.2043521901865565,0.0,0.34062984495444537,0.34890303368928477,0.33235665621960525,0.0,dissolved
0.0225,26,0.038461538461538464,0.9406255539904451,0.04742400000000002,0.21479054141268764,0.0,0.36015645799501755,0.36890390744843365,0.3514090085416006,0.0,dissolved
0.0225,27,0.037037037037037035,0.9339473821720392,0.04742400000000002,0.2272906599698457,0.0,0.3836318813784068,0.392949499920521,0.37431426283629143,0.0,dissolved
0.0225,28,0.03571428571428571,0.9270856912663876,0.04742400000000002,0.242273813753461,0.0,0.41185467157168376,0.42185776284424525,0.401851580299121,0.0,dissolved
0.0225,29,0.034482758620689655,0.9200676819218311,0.04742400000000002,0.26024612713180595,0.0,0.4457848748010466,0.45661205996698256,0.4349576896351096,0.0,dissolved
0.0225,30,0.03333333333333333,0.9129185786715375,0.04742400000000002,0.28181576747527964,0.0,0.48657668465761145,0.4983946178357308,0.4747587514794906,0.0,dissolved
0.0225,31,0.03225806451612903,0.9056616266084568,0.04742400000000002,0.3077136059210715,0.0,0.5356177039561383,0.5486267412445276,0.5226086666677481,0.0,dissolved
0.0225,32,0.03125,0.8983181317703235,0.04742400000000002,0.33881805495443196,0.0,0.5945761464056208,0.6090171613351991,0.5801351314760407,0.0,dissolved
0.0225,33,0.030303030303030304,0.8909075317708781,0.04742400000000002,0.3761849274934039,0.0,0.6654575837368659,0.6816201609943626,0.6492950064793677,0.0,dissolved
0.0225,34,0.029411764705882353,0.8834474863712909,0.04742400000000002,0.42108333300117895,0.0,0.7506731686371644,0.7689054547809285,0.732440882493399,0.0,dissolved
0.0225,35,0.02857142857142857,0.8759539802081466,0.04742400000000002,0.4750388315308347,0.0,0.8531216542112429,0.8738422004687558,0.8324011079537279,0.0,dissolved
0.0225,36,0.027777777777777776,0.8684414318834667,0.04742400000000002,0.5398853135175071,0.07977062703501425,0.9762880000000087,1.0000000000000075,0.9525760000000089,0.07418576720729124,dissolved
0.0225,37,0.02702702702702703,0.8609228051738309,0.02400000000000002,0.1604143357817084,0.0,0.27651577688944584,0.279874268106726,0.2731572856721651,0.0,dissolved
0.0225,38,0.02631578947368421,0.8534097193143909,0.02400000000000002,0.16190121518927245,0.0,0.2793629033079638,0.2827559750080601,0.27596983160786703,0.0,dissolved
0.0225,39,0.02564102564102564,0.8459125562311827,0.02400000000000002,0.16352785889040738,0.0,0.28248466687641616,0.2859156547332143,0.27905367901961775,0.0,dissolved
0.0225,40,0.025,0.8384405632911975,0.02400000000000002,0.1653080708626424,0.0,0.2859075594160424,0.28938012086643927,0.28243499796564514,0.0,dissolved
0.0225,41,0.024390243902439025,0.8310019506624012,0.02400000000000002,0.16725695829020232,0.0,0.2896606281801947,0.29317877346173504,0.2861424828986539,0.0,dissolved
0.0225,42,0.023809523809523808,0.8236039827641435,0.02400000000000002,0.16939105976616625,0.0,0.2937757223543153,0.29734384853675594,0.2902075961718743,0.0,dissolved
0.0225,43,0.023255813953488372,0.8162530635729409,0.02400000000000002,0.1717284856418038,0.0,0.2982877633335876,0.30191069163318546,0.2946648350339894,0.0,dissolved
0.0225,44,0.022727272727272728,0.8089548157536728,0.02400000000000002,0.17428907171412517,0.0,0.30323504107188654,0.306918057765067,0.29955202437870576,0.0,dissolved
0.0225,45,0.022222222222222223,0.801714153730813,0.02400000000000002,0.17709454755585652,0.0,0.3086595390168982,0.31240844030050363,0.3049106377332922,0.0,dissolved
0.0225,46,0.021739130434782608,0.7945353509131267,0.02400000000000002,0.1801687209163228,0.0,0.31460729038885765,0.318428431567669,0.31078614921004555,0.0,dissolved
0.0225,47,0.02127659574468085,0.7874221013498609,0.02400000000000002,0.18353767975809324,0.0,0.3211287688263561,0.3250291182452991,0.3172284194074125,0.0,dissolved
0.0225,48,0.020833333333333332,0.78037757613542,0.02400000000000002,0.18723001364390693,0.0,0.3282793167142961,0.33226651489301173,0.32429211853558,0.0,dissolved
0.0225,49,0.02040816326530612,0.7734044748999146,0.02400000000000002,0.19127705635260842,0.0,0.33611961482886543,0.34020203930047044,0.3320371903572598,0.0,dissolved
0.0225,50,0.02,0.7665050727296459,0.02400000000000002,0.19571315178296927,0.0,0.34471619728501435,0.348903033689285,0.34052936088074315,0.0,dissolved
0.0225,51,0.0196078431372549,0.759681262858714,0.02400000000000002,0.2005759454019076,0.0,0.35414201615637086,0.35844333619065805,0.3498406961220832,0.0,dissolved
0.0225,52,0.019230769230769232,0.7529345954633263,0.02400000000000002,0.20590670371037656,0.0,0.36447706055905343,0.3689039074484338,0.3600502136696724,0.0,dissolved
0.0225,53,0.018867924528301886,0.746266312876328,0.02400000000000002,0.21175066443797386,0.0,0.3758090354530338,0.3803735176650131,0.3712445532410537,0.0,dissolved
0.0225,54,0.018518518518518517,0.7396773815225959,0.02400000000000002,0.2181574204380749,0.0,0.38823410592147556,0.39294949992052075,0.38351871192242926,0.0,dissolved
0.0225,55,0.01818181818181818,0.7331685208574867,0.02400000000000002,0.2251813405412955,0.0,0.4018577132441276,0.4067385761580224,0.39697685033023117,0.0,dissolved
0.0225,56,0.017857142857142856,0.7267402295713808,0.02400000000000002,0.23288203093871734,0.0,0.41679546969011544,0.42185776284424475,0.41173317653598435,0.0,dissolved
0.0225,57,0.017543859649122806,0.7203928093041521,0.02400000000000002,0.24132484101025062,0.0,0.4331741396234918,0.43843536399138683,0.4279129152555951,0.0,dissolved
0.0225,58,0.017241379310344827,0.7141263860945648,0.02400000000000002,0.25058141789068433,0.0,0.4511327152473797,0.4566120599669819,0.4456533705277758,0.0,dissolved
0.0225,59,0.01694915254237288,0.7079409297714696,0.02400000000000002,0.2607303144795661,0.0,0.47082359611565416,0.47654210133163183,0.4651050908996745,0.0,dissolved
0.0225,60,0.016666666666666666,0.7018362714764412,0.02400000000000002,0.27185765605458256,0.0,0.4924138824217033,0.49839461783573036,0.48643314700767454,0.0,dissolved
0.0225,61,0.01639344262295082,0.6958121194912221,0.02400000000000002,0.2840578711454432,0.0,0.516086793039339,0.5223550536835395,0.5098185323951364,0.0,dissolved
0.0225,62,0.016129032258064516,0.6898680735282592,0.02400000000000002,0.2974344928705848,0.0,0.5420432203495944,0.5486267412445263,0.5354596994546602,0.0,dissolved
0.0225,63,0.015873015873015872,0.6840036376283989,0.02400000000000002,0.3121010375369781,0.0,0.5705034350479362,0.5774326265667349,0.5635742435291355,0.0,dissolved
0.0225,64,0.015625,0.6782182317969141,0.02400000000000002,0.32818196795898213,0.0,0.6017089553991789,0.6090171613351989,0.5944007494631566,0.0,dissolved
0.0225,65,0.015384615384615385,0.6725112024969713,0.02400000000000002,0.34581374967114376,0.0,0.6359245968029152,0.6436483773308829,0.6282008162749448,0.0,dissolved
0.0225,66,0.015151515151515152,0.6668818321087359,0.02400000000000002,0.3651460089981358,0.0,0.6734407190624324,0.6816201609943622,0.6652612771305002,0.0,dissolved
0.0225,67,0.014925373134328358,0.6613293474521653,0.02400000000000002,0.3863428028094179,0.0,0.7145756904278194,0.7232547473965758,0.7058966334590605,0.0,dissolved
0.0225,68,0.014705882352941176,0.655852927462479,0.02400000000000002,0.40958401073398093,0.0,0.7596785893235594,0.7689054547809278,0.7504517238661883,0.0,dissolved
0.0225,69,0.014492753623188406,0.6504517100988787,0.02400000000000002,0.4350668616497378,0.0,0.8091321666879295,0.8189596828825169,0.7993046504933394,0.0,dissolved
0.0225,70,0.014285714285714285,0.6451247985594666,0.02400000000000002,0.4630076074016211,0.0,0.8633560940631336,0.8738422004687558,0.8528699876575088,0.0,dissolved
0.0225,71,0.014084507042253521,0.6398712668685116,0.02400000000000002,0.49364335795183995,0.0,0.9228105250000092,0.9340187500000061,0.9116023000000093,0.0,dissolved
0.0225,72,0.013888888888888888,0.6346901648958398,0.02400000000000002,0.5272340935357017,0.05446818707140344,0.9880000000000096,1.0000000000000067,0.9760000000000097,0.05252301917471087,dissolved
0.02375,1,1.0,1.0,0.8260650438651997,0.8932285548137239,0.7864571096274477,0.5869674780673977,0.9999999999999845,0.17393495613479798,0.08029267998906844,crystallized
0.02375,2,0.5,1.0,0.582944900361115,0.8178735828974607,0.6357471657949214,0.7085275498194332,0.9999999999999865,0.41705509963887927,0.18786012648554387,crystallized
0.02375,3,0.3333333333333333,0.9999999999997904,0.44179255567076836,0.762928322970966,0.525856645941932,0.7791037221646051,0.999999999999986,0.5582074443292251,0.2286958428519382,productive
0.02375,4,0.25,0.9999999989897916,0.3542019668356948,0.7217463265315847,0.4434926530631693,0.8228990165821406,0.9999999999999867,0.6457980331642981,0.23568377784168476,productive
0.02375,5,0.2,0.9999998946877083,0.2882992109304511,0.6030377315038036,0.20607546300760715,0.7423093677111996,0.8673354273730365,0.6172833080493647,0.08189980070424656,productive
0.02375,6,0.16666666666666666,0.9999980095545283,0.25286718427763344,0.6653994747562084,0.33079894951241684,0.8735664078611718,0.9999999999999872,0.747132815722358,0.21590259339065881,productive
0.02375,7,0.14285714285714285,0.9999848702710878,0.21567117403507274,0.5643911035883273,0.12878220717665467,0.7738058024211589,0.867335427373034,0.680276177469281,0.05879768061387016,dissolved
0.02375,8,0.125,0.9999332302396285,0.1963843996260991,0.629711027984998,0.259422055969996,0.9018078001869388,0.9999999999999847,0.8036156003738901,0.1880049323817041,productive
0.02375,9,0.1111111111111111,0.9997924998649104,0.17662336027264247,0.616609798230847,0.2332195964616941,0.9116883198636667,0.9999999999999845,0.8233766397273462,0.1750692905212474,productive
0.02375,10,0.1,0.9994924712139436,0.15637639372196976,0.5293912616980936,0.05878252339618717,0.7995200342330866,0.8673354273730329,0.7317046410931368,0.029826374861571147,dissolved
0.02375,11,0.09090909090909091,0.9989535302746325,0.1356315509446412,0.4077022647440655,0.0,0.6229367098491948,0.6682549365870507,0.5776184831113366,0.0,dissolved
0.02375,12,0.08333333333333333,0.9980979426127404,0.1356315509446412,0.5888411654954679,0.1776823309909359,0.9321842245276675,0.9999999999999857,0.8643684490553469,0.14316765056026795,productive
0.02375,13,0.07692307692307693,0.9968585630378793,0.11437658908262405,0.37582182067949566,0.0,0.5934664094977044,0.6294644053119558,0.5574684136834517,0.0,dissolved
0.02375,14,0.07142857142857142,0.9951838190310288,0.11437658908262405,0.5035530722286363,0.007106144457272645,0.8177339934863125,0.8673354273730343,0.7681325595995876,0.00387141157416372,dissolved
0.02375,15,0.06666666666666667,0.9930393801316743,0.09259896422400005,0.28728496511361923,0.0,0.46087538359022007,0.48324958930592077,0.43850117787451875,0.0,dissolved
0.02375,16,0.0625,0.9904074979477991,0.09259896422400005,0.3463396171201471,0.0,0.5667569928467445,0.5942714533718048,0.5392425323216838,0.0,dissolved
0.02375,17,0.058823529411764705,0.9872849986099358,0.09259896422400005,0.43286198192609643,0.0,0.7230360054381877,0.7581373731864729,0.6879346376899014,0.0,dissolved
0.02375,18,0.05555555555555555,0.9836806832556286,0.09259896422400005,0.5600017810703959,0.12000356214079178,0.9537005178879873,0.9999999999999852,0.9074010357759875,0.10384974316707682,dissolved
0.02375,19,0.05263157894736842,0.9796126349734647,0.07028582400000005,0.24698830577994474,0.0,0.40927791972217187,0.4241850164261547,0.3943708230181888,0.0,dissolved
0.02375,20,0.05,0.9751057193808106,0.07028582400000005,0.27792417790980645,0.0,0.4662667915149069,0.4832495893059209,0.44928399372389266,0.0,dissolved
0.02375,21,0.047619047619047616,0.9701894171762189,0.07028582400000005,0.31914985255443706,0.0,0.5425800773152305,0.5623424277681527,0.5228177268623077,0.0,dissolved
0.02375,22,0.045454545454545456,0.9648960326755942,0.07028582400000005,0.3741744954811767,0.0,0.644770512157007,0.6682549365870507,0.6212860877269624,0.0,dissolved
0.02375,23,0.043478260869565216,0.9592592681774077,0.07028582400000005,0.4476965452622331,0.0,0.7816128046049503,0.8100814248306074,0.7531441843792933,0.0,dissolved
0.02375,24,0.041666666666666664,0.953313126638417,0.07028582400000005,0.5460071532455467,0.09201430649109343,0.9648570879999864,0.9999999999999878,0.9297141759999871,0.08254063426609132,dissolved
0.02375,25,0.04,0.9470910943469678,0.04742400000000002,0.19391850712604555,0.0,0.3301116283789387,0.338129351563205,0.3220939051946721,0.0,dissolved
0.02375,26,0.038461538461538464,0.9406255539904451,0.04742400000000002,0.2037294937394189,0.0,0.3486014315260641,0.35706823347830186,0.3401346295738267,0.0,dissolved
0.02375,27,0.037037037037037035,0.9339473821720392,0.04742400000000002,0.21560866067224835,0.0,0.37106466908778,0.3800770562454723,0.36205228193008737,0.0,dissolved
0.02375,28,0.03571428571428571,0.9270856912663876,0.04742400000000002,0.23000418830418226,0.0,0.39835522690167047,0.4080304448089811,0.38868000899436006,0.0,dissolved
0.02375,29,0.034482758620689655,0.9200676819218311,0.04742400000000002,0.24746026009708766,0.0,0.4315104897504515,0.4419909798650101,0.4210299996358925,0.0,dissolved
0.02375,30,0.03333333333333333,0.9129185786715375,0.04742400000000002,0.26863771971198375,0.0,0.4717907750442989,0.4832495893059209,0.4603319607826771,0.0,dissolved
0.02375,31,0.03225806451612903,0.9056616266084568,0.04742400000000002,0.2943391657254696,0.0,0.5207272407497248,0.5333746197328305,0.5080798617666199,0.0,dissolved
0.02375,32,0.03125,0.8983181317703235,0.04742400000000002,0.3255394376175269,0.0,0.580180088669452,0.5942714533718048,0.5660887239670999,0.0,dissolved
0.02375,33,0.030303030303030304,0.8909075317708781,0.04742400000000002,0.363422651665288,0.0,0.6524092755306982,0.668254936587051,0.6365636144743462,0.0,dissolved
0.02375,34,0.029411764705882353,0.8834474863712909,0.04742400000000002,0.409427194380745,0.0,0.7401604197934747,0.7581373731864729,0.7221834664004776,0.0,dissolved
0.02375,35,0.02857142857142857,0.8759539802081466,0.04742400000000002,0.4653003836399032,0.0,0.8467691697191653,0.867335427373036,0.8262029120652963,0.0,dissolved
0.02375,36,0.027777777777777776,0.8684414318834667,0.04742400000000002,0.5331648751659259,0.06632975033185184,0.9762879999999861,0.9999999999999863,0.952575999999987,0.0616859062029974,dissolved
0.02375,37,0.02702702702702703,0.8609228051738309,0.02400000000000002,0.15438453759503448,0.0,0.271567847764067,0.2748662426761818,0.268269452851953,0.0,dissolved
0.02375,38,0.02631578947368421,0.8534097193143909,0.02400000000000002,0.15568889662918522,0.0,0.2740792819162914,0.277408180077218,0.2707503837553649,0.0,dissolved
0.02375,39,0.02564102564102564,0.8459125562311827,0.02400000000000002,0.1571238098629334,0.0,0.276847445984849,0.28020996557171,0.2734849263979886,0.0,dissolved
0.02375,40,0.025,0.8384405632911975,0.02400000000000002,0.1587028812446987,0.0,0.27989858403824647,0.2832981619820314,0.2764990060944622,0.0,dissolved
0.02375,41,0.024390243902439025,0.8310019506624012,0.02400000000000002,0.1604410814396921,0.0,0.2832616229298469,0.28670204749984524,0.2798211983598488,0.0,dissolved
0.02375,42,0.023809523809523808,0.8236039827641435,0.02400000000000002,0.1623548897619521,0.0,0.2869684465440137,0.29045389326317167,0.28348299982485564,0.0,dissolved
0.02375,43,0.023255813953488372,0.8162530635729409,0.02400000000000002,0.1644624504093926,0.0,0.29105419807690946,0.2945892693086128,0.2875191268452061,0.0,dissolved
0.02375,44,0.022727272727272728,0.8089548157536728,0.02400000000000002,0.1667837444830769,0.0,0.2955576132177758,0.2991473817993682,0.2919678446361833,0.0,dissolved
0.02375,45,0.022222222222222223,0.801714153730813,0.02400000000000002,0.16934077942157538,0.0,0.3005213873894788,0.3041714447261934,0.2968713300527646,0.0,dissolved
0.02375,46,0.021739130434782608,0.7945353509131267,0.02400000000000002,0.17215779764637712,0.0,0.3059925805300093,0.30970908960527277,0.30227607145474605,0.0,dissolved
0.02375,47,0.02127659574468085,0.7874221013498609,0.02400000000000002,0.175261506396448,0.0,0.31202306325253715,0.31581281705722447,0.30823330944785066,0.0,dissolved
0.02375,48,0.020833333333333332,0.78037757613542,0.02400000000000002,0.17868133093092795,0.0,0.31867000861392514,0.32254049454850736,0.31479952267934314,0.0,dissolved
0.02375,49,0.02040816326530612,0.7734044748999146,0.02400000000000002,0.18244969350050103,0.0,0.3259964341539951,0.32995590501416533,0.3220369632938251,0.0,dissolved
0.02375,50,0.02,0.7665050727296459,0.02400000000000002,0.18660232073226846,0.0,0.3340717993444468,0.338129351563206,0.3300142471256883,0.0,dissolved
0.02375,51,0.0196078431372549,0.759681262858714,0.02400000000000002,0.19117858234234994,0.0,0.3429726641116522,0.3471383239996484,0.33880700422365634,0.0,dissolved
0.02375,52,0.019230769230769232,0.7529345954633263,0.02400000000000002,0.1962218643874331,0.0,0.3527834146765619,0.357068233478302,0.34849859587482224,0.0,dissolved
0.02375,53,0.018867924528301886,0.746266312876328,0.02400000000000002,0.2017799805939483,0.0,0.36359706359318256,0.3680132222603062,0.35918090492605886,0.0,dissolved
0.02375,54,0.018518518518518517,0.7396773815225959,0.02400000000000002,0.20790562566454993,0.0,0.37551613157052705,0.38007705624547294,0.3709552068955814,0.0,dissolved
0.02375,55,0.01818181818181818,0.7331685208574867,0.02400000000000002,0.21465687485955404,0.0,0.3886536194383089,0.3933741087432277,0.38393313013339,0.0,dissolved
0.02375,56,0.017857142857142856,0.7267402295713808,0.02400000000000002,0.22209773458970408,0.0,0.403134079471273,0.408030444808981,0.39823771413356507,0.0,dissolved
0.02375,57,0.017543859649122806,0.7203928093041521,0.02400000000000002,0.23029874924025714,0.0,0.4190947962290405,0.4241850164261548,0.41400457603192653,0.0,dissolved
0.02375,58,0.017241379310344827,0.7141263860945648,0.02400000000000002,0.23933766997948885,0.0,0.43668708810663,0.4419909798650101,0.43138319634824956,0.0,dissolved
0.02375,59,0.01694915254237288,0.7079409297714696,0.02400000000000002,0.24930019189238442,0.0,0.4560777419352364,0.4616171477077294,0.45053833616274347,0.0,dissolved
0.02375,60,0.016666666666666666,0.7018362714764412,0.02400000000000002,0.26028076642802794,0.0,0.4774505942342493,0.4832495893059211,0.471651599162578,0.0,dissolved
0.02375,61,0.01639344262295082,0.6958121194912221,0.02400000000000002,0.27238349686325447,0.0,0.5010082741058546,0.5070933948439831,0.49492315336772663,0.0,dissolved
0.02375,62,0.016129032258064516,0.6898680735282592,0.02400000000000002,0.2857231252721573,0.0,0.5269741242960354,0.5333746197328295,0.5205736288592412,0.0,dissolved
0.02375,63,0.015873015873015872,0.6840036376283989,0.02400000000000002,0.3004261203585942,0.0,0.5555943186349345,0.5623424277681526,0.5488462095017167,0.0,dissolved
0.02375,64,0.015625,0.6782182317969141,0.02400000000000002,0.31663187646507585,0.0,0.5871401959313425,0.5942714533718042,0.5800089384908809,0.0,dissolved
0.02375,65,0.015384615384615385,0.6725112024969713,0.02400000000000002,0.3344940351254581,0.0,0.6219108324482115,0.6294644053119554,0.6143572595844682,0.0,dissolved
0.02375,66,0.015151515151515152,0.6668818321087359,0.02400000000000002,0.35418194169064704,0.0,0.6602358773480064,0.6682549365870507,0.6522168181089618,0.0,dissolved
0.02375,67,0.014925373134328358,0.6613293474521653,0.02400000000000002,0.37588225083711835,0.0,0.7024786779898254,0.7110108076820092,0.6939465482976415,0.0,dissolved
0.02375,68,0.014705882352941176,0.655852927462479,0.02400000000000002,0.3998006961795514,0.0,0.7490397247082352,0.7581373731864727,0.7399420762299979,0.0,dissolved
0.02375,69,0.014492753623188406,0.6504517100988787,0.02400000000000002,0.426164040764713,0.0,0.8003604477326397,0.8100814248306063,0.7906394706346727,0.0,dissolved
0.02375,70,0.014285714285714285,0.6451247985594666,0.02400000000000002,0.4552222269385833,0.0,0.8569274022445587,0.8673354273730347,0.8465193771160824,0.0,dissolved
0.02375,71,0.014084507042253521,0.6398712668685116,0.02400000000000002,0.4872507459689245,0.0,0.9192768812499873,0.930442187499987,0.9081115749999877,0.0,dissolved
0.02375,72,0.013888888888888888,0.6346901648958398,0.02400000000000002,0.5225532498889166,0.04510649977783321,0.9879999999999866,0.999999999999986,0.975999999999987,0.04349565645776545,dissolved
0.025,1,1.0,1.0,0.8260650438651997,0.883223119141852,0.7664462382837041,0.5869674780673995,0.9999999999999934,0.17393495613479942,0.07824968683733063,crystallized
0.025,2,0.5,1.0,0.582944900361115,0.803231433991213,0.606462867982426,0.7085275498194415,0.9999999999999951,0.41705509963888365,0.17920676208679984,crystallized
0.025,3,0.3333333333333333,0.9999999999997904,0.44179255567076836,0.7463563557350261,0.49271271147005224,0.779103722164614,0.999999999999994,0.558207444329229,0.21428149611320743,productive
0.025,4,0.25,0.9999999989897916,0.3542019668356948,0.7046350446789351,0.40927008935787024,0.8228990165821489,0.9999999999999942,0.6457980331643023,0.21749699831832378,productive
0.025,5,0.2,0.9999998946877083,0.2882992109304511,0.5839666961466694,0.1679333922933388,0.7367842201938457,0.8608796874999953,0.6126887528876935,0.06526190484212398,productive
0.025,6,0.16666666666666666,0.9999980095545283,0.25286718427763344,0.6489937384708353,0.2979874769416706,0.8735664078611785,0.9999999999999948,0.7471328157223613,0.19448752532157654,productive
0.025,7,0.14285714285714285,0.9999848702710878,0.21567117403507274,0.5465596237008813,0.09311924740176258,0.7680462210469621,0.8608796874999955,0.675212754593925,0.041572860895863345,dissolved
0.025,8,0.125,0.9999332302396285,0.1963843996260991,0.6147534912604893,0.22950698252097856,0.9018078001869458,0.9999999999999938,0.8036156003738969,0.16632527472905784,productive
0.025,9,0.1111111111111111,0.9997924998649104,0.17662336027264247,0.6024087089806018,0.20481741796120367,0.9116883198636728,0.9999999999999953,0.8233766397273525,0.15374882982765178,productive
0.025,10,0.1,0.9994924712139436,0.15637639372196976,0.5136561551853507,0.027312310370701365,0.7935690570201213,0.8608796874999937,0.726258426540249,0.013551170499152176,dissolved
0.025,11,0.09090909090909091,0.9989535302746325,0.1356315509446412,0.39091232467226056,0.0,0.6108324180945436,0.6552700657469738,0.5663947704421144,0.0,dissolved
0.025,12,0.08333333333333333,0.9980979426127404,0.1356315509446412,0.5766994293035447,0.15339885860708935,0.9321842245276726,0.9999999999999946,0.8643684490553538,0.12360122733038967,dissolved
0.025,13,0.07692307692307693,0.9968585630378793,0.11437658908262405,0.3599204718394759,0.0,0.5805421854417503,0.6157562343366436,0.5453281365468579,0.0,dissolved
0.025,14,0.07142857142857142,0.9951838190310288,0.11437658908262405,0.49008187353799754,0.0,0.811647446366611,0.8608796874999949,0.7624152052332294,0.0,dissolved
0.025,15,0.06666666666666667,0.9930393801316743,0.09259896422400005,0.27303254654472636,0.0,0.4472776922691214,0.4689917682540771,0.42556361628416695,0.0,dissolved
0.025,16,0.0625,0.9904074979477991,0.09259896422400005,0.3315422668549161,0.0,0.5532369033441281,0.5800950014888216,0.5263788051994361,0.0,dissolved
0.025,17,0.058823529411764705,0.9872849986099358,0.09259896422400005,0.4191724366711394,0.0,0.7129534361453894,0.7475653234667927,0.6783415488239873,0.0,dissolved
0.025,18,0.05555555555555555,0.9836806832556286,0.09259896422400005,0.5507669236444878,0.10153384728897552,0.9537005178879938,0.9999999999999956,0.9074010357759945,0.08786625809786149,dissolved
0.025,19,0.05263157894736842,0.9796126349734647,0.07028582400000005,0.23466770561903655,0.0,0.3965360715624236,0.4109790729572016,0.3820930701676473,0.0,dissolved
0.025,20,0.05,0.9751057193808106,0.07028582400000005,0.2648137712326139,0.0,0.45251003181359867,0.46899176825407635,0.43602829537312143,0.0,dissolved
0.025,21,0.047619047619047616,0.9701894171762189,0.07028582400000005,0.305653697244562,0.0,0.5286555599646222,0.5479107388436611,0.5094003810855847,0.0,dissolved
0.025,22,0.045454545454545456,0.9648960326755942,0.07028582400000005,0.36105911380509537,0.0,0.6322419674901931,0.6552700657469744,0.6092138692334133,0.0,dissolved
0.025,23,0.043478260869565216,0.9592592681774077,0.07028582400000005,0.4362961832523073,0.0,0.7731582377506334,0.8013189179687461,0.7449975575325226,0.0,dissolved
0.025,24,0.041666666666666664,0.953313126638417,0.07028582400000005,0.5385283258442743,0.0770566516885487,0.9648570879999933,0.9999999999999956,0.9297141759999936,0.06912299996968269,dissolved
0.025,25,0.04,0.9470910943469678,0.04742400000000002,0.1848894012593017,0.0,0.32071594443164075,0.32850546604243946,0.3129264228208423,0.0,dissolved
0.025,26,0.038461538461538464,0.9406255539904451,0.04742400000000002,0.1940940586716184,0.0,0.3381706572314713,0.3463841174238256,0.32995719703911763,0.0,dissolved
0.025,27,0.037037037037037035,0.9339473821720392,0.04742400000000002,0.20536234148730714,0.0,0.35960046553537395,0.3683344110911683,0.3508665199795801,0.0,dissolved
0.025,28,0.03571428571428571,0.9270856912663876,0.04742400000000002,0.2191674022816047,0.0,0.38591064830426325,0.39528361334387396,0.3765376832646533,0.0,dissolved
0.025,29,0.034482758620689655,0.9200676819218311,0.04742400000000002,0.23608986560781314,0.0,0.41821265061411567,0.42837016394149663,0.4080551372867349,0.0,dissolved
0.025,30,0.03333333333333333,0.9129185786715375,0.04742400000000002,0.25684232893559034,0.0,0.4578710354452358,0.4689917682540766,0.44675030263639515,0.0,dissolved
0.025,31,0.03225806451612903,0.9056616266084568,0.04742400000000002,0.28229944160817944,0.0,0.5065611281622898,0.5188644418064048,0.49425781451817646,0.0,dissolved
0.025,32,0.03125,0.8983181317703235,0.04742400000000002,0.31353483221918066,0.0,0.5663397888135177,0.5800950014888215,0.5525845761382148,0.0,dissolved
0.025,33,0.030303030303030304,0.8909075317708781,0.04742400000000002,0.3518664441421104,0.0,0.6397323019479815,0.6552700657469746,0.6241945381489891,0.0,dissolved
0.025,34,0.029411764705882353,0.8834474863712909,0.04742400000000002,0.39891219416547025,0.0,0.7298390545167475,0.7475653234667932,0.7121127855667025,0.0,dissolved
0.025,35,0.02857142857142857,0.8759539802081466,0.04742400000000002,0.45665830529861445,0.0,0.840466508349995,0.8608796874999967,0.8200533291999949,0.0,dissolved
0.025,36,0.027777777777777776,0.8684414318834667,0.04742400000000002,0.5275432002425782,0.05508640048515634,0.9762879999999944,0.999999999999995,0.9525759999999942,0.05122971994297448,dissolved
0.025,37,0.02702702702702703,0.8609228051738309,0.02400000000000002,0.14936983518571384,0.0,0.26743951461364873,0.2706877678275797,0.26419126139971744,0.0,dissolved
0.025,38,0.02631578947368421,0.8534097193143909,0.02400000000000002,0.15051145270057886,0.0,0.26964766162177156,0.2729227344349916,0.26637258880855125,0.0,dissolved
0.025,39,0.02564102564102564,0.8459125562311827,0.02400000000000002,0.1517743013316682,0.0,0.27209436190778036,0.2753991517285229,0.26878957208703774,0.0,dissolved
0.025,40,0.025,0.8384405632911975,0.02400000000000002,0.15317168296795614,0.0,0.27480538715543557,0.27814310440833595,0.27146766990253524,0.0,dissolved
0.025,41,0.024390243902439025,0.8310019506624012,0.02400000000000002,0.15471831656698284,0.0,0.27780929324702003,0.28118349518929175,0.27443509130474814,0.0,dissolved
0.025,42,0.023809523809523808,0.8236039827641435,0.02400000000000002,0.15643049319318156,0.0,0.2811377210493298,0.28455234924021267,0.27772309285844693,0.0,dissolved
0.025,43,0.023255813953488372,0.8162530635729409,0.02400000000000002,0.1583262476155857,0.0,0.28482572969454834,0.2882851515127013,0.2813663078763956,0.0,dissolved
0.025,44,0.022727272727272728,0.8089548157536728,0.02400000000000002,0.1604255482723977,0.0,0.2889121658665357,0.29242122051268815,0.2854031112203831,0.0,dissolved
0.025,45,0.022222222222222223,0.801714153730813,0.02400000000000002,0.1627505076033619,0.0,0.29344007298231123,0.29700412245173247,0.28987602351289016,0.0,dissolved
0.025,46,0.021739130434782608,0.7945353509131267,0.02400000000000002,0.16532561496541956,0.0,0.29845714457873834,0.30208213014042407,0.29483215901705295,0.0,dissolved
0.025,47,0.02127659574468085,0.7874221013498609,0.02400000000000002,0.16817799458500943,0.0,0.30401622668004263,0.30770873145753347,0.300323721902552,0.0,dissolved
0.025,48,0.020833333333333332,0.78037757613542,0.02400000000000002,0.1713376912640804,0.0,0.3101758744377205,0.31394319275073,0.3064085561247115,0.0,dissolved
0.025,49,0.02040816326530612,0.7734044748999146,0.02400000000000002,0.17483798684923077,0.0,0.31700096890606166,0.3208511831033021,0.31315075470882187,0.0,dissolved
0.025,50,0.02,0.7665050727296459,0.02400000000000002,0.1787157507974208,0.0,0.32456340044992993,0.32850546604244035,0.3206213348574205,0.0,dissolved
0.025,51,0.0196078431372549,0.759681262858714,0.02400000000000002,0.18301182853084688,0.0,0.3329428259833022,0.3369866659750032,0.3288989859916019,0.0,dissolved
0.025,52,0.019230769230769232,0.7529345954633263,0.02400000000000002,0.18777147167161812,0.0,0.34222750801473945,0.3463841174238262,0.33807089860565326,0.0,dissolved
0.025,53,0.018867924528301886,0.746266312876328,0.02400000000000002,0.1930448146879968,0.0,0.3525152443376617,0.3567968060097799,0.34823368266554405,0.0,dissolved
0.025,54,0.018518518518518517,0.7396773815225959,0.02400000000000002,0.1988874029728362,0.0,0.3639143981580744,0.36833441109116866,0.3594943852249803,0.0,dissolved
0.025,55,0.01818181818181818,0.7331685208574867,0.02400000000000002,0.20536077791658738,0.0,0.3765450395103319,0.38111846104284625,0.3719716179778177,0.0,dissolved
0.025,56,0.017857142857142856,0.7267402295713808,0.02400000000000002,0.2125331251375991,0.0,0.3905402099837472,0.3952836133438742,0.38579680662362065,0.0,dissolved
0.025,57,0.017543859649122806,0.7203928093041521,0.02400000000000002,0.22047999269766524,0.0,0.40604732408171434,0.4109790729572012,0.4011155752062279,0.0,dissolved
0.025,58,0.017241379310344827,0.7141263860945648,0.02400000000000002,0.22928508686797,0.0,0.423229721974199,0.42837016394149785,0.418089280006901,0.0,dissolved
0.025,59,0.01694915254237288,0.7079409297714696,0.02400000000000002,0.23904115382741142,0.0,0.4422683899991125,0.4476400708493049,0.43689670914892087,0.0,dissolved
0.025,60,0.016666666666666666,0.7018362714764412,0.02400000000000002,0.2498509565804592,0.0,0.46336386703502785,0.46899176825407773,0.45773596581597886,0.0,dissolved
0.025,61,0.01639344262295082,0.6958121194912221,0.02400000000000002,0.26182835738464316,0.0,0.4867383568255159,0.49265015873027995,0.48082655492075255,0.0,dissolved
0.025,62,0.016129032258064516,0.6898680735282592,0.02400000000000002,0.2750995170891544,0.0,0.5126380685047269,0.5188644418064039,0.5064116952030502,0.0,dissolved
0.025,63,0.015873015873015872,0.6840036376283989,0.02400000000000002,0.2898042240174739,0.0,0.541335809977537,0.5479107388436613,0.5347608811114132,0.0,dissolved
0.025,64,0.015625,0.6782182317969141,0.02400000000000002,0.3060973663914705,0.0,0.5731338614709555,0.5800950014888213,0.5661727214530896,0.0,dissolved
0.025,65,0.015384615384615385,0.6725112024969713,0.02400000000000002,0.3241505638063717,0.0,0.6083671595246046,0.6157562343366443,0.6009780847125649,0.0,dissolved
0.025,66,0.015151515151515152,0.6668818321087359,0.02400000000000002,0.3441539749413198,0.0,0.6474068249580107,0.6552700657469749,0.639543584169047,0.0,dissolved
0.025,67,0.014925373134328358,0.6613293474521653,0.02400000000000002,0.36631830054656533,0.0,0.6906640719756353,0.6990527044287813,0.6822754395224899,0.0,dissolved
0.025,68,0.014705882352941176,0.655852927462479,0.02400000000000002,0.39087700280524934,0.0,0.7385945395851915,0.7475653234667934,0.7296237557035901,0.0,dissolved
0.025,69,0.014492753623188406,0.6504517100988787,0.02400000000000002,0.4180887644468424,0.0,0.7917030909531209,0.8013189179687465,0.782087263937496,0.0,dissolved
0.025,70,0.014285714285714285,0.6451247985594666,0.02400000000000002,0.4482402135146739,0.0,0.8505491312499958,0.8608796874999961,0.840218574999996,0.0,dissolved
0.025,71,0.014084507042253521,0.6398712668685116,0.02400000000000002,0.48164894248819135,0.0,0.9157524999999955,0.9268749999999958,0.9046299999999958,0.0,dissolved
0.025,72,0.013888888888888888,0.6346901648958398,0.02400000000000002,0.518666853561084,0.03733370712216799,0.987999999999995,0.9999999999999954,0.9759999999999953,0.03600044577342061,dissolved
0.02625,1,1.0,1.0,0.8260650438651997,0.8729882046428641,0.7459764092857282,0.5869674780674004,1.000000000000002,0.17393495613480114,0.07615983678823787,crystallized
0.02625,2,0.5,1.0,0.582944900361115,0.7886373954323611,0.5772747908647222,0.7085275498194431,1.000000000000004,0.4170550996388867,0.17058183042494385,crystallized
0.02625,3,0.3333333333333333,0.9999999999997904,0.44179255567076836,0.7301956086322999,0.46039121726459986,0.7791037221646171,1.0000000000000018,0.5582074443292345,0.20022482987804466,productive
0.02625,4,0.25,0.9999999989897916,0.3542019668356948,0.6882551483453583,0.37651029669071656,0.8228990165821539,1.0000000000000047,0.6457980331643083,0.20008757418519557,productive
0.02625,5,0.2,0.9999998946877083,0.2882992109304511,0.5659494389007652,0.13189887780153042,0.7313025205068209,0.8544747133105508,0.6081303277030948,0.0501226527791232,dissolved
0.02625,6,0.16666666666666666,0.9999980095545283,0.25286718427763344,0.6337481225360606,0.2674962450721212,0.8735664078611836,1.0000000000000049,0.7471328157223674,0.17458680905263552,productive
0.02625,7,0.14285714285714285,0.9999848702710878,0.21567117403507274,0.5300302604648505,0.060060520929700933,0.7623319310090644,0.8544747133105515,0.6701891487075801,0.02621982643320175,dissolved
0.02625,8,0.125,0.9999332302396285,0.1963843996260991,0.6011617245938434,0.20232344918768685,0.9018078001869532,1.0000000000000047,0.8036156003739031,0.14662518281855544,productive
0.02625,9,0.1111111111111111,0.9997924998649104,0.17662336027264247,0.5896224057244264,0.17924481144885274,0.9116883198636817,1.0000000000000049,0.8233766397273601,0.1345524237502111,productive
0.02625,10,0.1,0.9994924712139436,0.15637639372196976,0.49933910745082066,0.0,0.7876648762134907,0.8544747133105499,0.720855039116432,0.0,dissolved
0.02625,11,0.09090909090909091,0.9989535302746325,0.1356315509446412,0.37558596271291655,0.0,0.5990734891508311,0.642655682630085,0.5554912956715791,0.0,dissolved
0.02625,12,0.08333333333333333,0.9980979426127404,0.1356315509446412,0.5660021357517088,0.13200427150341754,0.9321842245276817,1.0000000000000056,0.8643684490553611,0.10636252524191094,dissolved
0.02625,13,0.07692307692307693,0.9968585630378793,0.11437658908262405,0.34546844415147165,0.0,0.5680526256946243,0.602509093179175,0.5335961582100751,0.0,dissolved
0.02625,14,0.07142857142857142,0.9951838190310288,0.11437658908262405,0.47798789804297076,0.0,0.8056087617276417,0.8544747133105512,0.7567428101447348,0.0,dissolved
0.02625,15,0.06666666666666667,0.9930393801316743,0.09259896422400005,0.2602387677548843,0.0,0.43447859759023355,0.45557131346892976,0.4133858817115385,0.0,dissolved
0.02625,16,0.0625,0.9904074979477991,0.09259896422400005,0.3181450199466467,0.0,0.5402401016647095,0.5664672415834375,0.5140129617459831,0.0,dissolved
0.02625,17,0.058823529411764705,0.9872849986099358,0.09259896422400005,0.4067968954408946,0.0,0.7030548976368312,0.7371862387091599,0.6689235565645042,0.0,dissolved
0.02625,18,0.05555555555555555,0.9836806832556286,0.09259896422400005,0.5428440663680824,0.08568813273616471,0.9537005178880019,1.000000000000003,0.9074010357760025,0.07415355359766175,dissolved
0.02625,19,0.05263157894736842,0.9796126349734647,0.07028582400000005,0.22372872769391558,0.0,0.3847304348296881,0.39874344046865606,0.370717429190721,0.0,dissolved
0.02625,20,0.05,0.9751057193808106,0.07028582400000005,0.2530644391438507,0.0,0.43956121088996575,0.45557131346892976,0.4235511083110028,0.0,dissolved
0.02625,21,0.047619047619047616,0.9701894171762189,0.07028582400000005,0.293464694704566,0.0,0.5153402477181966,0.5341104440517905,0.4965700513846036,0.0,dissolved
0.02625,22,0.045454545454545456,0.9648960326755942,0.07028582400000005,0.349172495931282,0.0,0.6200708905291147,0.6426556826300843,0.5974860984281457,0.0,dissolved
0.02625,23,0.043478260869565216,0.9592592681774077,0.07028582400000005,0.426051169684465,0.0,0.7648141863359817,0.7926709518415057,0.7369574208304597,0.0,dissolved
0.02625,24,0.041666666666666664,0.953313126638417,0.07028582400000005,0.5322035910508282,0.0644071821016563,0.9648570880000026,1.000000000000004,0.9297141760000025,0.05777590316867958,dissolved
0.02625,25,0.04,0.9470910943469678,0.04742400000000002,0.17707371513120637,0.0,0.31232548556264556,0.3199112204212755,0.3047397507040161,0.0,dissolved
0.02625,26,0.038461538461538464,0.9406255539904451,0.04742400000000002,0.1856945411396563,0.0,0.3287572863234418,0.33674211536292875,0.320772457283956,0.0,dissolved
0.02625,27,0.037037037037037035,0.9339473821720392,0.04742400000000002,0.1963644968755879,0.0,0.3491449887355125,0.35762499255907365,0.3406649849119516,0.0,dissolved
0.02625,28,0.03571428571428571,0.9270856912663876,0.04742400000000002,0.20957960091782496,0.0,0.37444096302914265,0.3835353533272387,0.3653465727310471,0.0,dissolved
0.02625,29,0.034482758620689655,0.9200676819218311,0.04742400000000002,0.22595503271425565,0.0,0.4058268594156401,0.41568354769867183,0.39597017113260913,0.0,dissolved
0.02625,30,0.03333333333333333,0.9129185786715375,0.04742400000000002,0.24625384455558427,0.0,0.4447688064839538,0.45557131346892976,0.43396629949897836,0.0,dissolved
0.02625,31,0.03225806451612903,0.9056616266084568,0.04742400000000002,0.2714225839768847,0.0,0.49308589842859263,0.5050619268377708,0.4811098700194153,0.0,dissolved
0.02625,32,0.03125,0.8983181317703235,0.04742400000000002,0.3026354903586551,0.0,0.5530351703510099,0.5664672415834372,0.5396030991185834,0.0,dissolved
0.02625,33,0.030303030303030304,0.8909075317708781,0.04742400000000002,0.34134933005559775,0.0,0.6274170310835594,0.6426556826300842,0.6121783795370349,0.0,dissolved
0.02625,34,0.029411764705882353,0.8834474863712909,0.04742400000000002,0.3893714313661733,0.0,0.7197060786168883,0.737186238709161,0.7022259185246171,0.0,dissolved
0.02625,35,0.02857142857142857,0.8759539802081466,0.04742400000000002,0.44894409728499174,0.0,0.8342134089085301,0.854474713310551,0.8139521045065106,0.0,dissolved
0.02625,36,0.027777777777777776,0.8684414318834667,0.04742400000000002,0.5228493390583027,0.04569867811660533,0.9762880000000036,1.0000000000000044,0.952576000000004,0.042499245931103095,dissolved
0.02625,37,0.02702702702702703,0.8609228051738309,0.02400000000000002,0.14520132452035356,0.0,0.26399665709938674,0.2672030942301487,0.26079021996862506,0.0,dissolved
0.02625,38,0.02631578947368421,0.8534097193143909,0.02400000000000002,0.14619832257082946,0.0,0.26593237401509223,0.2691623218776242,0.2627024261525608,0.0,dissolved
0.02625,39,0.02564102564102564,0.8459125562311827,0.02400000000000002,0.14730728950041544,0.0,0.26808854604475546,0.27134468223153435,0.264832409857977,0.0,dissolved
0.02625,40,0.025,0.8384405632911975,0.02400000000000002,0.14854113850376172,0.0,0.27049028040156264,0.2737755874509747,0.26720497335215093,0.0,dissolved
0.02625,41,0.024390243902439025,0.8310019506624012,0.02400000000000002,0.14991423694559688,0.0,0.27316554371140556,0.27648334383745576,0.269847743585356,0.0,dissolved
0.02625,42,0.023809523809523808,0.8236039827641435,0.02400000000000002,0.151442573659292,0.0,0.27614548766595115,0.27949948144327075,0.2727914938886319,0.0,dissolved
0.02625,43,0.023255813953488372,0.8162530635729409,0.02400000000000002,0.15314394512637278,0.0,0.2794648117637177,0.2828591212183379,0.2760705023090976,0.0,dissolved
0.02625,44,0.022727272727272728,0.8089548157536728,0.02400000000000002,0.15503816270490575,0.0,0.28316216736304256,0.2866013839706915,0.2797229507553941,0.0,dissolved
0.02625,45,0.022222222222222223,0.801714153730813,0.02400000000000002,0.1571472833198065,0.0,0.28728060775187303,0.29076984590270605,0.2837913696010405,0.0,dissolved
0.02625,46,0.021739130434782608,0.7945353509131267,0.02400000000000002,0.15949586630130752,0.0,0.29186808947514764,0.29541304602747787,0.288323132922818,0.0,dissolved
0.02625,47,0.02127659574468085,0.7874221013498609,0.02400000000000002,0.16211125936229523,0.0,0.2969780307573993,0.300585051373887,0.2933710101409127,0.0,dissolved
0.02625,48,0.020833333333333332,0.78037757613542,0.02400000000000002,0.16502391704454197,0.0,0.30266993352304633,0.3063460865617884,0.298993780484305,0.0,dissolved
0.02625,49,0.02040816326530612,0.7734044748999146,0.02400000000000002,0.16826775534193036,0.0,0.3090100762573875,0.31276323507832826,0.3052569174364477,0.0,dissolved
0.02625,50,0.02,0.7665050727296459,0.02400000000000002,0.1718805466300181,0.0,0.3160722857762198,0.3199112204212758,0.31223335113116457,0.0,dissolved
0.02625,51,0.0196078431372549,0.759681262858714,0.02400000000000002,0.17590435950065172,0.0,0.32393879689082616,0.32787327620529017,0.3200043175763627,0.0,dissolved
0.02625,52,0.019230769230769232,0.7529345954633263,0.02400000000000002,0.18038604862320537,0.0,0.3327012099785727,0.3367421153629284,0.32866030459421763,0.0,dissolved
0.02625,53,0.018867924528301886,0.746266312876328,0.02400000000000002,0.18537780033656298,0.0,0.34246155760939856,0.3466210097261122,0.3383021054926853,0.0,dissolved
0.02625,54,0.018518518518518517,0.7396773815225959,0.02400000000000002,0.19093774032490737,0.0,0.3533334926483647,0.3576249925590744,0.3490419927376559,0.0,dissolved
0.02625,55,0.01818181818181818,0.7331685208574867,0.02400000000000002,0.19713061045329636,0.0,0.3654436116689409,0.3698821980454874,0.3610050252923951,0.0,dissolved
0.02625,56,0.017857142857142856,0.7267402295713808,0.02400000000000002,0.204028522644345,0.0,0.3789329290873116,0.3835353533272394,0.3743305048473848,0.0,dissolved
0.02625,57,0.017543859649122806,0.7203928093041521,0.02400000000000002,0.21171179857440137,0.0,0.39395851918303165,0.39874344046865623,0.3891735978974079,0.0,dissolved
0.02625,58,0.017241379310344827,0.7141263860945648,0.02400000000000002,0.22026990496694052,0.0,0.41069534512628747,0.4156835476986722,0.40570714255390344,0.0,dissolved
0.02625,59,0.01694915254237288,0.7079409297714696,0.02400000000000002,0.2298024953740486,0.0,0.4293382963095912,0.4345529314874407,0.42412366113174205,0.0,dissolved
0.02625,60,0.016666666666666666,0.7018362714764412,0.02400000000000002,0.24042057057686633,0.0,0.450104457707302,0.45557131346892976,0.4446376019456748,0.0,dissolved
0.02625,61,0.01639344262295082,0.6958121194912221,0.02400000000000002,0.2522477711170911,0.0,0.47323563768818316,0.47898343895565176,0.46748783642071534,0.0,dissolved
0.02625,62,0.016129032258064516,0.6898680735282592,0.02400000000000002,0.2654218170102273,0.0,0.4990011837157168,0.5050619268377713,0.4929404405936636,0.0,dissolved
0.02625,63,0.015873015873015872,0.6840036376283989,0.02400000000000002,0.2800961114051008,0.0,0.5277011187231687,0.5341104440517912,0.5212917933945472,0.0,dissolved
0.02625,64,0.015625,0.6782182317969141,0.02400000000000002,0.2964415268632026,0.0,0.5596696346844352,0.5664672415834375,0.5528720277854339,0.0,dissolved
0.02625,65,0.015384615384615385,0.6725112024969713,0.02400000000000002,0.3146483950579221,0.0,0.5952789840610244,0.6025090931791759,0.5880488749428744,0.0,dissolved
0.02625,66,0.015151515151515152,0.6668818321087359,0.02400000000000002,0.3349287230624058,0.0,0.634943814438523,0.6426556826300855,0.6272319462469621,0.0,dissolved
0.02625,67,0.014925373134328358,0.6613293474521653,0.02400000000000002,0.3575186620332807,0.0,0.6791259968265587,0.6873744907151416,0.6708775029379772,0.0,dissolved
0.02625,68,0.014705882352941176,0.655852927462479,0.02400000000000002,0.3826812570364293,0.0,0.72834000384465,0.7371862387091614,0.7194937689801404,0.0,dissolved
0.02625,69,0.014492753623188406,0.6504517100988787,0.02400000000000002,0.41070951003475753,0.0,0.783158900419407,0.792670951841506,0.7736468489973093,0.0,dissolved
0.02625,70,0.014285714285714285,0.6451247985594666,0.02400000000000002,0.4419297917044351,0.0,0.8442210167508238,0.8544747133105517,0.8339673201910975,0.0,dissolved
0.02625,71,0.014084507042253521,0.6398712668685116,0.02400000000000002,0.47670564180797614,0.0,0.9122373812500035,0.9233171875000052,0.9011575750000037,0.0,dissolved
0.02625,72,0.013888888888888888,0.6346901648958398,0.02400000000000002,0.515442002377027,0.03088400475405395,0.9880000000000038,1.0000000000000053,0.976000000000004,0.02978107517627757,dissolved
0.0275,1,1.0,1.0,0.8260650438651997,0.8625568167426761,0.7251136334853523,0.5869674780674008,1.0000000000000104,0.17393495613480195,0.07402986916442678,crystallized
0.0275,2,0.5,1.0,0.582944900361115,0.7741564447517386,0.5483128895034772,0.7085275498194537,1.0000000000000102,0.41705509963889065,0.16202373257455166,crystallized
0.0275,3,0.3333333333333333,0.9999999999997904,0.44179255567076836,0.7145145345007085,0.4290290690014169,0.7791037221646253,1.0000000000000102,0.5582074443292386,0.1865853846299079,productive
0.0275,4,0.25,0.9999999989897916,0.3542019668356948,0.6726583618203151,0.34531672364063026,0.8228990165821615,1.0000000000000113,0.6457980331643132,0.183510480765395,productive
0.0275,5,0.2,0.9999998946877083,0.2882992109304511,0.5489899747291388,0.0979799494582776,0.725864040278489,0.8481202379687593,0.6036078425882203,0.03640866821255161,dissolved
0.0275,6,0.16666666666666666,0.9999980095545283,0.25286718427763344,0.6196584853938366,0.23931697078767322,0.8735664078611917,1.0000000000000107,0.7471328157223747,0.15619503844137592,productive
0.0275,7,0.14285714285714285,0.9999848702710878,0.21567117403507274,0.5147545924610399,0.02950918492207988,0.7566626942459458,0.848120237968758,0.6652051505231319,0.01259715769859538,dissolved
0.0275,8,0.125,0.9999332302396285,0.1963843996260991,0.5888777405900079,0.17775548118001572,0.9018078001869599,1.0000000000000107,0.8036156003739092,0.12882060892923347,productive
0.0275,9,0.1111111111111111,0.9997924998649104,0.17662336027264247,0.5781708590085223,0.15634171801704455,0.9116883198636874,1.000000000000009,0.8233766397273661,0.11735992201073225,dissolved
0.0275,10,0.1,0.9994924712139436,0.15637639372196976,0.4863337090744933,0.0,0.7818072458406718,0.8481202379687581,0.7154942537125855,0.0,dissolved
0.0275,11,0.09090909090909091,0.9989535302746325,0.1356315509446412,0.36159390700005606,0.0,0.5876509414904492,0.6304021523086814,0.5448997306722162,0.0,dissolved
0.0275,12,0.08333333333333333,0.9980979426127404,0.1356315509446412,0.5566230255767808,0.11324605115356157,0.9321842245276898,1.0000000000000098,0.8643684490553687,0.09124807733252667,dissolved
0.0275,13,0.07692307692307693,0.9968585630378793,0.11437658908262405,0.3323211092470817,0.0,0.5559842011213479,0.5897086320654612,0.5222597701772341,0.0,dissolved
0.0275,14,0.07142857142857142,0.9951838190310288,0.11437658908262405,0.46712594766384796,0.0,0.7996176879933545,0.8481202379687582,0.7511151380179503,0.0,dissolved
0.0275,15,0.06666666666666667,0.9930393801316743,0.09259896422400005,0.24874451233031478,0.0,0.42243312147079926,0.44294106330810223,0.40192517963349544,0.0,dissolved
0.0275,16,0.0625,0.9904074979477991,0.09259896422400005,0.3059927032253792,0.0,0.5277476353898056,0.5533683011502581,0.5021269696293517,0.0,dissolved
0.0275,17,0.058823529411764705,0.9872849986099358,0.09259896422400005,0.3955798680355309,0.0,0.6933375032296848,0.7269970920903996,0.6596779143689699,0.0,dissolved
0.0275,18,0.05555555555555555,0.9836806832556286,0.09259896422400005,0.5360725669259838,0.07214513385196764,0.9537005178880102,1.0000000000000098,0.9074010357760103,0.06243359353359555,dissolved
0.0275,19,0.05263157894736842,0.9796126349734647,0.07028582400000005,0.21400593801941498,0.0,0.3737944232895344,0.3874091074610353,0.36017973911803264,0.0,dissolved
0.0275,20,0.05,0.9751057193808106,0.07028582400000005,0.2425147055270576,0.0,0.4273748244990795,0.44294106330810223,0.41180858569005646,0.0,dissolved
0.0275,21,0.047619047619047616,0.9701894171762189,0.07028582400000005,0.28242498611278327,0.0,0.5026089903623275,0.5209154771347099,0.48430250358994437,0.0,dissolved
0.0275,22,0.045454545454545456,0.9648960326755942,0.07028582400000005,0.3383583331642781,0.0,0.6082479849454882,0.6304021523086822,0.5860938175822942,0.0,dissolved
0.0275,23,0.043478260869565216,0.9592592681774077,0.07028582400000005,0.41680330948575905,0.0,0.756579491628578,0.7841363255120499,0.7290226577451052,0.0,dissolved
0.0275,24,0.041666666666666664,0.953313126638417,0.07028582400000005,0.5268701828315907,0.05374036566318141,0.9648570880000107,1.0000000000000093,0.9297141760000108,0.04820732815021924,dissolved
0.0275,25,0.04,0.9470910943469678,0.04742400000000002,0.17030576808295647,0.0,0.30483494141318707,0.31223874657189943,0.29743113625447426,0.0,dissolved
0.0275,26,0.038461538461538464,0.9406255539904451,0.04742400000000002,0.1783663053981455,0.0,0.3202643826798698,0.3280429367972043,0.3124858285625345,0.0,dissolved
0.0275,27,0.037037037037037035,0.9339473821720392,0.04742400000000002,0.18845255829551905,0.0,0.33961179849263606,0.34786026100150325,0.3313633359837684,0.0,dissolved
0.0275,28,0.03571428571428571,0.9270856912663876,0.04742400000000002,0.2010811769734135,0.0,0.36387207416706135,0.37270976819039114,0.3550343801437308,0.0,dissolved
0.0275,29,0.034482758620689655,0.9200676819218311,0.04742400000000002,0.21689977851247916,0.0,0.39429272473326016,0.4038692729330478,0.38471617653347184,0.0,dissolved
0.0275,30,0.03333333333333333,0.9129185786715375,0.04742400000000002,0.23672022599992282,0.0,0.432438044814941,0.44294106330810235,0.42193502632177926,0.0,dissolved
0.0275,31,0.03225806451612903,0.9056616266084568,0.04742400000000002,0.2615603562279491,0.0,0.48026954798965094,0.49193429396822497,0.46860480201107635,0.0,dissolved
0.0275,32,0.03125,0.8983181317703235,0.04742400000000002,0.29269630143682945,0.0,0.5402468319933845,0.5533683011502593,0.5271253628365097,0.0,dissolved
0.0275,33,0.030303030303030304,0.8909075317708781,0.04742400000000002,0.3317280953725918,0.0,0.6154540564731392,0.630402152308682,0.600505960637596,0.0,dissolved
0.0275,34,0.029411764705882353,0.8834474863712909,0.04742400000000002,0.3806619370654375,0.0,0.7097585370427522,0.7269970920903996,0.6925199819951049,0.0,dissolved
0.0275,35,0.02857142857142857,0.8759539802081466,0.04742400000000002,0.4420133423362688,0.0,0.8280096108860443,0.8481202379687588,0.8078989838033295,0.0,dissolved
0.0275,36,0.027777777777777776,0.8684414318834667,0.04742400000000002,0.5189364871538233,0.03787297430764669,0.9762880000000101,1.0000000000000102,0.9525760000000107,0.035221431244379764,dissolved
0.0275,37,0.02702702702702703,0.8609228051738309,0.02400000000000002,0.14173785325969795,0.0,0.26112683275396803,0.26429841371859086,0.2579552517893452,0.0,dissolved
0.0275,38,0.02631578947368421,0.8534097193143909,0.02400000000000002,0.14260673509913382,0.0,0.26281907869764864,0.2660112132567293,0.2596269441385682,0.0,dissolved
0.0275,39,0.02564102564102564,0.8459125562311827,0.02400000000000002,0.14357852249993006,0.0,0.2647140379022406,0.26792918816016237,0.2614988876443189,0.0,dissolved
0.0275,40,0.025,0.8384405632911975,0.02400000000000002,0.14466566841188816,0.0,0.2668359932837718,0.2700769162791207,0.26359507028842266,0.0,dissolved
0.0275,41,0.024390243902439025,0.8310019506624012,0.02400000000000002,0.14588210404409566,0.0,0.26921213659614396,0.2724819196317243,0.2659423535605636,0.0,dissolved
0.0275,42,0.023809523809523808,0.8236039827641435,0.02400000000000002,0.14724341738611857,0.0,0.2718729168793075,0.2751750170843193,0.26857081667429605,0.0,dissolved
0.0275,43,0.023255813953488372,0.8162530635729409,0.02400000000000002,0.14876705295997766,0.0,0.27485243064786224,0.27819071927921274,0.27151414201651203,0.0,dissolved
0.0275,44,0.022727272727272728,0.8089548157536728,0.02400000000000002,0.1504725353626177,0.0,0.27818885882014716,0.2815676708705942,0.27481004676970033,0.0,dissolved
0.0275,45,0.022222222222222223,0.801714153730813,0.02400000000000002,0.15238171946345866,0.0,0.2819249559868391,0.28534914573566705,0.2785007662380114,0.0,dissolved
0.0275,46,0.021739130434782608,0.7945353509131267,0.02400000000000002,0.1545190704631701,0.0,0.28610859828878105,0.28958360150686346,0.28263359507069896,0.0,dissolved
0.0275,47,0.02127659574468085,0.7874221013498609,0.02400000000000002,0.15691197740248886,0.0,0.29079339692481265,0.29432530053118666,0.28726149331843864,0.0,dissolved
0.0275,48,0.020833333333333332,0.78037757613542,0.02400000000000002,0.15959110413852082,0.0,0.29603938515138145,0.2996350052139486,0.2924437650888142,0.0,dissolved
0.0275,49,0.02040816326530612,0.7734044748999146,0.02400000000000002,0.162590782286111,0.0,0.3019137875774823,0.30558075665737083,0.29824681849759405,0.0,dissolved
0.0275,50,0.02,0.7665050727296459,0.02400000000000002,0.16594945115962179,0.0,0.30849188161303664,0.3122387465718994,0.3047450166541741,0.0,dissolved
0.0275,51,0.0196078431372549,0.759681262858714,0.02400000000000002,0.16971015035274142,0.0,0.3158579621097244,0.319694293633324,0.31202163058612464,0.0,dissolved
0.0275,52,0.019230769230769232,0.7529345954633263,0.02400000000000002,0.1739210712684789,0.0,0.3241064215556386,0.32804293679720464,0.32016990631407216,0.0,dissolved
0.0275,53,0.018867924528301886,0.746266312876328,0.02400000000000002,0.17863617466691234,0.0,0.3333429596658976,0.33739165958086786,0.3292942597509272,0.0,dissolved
0.0275,54,0.018518518518518517,0.7396773815225959,0.02400000000000002,0.1839158821442489,0.0,0.3436859378694855,0.3478602610015037,0.33951161473746744,0.0,dissolved
0.0275,55,0.01818181818181818,0.7331685208574867,0.02400000000000002,0.18982785040413322,0.0,0.3552678960493662,0.35958289073822447,0.35095290136050744,0.0,dissolved
0.0275,56,0.017857142857142856,0.7267402295713808,0.02400000000000002,0.19644783824309742,0.0,0.368237250972107,0.37270976819039164,0.3637647337538222,0.0,dissolved
0.0275,57,0.017543859649122806,0.7203928093041521,0.02400000000000002,0.20386067736010846,0.0,0.38276019817150336,0.38740910746103585,0.37811128888197065,0.0,dissolved
0.0275,58,0.017241379310344827,0.7141263860945648,0.02400000000000002,0.21216135943064487,0.0,0.3990228416578516,0.4038692729330477,0.39417641038265483,0.0,dissolved
0.0275,59,0.01694915254237288,0.7079409297714696,0.02400000000000002,0.22145625337558322,0.0,0.41723357874398975,0.42230119306071856,0.4121659644272609,0.0,dissolved
0.0275,60,0.016666666666666666,0.7018362714764412,0.02400000000000002,0.23186446842355757,0.0,0.4376257705484051,0.44294106330810223,0.43231047778870757,0.0,dissolved
0.0275,61,0.01639344262295082,0.6958121194912221,0.02400000000000002,0.24351938043374244,0.0,0.46046073239652274,0.46605337287097415,0.4548680919220707,0.0,dissolved
0.0275,62,0.016129032258064516,0.6898680735282592,0.02400000000000002,0.2565703410380746,0.0,0.48603108244060633,0.49193429396822486,0.48012787091298725,0.0,dissolved
0.0275,63,0.015873015873015872,0.6840036376283989,0.02400000000000002,0.27118459150468804,0.0,0.5146644914090938,0.5209154771347102,0.508413505683477,0.0,dissolved
0.0275,64,0.015625,0.6782182317969141,0.02400000000000002,0.2875494058477341,0.0,0.546727881536456,0.5533683011502593,0.5400874619226528,0.0,dissolved
0.0275,65,0.015384615384615385,0.6725112024969713,0.02400000000000002,0.30587449064640604,0.0,0.5826321284806762,0.5897086320654619,0.5755556248958907,0.0,dissolved
0.0275,66,0.015151515151515152,0.6668818321087359,0.02400000000000002,0.32639467232561825,0.0,0.6228373264809784,0.6304021523086827,0.6152725006532743,0.0,dissolved
0.0275,67,0.014925373134328358,0.6613293474521653,0.02400000000000002,0.3493729063344329,0.0,0.6678586842260611,0.6759703281640295,0.659747040288093,0.0,dissolved
0.0275,68,0.014705882352941176,0.655852927462479,0.02400000000000002,0.37510364678329133,0.0,0.718273126985315,0.7269970920903999,0.7095491618802303,0.0,dissolved
0.0275,69,0.014492753623188406,0.6504517100988787,0.02400000000000002,0.4039166197201974,0.0,0.7747266896059068,0.7841363255120506,0.7653170536997626,0.0,dissolved
0.0275,70,0.014285714285714285,0.6451247985594666,0.02400000000000002,0.4361810483984287,0.0,0.8379427951131339,0.8481202379687587,0.8277653522575089,0.0,dissolved
0.0275,71,0.014084507042253521,0.6398712668685116,0.02400000000000002,0.47231038468037223,0.0,0.9087315250000096,0.9197687500000096,0.8976943000000097,0.0,dissolved
0.0275,72,0.013888888888888888,0.6346901648958398,0.02400000000000002,0.512767607207974,0.02553521441594797,0.9880000000000105,1.0000000000000102,0.9760000000000106,0.02462330083872642,dissolved
0.02875,1,1.0,1.0,0.8260650438651997,0.851961729059902,0.703923458119804,0.5869674780673969,0.9999999999999855,0.17393495613479865,0.0718664759561854,crystallized
0.02875,2,0.5,1.0,0.582944900361115,0.7598486658293218,0.5196973316586435,0.7085275498194292,0.999999999999987,0.41705509963888066,0.1535679775111821,crystallized
0.02875,3,0.3333333333333333,0.9999999999997904,0.44179255567076836,0.6993709127186641,0.3987418254373283,0.7791037221646027,0.9999999999999858,0.5582074443292259,0.17341341704518415,productive
0.02875,4,0.25,0.9999999989897916,0.3542019668356948,0.6578816779541679,0.3157633559083357,0.822899016582139,0.9999999999999865,0.6457980331642976,0.16780503602580468,productive
0.02875,5,0.2,0.9999998946877083,0.2882992109304511,0.5330783984456806,0.06615679689136122,0.7204685517389466,0.8418159953417865,0.5991211081361156,0.024039270975582065,dissolved
0.02875,6,0.16666666666666666,0.9999980095545283,0.25286718427763344,0.6067046201314346,0.21340924026286912,0.8735664078611666,0.9999999999999869,0.7471328157223553,0.13928583659106722,productive
0.02875,7,0.14285714285714285,0.9999848702710878,0.21567117403507274,0.5006730775386647,0.0013461550773294917,0.7510382733233483,0.8418159953417863,0.6602605513049185,0.0005619396630659865,dissolved
0.02875,8,0.125,0.9999332302396285,0.1963843996260991,0.5778318584839499,0.15566371696789982,0.9018078001869334,0.9999999999999863,0.8036156003738887,0.1128105568102479,dissolved
0.02875,9,0.1111111111111111,0.9997924998649104,0.17662336027264247,0.5679653866028836,0.1359307732057673,0.9116883198636623,0.9999999999999865,0.823376639727345,0.1020381836954547,dissolved
0.02875,10,0.1,0.9994924712139436,0.15637639372196976,0.4745309401482735,0.0,0.7759959205772734,0.8418159953417867,0.7101758458127659,0.0,dissolved
0.02875,11,0.09090909090909091,0.9989535302746325,0.1356315509446412,0.3488114673640085,0.0,0.5765560043522147,0.6185000659546107,0.5346119427498226,0.0,dissolved
0.02875,12,0.08333333333333333,0.9980979426127404,0.1356315509446412,0.5484364385328313,0.09687287706566261,0.9321842245276639,0.999999999999988,0.8643684490553458,0.07805538195698278,dissolved
0.02875,13,0.07692307692307693,0.9968585630378793,0.11437658908262405,0.3203433242516088,0.0,0.544323769603104,0.5773409117128927,0.5113066274933187,0.0,dissolved
0.02875,14,0.07142857142857142,0.9951838190310288,0.11437658908262405,0.45735849743069046,0.0,0.7936739742505899,0.8418159953417861,0.7455319531593982,0.0,dissolved
0.02875,15,0.06666666666666667,0.9930393801316743,0.09259896422400005,0.2384057076448351,0.0,0.4110987101495724,0.4310563981447394,0.3911410221544079,0.0,dissolved
0.02875,16,0.0625,0.9904074979477991,0.09259896422400005,0.2949445304524295,0.0,0.5157411911481334,0.5407789777552607,0.49070340454100897,0.0,dissolved
0.02875,17,0.058823529411764705,0.9872849986099358,0.09259896422400005,0.3853798079906586,0.0,0.6837984040736406,0.7169948964565269,0.6506019116907575,0.0,dissolved
0.02875,18,0.05555555555555555,0.9836806832556286,0.09259896422400005,0.5303050347000124,0.06061006940002489,0.9537005178879857,0.9999999999999863,0.9074010357759879,0.05245127751413393,dissolved
0.02875,19,0.05263157894736842,0.9796126349734647,0.07028582400000005,0.20535298198476556,0.0,0.36366602909490536,0.3769118075804674,0.35042025060934484,0.0,dissolved
0.02875,20,0.05,0.9751057193808106,0.07028582400000005,0.23302182626824974,0.0,0.4159078210777003,0.4310563981447394,0.40075924401066354,0.0,dissolved
0.02875,21,0.047619047619047616,0.9701894171762189,0.07028582400000005,0.2723953286144908,0.0,0.4904376136112617,0.5083007833086083,0.47257444391391706,0.0,dissolved
0.02875,22,0.045454545454545456,0.9648960326755942,0.07028582400000005,0.32847903426655645,0.0,0.5967641725647722,0.6185000659546112,0.5750282791749363,0.0,dissolved
0.02875,23,0.043478260869565216,0.9592592681774077,0.07028582400000005,0.4084133039909681,0.0,0.7484530040317794,0.775713847512079,0.721192160551482,0.0,dissolved
0.02875,24,0.041666666666666664,0.953313126638417,0.07028582400000005,0.5223842582118209,0.04476851642364177,0.9648570879999865,0.9999999999999872,0.9297141759999882,0.040159208732579,dissolved
0.02875,25,0.04,0.9470910943469678,0.04742400000000002,0.16444227564557615,0.0,0.29814979875230246,0.3053912357340279,0.2909083617705776,0.0,dissolved
0.02875,26,0.038461538461538464,0.9406255539904451,0.04742400000000002,0.17196677596157228,0.0,0.3126040258044114,0.32019652582476854,0.3050115257840549,0.0,dissolved
0.02875,27,0.037037037037037035,0.9339473821720392,0.04742400000000002,0.18148566253954615,0.0,0.3309216623238849,0.33895905954378724,0.3228842651039834,0.0,dissolved
0.02875,28,0.03571428571428571,0.9270856912663876,0.04742400000000002,0.19353389082623332,0.0,0.3541353427545246,0.36273655187252574,0.345534133636524,0.0,dissolved
0.02875,29,0.034482758620689655,0.9200676819218311,0.04742400000000002,0.20878920460658232,0.0,0.38355371005114414,0.3928694299747047,0.3742379901275846,0.0,dissolved
0.02875,30,0.03333333333333333,0.9129185786715375,0.04742400000000002,0.2281103224738289,0.0,0.42083518883193,0.43105639814473834,0.41061397951912293,0.0,dissolved
0.02875,31,0.03225806451612903,0.9056616266084568,0.04742400000000002,0.2525853290516213,0.0,0.4680814770459564,0.4794502001929315,0.4567127538989825,0.0,dissolved
0.02875,32,0.03125,0.8983181317703235,0.04742400000000002,0.28359299871169846,0.0,0.5279560266347264,0.5407789777552598,0.5151330755141948,0.0,dissolved
0.02875,33,0.030303030303030304,0.8909075317708781,0.04742400000000002,0.32288050861612766,0.0,0.6038341923906938,0.6185000659546105,0.5891683188267794,0.0,dissolved
0.02875,34,0.029411764705882353,0.8834474863712909,0.04742400000000002,0.3726619218700082,0.0,0.6999935134717481,0.7169948964565263,0.682992130486972,0.0,dissolved
0.02875,35,0.02857142857142857,0.8759539802081466,0.04742400000000002,0.4357429924862483,0.0,0.8218548544602394,0.8418159953417854,0.8018937135786961,0.0,dissolved
0.02875,36,0.027777777777777776,0.8684414318834667,0.04742400000000002,0.5156793277477706,0.03135865549554118,0.9762879999999853,0.9999999999999871,0.9525759999999865,0.0291631895472575,dissolved
0.02875,37,0.02702702702702703,0.8609228051738309,0.02400000000000002,0.13886153050076525,0.0,0.25873581701673165,0.2618783573043846,0.2555932767290793,0.0,dissolved
0.02875,38,0.02631578947368421,0.8534097193143909,0.02400000000000002,0.13961724563606817,0.0,0.2602114538389571,0.26337191684105,0.2570509908368648,0.0,dissolved
0.02875,39,0.02564102564102564,0.8459125562311827,0.02400000000000002,0.1404671085217874,0.0,0.2618726341157203,0.26505327339647855,0.2586919948349628,0.0,dissolved
0.02875,40,0.025,0.8384405632911975,0.02400000000000002,0.14142305474787528,0.0,0.26374268768875675,0.2669460401708069,0.2605393352067073,0.0,dissolved
0.02875,41,0.024390243902439025,0.8310019506624012,0.02400000000000002,0.14249850975314435,0.0,0.2658478778447828,0.26907679943803975,0.2626189562515265,0.0,dissolved
0.02875,42,0.023809523809523808,0.8236039827641435,0.02400000000000002,0.14370857737395643,0.0,0.2682177701606663,0.2714754758711201,0.26496006445021303,0.0,dissolved
0.02875,43,0.023255813953488372,0.8162530635729409,0.02400000000000002,0.14507025196455278,0.0,0.2708856477264082,0.27417575680810613,0.2675955386447112,0.0,dissolved
0.02875,44,0.022727272727272728,0.8089548157536728,0.02400000000000002,0.14660265706807826,0.0,0.27388897857738664,0.27721556536172764,0.2705623917930461,0.0,dissolved
0.02875,45,0.022222222222222223,0.801714153730813,0.02400000000000002,0.1483273139902219,0.0,0.27726994190054055,0.2806375930167418,0.27390229078433975,0.0,dissolved
0.02875,46,0.021739130434782608,0.7945353509131267,0.02400000000000002,0.15026844404735995,0.0,0.2810760204046081,0.2844898991949477,0.27766214161426883,0.0,dissolved
0.02875,47,0.02127659574468085,0.7874221013498609,0.02400000000000002,0.15245330873401833,0.0,0.2853606671737462,0.2888265862082456,0.2818947481392473,0.0,dissolved
0.02875,48,0.020833333333333332,0.78037757613542,0.02400000000000002,0.15491259258700862,0.0,0.2901840563699136,0.2937085590788602,0.2866595536609674,0.0,dissolved
0.02875,49,0.02040816326530612,0.7734044748999146,0.02400000000000002,0.15768083412323727,0.0,0.2956139283269864,0.2992043808977597,0.29202347575621346,0.0,dissolved
0.02875,50,0.02,0.7665050727296459,0.02400000000000002,0.16079691090333362,0.0,0.30172654090521916,0.30539123573402754,0.298061846076411,0.0,dissolved
0.02875,51,0.0196078431372549,0.759681262858714,0.02400000000000002,0.1643045855333995,0.0,0.3086077404670063,0.31235601261842794,0.30485946831558536,0.0,dissolved
0.02875,52,0.019230769230769232,0.7529345954633263,0.02400000000000002,0.16825312027300005,0.0,0.3163541675148708,0.320196525824768,0.31251180920497373,0.0,dissolved
0.02875,53,0.018867924528301886,0.746266312876328,0.02400000000000002,0.17269796888103964,0.0,0.3250746139238252,0.32902288858686823,0.3211263392607831,0.0,dissolved
0.02875,54,0.018518518518518517,0.7396773815225959,0.02400000000000002,0.17770155541588992,0.0,0.33489155082926136,0.33895905954378747,0.3308240421147362,0.0,dissolved
0.02875,55,0.01818181818181818,0.7331685208574867,0.02400000000000002,0.1833341509273596,0.0,0.34594284862823127,0.3501445836318135,0.34174111362464976,0.0,dissolved
0.02875,56,0.017857142857142856,0.7267402295713808,0.02400000000000002,0.18967486035287268,0.0,0.3583837132500552,0.36273655187252596,0.3540308746275852,0.0,dissolved
0.02875,57,0.017543859649122806,0.7203928093041521,0.02400000000000002,0.19681273347796868,0.0,0.37238886588950104,0.37691180758046705,0.3678659241985358,0.0,dissolved
0.02875,58,0.017241379310344827,0.7141263860945648,0.02400000000000002,0.20484801556360335,0.0,0.38815499681500776,0.39286942997470464,0.3834405636553116,0.0,dissolved
0.02875,59,0.01694915254237288,0.7079409297714696,0.02400000000000002,0.21389355520422523,0.0,0.4059035277135652,0.4108335300744591,0.4009735253526719,0.0,dissolved
0.02875,60,0.016666666666666666,0.7018362714764412,0.02400000000000002,0.22407638918878506,0.0,0.42588372136700114,0.4310563981447384,0.4207110445892645,0.0,dissolved
0.02875,61,0.01639344262295082,0.6958121194912221,0.02400000000000002,0.23553952662267894,0.0,0.4483761823323901,0.45382204689513206,0.4429303177696488,0.0,dissolved
0.02875,62,0.016129032258064516,0.6898680735282592,0.02400000000000002,0.24844395736707114,0.0,0.4736967977906161,0.4794502001929316,0.4679433953883012,0.0,dissolved
0.02875,63,0.015873015873015872,0.6840036376283989,0.02400000000000002,0.2629709130024039,0.0,0.5022011739089041,0.5083007833086085,0.49610156450920107,0.0,dissolved
0.02875,64,0.015625,0.6782182317969141,0.02400000000000002,0.27932441206935593,0.0,0.5342896300221959,0.5407789777552596,0.5278002822891332,0.0,dissolved
0.02875,65,0.015384615384615385,0.6725112024969713,0.02400000000000002,0.2977341253329825,0.0,0.5704128207723366,0.5773409117128919,0.5634847298317824,0.0,dissolved
0.02875,66,0.015151515151515152,0.6668818321087359,0.02400000000000002,0.31845860131016934,0.0,0.6110780651631541,0.6185000659546098,0.6036560643716994,0.0,dissolved
0.02875,67,0.014925373134328358,0.6613293474521653,0.02400000000000002,0.3417888973601727,0.0,0.6568564714175484,0.6648344852404342,0.6488784575946638,0.0,dissolved
0.02875,68,0.014705882352941176,0.655852927462479,0.02400000000000002,0.36805266733375397,0.0,0.708390957699047,0.7169948964565256,0.6997870189415692,0.0,dissolved
0.02875,69,0.014492753623188406,0.6504517100988787,0.02400000000000002,0.397618763188426,0.0,0.7664052813419329,0.7757138475120781,0.7570967151717883,0.0,dissolved
0.02875,70,0.014285714285714285,0.6451247985594666,0.02400000000000002,0.4309024151955073,0.0,0.8317142033976833,0.841815995341785,0.8216124114535824,0.0,dissolved
0.02875,71,0.014084507042253521,0.6398712668685116,0.02400000000000002,0.4683710634905275,0.0,0.9052349312499871,0.9162296874999871,0.8942401749999875,0.0,dissolved
0.02875,72,0.013888888888888888,0.6346901648958398,0.02400000000000002,0.5105509228660642,0.021101845732128366,0.9879999999999861,0.999999999999986,0.9759999999999865,0.02034825661734175,dissolved
0.03,1,1.0,1.0,0.8260650438651997,0.8412353236134907,0.6824706472269815,0.5869674780673998,0.9999999999999971,0.17393495613479998,0.06967626919373647,crystallized
0.03,2,0.5,1.0,0.582944900361115,0.7457690406812276,0.49153808136245525,0.7085275498194413,0.9999999999999982,0.41705509963888326,0.14524705905964275,crystallized
0.03,3,0.3333333333333333,0.9999999999997904,0.44179255567076836,0.6848121995762294,0.3696243991524588,0.7791037221646099,0.999999999999996,0.5582074443292301,0.16075020474714957,productive
0.03,4,0.25,0.9999999989897916,0.3542019668356948,0.6439486390751396,0.2878972781502791,0.8228990165821459,0.9999999999999958,0.6457980331643024,0.15299626200376523,productive
0.03,5,0.2,0.9999998946877083,0.2882992109304511,0.5181931304475377,0.03638626089507535,0.7151158277201508,0.8355617199999965,0.5946699354403067,0.012929101274982698,dissolved
0.03,6,0.16666666666666666,0.9999980095545283,0.25286718427763344,0.59485325812501,0.18970651625002,0.8735664078611783,0.9999999999999962,0.7471328157223639,0.12381577662764032,productive
0.03,7,0.14285714285714285,0.9999848702710878,0.21567117403507274,0.4877182844898314,0.0,0.7454584314344126,0.8355617199999965,0.6553551428688322,0.0,dissolved
0.03,8,0.125,0.9999332302396285,0.1963843996260991,0.5679464640226929,0.13589292804538577,0.9018078001869443,0.9999999999999969,0.8036156003738982,0.09848253130520299,dissolved
0.03,9,0.1111111111111111,0.9997924998649104,0.17662336027264247,0.5589124461046705,0.117824892209341,0.9116883198636729,0.9999999999999962,0.8233766397273545,0.08844677118811671,dissolved
0.03,10,0.1,0.9994924712139436,0.15637639372196976,0.4638223316770571,0.0,0.7702306557471315,0.8355617199999974,0.7048995914942704,0.0,dissolved
0.03,11,0.09090909090909091,0.9989535302746325,0.1356315509446412,0.3371204287672559,0.0,0.5657801133334865,0.6069402361106886,0.524619990556288,0.0,dissolved
0.03,12,0.08333333333333333,0.9980979426127404,0.1356315509446412,0.5413203863531784,0.08264077270635672,0.9321842245276726,0.9999999999999971,0.8643684490553539,0.06658785486925013,dissolved
0.03,13,0.07692307692307693,0.9968585630378793,0.11437658908262405,0.30941045215717716,0.0,0.5330585659464088,0.5653923926274036,0.5007247392654167,0.0,dissolved
0.03,14,0.07142857142857142,0.9951838190310288,0.11437658908262405,0.4485574844616944,0.0,0.7877773702491895,0.8355617199999982,0.7399930204983852,0.0,dissolved
0.03,15,0.06666666666666667,0.9930393801316743,0.09259896422400005,0.22909287470184014,0.0,0.40043510941626465,0.4198751095396721,0.38099510929285896,0.0,dissolved
0.03,16,0.0625,0.9904074979477991,0.09259896422400005,0.284873992144512,0.0,0.5042030746737578,0.5286807181255739,0.479725431221944,0.0,dissolved
0.03,17,0.058823529411764705,0.9872849986099358,0.09259896422400005,0.3760693796379899,0.0,0.6744347887532964,0.707176703905809,0.6416928736007872,0.0,dissolved
0.03,18,0.05555555555555555,0.9836806832556286,0.09259896422400005,0.5254080396247947,0.05081607924958931,0.9537005178879946,0.9999999999999954,0.9074010357759954,0.04397566776089862,dissolved
0.03,19,0.05263157894736842,0.9796126349734647,0.07028582400000005,0.1976409439557691,0.0,0.3542875188622302,0.36719170462499706,0.34138333309946417,0.0,dissolved
0.03,20,0.05,0.9751057193808106,0.07028582400000005,0.22446025970324543,0.0,0.405119475514128,0.41987510953967233,0.3903638414885855,0.0,dissolved
0.03,21,0.047619047619047616,0.9701894171762189,0.07028582400000005,0.26325366239778525,0.0,0.4788028836699226,0.49624228253575703,0.46136348480408984,0.0,dissolved
0.03,22,0.045454545454545456,0.9648960326755942,0.07028582400000005,0.31941439372658154,0.0,0.5856105888037898,0.6069402361106881,0.5642809414968932,0.0,dissolved
0.03,23,0.043478260869565216,0.9592592681774077,0.07028582400000005,0.4007595448749684,0.0,0.7404335830366631,0.7674023357919979,0.7134648302813315,0.0,dissolved
0.03,24,0.041666666666666664,0.953313126638417,0.07028582400000005,0.5186198519065751,0.03723970381315023,0.964857087999995,0.999999999999997,0.9297141759999964,0.033405552786689906,dissolved
0.03,25,0.04,0.9470910943469678,0.04742400000000002,0.15935952523221006,0.0,0.2921852587494733,0.2992818294903493,0.28508868800859855,0.0,dissolved
0.03,26,0.038461538461538464,0.9406255539904451,0.04742400000000002,0.16637266996658379,0.0,0.30569649290931306,0.3131212233575683,0.29827176246105874,0.0,dissolved
0.03,27,0.037037037037037035,0.9339473821720392,0.04742400000000002,0.17534192938094045,0.0,0.3230019711770522,0.3308470156112261,0.3151569267428792,0.0,dissolved
0.03,28,0.03571428571428571,0.9270856912663876,0.04742400000000002,0.18681818000458944,0.0,0.34516719861166706,0.35355059020664775,0.33678380701668753,0.0,dissolved
0.03,29,0.034482758620689655,0.9200676819218311,0.04742400000000002,0.20150682469748163,0.0,0.37355689692726235,0.3826298151029847,0.3644839787515407,0.0,dissolved
0.03,30,0.03333333333333333,0.9129185786715375,0.04742400000000002,0.2203112062656022,0.0,0.40991903094226684,0.41987510953967244,0.3999629523448626,0.0,dissolved
0.03,31,0.03225806451612903,0.9056616266084568,0.04742400000000002,0.24438821064059862,0.0,0.45649243145631246,0.46757968084859497,0.44540518206403124,0.0,dissolved
0.03,32,0.03125,0.8983181317703235,0.04742400000000002,0.27521948288797216,0.0,0.5161446409373794,0.5286807181255737,0.5036085637491866,0.0,dissolved
0.03,33,0.030303030303030304,0.8909075317708781,0.04742400000000002,0.31470264062796305,0.0,0.5925484692320308,0.6069402361106884,0.5781567023533748,0.0,dissolved
0.03,34,0.029411764705882353,0.8834474863712909,0.04742400000000002,0.365268100730411,0.0,0.6904081299027938,0.7071767039058087,0.67363955589978,0.0,dissolved
0.03,35,0.02857142857142857,0.8759539802081466,0.04742400000000002,0.43002871218993577,0.0,0.8157488804953569,0.8355617199999972,0.7959360409907179,0.0,dissolved
0.03,36,0.027777777777777776,0.8684414318834667,0.04742400000000002,0.512971408000452,0.02594281600090409,0.9762879999999964,0.9999999999999963,0.9525759999999973,0.024126521002521637,dissolved
0.03,37,0.02702702702702703,0.8609228051738309,0.02400000000000002,0.13647394638416788,0.0,0.256744688477505,0.2598630450177176,0.2536263319372926,0.0,dissolved
0.03,38,0.02631578947368421,0.8534097193143909,0.02400000000000002,0.1371299729941332,0.0,0.2580283934783895,0.26116234157731766,0.25489444537946193,0.0,dissolved
0.03,39,0.02564102564102564,0.8459125562311827,0.02400000000000002,0.1378717743824113,0.0,0.25948120583792406,0.2626327994310973,0.25632961224475115,0.0,dissolved
0.03,40,0.025,0.8384405632911975,0.02400000000000002,0.13871072519515248,0.0,0.2611254027138118,0.2642969663095265,0.2579538391180978,0.0,dissolved
0.03,41,0.024390243902439025,0.8310019506624012,0.02400000000000002,0.13965968974992488,0.0,0.26298619591875505,0.26618036024165503,0.25979203159585557,0.0,dissolved
0.03,42,0.023809523809523808,0.8236039827641435,0.02400000000000002,0.1407332192947983,0.0,0.2650921185137564,0.2683118608438835,0.26187237618363013,0.0,dissolved
0.03,43,0.023255813953488372,0.8162530635729409,0.02400000000000002,0.14194777513450543,0.0,0.26747546232883257,0.27072415215468904,0.26422677250297666,0.0,dissolved
0.03,44,0.022727272727272728,0.8089548157536728,0.02400000000000002,0.14332198104506533,0.0,0.27017277312000076,0.273454223805669,0.26689132243433317,0.0,dissolved
0.03,45,0.022222222222222223,0.801714153730813,0.02400000000000002,0.14487690884733992,0.0,0.27322541095518443,0.2765439382137494,0.26990688369661986,0.0,dissolved
0.03,46,0.021739130434782608,0.7945353509131267,0.02400000000000002,0.14663640151846377,0.0,0.27668018442189285,0.2800406724917942,0.27331969635199166,0.0,dissolved
0.03,47,0.02127659574468085,0.7874221013498609,0.02400000000000002,0.14862743879567247,0.0,0.2805900683814994,0.2839980449205458,0.2771820918424533,0.0,dissolved
0.03,48,0.020833333333333332,0.78037757613542,0.02400000000000002,0.15088055087863503,0.0,0.2850150162760292,0.28847673712148736,0.2815532954305717,0.0,dissolved
0.03,49,0.02040816326530612,0.7734044748999146,0.02400000000000002,0.15343028657392369,0.0,0.29002287944322,0.2935454245376726,0.28650033434876837,0.0,dissolved
0.03,50,0.02,0.7665050727296459,0.02400000000000002,0.15631574306006524,0.0,0.2956904475364648,0.2992818294903494,0.292099065582581,0.0,dissolved
0.03,51,0.0196078431372549,0.759681262858714,0.02400000000000002,0.15958116539648934,0.0,0.30210462600324217,0.30577391295874745,0.29843533904773767,0.0,dissolved
0.03,52,0.019230769230769232,0.7529345954633263,0.02400000000000002,0.16327662496914003,0.0,0.30936376867727744,0.31312122335756876,0.305606313996987,0.0,dissolved
0.03,53,0.018867924528301886,0.746266312876328,0.02400000000000002,0.16745878727590177,0.0,0.3175791859181503,0.3214364229940796,0.3137219488422217,0.0,dissolved
0.03,54,0.018518518518518517,0.7396773815225959,0.02400000000000002,0.1721917808249323,0.0,0.3268768514238912,0.33084701561122654,0.32290668723655686,0.0,dissolved
0.03,55,0.01818181818181818,0.7331685208574867,0.02400000000000002,0.1775481804694186,0.0,0.33739933388851434,0.34149730150659424,0.3333013662704356,0.0,dissolved
0.03,56,0.017857142857142856,0.7267402295713808,0.02400000000000002,0.18361012025703716,0.0,0.34930798312416755,0.3535505902066481,0.34506537604168813,0.0,dissolved
0.03,57,0.017543859649122806,0.7203928093041521,0.02400000000000002,0.190470552858346,0.0,0.36278540416949717,0.36719170462499795,0.35837910371399745,0.0,dissolved
0.03,58,0.017241379310344827,0.7141263860945648,0.02400000000000002,0.19823467488595042,0.0,0.3780382573217489,0.3826298151029856,0.3734466995405134,0.0,dissolved
0.03,59,0.01694915254237288,0.7079409297714696,0.02400000000000002,0.2070215399600254,0.0,0.39530042702778295,0.40010164678925475,0.3904992072663123,0.0,dissolved
0.03,60,0.016666666666666666,0.7018362714764412,0.02400000000000002,0.21696588425464777,0.0,0.41483660822519586,0.41987510953967266,0.4097981069107201,0.0,dissolved
0.03,61,0.01639344262295082,0.6958121194912221,0.02400000000000002,0.22822019251752487,0.0,0.4369463651258444,0.44225340599781904,0.4316393242538709,0.0,dissolved
0.03,62,0.016129032258064516,0.6898680735282592,0.02400000000000002,0.24095703624309014,0.0,0.46196872467841155,0.46757968084859586,0.45635776850822873,0.0,dissolved
0.03,63,0.015873015873015872,0.6840036376283989,0.02400000000000002,0.2553717198520809,0.0,0.4902873751453278,0.4962422825357578,0.484332467754899,0.0,dissolved
0.03,64,0.015625,0.6782182317969141,0.02400000000000002,0.2716852754536316,0.0,0.5223365495080668,0.528680718125575,0.5159923808905604,0.0,dissolved
0.03,65,0.015384615384615385,0.6725112024969713,0.02400000000000002,0.29014785211101035,0.0,0.5586076839158748,0.5653923926274051,0.5518229752043464,0.0,dissolved
0.03,66,0.015151515151515152,0.6668818321087359,0.02400000000000002,0.31104255158137717,0.0,0.5996569532773596,0.606940236110689,0.5923736704440317,0.0,dissolved
0.03,67,0.014925373134328358,0.6613293474521653,0.02400000000000002,0.3346897693461004,0.0,0.6461137995443184,0.6539613355711735,0.6382662635174645,0.0,dissolved
0.03,68,0.014705882352941176,0.655852927462479,0.02400000000000002,0.3614521074961774,0.0,0.6986905834589389,0.7071767039058101,0.6902044630120695,0.0,dissolved
0.03,69,0.014492753623188406,0.6504517100988787,0.02400000000000002,0.39173993480605507,0.0,0.7581935077624934,0.7674023357919987,0.7489846797329899,0.0,dissolved
0.03,70,0.014285714285714285,0.6451247985594666,0.02400000000000002,0.42601767925299555,0.0,0.8255349793599972,0.8355617199999983,0.8155082387199974,0.0,dissolved
0.03,71,0.014084507042253521,0.6398712668685116,0.02400000000000002,0.46481094947031965,0.0,0.9017475999999969,0.9126999999999983,0.890795199999997,0.0,dissolved
0.03,72,0.013888888888888888,0.6346901648958398,0.02400000000000002,0.5087145943335855,0.017429188667170914,0.9879999999999967,0.9999999999999982,0.9759999999999969,0.016806757481488764,dissolved
0.03125,1,1.0,1.0,0.8260650438651997,0.8304094387605067,0.6608188775210133,0.5869674780673998,0.9999999999999977,0.17393495613480014,0.0674657498978758,crystallized
0.03125,2,0.5,1.0,0.582944900361115,0.7319673139988512,0.46393462799770235,0.7085275498194425,0.9999999999999998,0.4170550996388856,0.1370903758378532,crystallized
0.03125,3,0.3333333333333333,0.9999999999997904,0.44179255567076836,0.6708759971436732,0.3417519942873464,0.7791037221646157,1.0,0.5582074443292319,0.1486284541291299,productive
0.03125,4,0.25,0.9999999989897916,0.3542019668356948,0.6308706911139329,0.2617413822278658,0.8228990165821517,0.9999999999999998,0.6457980331643041,0.13909632404256178,productive
0.03125,5,0.2,0.9999998946877083,0.2882992109304511,0.5043030412815083,0.008606082563016537,0.7098056416557299,0.8293571472167971,0.5902541360946634,0.002990374534897493,dissolved
0.03125,6,0.16666666666666666,0.9999980095545283,0.25286718427763344,0.5840608416376041,0.16812168327520816,0.8735664078611829,0.9999999999999982,0.7471328157223662,0.10972800088338605,productive
0.03125,7,0.14285714285714285,0.9999848702710878,0.21567117403507274,0.4758176826041066,0.0,0.7399229323994836,0.8293571472167962,0.6504887175821709,0.0,dissolved
0.03125,8,0.125,0.9999332302396285,0.1963843996260991,0.5591391954824995,0.11827839096499893,0.9018078001869506,1.0000000000000002,0.8036156003739008,0.08571715620881583,dissolved
0.03125,9,0.1111111111111111,0.9997924998649104,0.17662336027264247,0.550916723620969,0.10183344724193799,0.9116883198636793,1.0000000000000018,0.8233766397273574,0.0764425872887914,dissolved
0.03125,10,0.1,0.9994924712139436,0.15637639372196976,0.45410236705437035,0.0,0.7645112073221454,0.8293571472167962,0.6996652674274934,0.0,dissolved
0.03125,11,0.09090909090909091,0.9989535302746325,0.1356315509446412,0.3264102825647738,0.0,0.5553149060629584,0.5957136920487218,0.5149161200771952,0.0,dissolved
0.03125,12,0.08333333333333333,0.9980979426127404,0.1356315509446412,0.5351587380748709,0.07031747614974182,0.9321842245276803,0.9999999999999999,0.8643684490553586,0.05665835087564327,dissolved
0.03125,13,0.07692307692307693,0.9968585630378793,0.11437658908262405,0.299408784747594,0.0,0.5221761920295038,0.5538499246521966,0.4905024594068097,0.0,dissolved
0.03125,14,0.07142857142857142,0.9951838190310288,0.11437658908262405,0.44060530610864374,0.0,0.7819276264018209,0.8293571472167975,0.7344981055868434,0.0,dissolved
0.03125,15,0.06666666666666667,0.9930393801316743,0.09259896422400005,0.22069036113621696,0.0,0.3904042459570602,0.40935727582661086,0.37145121608750836,0.0,dissolved
0.03125,16,0.0625,0.9904074979477991,0.09259896422400005,0.27566830684444626,0.0,0.4931161914357959,0.5170555978388447,0.46917678503274624,0.0,dissolved
0.03125,17,0.058823529411764705,0.9872849986099358,0.09259896422400005,0.3675351584160558,0.0,0.6652438828934464,0.6975396053749138,0.6329481604119788,0.0,dissolved
0.03125,18,0.05555555555555555,0.9836806832556286,0.09259896422400005,0.5212621257092553,0.04252425141851068,0.9537005178880003,0.9999999999999999,0.9074010357759998,0.036800012511325135,dissolved
0.03125,19,0.05263157894736842,0.9796126349734647,0.07028582400000005,0.19075665077813478,0.0,0.34560514919660096,0.3581930977083739,0.33301720068482804,0.0,dissolved
0.03125,20,0.05,0.9751057193808106,0.07028582400000005,0.2167200286288597,0.0,0.3949712691056767,0.4093572758266106,0.3805852623847422,0.0,dissolved
0.03125,21,0.047619047619047616,0.9701894171762189,0.07028582400000005,0.2548935154926032,0.0,0.4676824729945294,0.4847168340380467,0.4506481119510115,0.0,dissolved
0.03125,22,0.045454545454545456,0.9648960326755942,0.07028582400000005,0.31106004104650464,0.0,0.5747785781918582,0.5957136920487213,0.5538434643349949,0.0,dissolved
0.03125,23,0.043478260869565216,0.9592592681774077,0.07028582400000005,0.39373662968974554,0.0,0.7325200971738551,0.7592006176710137,0.7058395766766972,0.0,dissolved
0.03125,24,0.041666666666666664,0.953313126638417,0.07028582400000005,0.5154674922964995,0.030934984592998926,0.9648570879999996,0.9999999999999996,0.9297141759999995,0.02774995918232726,dissolved
0.03125,25,0.04,0.9470910943469678,0.04742400000000002,0.15495082928147544,0.0,0.2868652603764002,0.2938326194487693,0.279897901304031,0.0,dissolved
0.03125,26,0.038461538461538464,0.9406255539904451,0.04742400000000002,0.16147749180420135,0.0,0.2994695133240052,0.30674300342112726,0.29219602322688343,0.0,dissolved
0.03125,27,0.037037037037037035,0.9339473821720392,0.04742400000000002,0.16991598870566052,0.0,0.31578620114966927,0.32345598957445854,0.3081164127248796,0.0,dissolved
0.03125,28,0.03571428571428571,0.9270856912663876,0.04742400000000002,0.18083070740592633,0.0,0.3369087780058217,0.3450915897827501,0.3287259662288929,0.0,dissolved
0.03125,29,0.034482758620689655,0.9200676819218311,0.04742400000000002,0.1949521214237764,0.0,0.36425276214102775,0.37309970228152767,0.3554058220005281,0.0,dissolved
0.03125,30,0.03333333333333333,0.9129185786715375,0.04742400000000002,0.21322572647823007,0.0,0.3996505961022104,0.40935727582661113,0.3899439163778096,0.0,dissolved
0.03125,31,0.03225806451612903,0.9056616266084568,0.04742400000000002,0.2368753883109575,0.0,0.44547444689687826,0.45629409241625196,0.43465480137750395,0.0,dissolved
0.03125,32,0.03125,0.8983181317703235,0.04742400000000002,0.26748534721543127,0.0,0.5047951755028901,0.5170555978388442,0.49253475316693507,0.0,dissolved
0.03125,33,0.030303030303030304,0.8909075317708781,0.04742400000000002,0.3071063745594475,0.0,0.5815881289828619,0.5957136920487213,0.5674625659170024,0.0,dissolved
0.03125,34,0.029411764705882353,0.8834474863712909,0.04742400000000002,0.3583931951487518,0.0,0.6809995462522637,0.6975396053749137,0.6644594871296133,0.0,dissolved
0.03125,35,0.02857142857142857,0.8759539802081466,0.04742400000000002,0.42478238456837614,0.0,0.8096914305419922,0.829357147216796,0.7900257138671872,0.0,dissolved
0.03125,36,0.027777777777777776,0.8684414318834667,0.04742400000000002,0.5107226630700834,0.02144532614016681,0.9762880000000002,1.0000000000000002,0.9525759999999999,0.01994390707271852,dissolved
0.03125,37,0.02702702702702703,0.8609228051738309,0.02400000000000002,0.13449299442854218,0.0,0.2550873745301969,0.2581856017512115,0.2519891473091822,0.0,dissolved
0.03125,38,0.02631578947368421,0.8534097193143909,0.02400000000000002,0.1350614322693055,0.0,0.256201635021024,0.25931339577026713,0.2530898742717807,0.0,dissolved
0.03125,39,0.02564102564102564,0.8459125562311827,0.02400000000000002,0.13570771286241678,0.0,0.25746941584614286,0.26059657474305953,0.2543422569492261,0.0,dissolved
0.03125,40,0.025,0.8384405632911975,0.02400000000000002,0.1364426187712442,0.0,0.2589118686960559,0.26205654726321453,0.25576719012889726,0.0,dissolved
0.03125,41,0.024390243902439025,0.8310019506624012,0.02400000000000002,0.1372784111863841,0.0,0.2605530594941792,0.2637176715528129,0.25738844743554534,0.0,dissolved
0.03125,42,0.023809523809523808,0.8236039827641435,0.02400000000000002,0.1382290344917076,0.0,0.26242036991337714,0.2656076618556449,0.2592330779711094,0.0,dissolved
0.03125,43,0.023255813953488372,0.8162530635729409,0.02400000000000002,0.13931034891284674,0.0,0.2645449542125536,0.2677580508224227,0.2613318576026845,0.0,dissolved
0.03125,44,0.022727272727272728,0.8089548157536728,0.02400000000000002,0.14054039512964017,0.0,0.2669622590151722,0.270204715602401,0.2637198024279434,0.0,dissolved
0.03125,45,0.022222222222222223,0.801714153730813,0.02400000000000002,0.1419396952673369,0.0,0.26971261470170693,0.2729884764187317,0.26643675298468217,0.0,dissolved
0.03125,46,0.021739130434782608,0.7945353509131267,0.02400000000000002,0.14353159528830392,0.0,0.272841908282831,0.27615577761420124,0.2695280389514606,0.0,dissolved
0.03125,47,0.02127659574468085,0.7874221013498609,0.02400000000000002,0.14534265449671024,0.0,0.2764023489795766,0.2797594625299358,0.27304523542921744,0.0,dissolved
0.03125,48,0.020833333333333332,0.78037757613542,0.02400000000000002,0.1474030886546961,0.0,0.28045333928342936,0.2838596551451712,0.27704702342168747,0.0,dissolved
0.03125,49,0.02040816326530612,0.7734044748999146,0.02400000000000002,0.14974727410298788,0.0,0.28506246602914626,0.28852476318739495,0.2816001688708976,0.0,dissolved
0.03125,50,0.02,0.7665050727296459,0.02400000000000002,0.15241432129672097,0.0,0.29030662801538426,0.29383261944876937,0.2867806365819992,0.0,dissolved
0.03125,51,0.0196078431372549,0.759681262858714,0.02400000000000002,0.15544872732536022,0.0,0.2962733189863927,0.2998717803505997,0.2926748576221856,0.0,dissolved
0.03125,52,0.019230769230769232,0.7529345954633263,0.02400000000000002,0.1589011183033764,0.0,0.30306208738007356,0.3067430034211267,0.29938117133902015,0.0,dissolved
0.03125,53,0.018867924528301886,0.746266312876328,0.02400000000000002,0.16282909401774687,0.0,0.31078619719688366,0.3145609283369265,0.30701146605684054,0.0,dissolved
0.03125,54,0.018518518518518517,0.7396773815225959,0.02400000000000002,0.16729818892440051,0.0,0.31957451769956546,0.3234559895744588,0.31569304582467206,0.0,dissolved
0.03125,55,0.01818181818181818,0.7331685208574867,0.02400000000000002,0.17238296552690113,0.0,0.32957367347150557,0.33357659258249533,0.32557075436051564,0.0,dissolved
0.03125,56,0.017857142857142856,0.7267402295713808,0.02400000000000002,0.1781682583793287,0.0,0.34095049070535743,0.3450915897827502,0.33680939162796436,0.0,dissolved
0.03125,57,0.017543859649122806,0.7203928093041521,0.02400000000000002,0.18475058946833606,0.0,0.35389478053587337,0.3581930977083736,0.34959646336337286,0.0,dissolved
0.03125,58,0.017241379310344827,0.7141263860945648,0.02400000000000002,0.1922397785886546,0.0,0.3686225058541492,0.37309970228152745,0.36414530942677076,0.0,dissolved
0.03125,59,0.01694915254237288,0.7079409297714696,0.02400000000000002,0.2007607755796005,0.0,0.3853793844384986,0.39006010570698235,0.3806986631700148,0.0,dissolved
0.03125,60,0.016666666666666666,0.7018362714764412,0.02400000000000002,0.2104557449916656,0.0,0.40444498851669186,0.4093572758266111,0.39953270120677237,0.0,dissolved
0.03125,61,0.01639344262295082,0.6958121194912221,0.02400000000000002,0.22148643796382453,0.0,0.4261374091567694,0.4313131671627217,0.4209616511508165,0.0,dissolved
0.03125,62,0.016129032258064516,0.6898680735282592,0.02400000000000002,0.23403689088403384,0.0,0.4508185633072576,0.45629409241625213,0.44534303419826243,0.0,dissolved
0.03125,63,0.015873015873015872,0.6840036376283989,0.02400000000000002,0.24831649585743767,0.0,0.4789002320295909,0.484716834038047,0.47308363002113424,0.0,dissolved
0.03125,64,0.015625,0.6782182317969141,0.02400000000000002,0.264563494210068,0.0,0.5108509306647792,0.5170555978388447,0.504646263490713,0.0,dissolved
0.03125,65,0.015384615384615385,0.6725112024969713,0.02400000000000002,0.28304895131374624,0.0,0.5472037255563708,0.5538499246521968,0.5405575264605443,0.0,dissolved
0.03125,66,0.015151515151515152,0.6668818321087359,0.02400000000000002,0.3040812790482736,0.0,0.5885651277441376,0.5957136920487214,0.581416563439553,0.0,dissolved
0.03125,67,0.014925373134328358,0.6613293474521653,0.02400000000000002,0.3280113813538052,0.0,0.6356252120111074,0.6433453562865454,0.6279050677356688,0.0,dissolved
0.03125,68,0.014705882352941176,0.655852927462479,0.02400000000000002,0.35523850872193197,0.0,0.6891691301104157,0.6975396053749141,0.6807986548459166,0.0,dissolved
0.03125,69,0.014492753623188406,0.6504517100988787,0.02400000000000002,0.3862169193019721,0.0,0.7500902102589618,0.7592006176710131,0.7409798028469097,0.0,dissolved
0.03125,70,0.014285714285714285,0.6451247985594666,0.02400000000000002,0.4214634577565546,0.0,0.8194048614501965,0.8293571472167971,0.8094525756835951,0.0,dissolved
0.03125,71,0.014084507042253521,0.6398712668685116,0.02400000000000002,0.4615661783123265,0.0,0.8982695312500014,0.9091796875000004,0.8873593750000015,0.0,dissolved
0.03125,72,0.013888888888888888,0.6346901648958398,0.02400000000000002,0.5071941558730044,0.014388311746008853,0.9880000000000015,1.0000000000000004,0.9760000000000018,0.013874476356935438,dissolved
0.0325,1,1.0,1.0,0.8260650438651997,0.8195152257452178,0.6390304514904357,0.586967478067401,1.000000000000008,0.17393495613480156,0.06524127878899819,crystallized
0.0325,2,0.5,1.0,0.582944900361115,0.7184879264343571,0.4369758528687142,0.7085275498194467,1.0000000000000058,0.41705509963888837,0.1291241918293201,crystallized
0.0325,3,0.3333333333333333,0.9999999999997904,0.44179255567076836,0.6575906184449481,0.3151812368898963,0.7791037221646242,1.0000000000000036,0.5582074443292366,0.13707279194416663,productive
0.0325,4,0.25,0.9999999989897916,0.3542019668356948,0.6186485708765932,0.2372971417531864,0.822899016582159,1.0000000000000075,0.6457980331643102,0.12610600525881135,productive
0.0325,5,0.2,0.9999998946877083,0.2882992109304511,0.49136942392248967,0.0,0.7045377675811317,0.8232020129687561,0.585873522193505,0.0,dissolved
0.0325,6,0.16666666666666666,0.9999980095545283,0.25286718427763344,0.5742760338051714,0.1485520676103429,0.8735664078611927,1.000000000000007,0.7471328157223728,0.09695549728284635,dissolved
0.0325,7,0.14285714285714285,0.9999848702710878,0.21567117403507274,0.46489600115875407,0.0,0.7344315406662556,0.8232020129687551,0.6456610683637504,0.0,dissolved
0.0325,8,0.125,0.9999332302396285,0.1963843996260991,0.5513255849134705,0.102651169826941,0.9018078001869596,1.0000000000000067,0.8036156003739078,0.0743920025229089,dissolved
0.0325,9,0.1111111111111111,0.9997924998649104,0.17662336027264247,0.5438835845104706,0.08776716902094117,0.9116883198636885,1.0000000000000067,0.8233766397273643,0.06588355457548074,dissolved
0.0325,10,0.1,0.9994924712139436,0.15637639372196976,0.4452702334880835,0.0,0.7588373319223982,0.8232020129687556,0.6944726508760362,0.0,dissolved
0.0325,11,0.09090909090909091,0.9989535302746325,0.1356315509446412,0.3165789296186493,0.0,0.5451522179532757,0.5848116752131192,0.50549276069343,0.0,dissolved
0.0325,12,0.08333333333333333,0.9980979426127404,0.1356315509446412,0.5298426776886846,0.0596853553773693,0.9321842245276881,1.0000000000000075,0.8643684490553658,0.04809151283967052,dissolved
0.0325,13,0.07692307692307693,0.9968585630378793,0.11437658908262405,0.2902355229613182,0.0,0.5116646071813905,0.5427007367631889,0.4806284775995895,0.0,dissolved
0.0325,14,0.07142857142857142,0.9951838190310288,0.11437658908262405,0.43339521723101554,0.0,0.7761244937841001,0.8232020129687556,0.7290469745994407,0.0,dissolved
0.0325,15,0.06666666666666667,0.9930393801316743,0.09259896422400005,0.21309538047967574,0.0,0.3809701145317278,0.3994651438120188,0.3624750852514352,0.0,dissolved
0.0325,16,0.0625,0.9904074979477991,0.09259896422400005,0.2672275895479081,0.0,0.4824640278253137,0.5058863015967985,0.4590417540538266,0.0,dissolved
0.0325,17,0.058823529411764705,0.9872849986099358,0.09259896422400005,0.359676951905217,0.0,0.6562229487677463,0.6880807302285743,0.6243651673069166,0.0,dissolved
0.0325,18,0.05555555555555555,0.9836806832556286,0.09259896422400005,0.5177613453412365,0.035522690682473046,0.9537005178880088,1.000000000000007,0.9074010357760087,0.03074094000351854,dissolved
0.0325,19,0.05263157894736842,0.9796126349734647,0.07028582400000005,0.1846010014337614,0.0,0.33756890046834964,0.3498641453399873,0.32527365559671134,0.0,dissolved
0.0325,20,0.05,0.9751057193808106,0.07028582400000005,0.2097050750820851,0.0,0.3854267754159669,0.3994651438120186,0.371388407019914,0.0,dissolved
0.0325,21,0.047619047619047616,0.9701894171762189,0.07028582400000005,0.24722236669272213,0.0,0.45705492721389757,0.47370220201346136,0.44040765241433233,0.0,dissolved
0.0325,22,0.045454545454545456,0.9648960326755942,0.07028582400000005,0.30332581051231594,0.0,0.5642596899745326,0.5848116752131182,0.5437077047359454,0.0,dissolved
0.0325,23,0.043478260869565216,0.9592592681774077,0.07028582400000005,0.3872537567853334,0.0,0.7247114239657488,0.7511075297876114,0.6983153181438854,0.0,dissolved
0.0325,24,0.041666666666666664,0.953313126638417,0.07028582400000005,0.5128326533556934,0.02566530671138678,0.964857088000008,1.000000000000007,0.9297141760000082,0.023022840418808418,dissolved
0.0325,25,0.04,0.9470910943469678,0.04742400000000002,0.15112425669918741,0.0,0.28212159977626067,0.288973745222988,0.2752694543295333,0.0,dissolved
0.0325,26,0.038461538461538464,0.9406255539904451,0.04742400000000002,0.15718929695883851,0.0,0.29385758900097747,0.3009947771569221,0.2867204008450326,0.0,dissolved
0.0325,27,0.037037037037037035,0.9339473821720392,0.04742400000000002,0.16511676984988208,0.0,0.3092134176955594,0.31672356691422904,0.3017032684768892,0.0,dissolved
0.0325,28,0.03571428571428571,0.9270856912663876,0.04742400000000002,0.17548216650320972,0.0,0.329305586355763,0.33730373245985024,0.32130744025167496,0.0,dissolved
0.0325,29,0.034482758620689655,0.9200676819218311,0.04742400000000002,0.18903835623419782,0.0,0.3555949680296099,0.36423162840228435,0.3469583076569349,0.0,dissolved
0.0325,30,0.03333333333333333,0.9129185786715375,0.04742400000000002,0.20677031241551488,0.0,0.3899930263219488,0.3994651438120189,0.3805209088318783,0.0,dissolved
0.0325,31,0.03225806451612903,0.9056616266084568,0.04742400000000002,0.2299667162248372,0.0,0.4350007951984701,0.44556605755521894,0.4244355328417208,0.0,dissolved
0.0325,32,0.03125,0.8983181317703235,0.04742400000000002,0.2603136442522902,0.0,0.49389072561333636,0.5058863015967994,0.481895149629873,0.0,dissolved
0.0325,33,0.030303030303030304,0.8909075317708781,0.04742400000000002,0.3000171516692209,0.0,0.5709446207704658,0.5848116752131189,0.5570775663278126,0.0,dissolved
0.0325,34,0.029411764705882353,0.8834474863712909,0.04742400000000002,0.3519636636423594,0.0,0.6717649599533949,0.6880807302285744,0.6554491896782152,0.0,dissolved
0.0325,35,0.02857142857142857,0.8759539802081466,0.04742400000000002,0.419929836685533,0.0,0.8036822468372419,0.8232020129687561,0.7841624807057269,0.0,dissolved
0.0325,36,0.027777777777777776,0.8684414318834667,0.04742400000000002,0.5088571485517319,0.01771429710346384,0.976288000000008,1.000000000000007,0.9525760000000082,0.01647409290867842,dissolved
0.0325,37,0.02702702702702703,0.8609228051738309,0.02400000000000002,0.13285020375051051,0.0,0.25370858565270593,0.2567900664501069,0.25062710485530487,0.0,dissolved
0.0325,38,0.02631578947368421,0.8534097193143909,0.02400000000000002,0.133341872590001,0.0,0.25467375178324314,0.25776695524619697,0.2515805483202891,0.0,dissolved
0.0325,39,0.02564102564102564,0.8459125562311827,0.02400000000000002,0.1339039297216295,0.0,0.25577777664015877,0.25888438931190116,0.2526711639684163,0.0,dissolved
0.0325,40,0.025,0.8384405632911975,0.02400000000000002,0.1345465457294411,0.0,0.2570406378680071,0.2601625889352295,0.2539186868007846,0.0,dissolved
0.0325,41,0.024390243902439025,0.8310019506624012,0.02400000000000002,0.13528134893331262,0.0,0.25848518730076,0.2616246835027929,0.2553456910987267,0.0,dissolved
0.0325,42,0.023809523809523808,0.8236039827641435,0.02400000000000002,0.13612163580671838,0.0,0.2601375644722579,0.2632971300326493,0.25697799891186635,0.0,dissolved
0.0325,43,0.023255813953488372,0.8162530635729409,0.02400000000000002,0.1370826115802057,0.0,0.262027669618528,0.2652101919215865,0.2588451473154692,0.0,dissolved
0.0325,44,0.022727272727272728,0.8089548157536728,0.02400000000000002,0.1381816653843802,0.0,0.26418970473107917,0.26739848656991794,0.26098092289224034,0.0,dissolved
0.0325,45,0.022222222222222223,0.801714153730813,0.02400000000000002,0.13943868491117842,0.0,0.2666627924516903,0.26990161179320815,0.26342397311017196,0.0,dissolved
0.0325,46,0.021739130434782608,0.7945353509131267,0.02400000000000002,0.14087641628732675,0.0,0.26949168400776685,0.2727648623560388,0.26621850565949456,0.0,dissolved
0.0325,47,0.02127659574468085,0.7874221013498609,0.02400000000000002,0.14252087567198757,0.0,0.2727275689985605,0.27604004959368444,0.2694150884034365,0.0,dissolved
0.0325,48,0.020833333333333332,0.78037757613542,0.02400000000000002,0.14440182002657773,0.0,0.27642900168556167,0.2797864389529975,0.2730715644181259,0.0,dissolved
0.0325,49,0.02040816326530612,0.7734044748999146,0.02400000000000002,0.14655328557546868,0.0,0.28066296054855616,0.2840718224175668,0.2772540986795455,0.0,dissolved
0.0325,50,0.02,0.7665050727296459,0.02400000000000002,0.14901420370117124,0.0,0.2855060602803122,0.2889737452229875,0.2820383753376366,0.0,dissolved
0.0325,51,0.0196078431372549,0.759681262858714,0.02400000000000002,0.15182910541880204,0.0,0.2910459381512906,0.29458090906001033,0.2875109672425706,0.0,dissolved
0.0325,52,0.019230769230769232,0.7529345954633263,0.02400000000000002,0.1550489271774968,0.0,0.2973828398310393,0.30099477715692197,0.2937709025051564,0.0,dissolved
0.0325,53,0.018867924528301886,0.746266312876328,0.02400000000000002,0.15873193256998128,0.0,0.3046314333621653,0.308331410285592,0.3009314564387384,0.0,dissolved
0.0325,54,0.018518518518518517,0.7396773815225959,0.02400000000000002,0.1629447666288934,0.0,0.31292288411125874,0.31672356691422876,0.30912220130828827,0.0,dissolved
0.0325,55,0.01818181818181818,0.7331685208574867,0.02400000000000002,0.16776366178764873,0.0,0.3224072282435971,0.3263231055097127,0.3184913509774807,0.0,dissolved
0.0325,56,0.017857142857142856,0.7267402295713808,0.02400000000000002,0.17327581732805855,0.0,0.333256087670333,0.33730373245985024,0.32920844288081497,0.0,dissolved
0.0325,57,0.017543859649122806,0.7203928093041521,0.02400000000000002,0.1795809772761954,0.0,0.34566577559590805,0.34986414533998705,0.34146740585182844,0.0,dissolved
0.0325,58,0.017241379310344827,0.7141263860945648,0.02400000000000002,0.18679323529898273,0.0,0.3598608488614576,0.36423162840228407,0.3554900693206304,0.0,dissolved
0.0325,59,0.01694915254237288,0.7079409297714696,0.02400000000000002,0.19504309926162763,0.0,0.37609817136487433,0.3806661653490619,0.37153017738068583,0.0,dissolved
0.0325,60,0.016666666666666666,0.7018362714764412,0.02400000000000002,0.20447985280465014,0.0,0.3946715620862754,0.39946514381201853,0.38987798036053145,0.0,dissolved
0.0325,61,0.01639344262295082,0.6958121194912221,0.02400000000000002,0.2152742566739209,0.0,0.41591711182621766,0.42096873666621126,0.41086548698622344,0.0,dissolved
0.0325,62,0.016129032258064516,0.6898680735282592,0.02400000000000002,0.2276216386850427,0.0,0.44021926486455704,0.4455660575552184,0.43487247217389463,0.0,dissolved
0.0325,63,0.015873015873015872,0.6840036376283989,0.02400000000000002,0.24174542823586553,0.0,0.46801777558930124,0.4737022020134613,0.46233334916513996,0.0,dissolved
0.0325,64,0.015625,0.6782182317969141,0.02400000000000002,0.2579011993251407,0.0,0.4998156659776384,0.5058863015967987,0.493745030358477,0.0,dissolved
0.0325,65,0.015384615384615385,0.6725112024969713,0.02400000000000002,0.2763812952368941,0.0,0.5361883279220315,0.5427007367631886,0.5296759190808735,0.0,dissolved
0.0325,66,0.015151515151515152,0.6668818321087359,0.02400000000000002,0.2975201185755034,0.0,0.5777939351105622,0.5848116752131178,0.570776195008005,0.0,dissolved
0.0325,67,0.014925373134328358,0.6613293474521653,0.02400000000000002,0.3217001823761643,0.0,0.6253853528674677,0.632981126384075,0.6177895793508589,0.0,dissolved
0.0325,68,0.014705882352941176,0.655852927462479,0.02400000000000002,0.34935903178731925,0.0,0.6798237614658322,0.6880807302285736,0.6715667927030895,0.0,dissolved
0.0325,69,0.014492753623188406,0.6504517100988787,0.02400000000000002,0.38099716157486807,0.0,0.7420942394301604,0.75110752978761,0.7330809490727092,0.0,dissolved
0.0325,70,0.014285714285714285,0.6451247985594666,0.02400000000000002,0.41718707271765376,0.0,0.8133235888131316,0.823202012968755,0.8034451646575068,0.0,dissolved
0.0325,71,0.014084507042253521,0.6398712668685116,0.02400000000000002,0.4585836319758983,0.0,0.8948007250000073,0.9056687500000054,0.8839327000000073,0.0,dissolved
0.0325,72,0.013888888888888888,0.6346901648958398,0.02400000000000002,0.505935921891939,0.011871843783878067,0.9880000000000079,1.000000000000006,0.976000000000008,0.011447876498668467,dissolved
0.03375,1,1.0,1.0,0.8260650438651997,0.8085830146328209,0.6171660292656418,0.5869674780674012,1.000000000000013,0.17393495613480214,0.06300904891231422,crystallized
0.03375,2,0.5,1.0,0.582944900361115,0.7053700119108084,0.4107400238216168,0.7085275498194461,1.000000000000011,0.4170550996388908,0.12137163479341471,crystallized
0.03375,3,0.3333333333333333,0.9999999999997904,0.44179255567076836,0.6449757275211017,0.2899514550422033,0.7791037221646256,1.0000000000000118,0.5582074443292387,0.12610032203405871,productive
0.03375,4,0.25,0.9999999989897916,0.3542019668356948,0.6072736918585389,0.2145473837170777,0.8228990165821624,1.0000000000000109,0.6457980331643125,0.114016179459216,productive
0.03375,5,0.2,0.9999998946877083,0.2882992109304511,0.47934779277401146,0.0,0.6993119801335521,0.8170960539355563,0.5815279063315497,0.0,dissolved
0.03375,6,0.16666666666666666,0.9999980095545283,0.25286718427763344,0.5654419491980051,0.1308838983960101,0.8735664078611927,1.0000000000000124,0.7471328157223751,0.08542401098441035,dissolved
0.03375,7,0.14285714285714285,0.9999848702710878,0.21567117403507274,0.45487718268995037,0.0,0.7289840213097032,0.8170960539355572,0.6408719886838496,0.0,dissolved
0.03375,8,0.125,0.9999332302396285,0.1963843996260991,0.544421196362107,0.0888423927242139,0.9018078001869609,1.000000000000011,0.8036156003739103,0.0643846876253178,dissolved
0.03375,9,0.1111111111111111,0.9997924998649104,0.17662336027264247,0.537720959525001,0.07544191905000197,0.9116883198636899,1.0000000000000122,0.8233766397273676,0.05663144711690464,dissolved
0.03375,10,0.1,0.9994924712139436,0.15637639372196976,0.43723102917357276,0.0,0.7532087868161104,0.817096053935557,0.6893215196966634,0.0,dissolved
0.03375,11,0.09090909090909091,0.9989535302746325,0.1356315509446412,0.30753297229243504,0.0,0.5352840780318624,0.574225634748411,0.4963425213153136,0.0,dissolved
0.03375,12,0.08333333333333333,0.9980979426127404,0.1356315509446412,0.5252715785272751,0.05054315705455026,0.9321842245276918,1.0000000000000118,0.86436844905537,0.04072518075963502,dissolved
0.03375,13,0.07692307692307693,0.9968585630378793,0.11437658908262405,0.2817984412331898,0.0,0.5015121187883027,0.5319324271056988,0.47109181047090704,0.0,dissolved
0.03375,14,0.07142857142857142,0.9951838190310288,0.11437658908262405,0.42683128459905534,0.0,0.770367724134546,0.8170960539355567,0.7236393943335352,0.0,dissolved
0.03375,15,0.06666666666666667,0.9930393801316743,0.09259896422400005,0.20621694960858508,0.0,0.3720986707098807,0.3901630163040116,0.35403432511574917,0.0,dissolved
0.03375,16,0.0625,0.9904074979477991,0.09259896422400005,0.2594638549568056,0.0,0.47223063288451256,0.49515610406743,0.44930516170159496,0.0,dissolved
0.03375,17,0.058823529411764705,0.9872849986099358,0.09259896422400005,0.352406884911361,0.0,0.6473692849103505,0.6787972458523663,0.615941323968334,0.0,dissolved
0.03375,18,0.05555555555555555,0.9836806832556286,0.09259896422400005,0.5148124813557337,0.029624962711467306,0.9537005178880117,1.0000000000000124,0.9074010357760107,0.025637112049314452,dissolved
0.03375,19,0.05263157894736842,0.9796126349734647,0.07028582400000005,0.17908737576392147,0.0,0.33013222771377726,0.3421566072526765,0.31810784817487786,0.0,dissolved
0.03375,20,0.05,0.9751057193808106,0.07028582400000005,0.2033316741809916,0.0,0.37645155175638556,0.39016301630401184,0.36274008720875894,0.0,dissolved
0.03375,21,0.047619047619047616,0.9701894171762189,0.07028582400000005,0.24016004663017673,0.0,0.44689963317473025,0.46317702251748394,0.43062224383197617,0.0,dissolved
0.03375,22,0.045454545454545456,0.9648960326755942,0.07028582400000005,0.296134125355132,0.0,0.5540456737983029,0.5742256347484108,0.5338657128481954,0.0,dissolved
0.03375,23,0.043478260869565216,0.9592592681774077,0.07028582400000005,0.3812331071032328,0.0,0.7170064498786989,0.7431219180500006,0.6908909817073972,0.0,dissolved
0.03375,24,0.041666666666666664,0.953313126638417,0.07028582400000005,0.5106341627106723,0.021268325421344603,0.9648570880000118,1.000000000000012,0.9297141760000124,0.01907856655122949,dissolved
0.03375,25,0.04,0.9470910943469678,0.04742400000000002,0.14780063102246319,0.0,0.27789313638822966,0.2846425812754326,0.27114369150102674,0.0,dissolved
0.03375,26,0.038461538461538464,0.9406255539904451,0.04742400000000002,0.15342871717208667,0.0,0.28880137541204376,0.29581575868190935,0.28178699214217845,0.0,dissolved
0.03375,27,0.037037037037037035,0.9339473821720392,0.04742400000000002,0.16086554868673955,0.0,0.30322781906490426,0.31059259057256056,0.29586304755724774,0.0,dissolved
0.03375,28,0.03571428571428571,0.9270856912663876,0.04742400000000002,0.1706953423423268,0.0,0.3223071843056909,0.33013535381536085,0.3144790147960212,0.0,dissolved
0.03375,29,0.034482758620689655,0.9200676819218311,0.04742400000000002,0.18369063429278948,0.0,0.3475401652641803,0.35598119127161276,0.33909913925674784,0.0,dissolved
0.03375,30,0.03333333333333333,0.9129185786715375,0.04742400000000002,0.20087303184887903,0.0,0.38091147086141136,0.39016301630401184,0.3716599254188108,0.0,dissolved
0.03375,31,0.03225806451612903,0.9056616266084568,0.04742400000000002,0.2235935577534347,0.0,0.4250459327823329,0.43536941228646975,0.4147224532781962,0.0,dissolved
0.03375,32,0.03125,0.8983181317703235,0.04742400000000002,0.25363890625266616,0.0,0.4834149625277827,0.4951561040674295,0.47167382098813576,0.0,dissolved
0.03375,33,0.030303030303030304,0.8909075317708781,0.04742400000000002,0.2933719683938546,0.0,0.5606095964972564,0.5742256347484105,0.546993558246102,0.0,dissolved
0.03375,34,0.029411764705882353,0.8834474863712909,0.04742400000000002,0.3459176794639041,0.0,0.6627016055587152,0.6787972458523662,0.6466059652650639,0.0,dissolved
0.03375,35,0.02857142857142857,0.8759539802081466,0.04742400000000002,0.4154088063350896,0.0,0.7977210723046367,0.8170960539355561,0.7783460906737169,0.0,dissolved
0.03375,36,0.027777777777777776,0.8684414318834667,0.04742400000000002,0.5073110070992314,0.014622014198462763,0.976288000000012,1.0000000000000124,0.9525760000000117,0.01359830531296618,dissolved
0.03375,37,0.02702702702702703,0.8609228051738309,0.02400000000000002,0.13148850149903074,0.0,0.2525620775737173,0.2556296331717783,0.24949452197565594,0.0,dissolved
0.03375,38,0.02631578947368421,0.8534097193143909,0.02400000000000002,0.1319130414669169,0.0,0.25339645517321835,0.25647414491216447,0.2503187654342724,0.0,dissolved
0.03375,39,0.02564102564102564,0.8459125562311827,0.02400000000000002,0.13240101335620172,0.0,0.25435599930794345,0.2574453434290928,0.25126665518679436,0.0,dissolved
0.03375,40,0.025,0.8384405632911975,0.02400000000000002,0.13296196585424622,0.0,0.2554594864425885,0.2585622332414865,0.25235673964369065,0.0,dissolved
0.03375,41,0.024390243902439025,0.8310019506624012,0.02400000000000002,0.1336068757409553,0.0,0.2567285097342329,0.2598466697714909,0.253610349696975,0.0,dissolved
0.03375,42,0.023809523809523808,0.8236039827641435,0.02400000000000002,0.1343483626836077,0.0,0.25818790156960253,0.26132378701376757,0.2550520161254375,0.0,dissolved
0.03375,43,0.023255813953488372,0.8162530635729409,0.02400000000000002,0.1352009361798884,0.0,0.25986621948793087,0.2630224893602539,0.256709949615608,0.0,dissolved
0.03375,44,0.022727272727272728,0.8089548157536728,0.02400000000000002,0.13618127948132674,0.0,0.2617963049980153,0.26497601720446873,0.25861659279156185,0.0,dissolved
0.03375,45,0.022222222222222223,0.801714153730813,0.02400000000000002,0.13730857605299046,0.0,0.2640159262244563,0.2672225973931743,0.26080925505573826,0.0,dissolved
0.03375,46,0.021739130434782608,0.7945353509131267,0.02400000000000002,0.13860488495763001,0.0,0.2665685169584554,0.2698061912534975,0.2633308426634135,0.0,dissolved
0.03375,47,0.02127659574468085,0.7874221013498609,0.02400000000000002,0.1400955725098333,0.0,0.2695040265749973,0.27277735483299337,0.26623069831700136,0.0,dissolved
0.03375,48,0.020833333333333332,0.78037757613542,0.02400000000000002,0.1418098086468481,0.0,0.27287989744768887,0.27619422818592,0.2695655667094579,0.0,dissolved
0.03375,49,0.02040816326530612,0.7734044748999146,0.02400000000000002,0.14378113772910786,0.0,0.27676218898741584,0.28012367306418595,0.27340070491064555,0.0,dissolved
0.03375,50,0.02,0.7665050727296459,0.02400000000000002,0.14604813493994934,0.0,0.28122687030012783,0.28464258127543246,0.2778111593248227,0.0,dissolved
0.03375,51,0.0196078431372549,0.759681262858714,0.02400000000000002,0.1486551611290248,0.0,0.2863613067586224,0.2898393793103463,0.28288323420689837,0.0,dissolved
0.03375,52,0.019230769230769232,0.7529345954633263,0.02400000000000002,0.15165323087026406,0.0,0.2922659695777265,0.2958157586819093,0.28871618047354364,0.0,dissolved
0.03375,53,0.018867924528301886,0.746266312876328,0.02400000000000002,0.1551010107206441,0.0,0.299056401846029,0.3026886658360616,0.2954241378559963,0.0,dissolved
0.03375,54,0.018518518518518517,0.7396773815225959,0.02400000000000002,0.15906596721380026,0.0,0.30686547948569004,0.31059259057256094,0.30313836839881936,0.0,dissolved
0.03375,55,0.01818181818181818,0.7331685208574867,0.02400000000000002,0.16362568705254205,0.0,0.3158460113830354,0.31968219775610873,0.31200982500996216,0.0,dissolved
0.03375,56,0.017857142857142856,0.7267402295713808,0.02400000000000002,0.16886939533395115,0.0,0.32617372956957624,0.33013535381536085,0.3222121053237919,0.0,dissolved
0.03375,57,0.017543859649122806,0.7203928093041521,0.02400000000000002,0.1748997015158504,0.0,0.33805072796564467,0.34215660725267677,0.33394484867861257,0.0,dissolved
0.03375,58,0.017241379310344827,0.7141263860945648,0.02400000000000002,0.18183460728990924,0.0,0.3517094169763532,0.355981191271613,0.3474376426810938,0.0,dissolved
0.03375,59,0.01694915254237288,0.7079409297714696,0.02400000000000002,0.1898098156516677,0.0,0.3674170713238539,0.37187962684600595,0.36295451580170185,0.0,dissolved
0.03375,60,0.016666666666666666,0.7018362714764412,0.02400000000000002,0.19898138635161286,0.0,0.38548106010836386,0.3901630163040123,0.38079910391271565,0.0,dissolved
0.03375,61,0.01639344262295082,0.6958121194912221,0.02400000000000002,0.20952878968946312,0.0,0.4062548614403767,0.41118913101252713,0.4013205918682265,0.0,dissolved
0.03375,62,0.016129032258064516,0.6898680735282592,0.02400000000000002,0.22165841840864628,0.0,0.4301449793390321,0.4353694122864701,0.4249205463915946,0.0,dissolved
0.03375,63,0.015873015873015872,0.6840036376283989,0.02400000000000002,0.23560762641210004,0.0,0.4576188982472745,0.4631770225174845,0.4520607739770648,0.0,dissolved
0.03375,64,0.015625,0.6782182317969141,0.02400000000000002,0.2516493733294374,0.0,0.4892142308186206,0.49515610406743,0.4832723575698115,0.0,dissolved
0.03375,65,0.015384615384615385,0.6725112024969713,0.02400000000000002,0.27009756582086447,0.0,0.5255492379804297,0.5319324271056987,0.5191660488551616,0.0,dissolved
0.03375,66,0.015151515151515152,0.6668818321087359,0.02400000000000002,0.29131320013708095,0.0,0.5673349271314299,0.5742256347484112,0.560444219514449,0.0,dissolved
0.03375,67,0.014925373134328358,0.6613293474521653,0.02400000000000002,0.315711426133441,0.0,0.6153889652123478,0.6228633251137126,0.6079146053109834,0.0,dissolved
0.03375,68,0.014705882352941176,0.655852927462479,0.02400000000000002,0.34376967096778166,0.0,0.6706516789021385,0.6787972458523671,0.6625061119519102,0.0,dissolved
0.03375,69,0.014492753623188406,0.6504517100988787,0.02400000000000002,0.37603698144732295,0.0,0.7342044550334013,0.7431219180500015,0.7252869920168012,0.0,dissolved
0.03375,70,0.014285714285714285,0.6451247985594666,0.02400000000000002,0.41314476783671233,0.0,0.8072909012883303,0.8170960539355572,0.7974857486411037,0.0,dissolved
0.03375,71,0.014084507042253521,0.6398712668685116,0.02400000000000002,0.4558191593632196,0.0,0.8913411812500113,0.9021671875000115,0.8805151750000113,0.0,dissolved
0.03375,72,0.013888888888888888,0.6346901648958398,0.02400000000000002,0.5048952131929663,0.009790426385932527,0.9880000000000125,1.0000000000000129,0.9760000000000126,0.009440790678838467,dissolved
0.035,1,1.0,1.0,0.8260650438651997,0.7976421902917539,0.5952843805835077,0.586967478067399,0.9999999999999906,0.17393495613479895,0.060775060314891126,crystallized
0.035,2,0.5,1.0,0.582944900361115,0.6926474536676979,0.38529490733539573,0.7085275498194347,0.9999999999999908,0.4170550996388815,0.11385272938772796,crystallized
0.035,3,0.3333333333333333,0.9999999999997904,0.44179255567076836,0.6330430341427418,0.26608606828548353,0.7791037221646093,0.9999999999999925,0.558207444329228,0.11572122959234744,productive
0.035,4,0.25,0.9999999989897916,0.3542019668356948,0.596729499506856,0.1934589990137121,0.8228990165821479,0.9999999999999944,0.6457980331643002,0.10280925158534465,productive
0.035,5,0.2,0.9999998946877083,0.2882992109304511,0.4681894971846135,0.0,0.6941280545519626,0.8110390074999939,0.5772171016039299,0.0,dissolved
0.035,6,0.16666666666666666,0.9999980095545283,0.25286718427763344,0.5574981002597242,0.11499620051944848,0.8735664078611776,0.9999999999999922,0.7471328157223607,0.07505458514549965,dissolved
0.035,7,0.14285714285714285,0.9999848702710878,0.21567117403507274,0.4456859619155481,0.0,0.7235801400321134,0.8110390074999931,0.6361212725642309,0.0,dissolved
0.035,8,0.125,0.9999332302396285,0.1963843996260991,0.5383433105309511,0.07668662106190216,0.9018078001869455,0.9999999999999917,0.8036156003738959,0.05557531703854846,dissolved
0.035,9,0.1111111111111111,0.9997924998649104,0.17662336027264247,0.5323407419132273,0.06468148382645467,0.9116883198636734,0.9999999999999922,0.8233766397273521,0.04855398798024724,dissolved
0.035,10,0.1,0.9994924712139436,0.15637639372196976,0.42989652440382486,0.0,0.7476253299196474,0.8110390074999931,0.6842116523392995,0.0,dissolved
0.035,11,0.09090909090909091,0.9989535302746325,0.1356315509446412,0.29918769518575145,0.0,0.5257027048488905,0.563947223109523,0.4874581865882559,0.0,dissolved
0.035,12,0.08333333333333333,0.9980979426127404,0.1356315509446412,0.5213534211560918,0.04270684231218369,0.9321842245276741,0.9999999999999933,0.8643684490553536,0.03441106520037281,dissolved
0.035,13,0.07692307692307693,0.9968585630378793,0.11437658908262405,0.27401533709182285,0.0,0.49170737312296975,0.5215329532674271,0.46188179297851134,0.0,dissolved
0.035,14,0.07142857142857142,0.9951838190310288,0.11437658908262405,0.4208280270319842,0.0,0.7646570698545918,0.8110390074999934,0.7182751322091885,0.0,dissolved
0.035,15,0.06666666666666667,0.9930393801316743,0.09259896422400005,0.19997479126185724,0.0,0.36375772890629055,0.3814171451975755,0.34609831261500534,0.0,dissolved
0.035,16,0.0625,0.9904074979477991,0.09259896422400005,0.252299942341495,0.0,0.46240060056408977,0.484848851280997,0.4399523498471815,0.0,dissolved
0.035,17,0.058823529411764705,0.9872849986099358,0.09259896422400005,0.3456483556665399,0.0,0.6386802257306861,0.6696863572487741,0.6076740942125958,0.0,dissolved
0.035,18,0.05555555555555555,0.9836806832556286,0.09259896422400005,0.5123340830957176,0.024668166191435192,0.9537005178879945,0.999999999999994,0.9074010357759946,0.02134755566987098,dissolved
0.035,19,0.05263157894736842,0.9796126349734647,0.07028582400000005,0.17414015382237166,0.0,0.3232518275999742,0.3350256028797226,0.31147805232022524,0.0,dissolved
0.035,20,0.05,0.9751057193808106,0.07028582400000005,0.19752694777803018,0.0,0.36801303602860647,0.3814171451975753,0.3546089268596369,0.0,dissolved
0.035,21,0.047619047619047616,0.9701894171762189,0.07028582400000005,0.23363722733610823,0.0,0.4371967880756892,0.45312077147293406,0.42127280467844336,0.0,dissolved
0.035,22,0.045454545454545456,0.9648960326755942,0.07028582400000005,0.28941845653375553,0.0,0.5441284754751418,0.5639472231095235,0.5243097278407588,0.0,dissolved
0.035,23,0.043478260869565216,0.9592592681774077,0.07028582400000005,0.3756082829827404,0.0,0.709404070275386,0.7352426375867449,0.6835655029640266,0.0,dissolved
0.035,24,0.041666666666666664,0.953313126638417,0.07028582400000005,0.5088026454421171,0.017605290884234126,0.9648570879999937,0.9999999999999922,0.9297141759999933,0.015792673242224633,dissolved
0.035,25,0.04,0.9470910943469678,0.04742400000000002,0.14491177666971355,0.0,0.27412507747849985,0.28078300407103207,0.2674671508859673,0.0,dissolved
0.035,26,0.038461538461538464,0.9406255539904451,0.04742400000000002,0.15012723043376586,0.0,0.2842471176077988,0.29115088745103745,0.27734334776455966,0.0,dissolved
0.035,27,0.037037037037037035,0.9339473821720392,0.04742400000000002,0.15709423786306467,0.0,0.2977783159656495,0.3050107304050129,0.29054590152628573,0.0,dissolved
0.035,28,0.03571428571428571,0.9270856912663876,0.04742400000000002,0.16640341548397536,0.0,0.31586689560578807,0.32353864393067133,0.30819514728090375,0.0,dissolved
0.035,29,0.034482758620689655,0.9200676819218311,0.04742400000000002,0.1788442132793241,0.0,0.3400478073583523,0.3483068596135078,0.3317887551031968,0.0,dissolved
0.035,30,0.03333333333333333,0.9129185786715375,0.04742400000000002,0.19547189478695787,0.0,0.3723729818506507,0.3814171451975753,0.3633288185037257,0.0,dissolved
0.035,31,0.03225806451612903,0.9056616266084568,0.04742400000000002,0.2176970749844853,0.0,0.4155854511177251,0.42567915524694067,0.40549174698850954,0.0,dissolved
0.035,32,0.03125,0.8983181317703235,0.04742400000000002,0.24740541372530056,0.0,0.47335211531942223,0.48484885128099736,0.4618553793578471,0.0,dissolved
0.035,33,0.030303030303030304,0.8909075317708781,0.04742400000000002,0.2871176214424673,0.0,0.5505749065551505,0.5639472231095235,0.5372025900007776,0.0,dissolved
0.035,34,0.029411764705882353,0.8834474863712909,0.04742400000000002,0.34020335465814233,0.0,0.6538067543456922,0.6696863572487756,0.6379271514426096,0.0,dissolved
0.035,35,0.02857142857142857,0.8759539802081466,0.04742400000000002,0.4111671518096887,0.0,0.7918076505541541,0.8110390074999931,0.7725762936083145,0.0,dissolved
0.035,36,0.027777777777777776,0.8684414318834667,0.04742400000000002,0.50603067308081,0.012061346161619912,0.9762879999999929,0.9999999999999922,0.9525759999999931,0.01121691344057877,dissolved
0.035,37,0.02702702702702703,0.8609228051738309,0.02400000000000002,0.1303603375882477,0.0,0.25160918995517906,0.25466517201941186,0.24855320789094618,0.0,dissolved
0.035,38,0.02631578947368421,0.8534097193143909,0.02400000000000002,0.13072630880042602,0.0,0.25232915938857575,0.2553938860208258,0.2492644327563259,0.0,dissolved
0.035,39,0.02564102564102564,0.8459125562311827,0.02400000000000002,0.13114926110533495,0.0,0.2531615902284379,0.25623642735671864,0.2500867531001574,0.0,dissolved
0.035,40,0.025,0.8384405632911975,0.02400000000000002,0.1316381200778373,0.0,0.25412404928712945,0.25721057620154786,0.2510375223727109,0.0,dissolved
0.035,41,0.024390243902439025,0.8310019506624012,0.02400000000000002,0.13220320212312991,0.0,0.2552368473663195,0.2583368900468821,0.25213680468575694,0.0,dissolved
0.035,42,0.023809523809523808,0.8236039827641435,0.02400000000000002,0.1328564321841442,0.0,0.2565234678764247,0.25963913752674583,0.2534077982261038,0.0,dissolved
0.035,43,0.023255813953488372,0.8162530635729409,0.02400000000000002,0.13361159539396592,0.0,0.25801106240770616,0.2611448000077996,0.2548773248076126,0.0,dissolved
0.035,44,0.022727272727272728,0.8089548157536728,0.02400000000000002,0.1344846279839023,0.0,0.25973102371107226,0.26288565152942567,0.2565763958927192,0.0,dissolved
0.035,45,0.022222222222222223,0.801714153730813,0.02400000000000002,0.13549395358623603,0.0,0.26171964818022025,0.26489842933220675,0.2585408670282338,0.0,dissolved
0.035,46,0.021739130434782608,0.7945353509131267,0.02400000000000002,0.13666087202867838,0.0,0.26401890181549376,0.2672256091249935,0.2608121945059939,0.0,dissolved
0.035,47,0.02127659574468085,0.7874221013498609,0.02400000000000002,0.13801000882525463,0.0,0.2666773058336154,0.2699163014510273,0.2634383102162032,0.0,dissolved
0.035,48,0.020833333333333332,0.78037757613542,0.02400000000000002,0.13956983484924834,0.0,0.2697509606123432,0.2730272880691731,0.26647463315551323,0.0,dissolved
0.035,49,0.02040816326530612,0.7734044748999146,0.02400000000000002,0.141373267154871,0.0,0.27330472957838303,0.2766242202210352,0.2699852389357306,0.0,dissolved
0.035,50,0.02,0.7665050727296459,0.02400000000000002,0.14345836362682213,0.0,0.27741360802217974,0.2807830040710317,0.2740442119733272,0.0,dissolved
0.035,51,0.0196078431372549,0.759681262858714,0.02400000000000002,0.1458691261169432,0.0,0.28216430572572543,0.28559140255640225,0.2787372088950485,0.0,dissolved
0.035,52,0.019230769230769232,0.7529345954633263,0.02400000000000002,0.148656429016582,0.0,0.2876570768016251,0.29115088745103757,0.28416326615221266,0.0,dissolved
0.035,53,0.018867924528301886,0.746266312876328,0.02400000000000002,0.15187909286036355,0.0,0.294007835358568,0.29757878072729527,0.29043688998984035,0.0,dissolved
0.035,54,0.018518518518518517,0.7396773815225959,0.02400000000000002,0.1556051256176528,0.0,0.30135060164015287,0.3050107304050129,0.29769047287529254,0.0,dissolved
0.035,55,0.01818181818181818,0.7331685208574867,0.02400000000000002,0.15991315786672006,0.0,0.30984033025801033,0.31360357313563764,0.30607708738038253,0.0,dissolved
0.035,56,0.017857142857142856,0.7267402295713808,0.02400000000000002,0.16489410213813616,0.0,0.319656180203504,0.3235386439306718,0.31577371647633573,0.0,dissolved
0.035,57,0.017543859649122806,0.7203928093041521,0.02400000000000002,0.17065307144456268,0.0,0.3310052956451661,0.3350256028797226,0.32698498841060925,0.0,dissolved
0.035,58,0.017241379310344827,0.7141263860945648,0.02400000000000002,0.17731159748373412,0.0,0.34412717729814596,0.3483068596135077,0.3399474949827837,0.0,dissolved
0.035,59,0.01694915254237288,0.7079409297714696,0.02400000000000002,0.18501019532543034,0.0,0.35929873661480644,0.3636626888813833,0.3549347843482297,0.0,dissolved
0.035,60,0.016666666666666666,0.7018362714764412,0.02400000000000002,0.19391132870510297,0.0,0.37684013945520484,0.3814171451975755,0.372263133712834,0.0,dissolved
0.035,61,0.01639344262295082,0.6958121194912221,0.02400000000000002,0.20420283850083892,0.0,0.397121562556602,0.4019449013730788,0.3922982237401251,0.0,dissolved
0.035,62,0.016129032258064516,0.6898680735282592,0.02400000000000002,0.2161019067449043,0.0,0.4205710053839776,0.42567915524694055,0.41546285552101436,0.0,dissolved
0.035,63,0.015873015873015872,0.6840036376283989,0.02400000000000002,0.22985963982252436,0.0,0.44768332221525936,0.45312077147293445,0.442245872957584,0.0,dissolved
0.035,64,0.015625,0.6782182317969141,0.02400000000000002,0.2457663675772763,0.0,0.4790306650656256,0.4848488512809973,0.4732124788502534,0.0,dissolved
0.035,65,0.015384615384615385,0.6725112024969713,0.02400000000000002,0.26415777015027114,0.0,0.5152745578282181,0.5215329532674269,0.5090161623890088,0.0,dissolved
0.035,66,0.015151515151515152,0.6668818321087359,0.02400000000000002,0.2854219618479915,0.0,0.55717985643221,0.5639472231095239,0.5504124897548957,0.0,dissolved
0.035,67,0.014925373134328358,0.6613293474521653,0.02400000000000002,0.3100076815298526,0.0,0.6056308896198525,0.6129867303844652,0.5982750488552389,0.0,dissolved
0.035,68,0.014705882352941176,0.655852927462479,0.02400000000000002,0.3384337623574807,0.0,0.6616501209617904,0.6696863572487752,0.6536138846748053,0.0,dissolved
0.035,69,0.014492753623188406,0.6504517100988787,0.02400000000000002,0.3713000807460994,0.0,0.7264197259357043,0.7352426375867447,0.7175968142846635,0.0,dissolved
0.035,70,0.014285714285714285,0.6451247985594666,0.02400000000000002,0.4093002155740672,0.0,0.8013065394099947,0.811039007499994,0.7915740713199951,0.0,dissolved
0.035,71,0.014084507042253521,0.6398712668685116,0.02400000000000002,0.45323608479823607,0.0,0.8878908999999944,0.8986749999999935,0.8771067999999946,0.0,dissolved
0.035,72,0.013888888888888888,0.6346901648958398,0.02400000000000002,0.504034868352053,0.008069736704106045,0.9879999999999937,0.9999999999999927,0.975999999999994,0.007781550266928854,dissolved
0.03625,1,1.0,1.0,0.8260650438651997,0.7867210789754887,0.5734421579509774,0.5869674780673998,0.9999999999999963,0.17393495613479998,0.05854509688698856,crystallized
0.03625,2,0.5,1.0,0.582944900361115,0.6803489933278362,0.3606979866556723,0.7085275498194421,0.9999999999999964,0.41705509963888454,0.10658446162554533,crystallized
0.03625,3,0.3333333333333333,0.9999999999997904,0.44179255567076836,0.6217970244133507,0.24359404882670144,0.7791037221646155,0.9999999999999971,0.5582074443292318,0.10593941664529687,productive
0.03625,4,0.25,0.9999999989897916,0.3542019668356948,0.5869927722295287,0.17398554445905745,0.8228990165821541,0.9999999999999974,0.645798033164305,0.09246054049538888,productive
0.03625,5,0.2,0.9999998946877083,0.2882992109304511,0.4578431446823384,0.0,0.6889857666771366,0.8050306117480452,0.5729409216062261,0.0,dissolved
0.03625,6,0.16666666666666666,0.9999980095545283,0.25286718427763344,0.5503820645385546,0.1007641290771093,0.8735664078611846,0.9999999999999971,0.7471328157223659,0.06576573722669318,dissolved
0.03625,7,0.14285714285714285,0.9999848702710878,0.21567117403507274,0.437249107067165,0.0,0.7182196631631109,0.8050306117480457,0.6314087145781723,0.0,dissolved
0.03625,8,0.125,0.9999332302396285,0.1963843996260991,0.5330122090913025,0.06602441818260507,0.9018078001869512,0.9999999999999977,0.8036156003738999,0.04784834593014768,dissolved
0.03625,9,0.1111111111111111,0.9997924998649104,0.17662336027264247,0.5276597695045854,0.05531953900917075,0.9116883198636796,0.9999999999999987,0.8233766397273572,0.04152632365903736,dissolved
0.03625,10,0.1,0.9994924712139436,0.15637639372196976,0.423185565115472,0.0,0.7420867197975712,0.8050306117480439,0.6791428278470953,0.0,dissolved
0.03625,11,0.09090909090909091,0.9989535302746325,0.1356315509446412,0.2914668180604204,0.0,0.5164005024611565,0.5539682917534955,0.4788327131688161,0.0,dissolved
0.03625,12,0.08333333333333333,0.9980979426127404,0.1356315509446412,0.5180048634019341,0.03600972680386816,0.9321842245276789,0.999999999999998,0.864368449055358,0.02901486014436684,dissolved
0.03625,13,0.07692307692307693,0.9968585630378793,0.11437658908262405,0.2668133454050757,0.0,0.48223934639194904,0.5114906227827676,0.45298807000112895,0.0,dissolved
0.03625,14,0.07142857142857142,0.9951838190310288,0.11437658908262405,0.4153098437948455,0.0,0.7589922840086267,0.8050306117480457,0.7129539562692069,0.0,dissolved
0.03625,15,0.06666666666666667,0.9930393801316743,0.09259896422400005,0.19429824878395907,0.0,0.35591686546661866,0.37319562985538457,0.3386381010778523,0.0,dissolved
0.03625,16,0.0625,0.9904074979477991,0.09259896422400005,0.2456684242040899,0.0,0.452959052494855,0.47494894256526893,0.4309691624244407,0.0,dissolved
0.03625,17,0.058823529411764705,0.9872849986099358,0.09259896422400005,0.3393349410649895,0.0,0.6301531411313411,0.6607453066365468,0.5995609756261341,0.0,dissolved
0.03625,18,0.05555555555555555,0.9836806832556286,0.09259896422400005,0.5102554096403615,0.02051081928072307,0.9537005178879993,0.9999999999999969,0.907401035775999,0.01774983405867957,dissolved
0.03625,19,0.05263157894736842,0.9796126349734647,0.07028582400000005,0.16969336220710476,0.0,0.31688742045662327,0.328429385447623,0.3053454554656233,0.0,dissolved
0.03625,20,0.05,0.9751057193808106,0.07028582400000005,0.19222750037277808,0.0,0.36008044867659256,0.37319562985538435,0.3469652674977999,0.0,dissolved
0.03625,21,0.047619047619047616,0.9701894171762189,0.07028582400000005,0.2275940292216392,0.0,0.4279273696558995,0.44351373377266357,0.4123410055391351,0.0,dissolved
0.03625,22,0.045454545454545456,0.9648960326755942,0.07028582400000005,0.28312189196135945,0.0,0.5345002328256125,0.5539682917534957,0.5150321738977287,0.0,dissolved
0.03625,23,0.043478260869565216,0.9592592681774077,0.07028582400000005,0.3703228469134035,0.0,0.7019031893673612,0.7274685526975786,0.6763378260371421,0.0,dissolved
0.03625,24,0.041666666666666664,0.953313126638417,0.07028582400000005,0.5072790535587421,0.014558107117484287,0.964857087999998,0.999999999999998,0.9297141759999972,0.013059223516586565,dissolved
0.03625,25,0.04,0.9470910943469678,0.04742400000000002,0.1423989911605965,0.0,0.27076833351326896,0.277344731793558,0.26419193523297974,0.0,dissolved
0.03625,26,0.038461538461538464,0.9406255539904451,0.04742400000000002,0.14722565484385958,0.0,0.28014613665327864,0.28695030221950807,0.27334197108704933,0.0,dissolved
0.03625,27,0.037037037037037035,0.9339473821720392,0.04742400000000002,0.15374390017035647,0.0,0.2928181446581272,0.29993008687818234,0.2857062024380714,0.0,dissolved
0.03625,28,0.03571428571428571,0.9270856912663876,0.04742400000000002,0.16254848968003427,0.0,0.3099415353368934,0.31746936901497635,0.30241370165880993,0.0,dissolved
0.03625,29,0.034482758620689655,0.9200676819218311,0.04742400000000002,0.1744430376409722,0.0,0.3330799762395088,0.34116979440442585,0.3249901580745907,0.0,dissolved
0.03625,30,0.03333333333333333,0.9129185786715375,0.04742400000000002,0.19051338512339422,0.0,0.36434641508025356,0.37319562985538424,0.3554972003051221,0.0,dissolved
0.03625,31,0.03225806451612903,0.9056616266084568,0.04742400000000002,0.21222674869960093,0.0,0.4065960291271336,0.4164713989387693,0.39672065931549694,0.0,dissolved
0.03625,32,0.03125,0.8983181317703235,0.04742400000000002,0.24156569661899793,0.0,0.4636869532391611,0.47494894256526765,0.4524249639130529,0.0,dissolved
0.03625,33,0.030303030303030304,0.8909075317708781,0.04742400000000002,0.281209186696525,0.0,0.5408325956194369,0.5539682917534954,0.5276968994853775,0.0,dissolved
0.03625,34,0.029411764705882353,0.8834474863712909,0.04742400000000002,0.33477719774027087,0.0,0.6450777139255814,0.6607453066365465,0.6294101212146149,0.0,dissolved
0.03625,35,0.02857142857142857,0.8759539802081466,0.04742400000000002,0.4071612935759248,0.0,0.7859417258822761,0.8050306117480447,0.7668528400165059,0.0,dissolved
0.03625,36,0.027777777777777776,0.8684414318834667,0.04742400000000002,0.5049713059050693,0.009942611810138668,0.9762879999999986,0.9999999999999977,0.952575999999998,0.00924651482124653,dissolved
0.03625,37,0.02702702702702703,0.8609228051738309,0.02400000000000002,0.1294261140997553,0.0,0.25081761816165,0.25386398599357285,0.247771250329727,0.0,dissolved
0.03625,38,0.02631578947368421,0.8534097193143909,0.02400000000000002,0.12974109364075417,0.0,0.251437768585407,0.2544916686087111,0.24838386856210232,0.0,dissolved
0.03625,39,0.02564102564102564,0.8459125562311827,0.02400000000000002,0.13010710602621633,0.0,0.25215865892913547,0.2552213147056022,0.2490960031526681,0.0,dissolved
0.03625,40,0.025,0.8384405632911975,0.02400000000000002,0.13053245994951101,0.0,0.2529966538216206,0.25606948767370485,0.249923819969536,0.0,dissolved
0.03625,41,0.024390243902439025,0.8310019506624012,0.02400000000000002,0.1310268111913232,0.0,0.2539707762328035,0.25705544153117765,0.25088611093442925,0.0,dissolved
0.03625,42,0.023809523809523808,0.8236039827641435,0.02400000000000002,0.13160138181147385,0.0,0.25510313930622824,0.2582015580022552,0.25200472061020107,0.0,dissolved
0.03625,43,0.023255813953488372,0.8162530635729409,0.02400000000000002,0.13226921489618515,0.0,0.2564194483402223,0.2595338545953668,0.2533050420850778,0.0,dissolved
0.03625,44,0.022727272727272728,0.8089548157536728,0.02400000000000002,0.13304547064369915,0.0,0.2579495843130723,0.26108257521566025,0.2548165934104844,0.0,dissolved
0.03625,45,0.022222222222222223,0.801714153730813,0.02400000000000002,0.1339477705095685,0.0,0.259728282198557,0.2628828767191868,0.2565736876779267,0.0,dissolved
0.03625,46,0.021739130434782608,0.7945353509131267,0.02400000000000002,0.13499659722391594,0.0,0.26179591946999164,0.26497562699391886,0.25861621194606454,0.0,dissolved
0.03625,47,0.02127659574468085,0.7874221013498609,0.02400000000000002,0.13621575976128095,0.0,0.26419943269228413,0.267408332684498,0.26099053270007005,0.0,dissolved
0.03625,48,0.020833333333333332,0.78037757613542,0.02400000000000002,0.13763293381815073,0.0,0.26699338300917225,0.27023621762061956,0.2637505483977247,0.0,dissolved
0.03625,49,0.02040816326530612,0.7734044748999146,0.02400000000000002,0.13928029006731374,0.0,0.27024119471282226,0.273523476429982,0.2669589129956624,0.0,dissolved
0.03625,50,0.02,0.7665050727296459,0.02400000000000002,0.14119522445078742,0.0,0.27401659501203535,0.27734473179355806,0.2706884582305126,0.0,dissolved
0.03625,51,0.0196078431372549,0.759681262858714,0.02400000000000002,0.1434212070893833,0.0,0.27840528768263567,0.2817867284237202,0.2750238469415509,0.0,dissolved
0.03625,52,0.019230769230769232,0.7529345954633263,0.02400000000000002,0.1460087690796544,0.0,0.28350689859287365,0.28695030221950757,0.2800634949662394,0.0,dissolved
0.03625,53,0.018867924528301886,0.746266312876328,0.02400000000000002,0.14901664957908606,0.0,0.2894372372683997,0.29295266929999964,0.28592180523679955,0.0,dissolved
0.03625,54,0.018518518518518517,0.7396773815225959,0.02400000000000002,0.15251312921902818,0.0,0.29633092583564463,0.2999300868781829,0.29273176479310625,0.0,dissolved
0.03625,55,0.01818181818181818,0.7331685208574867,0.02400000000000002,0.15657758011461678,0.0,0.30434445502214563,0.30804094637868973,0.3006479636656011,0.0,dissolved
0.03625,56,0.017857142857142856,0.7267402295713808,0.02400000000000002,0.16130226765780975,0.0,0.31365973658679697,0.31746936901497674,0.309850104158617,0.0,dissolved
0.03625,57,0.017543859649122806,0.7203928093041521,0.02400000000000002,0.16679444499527954,0.0,0.32448823282225153,0.32842938544762257,0.3205470801968799,0.0,dissolved
0.03625,58,0.017241379310344827,0.7141263860945648,0.02400000000000002,0.17317878773703146,0.0,0.3370757568715736,0.3411697944044266,0.3329817193387203,0.0,dissolved
0.03625,59,0.01694915254237288,0.7079409297714696,0.02400000000000002,0.18060022416503754,0.0,0.35170805282911194,0.355979810555781,0.3474362951024424,0.0,dissolved
0.03625,60,0.016666666666666666,0.7018362714764412,0.02400000000000002,0.18922722518927007,0.0,0.3687172822971202,0.37319562985538435,0.36423893473885544,0.0,dissolved
0.03625,61,0.01639344262295082,0.6958121194912221,0.02400000000000002,0.19925562873503966,0.0,0.38848956464672035,0.3932080613833196,0.38377106791012033,0.0,dissolved
0.03625,62,0.016129032258064516,0.6898680735282592,0.02400000000000002,0.21091308537744885,0.0,0.41147374215150473,0.41647139893876917,0.40647608536423924,0.0,dissolved
0.03625,63,0.015873015873015872,0.6840036376283989,0.02400000000000002,0.22446422614144396,0.0,0.4381915689673916,0.44351373377266334,0.43286940416211944,0.0,dissolved
0.03625,64,0.015625,0.6782182317969141,0.02400000000000002,0.24021666977951492,0.0,0.4692495552544858,0.47494894256526854,0.4635501679437024,0.0,dissolved
0.03625,65,0.015384615384615385,0.6725112024969713,0.02400000000000002,0.2585280058957412,0.0,0.5053527353093752,0.5114906227827678,0.49921484783598175,0.0,dissolved
0.03625,66,0.015151515151515152,0.6668818321087359,0.02400000000000002,0.2798139124371408,0.0,0.5473206722524541,0.5539682917534956,0.540673052751412,0.0,dissolved
0.03625,67,0.014925373134328358,0.6613293474521653,0.02400000000000002,0.3045575918240804,0.0,0.5961060625859493,0.6033462171922561,0.5888659079796421,0.0,dissolved
0.03625,68,0.014705882352941176,0.655852927462479,0.02400000000000002,0.3333207399253878,0.0,0.6528163629569088,0.6607453066365471,0.6448874192772701,0.0,dissolved
0.03625,69,0.014492753623188406,0.6504517100988787,0.02400000000000002,0.3667562968802538,0.0,0.7187389300652091,0.7274685526975795,0.7100093074328382,0.0,dissolved
0.03625,70,0.014285714285714285,0.6451247985594666,0.02400000000000002,0.4056232692179754,0.0,0.7953702444070695,0.8050306117480456,0.785709877066093,0.0,dissolved
0.03625,71,0.014084507042253521,0.6398712668685116,0.02400000000000002,0.45080395974625354,0.0,0.8844498812499991,0.8951921874999986,0.8737075749999993,0.0,dissolved
0.03625,72,0.013888888888888888,0.6346901648958398,0.02400000000000002,0.5033239963365002,0.006647992673000314,0.987999999999999,0.9999999999999982,0.9759999999999992,0.006410579558662103,dissolved
0.0375,1,1.0,1.0,0.8260650438651997,0.775846845940855,0.5516936918817099,0.5869674780674002,1.0000000000000024,0.1739349561348007,0.05632470545689571,crystallized
0.0375,2,0.5,1.0,0.582944900361115,0.6684983869845444,0.3369967739690889,0.7085275498194428,1.000000000000003,0.417055099638886,0.09958087112177251,crystallized
0.0375,3,0.3333333333333333,0.9999999999997904,0.44179255567076836,0.6112357102149085,0.22247142042981705,0.7791037221646162,1.0000000000000013,0.558207444329233,0.09675315392188727,productive
0.0375,4,0.25,0.9999999989897916,0.3542019668356948,0.5780348495760668,0.15606969915213353,0.8228990165821535,1.0000000000000044,0.6457980331643074,0.08293958433974902,dissolved
0.0375,5,0.2,0.9999998946877083,0.2882992109304511,0.44825583519659074,0.0,0.6838848929515735,0.7990706054687521,0.5686991804343936,0.0,dissolved
0.0375,6,0.16666666666666666,0.9999980095545283,0.25286718427763344,0.5440308849486128,0.0880617698972257,0.8735664078611853,1.0000000000000036,0.7471328157223693,0.05747528680912486,dissolved
0.0375,7,0.14285714285714285,0.9999848702710878,0.21567117403507274,0.42949636274155273,0.0,0.7129023576595711,0.7990706054687529,0.6267341098503905,0.0,dissolved
0.0375,8,0.125,0.9999332302396285,0.1963843996260991,0.5283521125788438,0.05670422515768769,0.9018078001869534,1.0000000000000022,0.8036156003739042,0.04109393851138673,dissolved
0.0375,9,0.1111111111111111,0.9997924998649104,0.17662336027264247,0.5236004616353869,0.04720092327077374,0.9116883198636819,1.000000000000004,0.8233766397273612,0.03543198030668018,dissolved
0.0375,10,0.1,0.9994924712139436,0.15637639372196976,0.41702419669493285,0.0,0.7365927156625356,0.7990706054687524,0.6741148258563191,0.0,dissolved
0.0375,11,0.09090909090909091,0.9989535302746325,0.1356315509446412,0.28430208932328477,0.0,0.5073700564905145,0.5442808869111577,0.4704592260698724,0.0,dissolved
0.0375,12,0.08333333333333333,0.9980979426127404,0.1356315509446412,0.5151510536347434,0.0303021072694869,0.9321842245276828,1.0000000000000036,0.864368449055363,0.024415942095104518,dissolved
0.0375,13,0.07692307692307693,0.9968585630378793,0.11437658908262405,0.2601281781542859,0.0,0.47309733599629356,0.5017940838633586,0.4444005881292287,0.0,dissolved
0.0375,14,0.07142857142857142,0.9951838190310288,0.11437658908262405,0.4102103112796275,0.0,0.7533731203239009,0.7990706054687521,0.7076756351790504,0.0,dissolved
0.0375,15,0.06666666666666667,0.9930393801316743,0.09259896422400005,0.18912524496661742,0.0,0.3485473265658455,0.36546832053495587,0.33162633259673496,0.0,dissolved
0.0375,16,0.0625,0.9904074979477991,0.09259896422400005,0.2395105417238351,0.0,0.4438916212598991,0.4654413130055868,0.4223419295142116,0.0,dissolved
0.0375,17,0.058823529411764705,0.9872849986099358,0.09259896422400005,0.3334093058695856,0.0,0.6217854361288877,0.6519713730530954,0.5915994992046805,0.0,dissolved
0.0375,18,0.05555555555555555,0.9836806832556286,0.09259896422400005,0.5085153470937839,0.017030694187567752,0.9537005178880027,1.0000000000000036,0.9074010357760035,0.014738172649083682,dissolved
0.0375,19,0.05263157894736842,0.9796126349734647,0.07028582400000005,0.16568945315022746,0.0,0.3110015464370732,0.3223291307127478,0.29967396216139897,0.0,dissolved
0.0375,20,0.05,0.9751057193808106,0.07028582400000005,0.1873781869327057,0.0,0.3526246995076083,0.36546832053495615,0.3397810784802609,0.0,dissolved
0.0375,21,0.047619047619047616,0.9701894171762189,0.07028582400000005,0.2219787593485778,0.0,0.41907310740444254,0.43433697344040534,0.40380924136848045,0.0,dissolved
0.0375,22,0.045454545454545456,0.9648960326755942,0.07028582400000005,0.2771958347034422,0.0,0.5251532715991565,0.5442808869111568,0.5060256562871565,0.0,dissolved
0.0375,23,0.043478260869565216,0.9592592681774077,0.07028582400000005,0.36532898376399814,0.0,0.6945027201675623,0.7197985368042012,0.6692069035309242,0.0,dissolved
0.0375,24,0.041666666666666664,0.953313126638417,0.07028582400000005,0.5060133097855957,0.012026619571191333,0.964857088000003,1.000000000000003,0.9297141760000041,0.010788374605412666,dissolved
0.0375,25,0.04,0.9470910943469678,0.04742400000000002,0.14021172004482294,0.0,0.267778937521517,0.27428272960593325,0.26127514543710145,0.0,dissolved
0.0375,26,0.038461538461538464,0.9406255539904451,0.04742400000000002,0.1446728436503011,0.0,0.2764543620569859,0.2831688621154681,0.2697398619985043,0.0,dissolved
0.0375,27,0.037037037037037035,0.9339473821720392,0.04742400000000002,0.15076346272088714,0.0,0.2883045109026831,0.29530682636955863,0.2813021954358084,0.0,dissolved
0.0375,28,0.03571428571428571,0.9270856912663876,0.04742400000000002,0.15908032119210708,0.0,0.30449115711129854,0.31188661246609517,0.2970957017565027,0.0,dissolved
0.0375,29,0.034482758620689655,0.9200676819218311,0.04742400000000002,0.17043847639595192,0.0,0.32660121825015237,0.33453368089145097,0.3186687556088545,0.0,dissolved
0.0375,30,0.03333333333333333,0.9129185786715375,0.04742400000000002,0.18595119850089184,0.0,0.3568023357184306,0.36546832053495604,0.3481363509019059,0.0,dissolved
0.0375,31,0.03225806451612903,0.9056616266084568,0.04742400000000002,0.20713910751891637,0.0,0.39805538746734254,0.40772332289994695,0.3883874520347393,0.0,dissolved
0.0375,32,0.03125,0.8983181317703235,0.04742400000000002,0.23607924736932023,0.0,0.4544047685915975,0.4654413130055869,0.44336822417760935,0.0,dissolved
0.0375,33,0.030303030303030304,0.8909075317708781,0.04742400000000002,0.27560871189028435,0.0,0.531374898520719,0.5442808869111567,0.518468910130282,0.0,dissolved
0.0375,34,0.029411764705882353,0.8834474863712909,0.04742400000000002,0.32960278591210107,0.0,0.636511827855259,0.6519713730530952,0.6210522826574243,0.0,dissolved
0.0375,35,0.02857142857142857,0.8759539802081466,0.04742400000000002,0.40335486988343877,0.0,0.7801230432718761,0.7990706054687531,0.7611754810750014,0.0,dissolved
0.0375,36,0.027777777777777776,0.8684414318834667,0.04742400000000002,0.5040954352844265,0.008190870568852926,0.9762880000000015,1.0000000000000042,0.9525760000000019,0.007617415580540029,dissolved
0.0375,37,0.02702702702702703,0.8609228051738309,0.02400000000000002,0.12865287061232744,0.0,0.25016038141864055,0.25319876661805796,0.24712199621922404,0.0,dissolved
0.0375,38,0.02631578947368421,0.8534097193143909,0.02400000000000002,0.12892354551160562,0.0,0.2506936524980459,0.25373851467413633,0.24764879032195644,0.0,dissolved
0.0375,39,0.02564102564102564,0.8459125562311827,0.02400000000000002,0.12923979651342862,0.0,0.25131690576835164,0.2543693378222186,0.2482644737144852,0.0,dissolved
0.0375,40,0.025,0.8384405632911975,0.02400000000000002,0.12960932790455265,0.0,0.25204532449186456,0.25510660373670563,0.2489840452470243,0.0,dissolved
0.0375,41,0.024390243902439025,0.8310019506624012,0.02400000000000002,0.13004114195148603,0.0,0.2528966538984539,0.25596827317657345,0.24982503462033528,0.0,dissolved
0.0375,42,0.023809523809523808,0.8236039827641435,0.02400000000000002,0.13054575820744227,0.0,0.25389163348248805,0.25697533753288293,0.25080792943209373,0.0,dissolved
0.0375,43,0.023255813953488372,0.8162530635729409,0.02400000000000002,0.13113546978237128,0.0,0.25505450224395965,0.2581523302064373,0.25195667428148266,0.0,dissolved
0.0375,44,0.022727272727272728,0.8089548157536728,0.02400000000000002,0.1318246428191463,0.0,0.2564135891821297,0.25952792427341076,0.2532992540908489,0.0,dissolved
0.0375,45,0.022222222222222223,0.801714153730813,0.02400000000000002,0.13263006647153652,0.0,0.25800200342688634,0.261135630998873,0.2548683758549,0.0,dissolved
0.0375,46,0.021739130434782608,0.7945353509131267,0.02400000000000002,0.13357136190988267,0.0,0.25985844082031995,0.2630146162148991,0.2567022654257413,0.0,dissolved
0.0375,47,0.02127659574468085,0.7874221013498609,0.02400000000000002,0.13467146031839114,0.0,0.26202812659789027,0.2652106544513061,0.25884559874447477,0.0,dissolved
0.0375,48,0.020833333333333332,0.78037757613542,0.02400000000000002,0.13595716152868023,0.0,0.26456391713413024,0.2677772440628849,0.2613505902053758,0.0,dissolved
0.0375,49,0.02040816326530612,0.7734044748999146,0.02400000000000002,0.1374597868986218,0.0,0.2675275875928474,0.2707769105190767,0.2642782646666187,0.0,dissolved
0.0375,50,0.02,0.7665050727296459,0.02400000000000002,0.13921594234145784,0.0,0.27099133685066157,0.27428272960593336,0.2676999440953905,0.0,dissolved
0.0375,51,0.0196078431372549,0.759681262858714,0.02400000000000002,0.14126841009357652,0.0,0.2750395463557766,0.2783801076475479,0.2716989850640062,0.0,dissolved
0.0375,52,0.019230769230769232,0.7529345954633263,0.02400000000000002,0.14366719094557376,0.0,0.2797708357700821,0.28316886211546827,0.27637280942469666,0.0,dissolved
0.0375,53,0.018867924528301886,0.746266312876328,0.02400000000000002,0.14647072232670577,0.0,0.28530046547270366,0.2887656533124536,0.2818352776329544,0.0,dissolved
0.0375,54,0.018518518518518517,0.7396773815225959,0.02400000000000002,0.14974730191686186,0.0,0.29176314445312324,0.29530682636955863,0.2882194625366886,0.0,dissolved
0.0375,55,0.01818181818181818,0.7331685208574867,0.02400000000000002,0.1535767514670968,0.0,0.2993163119978066,0.30295173279130305,0.2956808912043111,0.0,dissolved
0.0375,56,0.017857142857142856,0.7267402295713808,0.02400000000000002,0.15805236136156336,0.0,0.30814397311650155,0.31188661246609495,0.3044013337669085,0.0,dissolved
0.0375,57,0.017543859649122806,0.7203928093041521,0.02400000000000002,0.16328316329291176,0.0,0.3184611811441944,0.32232913071274816,0.3145932315756415,0.0,dissolved
0.0375,58,0.017241379310344827,0.7141263860945648,0.02400000000000002,0.16939658641648228,0.0,0.33051927672075304,0.334533680891451,0.32650487255005567,0.0,dissolved
0.0375,59,0.01694915254237288,0.7079409297714696,0.02400000000000002,0.17654156169068308,0.0,0.34461201077662884,0.34879758175772235,0.3404264397955363,0.0,dissolved
0.0375,60,0.016666666666666666,0.7018362714764412,0.02400000000000002,0.1848921500293229,0.0,0.3610827006885363,0.3654683205349565,0.35669708084211704,0.0,dissolved
0.0375,61,0.01639344262295082,0.6958121194912221,0.02400000000000002,0.19465178265242436,0.0,0.38033259393839147,0.38495201815626745,0.37571316972051644,0.0,dissolved
0.0375,62,0.016129032258064516,0.6898680735282592,0.02400000000000002,0.2060582169359928,0.0,0.4028306430251468,0.40772332289994717,0.3979379631503476,0.0,dissolved
0.0375,63,0.015873015873015872,0.6840036376283989,0.02400000000000002,0.21938932849169956,0.0,0.4291249297591198,0.4343369734404053,0.423912886077835,0.0,dissolved
0.0375,64,0.015625,0.6782182317969141,0.02400000000000002,0.23496988057909737,0.0,0.4598560172495191,0.4654413130055871,0.4542707214934522,0.0,dissolved
0.0375,65,0.015384615384615385,0.6725112024969713,0.02400000000000002,0.25317943576207214,0.0,0.4957725548569981,0.5017940838633593,0.48975102585063796,0.0,dissolved
0.0375,66,0.015151515151515152,0.6668818321087359,0.02400000000000002,0.27446160254780033,0.0,0.5377495162682226,0.5442808869111578,0.531218145625289,0.0,dissolved
0.0375,67,0.014925373134328358,0.6613293474521653,0.02400000000000002,0.2993348422683912,0.0,0.5868095149957312,0.5939367560685551,0.5796822739229086,0.0,dissolved
0.0375,68,0.014705882352941176,0.655852927462479,0.02400000000000002,0.3284050994749454,0.0,0.6441477165764572,0.6519713730530955,0.6363240600998202,0.0,dissolved
0.0375,69,0.014492753623188406,0.6504517100988787,0.02400000000000002,0.36238056353689263,0.0,0.7111609543625504,0.7197985368042021,0.7025233719209003,0.0,dissolved
0.0375,70,0.014285714285714285,0.6451247985594666,0.02400000000000002,0.4020889210584195,0.0,0.7894817582031267,0.7990706054687534,0.779892910937502,0.0,dissolved
0.0375,71,0.014084507042253521,0.6398712668685116,0.02400000000000002,0.4484975194033435,0.0,0.8810181250000018,0.8917187500000039,0.870317500000002,0.0,dissolved
0.0375,72,0.013888888888888888,0.6346901648958398,0.02400000000000002,0.5027369325381925,0.005473865076385032,0.988000000000002,1.0000000000000044,0.9760000000000022,0.005278382406777215,dissolved
0.03875,1,1.0,1.0,0.8260650438651997,0.7650454044272615,0.5300908088545231,0.586967478067401,1.0000000000000115,0.17393495613480248,0.05411917720556609,crystallized
0.03875,2,0.5,1.0,0.582944900361115,0.6571146021516865,0.314229204303373,0.7085275498194535,1.0000000000000129,0.41705509963888965,0.09285316748848925,crystallized
0.03875,3,0.3333333333333333,0.9999999999997904,0.44179255567076836,0.6013513823091137,0.20270276461822734,0.7791037221646259,1.0000000000000129,0.5582074443292382,0.08815573590355674,productive
0.03875,4,0.25,0.9999999989897916,0.3542019668356948,0.5698227737662326,0.13964554753246516,0.8228990165821618,1.000000000000011,0.6457980331643122,0.07421135383845116,dissolved
0.03875,5,0.2,0.9999998946877083,0.2882992109304511,0.4393742123394837,0.0,0.6788252104195631,0.7931587281543073,0.5644916926848199,0.0,dissolved
0.03875,6,0.16666666666666666,0.9999980095545283,0.25286718427763344,0.5383822205894121,0.0767644411788242,0.8735664078611926,1.0000000000000115,0.7471328157223753,0.0501018578055427,dissolved
0.03875,7,0.14285714285714285,0.9999848702710878,0.21567117403507274,0.42236113375395784,0.0,0.7076279911057035,0.7931587281543073,0.6220972540571018,0.0,dissolved
0.03875,8,0.125,0.9999332302396285,0.1963843996260991,0.5242918242687049,0.04858364853740982,0.9018078001869605,1.0000000000000109,0.8036156003739098,0.03520890127857632,dissolved
0.03875,9,0.1111111111111111,0.9997924998649104,0.17662336027264247,0.5200911749496805,0.04018234989936098,0.9116883198636885,1.0000000000000124,0.8233766397273663,0.03016339790946176,dissolved
0.03875,10,0.1,0.9994924712139436,0.15637639372196976,0.41134557501015356,0.0,0.7311430773753687,0.7931587281543058,0.6691274265964318,0.0,dissolved
0.03875,11,0.09090909090909091,0.9989535302746325,0.1356315509446412,0.27763277497400535,0.0,0.4986041302559138,0.5348772454377753,0.4623310150740526,0.0,dissolved
0.03875,12,0.08333333333333333,0.9980979426127404,0.1356315509446412,0.5127252621951461,0.025450524390292273,0.9321842245276906,1.0000000000000129,0.8643684490553698,0.02050677612210694,dissolved
0.03875,13,0.07692307692307693,0.9968585630378793,0.11437658908262405,0.25390333528226117,0.0,0.4642709520012281,0.4924323163503317,0.4361095876521249,0.0,dissolved
0.03875,14,0.07142857142857142,0.9951838190310288,0.11437658908262405,0.4054714090451283,0.0,0.7477993331906052,0.7931587281543062,0.7024399382269045,0.0,dissolved
0.03875,15,0.06666666666666667,0.9930393801316743,0.09259896422400005,0.18440130524254383,0.0,0.3416219406925463,0.35820672662428554,0.32503715476080713,0.0,dissolved
0.03875,16,0.0625,0.9904074979477991,0.09259896422400005,0.23377519523542456,0.0,0.4351844341542503,0.4563114164161099,0.4140574518923915,0.0,dissolved
0.03875,17,0.058823529411764705,0.9872849986099358,0.09259896422400005,0.32782215304154344,0.0,0.6135745504778983,0.6433618719602661,0.5837872289955314,0.0,dissolved
0.03875,18,0.05555555555555555,0.9836806832556286,0.09259896422400005,0.5070613463190292,0.014122692638058432,0.9537005178880112,1.0000000000000115,0.907401035776011,0.012221620567974009,dissolved
0.03875,19,0.05263157894736842,0.9796126349734647,0.07028582400000005,0.16207821504046396,0.0,0.30555937492724505,0.3166887394283676,0.2944300104261231,0.0,dissolved
0.03875,20,0.05,0.9751057193808106,0.07028582400000005,0.18293101359311442,0.0,0.34561829915272024,0.3582067266242855,0.333029871681155,0.0,dissolved
0.03875,21,0.047619047619047616,0.9701894171762189,0.07028582400000005,0.21674678455850716,0.0,0.41061645475865993,0.42557230481646235,0.395660604700858,0.0,dissolved
0.03875,22,0.045454545454545456,0.9648960326755942,0.07028582400000005,0.2715988367440037,0.0,0.5160801014705528,0.5348772454377755,0.49728295750333085,0.0,dissolved
0.03875,23,0.043478260869565216,0.9592592681774077,0.07028582400000005,0.3605862965230559,0.0,0.687201584443134,0.7122314724013661,0.6621716964849023,0.0,dissolved
0.03875,24,0.041666666666666664,0.953313126638417,0.07028582400000005,0.5049630793918287,0.009926158783657435,0.9648570880000108,1.0000000000000127,0.9297141760000109,0.008904174503650537,dissolved
0.03875,25,0.04,0.9470910943469678,0.04742400000000002,0.13830641160389917,0.0,0.26511752224257423,0.27155667409880546,0.25867837038634345,0.0,dissolved
0.03875,26,0.038461538461538464,0.9406255539904451,0.04742400000000002,0.14242455875252152,0.0,0.2731319061816904,0.279765710714144,0.2664981016492368,0.0,dissolved
0.03875,27,0.037037037037037035,0.9339473821720392,0.04742400000000002,0.14810860926159453,0.0,0.28419826237329987,0.2911008456247544,0.27729567912184583,0.0,dissolved
0.03875,28,0.03571428571428571,0.9270856912663876,0.04742400000000002,0.15595522700227707,0.0,0.2994788179705753,0.3067525340581626,0.29220510188298837,0.0,dissolved
0.03875,29,0.034482758620689655,0.9200676819218311,0.04742400000000002,0.16678824160520966,0.0,0.3205783899813209,0.3283645706813163,0.3127922092813257,0.0,dissolved
0.03875,30,0.03333333333333333,0.9129185786715375,0.04742400000000002,0.18174516340286426,0.0,0.34971292872257026,0.3582067266242857,0.34121913082085537,0.0,dissolved
0.03875,31,0.03225806451612903,0.9056616266084568,0.04742400000000002,0.20239664322401454,0.0,0.3899422446173705,0.3994131287257151,0.3804713605090264,0.0,dissolved
0.03875,32,0.03125,0.8983181317703235,0.04742400000000002,0.23091142297952036,0.0,0.4454913601100504,0.4563114164161096,0.43467130380399177,0.0,dissolved
0.03875,33,0.030303030303030304,0.8909075317708781,0.04742400000000002,0.27028410060224284,0.0,0.5221942361939546,0.5348772454377757,0.5095112269501342,0.0,dissolved
0.03875,34,0.029411764705882353,0.8834474863712909,0.04742400000000002,0.3246496299050987,0.0,0.6281064752523431,0.6433618719602654,0.6128510785444212,0.0,dissolved
0.03875,35,0.02857142857142857,0.8759539802081466,0.04742400000000002,0.399717585140528,0.0,0.7743513483923111,0.7931587281543067,0.7555439686303156,0.0,dissolved
0.03875,36,0.027777777777777776,0.8684414318834667,0.04742400000000002,0.5033717981642394,0.0067435963284787626,0.9762880000000111,1.0000000000000129,0.9525760000000102,0.006271467154757142,dissolved
0.03875,37,0.02702702702702703,0.8609228051738309,0.02400000000000002,0.128013184329641,0.0,0.24961495636401201,0.25264671696762336,0.24658319576040028,0.0,dissolved
0.03875,38,0.02631578947368421,0.8534097193143909,0.02400000000000002,0.12824543959657178,0.0,0.2500727816205951,0.25311010285485347,0.24703546038633664,0.0,dissolved
0.03875,39,0.02564102564102564,0.8459125562311827,0.02400000000000002,0.12851828851290342,0.0,0.25061076269486227,0.2536546181122089,0.2475669072775156,0.0,dissolved
0.03875,40,0.025,0.8384405632911975,0.02400000000000002,0.12883884854765693,0.0,0.25124293322741387,0.25429446682936635,0.24819139962546127,0.0,dissolved
0.03875,41,0.024390243902439025,0.8310019506624012,0.02400000000000002,0.129215481750231,0.0,0.2519857838616501,0.2550463399409416,0.24892522778235865,0.0,dissolved
0.03875,42,0.023809523809523808,0.8236039827641435,0.02400000000000002,0.12965801288074438,0.0,0.2528586924145972,0.25592985062206225,0.24978753420713248,0.0,dissolved
0.03875,43,0.023255813953488372,0.8162530635729409,0.02400000000000002,0.13017798569628602,0.0,0.25388442936182515,0.2569680459127785,0.25080081281087185,0.0,dissolved
0.03875,44,0.022727272727272728,0.8089548157536728,0.02400000000000002,0.13078896407849516,0.0,0.2550897518224157,0.258188007917425,0.25199149572740664,0.0,dissolved
0.03875,45,0.022222222222222223,0.801714153730813,0.02400000000000002,0.13150688585760478,0.0,0.2565061015385202,0.25962156026166006,0.2533906428153803,0.0,dissolved
0.03875,46,0.021739130434782608,0.7945353509131267,0.02400000000000002,0.13235047856272192,0.0,0.25817042505683097,0.2613060982356591,0.25503475187800306,0.0,dissolved
0.03875,47,0.02127659574468085,0.7874221013498609,0.02400000000000002,0.13334174794349582,0.0,0.2601261375070166,0.2632855642783572,0.2569667107356763,0.0,dissolved
0.03875,48,0.020833333333333332,0.78037757613542,0.02400000000000002,0.13450655200663594,0.0,0.2624242551180043,0.2656115942489927,0.2592369159870165,0.0,dissolved
0.03875,49,0.02040816326530612,0.7734044748999146,0.02400000000000002,0.1358752755414472,0.0,0.26512472601464904,0.26834486438729666,0.2619045876420015,0.0,dissolved
0.03875,50,0.02,0.7665050727296459,0.02400000000000002,0.13748362272989387,0.0,0.26829799400961946,0.27155667409880535,0.26503931392043384,0.0,dissolved
0.03875,51,0.0196078431372549,0.759681262858714,0.02400000000000002,0.13937354851701497,0.0,0.2720268361831879,0.2753308058534294,0.26872286651294675,0.0,dissolved
0.03875,52,0.019230769230769232,0.7529345954633263,0.02400000000000002,0.14159435303719475,0.0,0.27640852218557443,0.27976571071414463,0.27305133365700485,0.0,dissolved
0.03875,53,0.018867924528301886,0.746266312876328,0.02400000000000002,0.1442039676452154,0.0,0.281557351588868,0.28497707650695137,0.27813762667078484,0.0,dissolved
0.03875,54,0.018518518518518517,0.7396773815225959,0.02400000000000002,0.14727046609918168,0.0,0.2876076354772571,0.2911008456247547,0.2841144253297602,0.0,dissolved
0.03875,55,0.01818181818181818,0.7331685208574867,0.02400000000000002,0.1508738403156537,0.0,0.29471720005259266,0.2982967611868348,0.29113763891835076,0.0,dissolved
0.03875,56,0.017857142857142856,0.7267402295713808,0.02400000000000002,0.1551080870189056,0.0,0.3030715036494645,0.3067525340581626,0.2993904732407666,0.0,dissolved
0.03875,57,0.017543859649122806,0.7203928093041521,0.02400000000000002,0.16008365971611108,0.0,0.312888474555227,0.3166887394283675,0.30908820968208667,0.0,dissolved
0.03875,58,0.017241379310344827,0.7141263860945648,0.02400000000000002,0.16593034996008346,0.0,0.3244241958331406,0.32836457068131647,0.32048382098496486,0.0,dissolved
0.03875,59,0.01694915254237288,0.7079409297714696,0.02400000000000002,0.1728006730594636,0.0,0.33797958544151735,0.34208460064930923,0.33387457023372585,0.0,dissolved
0.03875,60,0.016666666666666666,0.7018362714764412,0.02400000000000002,0.18087384655515787,0.0,0.35390824590479436,0.35820672662428577,0.3496097651853032,0.0,dissolved
0.03875,61,0.01639344262295082,0.6958121194912221,0.02400000000000002,0.19036046524456957,0.0,0.37262568830110687,0.37715150637763895,0.3680998702245755,0.0,dissolved
0.03875,62,0.016129032258064516,0.6898680735282592,0.02400000000000002,0.20150799470514508,0.0,0.39462017118100656,0.3994131287257153,0.38982721363629824,0.0,dissolved
0.03875,63,0.015873015873015872,0.6840036376283989,0.02400000000000002,0.21460722661992546,0.0,0.4204654371586648,0.4255723048164625,0.4153585695008676,0.0,dissolved
0.03875,64,0.015625,0.6782182317969141,0.02400000000000002,0.22999986429712108,0.0,0.4508356794191164,0.45631141641611017,0.4453599424221234,0.0,dissolved
0.03875,65,0.015384615384615385,0.6725112024969713,0.02400000000000002,0.24808743625768548,0.0,0.4865231285541276,0.49243231635033197,0.4806139407579239,0.0,dissolved
0.03875,66,0.015151515151515152,0.6668818321087359,0.02400000000000002,0.2693417704085234,0.0,0.5284587184925222,0.5348772454377761,0.5220401915472692,0.0,dissolved
0.03875,67,0.014925373134328358,0.6613293474521653,0.02400000000000002,0.2943173020280075,0.0,0.5777363706112875,0.5847534115498865,0.570719329672689,0.0,dissolved
0.03875,68,0.014705882352941176,0.655852927462479,0.02400000000000002,0.3236655366268577,0.0,0.6356415294967424,0.6433618719602657,0.6279211870332193,0.0,dissolved
0.03875,69,0.014492753623188406,0.6504517100988787,0.02400000000000002,0.35815204495897707,0.0,0.7036846947325498,0.7122314724013665,0.6951379170637334,0.0,dissolved
0.03875,70,0.014285714285714285,0.6451247985594666,0.02400000000000002,0.398676433509872,0.0,0.7836408234164551,0.7931587281543069,0.7741229186786036,0.0,dissolved
0.03875,71,0.014084507042253521,0.6398712668685116,0.02400000000000002,0.4462958114078571,0.0,0.8775956312500108,0.8882546875000108,0.866936575000011,0.0,dissolved
0.03875,72,0.013888888888888888,0.6346901648958398,0.02400000000000002,0.5022523659100556,0.004504731820111241,0.9880000000000119,1.0000000000000124,0.976000000000012,0.004343858837351588,dissolved
0.04,1,1.0,1.0,0.8260650438651997,0.7543413362085535,0.508682672417107,0.5869674780673984,0.9999999999999893,0.1739349561347984,0.05193353144422485,crystallized
0.04,2,0.5,1.0,0.582944900361115,0.6462120493811259,0.2924240987622517,0.7085275498194366,0.9999999999999891,0.41705509963888004,0.0864098672185337,crystallized
0.04,3,0.3333333333333333,0.9999999999997904,0.44179255567076836,0.592131353850625,0.18426270770124997,0.7791037221646077,0.99999999999999,0.5582074443292248,0.08013612753421642,productive
0.04,4,0.25,0.9999999989897916,0.3542019668356948,0.5623203350460148,0.1246406700920295,0.8228990165821417,0.9999999999999893,0.6457980331642967,0.06623736334099876,dissolved
0.04,5,0.2,0.9999998946877083,0.2882992109304511,0.43114534146347255,0.0,0.6738064967271361,0.7872947199999926,0.5603182734542828,0.0,dissolved
0.04,6,0.16666666666666666,0.9999980095545283,0.25286718427763344,0.5333752691860679,0.06675053837213585,0.8735664078611709,0.9999999999999889,0.7471328157223571,0.043566082558632355,dissolved
0.04,7,0.14285714285714285,0.9999848702710878,0.21567117403507274,0.4157809483611687,0.0,0.7023963317129838,0.7872947199999902,0.617497943425979,0.0,dissolved
0.04,8,0.125,0.9999332302396285,0.1963843996260991,0.5207651293191417,0.0415302586382833,0.9018078001869386,0.99999999999999,0.8036156003738913,0.030097261537346785,dissolved
0.04,9,0.1111111111111111,0.9997924998649104,0.17662336027264247,0.5170663353411086,0.03413267068221715,0.9116883198636675,0.9999999999999911,0.8233766397273489,0.025622128374245254,dissolved
0.04,10,0.1,0.9994924712139436,0.15637639372196976,0.40608972114554925,0.0,0.7257375654450167,0.7872947199999916,0.6641804108900441,0.0,dissolved
0.04,11,0.09090909090909091,0.9989535302746325,0.1356315509446412,0.271405086215789,0.0,0.49009566097763296,0.5257497907411557,0.45444153121411224,0.0,dissolved
0.04,12,0.08333333333333333,0.9980979426127404,0.1356315509446412,0.510668391313905,0.021336782627809914,0.9321842245276674,0.9999999999999891,0.8643684490553487,0.01719212609550093,dissolved
0.04,13,0.07692307692307693,0.9968585630378793,0.11437658908262405,0.24808931969515946,0.0,0.45575010881017575,0.4833946228833139,0.42810559473703874,0.0,dissolved
0.04,14,0.07142857142857142,0.9951838190310288,0.11437658908262405,0.40104272065444985,0.0,0.7422706776618114,0.7872947199999931,0.6972466353236327,0.0,dissolved
0.04,15,0.06666666666666667,0.9930393801316743,0.09259896422400005,0.1800786568209675,0.0,0.33511503550198557,0.35138392945838903,0.31884614154558305,0.0,dissolved
0.04,16,0.0625,0.9904074979477991,0.09259896422400005,0.2284180069160442,0.0,0.4268240974188987,0.4475452088084372,0.40610298602936173,0.0,dissolved
0.04,17,0.058823529411764705,0.9872849986099358,0.09259896422400005,0.3225312388491345,0.0,0.6055179582978838,0.6349141548531652,0.5761217617426045,0.0,dissolved
0.04,18,0.05555555555555555,0.9836806832556286,0.09259896422400005,0.5058484117916612,0.011696823583322358,0.953700517887989,0.9999999999999901,0.9074010357759903,0.010122300566157438,dissolved
0.04,19,0.05263157894736842,0.9796126349734647,0.07028582400000005,0.1588158084909598,0.0,0.30052852637353084,0.3114746526830006,0.2895824000640618,0.0,dissolved
0.04,20,0.05,0.9751057193808106,0.07028582400000005,0.17884416656493457,0.0,0.3390352749472182,0.3513839294583895,0.3266866204360481,0.0,dissolved
0.04,21,0.047619047619047616,0.9701894171762189,0.07028582400000005,0.2118595362481958,0.0,0.40254056225966117,0.41720226473546074,0.38787885978386266,0.0,dissolved
0.04,22,0.045454545454545456,0.9648960326755942,0.07028582400000005,0.2662955669684104,0.0,0.5072734121111209,0.5257497907411566,0.4887970334810865,0.0,dissolved
0.04,23,0.043478260869565216,0.9592592681774077,0.07028582400000005,0.35606073648977593,0.0,0.6799987126682484,0.7047662510079941,0.6552311743285048,0.0,dissolved
0.04,24,0.041666666666666664,0.953313126638417,0.07028582400000005,0.5040926736215714,0.008185347243142793,0.9648570879999897,0.9999999999999915,0.9297141759999903,0.007342594634483416,dissolved
0.04,25,0.04,0.9470910943469678,0.04742400000000002,0.13664552959394202,0.0,0.2627488494406507,0.26913047117310795,0.2563672277081941,0.0,dissolved
0.04,26,0.038461538461538464,0.9406255539904451,0.04742400000000002,0.1404425009857798,0.0,0.27014267696568556,0.27670387935290225,0.26358147457846975,0.0,dissolved
0.04,27,0.037037037037037035,0.9339473821720392,0.04742400000000002,0.14574082882098813,0.0,0.280463587328952,0.287275463110222,0.2736517115476826,0.0,dissolved
0.04,28,0.03571428571428571,0.9270856912663876,0.04742400000000002,0.15313514986950172,0.0,0.2948703597842064,0.30203214603089157,0.28770857353752216,0.0,dissolved
0.04,29,0.034482758620689655,0.9200676819218311,0.04742400000000002,0.1634554651642247,0.0,0.31498051337261496,0.32263073332112613,0.3073302934241045,0.0,dissolved
0.04,30,0.03333333333333333,0.9129185786715375,0.04742400000000002,0.17786032283562322,0.0,0.34305191372307076,0.3513839294583898,0.3347198979877535,0.0,dissolved
0.04,31,0.03225806451612903,0.9056616266084568,0.04742400000000002,0.1979668894155023,0.0,0.38223627470626154,0.3915199968720936,0.3729525525404305,0.0,dissolved
0.04,32,0.03125,0.8983181317703235,0.04742400000000002,0.22603251322587498,0.0,0.4369330168171703,0.4475452088084376,0.42632082482590483,0.0,dissolved
0.04,33,0.030303030303030304,0.8909075317708781,0.04742400000000002,0.26520816475869746,0.0,0.5132832117031011,0.5257497907411571,0.5008166326650471,0.0,dissolved
0.04,34,0.029411764705882353,0.8834474863712909,0.04742400000000002,0.3198922089525917,0.0,0.6198590704132853,0.6349141548531658,0.6048039859734073,0.0,dissolved
0.04,35,0.02857142857142857,0.8759539802081466,0.04742400000000002,0.3962242290424244,0.0,0.7686263875993508,0.7872947199999929,0.7499580551987115,0.0,dissolved
0.04,36,0.027777777777777776,0.8684414318834667,0.04742400000000002,0.5027743459482859,0.0055486918965717,0.9762879999999886,0.9999999999999913,0.9525759999999898,0.005160219753109711,dissolved
0.04,37,0.02702702702702703,0.8609228051738309,0.02400000000000002,0.12748425035871744,0.0,0.2491625498240058,0.25218881561134265,0.24613628403666987,0.0,dissolved
0.04,38,0.02631578947368421,0.8534097193143909,0.02400000000000002,0.12768325147683088,0.0,0.24955499742911896,0.25258602978655825,0.24652396507168045,0.0,dissolved
0.04,39,0.02564102564102564,0.8459125562311827,0.02400000000000002,0.12791831638185927,0.0,0.2500186642593566,0.25305532819773,0.246982000320984,0.0,dissolved
0.04,40,0.025,0.8384405632911975,0.02400000000000002,0.12819599738583237,0.0,0.25056647478657484,0.2536097922941048,0.24752315727904575,0.0,dissolved
0.04,41,0.024390243902439025,0.8310019506624012,0.02400000000000002,0.12852403470238358,0.0,0.25121369894444157,0.25426487747413173,0.24816252041475212,0.0,dissolved
0.04,42,0.023809523809523808,0.8236039827641435,0.02400000000000002,0.1289115722011821,0.0,0.2519783777698984,0.25503884389665893,0.2489179116431386,0.0,dissolved
0.04,43,0.023255813953488372,0.8162530635729409,0.02400000000000002,0.1293694122885461,0.0,0.2528818262876877,0.25595326547336905,0.24981038710200737,0.0,dissolved
0.04,44,0.022727272727272728,0.8089548157536728,0.02400000000000002,0.12991031701890302,0.0,0.2539492276555862,0.2570336312303513,0.25086482408082206,0.0,dissolved
0.04,45,0.022222222222222223,0.801714153730813,0.02400000000000002,0.13054936383042268,0.0,0.2552103351318368,0.2583100558014547,0.25211061446221944,0.0,dissolved
0.04,46,0.021739130434782608,0.7945353509131267,0.02400000000000002,0.13130436582076907,0.0,0.25670030143175476,0.25981811885805195,0.25358248400545824,0.0,dissolved
0.04,47,0.02127659574468085,0.7874221013498609,0.02400000000000002,0.13219636827793607,0.0,0.25846065859139317,0.26159985687388054,0.25532146030890673,0.0,dissolved
0.04,48,0.020833333333333332,0.78037757613542,0.02400000000000002,0.1332502353067106,0.0,0.26054047565145744,0.2637049348698969,0.2573760164330188,0.0,dissolved
0.04,49,0.02040816326530612,0.7734044748999146,0.02400000000000002,0.13449534290266832,0.0,0.2629977264313066,0.26619203080091824,0.2598034220616957,0.0,dissolved
0.04,50,0.02,0.7665050727296459,0.02400000000000002,0.1359663977927792,0.0,0.26590090551902995,0.26913047117310807,0.2626713398649527,0.0,dissolved
0.04,51,0.0196078431372549,0.759681262858714,0.02400000000000002,0.13770440486737828,0.0,0.269330937522484,0.27260216348429595,0.2660597115606725,0.0,dissolved
0.04,52,0.019230769230769232,0.7529345954633263,0.02400000000000002,0.13975781017017055,0.0,0.27338343280066674,0.2767038793529025,0.27006298624843195,0.0,dissolved
0.04,53,0.018867924528301886,0.746266312876328,0.02400000000000002,0.14218385130650962,0.0,0.2781713525527731,0.2815499519764919,0.2747927531290553,0.0,dissolved
0.04,54,0.018518518518518517,0.7396773815225959,0.02400000000000002,0.14505015291189724,0.0,0.28382815755289886,0.2872754631102222,0.2803808519955763,0.0,dissolved
0.04,55,0.01818181818181818,0.7331685208574867,0.02400000000000002,0.1484366116535399,0.0,0.29051152829973914,0.2940400084005465,0.2869830481989327,0.0,dissolved
0.04,56,0.017857142857142856,0.7267402295713808,0.02400000000000002,0.1524376233084148,0.0,0.29840776027852023,0.3020321460308917,0.2947833745261496,0.0,dissolved
0.04,57,0.017543859649122806,0.7203928093041521,0.02400000000000002,0.15716471399648016,0.0,0.3077369568508041,0.3114746526830007,0.3039992610186081,0.0,dissolved
0.04,58,0.017241379310344827,0.7141263860945648,0.02400000000000002,0.16274964891329394,0.0,0.31875916452127195,0.32263073332112635,0.31488759572141856,0.0,dissolved
0.04,59,0.01694915254237288,0.7079409297714696,0.02400000000000002,0.16934810521634067,0.0,0.3317816215988567,0.33581135789358063,0.32775188530413374,0.0,dissolved
0.04,60,0.016666666666666666,0.7018362714764412,0.02400000000000002,0.17714401144486827,0.0,0.34716732230488795,0.3513839294583899,0.34295071515138725,0.0,dissolved
0.04,61,0.01639344262295082,0.6958121194912221,0.02400000000000002,0.18635467443230452,0.0,0.3653451350483085,0.36978252535254036,0.36090774474407805,0.0,dissolved
0.04,62,0.016129032258064516,0.6898680735282592,0.02400000000000002,0.1972368366212724,0.0,0.3868217569096279,0.3915199968720939,0.38212351694716284,0.0,dissolved
0.04,63,0.015873015873015872,0.6840036376283989,0.02400000000000002,0.21009383262571113,0.0,0.4121958375586345,0.41720226473546107,0.407189410381809,0.0,dissolved
0.04,64,0.015625,0.6782182317969141,0.02400000000000002,0.2252840445255507,0.0,0.44217466630273483,0.4475452088084376,0.4368041237970336,0.0,dissolved
0.04,65,0.015384615384615385,0.6725112024969713,0.02400000000000002,0.24323089158088618,0.0,0.4775938874087138,0.48339462288331514,0.4717931519341141,0.0,dissolved
0.04,66,0.015151515151515152,0.6668818321087359,0.02400000000000002,0.2644346328237383,0.0,0.5194407932522616,0.525749790741157,0.5131317957633679,0.0,dissolved
0.04,67,0.014925373134328358,0.6613293474521653,0.02400000000000002,0.28948631151851295,0.0,0.568881844579705,0.575791340667719,0.5619723484916925,0.0,dissolved
0.04,68,0.014705882352941176,0.655852927462479,0.02400000000000002,0.3190842301857428,0.0,0.6272951849949263,0.6349141548531657,0.6196762151366886,0.0,dissolved
0.04,69,0.014492753623188406,0.6504517100988787,0.02400000000000002,0.35405341542183505,0.0,0.6963090559958962,0.704766251007994,0.6878518609838004,0.0,dissolved
0.04,70,0.014285714285714285,0.6451247985594666,0.02400000000000002,0.3953686150865575,0.0,0.7778471833599914,0.7872947199999931,0.7683996467199916,0.0,dissolved
0.04,71,0.014084507042253521,0.6398712668685116,0.02400000000000002,0.44418146889290905,0.0,0.87418239999999,0.8847999999999923,0.8635647999999904,0.0,dissolved
0.04,72,0.013888888888888888,0.6346901648958398,0.02400000000000002,0.5018526097654393,0.003705219530878656,0.987999999999989,0.9999999999999913,0.9759999999999893,0.003572898730991808,dissolved
