protocol,round,logical_error,entanglement_fidelity,logical_p01,logical_p10,logical_bitflip_probability,logical_bitflip_asymmetry,logical_ptm_symmetry_pass,logical_ptm_xx,logical_ptm_yy,logical_ptm_zz,logical_ptm_z_shift,logical_coherent_information_bits,pauli_logical_p_i,pauli_logical_p_x,pauli_logical_p_y,pauli_logical_p_z,pauli_logical_error_probability,pauli_logical_bitflip_probability,pauli_logical_phaseflip_probability,pauli_logical_ptm_xx,pauli_logical_ptm_yy,pauli_logical_ptm_zz,pauli_logical_entanglement_fidelity,pauli_logical_coherent_information_bits,pauli_bitflip_consistency_error,updated,estimate_l1_error,meas_estimation_error,syndrome_mi_bits,logical_record_leakage_bits,q_star,eta_star,alignment_floor,proxy_p0,proxy_p1,proxy_p2,proxy_meas,calib_p0,calib_p1,calib_p2,calib_meas,calibration_fresh,correlated_gate,correlated_phase,data_crosstalk,data_crosstalk_z,leakage_error
uniform_decoder,0.0,0.0004516988246769957,0.999548301175323,0.0004516988246769957,0.0004516988246769957,0.0004516988246769957,0.0,1.0,1.0,0.999096602350646,0.999096602350646,0.0,0.9943290475603586,0.9900975266791251,0.0004473215702040475,4.37725447294799e-06,0.009450774496197863,0.009902473320874858,0.00045169882467699547,0.00945515175067081,0.9810896964986582,0.9802038078671962,0.999096602350646,0.9900975266791251,0.9171699369497532,2.168404344971009e-19,0.0,0.025213278493252358,0.006597372911830535,0.011657077407003067,3.055650882261758e-18,0.9995483011753235,0.03767126173257511,83.39906963351204,0.009578389440585977,0.0005362392521371939,0.000672092814024472,0.018597372911830536,0.009745160453584601,0.0007922497228470254,1e-07,0.01970688818437805,1.0,0.0002500146915549268,0.0001800073457774634,0.00020001193688837801,0.00016000550933309755,0.0003000017446221475
uniform_decoder,1.0,0.0017248086684347713,0.9982751913315653,0.0017248086684347713,0.0017248086684347713,0.0017248086684347713,0.0,1.0,1.0,0.9965503826631305,0.9965503826631305,0.0,0.9816811553898416,0.9795672370288958,0.001691847285310713,3.2961383124057204e-05,0.018707954302669458,0.02043276297110423,0.0017248086684347702,0.018740915685793516,0.962518168628413,0.9592003968240397,0.9965503826631306,0.9795672370288958,0.8473695979883994,1.0842021724855044e-18,0.0,0.025162573805327795,0.006712063304277274,0.01164693121978401,2.0460474477502295e-21,0.9995397702126281,0.037886350718974116,82.32050979428921,0.00961972794332322,0.0005512409700225707,0.0006664572813264158,0.018712063304277275,0.009745160453584601,0.0007922497228470254,1e-07,0.01970688818437805,0.0,0.00025002422200184573,0.00018001211100092287,0.00020001968037649964,0.00016000908325069217,0.00030000287636271916
uniform_decoder,2.0,0.0029887714841034603,0.9970112285158965,0.0029887714841034608,0.0029887714841034603,0.0029887714841034608,4.336808689942018e-19,1.0,1.0,0.994022457031793,0.994022457031793,-4.336808689942018e-19,0.9706300341195311,0.9692447384249815,0.00290424547690663,8.452600719682903e-05,0.027766490090915075,0.030755261575018535,0.002988771484103459,0.027851016098111903,0.9442979678037762,0.9386585288643567,0.994022457031793,0.9692447384249815,0.7871324636002419,1.734723475976807e-18,0.0,0.025108321482313203,0.006817891875835928,0.011648356511021663,1.8257713057985447e-19,0.9995270468839327,0.038083445536820415,80.5226654461868,0.009652754254137808,0.000575965839969883,0.0006629584235791075,0.018817891875835928,0.009745160453584601,0.0007922497228470254,1e-07,0.01970688818437805,0.0,0.0002500395708462438,0.0001800197854231219,0.00020003215131257307,0.00016001483906734142,0.00030000469903799143
uniform_decoder,3.0,0.004278285289499763,0.9957217147105002,0.004278285289499763,0.004278285289499763,0.004278285289499763,0.0,1.0,1.0,0.9914434294210005,0.9914434294210005,0.0,0.9601761970477775,0.9590918177494232,0.0041189768889036684,0.00015930840059609288,0.036629896961077074,0.04090818225057684,0.0042782852894997616,0.03678920536167317,0.9264215892766536,0.9185022523000386,0.9914434294210006,0.9590918177494232,0.7328042333097377,1.734723475976807e-18,0.0,0.02504804488674536,0.006914403825691015,0.011675970469249094,3.295125633699585e-18,0.9995069812667757,0.038260680309869205,77.60492194617012,0.009673498121833268,0.000617632148698255,0.0006608248427231178,0.018914403825691015,0.009745160453584601,0.0007922497228470254,1e-07,0.01970688818437805,0.0,0.00025006405656976416,0.00018003202828488209,0.0002000520459629334,0.00016002402121366156,0.0003000076067176595
uniform_decoder,4.0,0.005604246691410314,0.9943957533085896,0.005604246691410314,0.005604246691410314,0.005604246691410314,0.0,1.0,1.0,0.9887915066171794,0.9887915066171794,0.0,0.9500218397842835,0.9490944287349231,0.005346393326512729,0.00025785336489758513,0.04530132457366659,0.0509055712650769,0.005604246691410314,0.04555917793856418,0.9088816441228718,0.8987045641996414,0.9887915066171793,0.9490944287349231,0.6827974737514148,0.0,0.0,0.024977082475633763,0.007001189302261911,0.011756859535827079,2.0376278432636713e-21,0.9994738277783196,0.03841553186317519,73.00942596416634,0.009673913998168082,0.0006893791259307003,0.0006596244002674556,0.01900118930226191,0.009879507291240479,0.0007081552487659493,0.0007809474259381584,0.021081665868390855,1.0,0.0002501027483968017,0.00018005137419840086,0.00020008348307240138,0.00016003853064880063,0.00030001220137212015
uniform_decoder,5.0,0.006988518518987012,0.993011481481013,0.006988518518987013,0.006988518518987012,0.006988518518987012,8.673617379884035e-19,1.0,1.0,0.986022962962026,0.986022962962026,-8.673617379884035e-19,0.9399096446687952,0.9392285411019122,0.006606851905021765,0.0003816666139652456,0.05378294037910088,0.06077145889808789,0.006988518518987011,0.05416460699306612,0.8916707860138678,0.8792204154317548,0.9860229629620262,0.9392285411019122,0.6360784964249638,8.673617379884035e-19,0.0,0.024886830713890275,0.007077887228160794,0.011941875645408663,3.0740872262102656e-18,0.9994171047073,0.03854417444032743,66.12538293420137,0.00963888050354711,0.0008151628411776635,0.0006591259413849526,0.019077887228160794,0.009879507291240479,0.0007081552487659493,0.0007809474259381584,0.021081665868390855,0.0,0.00025016330875404563,0.00018008165437702282,0.00020013268836266207,0.00016006124078276712,0.00030001939291454286
uniform_decoder,6.0,0.008470879026070207,0.9915291209739298,0.008470879026070207,0.008470879026070207,0.008470879026070207,0.0,1.0,1.0,0.9830582419478596,0.9830582419478596,0.0,0.9295236429906502,0.929454004931429,0.007936776029843235,0.0005341029962269584,0.06207511604250093,0.07054599506857112,0.008470879026070193,0.06260921903872789,0.8747815619225444,0.8599762158553118,0.9830582419478598,0.929454004931429,0.5918070368245819,1.3877787807814457e-17,0.0,0.02476177982741853,0.007144189789457404,0.012323594474058067,0.0,0.9993179512960957,0.03864039199066145,56.653420451455574,0.00954089566658034,0.0010381012921052424,0.0006592232138958876,0.019144189789457405,0.009879507291240479,0.0007081552487659493,0.0007809474259381584,0.021081665868390855,0.0,0.00025025719760011085,0.00018012859880005543,0.00020020897305009005,0.00016009644910004159,0.00030003054221501314
uniform_decoder,7.0,0.010122007253612996,0.989877992746387,0.010122007253612996,0.010122007253612992,0.010122007253612994,3.469446951953614e-18,1.0,1.0,0.979755985492774,0.979755985492774,-3.469446951953614e-18,0.9183991147971728,0.9197031103456988,0.009400006361426405,0.000722000892186569,0.0701748824006883,0.08029688965430126,0.010122007253612973,0.07089688329287487,0.8582062334142505,0.8408502224757707,0.9797559854927741,0.9197031103456988,0.5491373705453164,2.0816681711721685e-17,0.0,0.024575217728887013,0.007199847896480857,0.013059765081493856,0.0,0.999143765847359,0.038693977800055415,45.19088345250571,0.00933208862579471,0.0014328051587807478,0.0006598884865375299,0.019199847896480857,0.009879507291240479,0.0007081552487659493,0.0007809474259381584,0.021081665868390855,0.0,0.0002504013722969021,0.00018020068614845106,0.000200326114991233,0.00016015051461133831,0.0003000476629602571
uniform_decoder,8.0,0.012060965349485248,0.9879390346505148,0.012060965349485246,0.012060965349485246,0.012060965349485246,0.0,1.0,1.0,0.9758780693010295,0.9758780693010295,0.0,0.9058343687189938,0.9098655990853431,0.011102696661249502,0.0009582686882357296,0.07807343556517171,0.09013440091465694,0.01206096534948523,0.07903170425340744,0.8419365914931853,0.8216477355471576,0.9758780693010296,0.9098655990853431,0.507076273283947,1.5612511283791264e-17,0.0,0.024285330025071463,0.007244678016644926,0.014389615243628253,0.0,0.9988431149149751,0.03868920519270153,33.442565466102224,0.008936283414987534,0.002117253233547167,0.0006611333263938368,0.019244678016644926,0.009089540399784796,0.0010553002044482267,0.0013556435746067868,0.0189209341390818,1.0,0.00025062065593258555,0.00018031032796629278,0.00020050428294522576,0.0001602327459747196,0.0003000737028919945
uniform_decoder,9.0,0.01446820754480099,0.9855317924551991,0.01446820754480099,0.014468207544800988,0.01446820754480099,1.734723475976807e-18,1.0,1.0,0.971063584910398,0.971063584910398,-1.734723475976807e-18,0.890863739110364,0.8997785270685583,0.013203352739446996,0.001264854805353984,0.08575326538664084,0.10022147293144182,0.01446820754480098,0.08701812019199483,0.8259637596160104,0.8020867637478245,0.9710635849103982,0.8997785270685583,0.46442617689983456,8.673617379884035e-18,0.0,0.023838953698176315,0.0072785708897978585,0.0166006473944372,6.823478492686412e-22,0.9983496709043578,0.038605967604618166,23.39289036747833,0.008253725166620929,0.0032443598527013284,0.0006629612825014286,0.01927857088979786,0.009089540399784796,0.0010553002044482267,0.0013556435746067868,0.0189209341390818,0.0,0.0002509509933138399,0.00018047549665691995,0.00020077268206749493,0.00016035662249268997,0.00030011293045601844
uniform_decoder,10.0,0.017567408951547927,0.982432591048452,0.017567408951547927,0.017567408951547923,0.017567408951547923,3.469446951953614e-18,1.0,1.0,0.9648651820969042,0.9648651820969042,-3.469446951953614e-18,0.8724447522494143,0.889244843327382,0.015894139203718276,0.0016732697478296407,0.09318774772107007,0.11075515667261798,0.017567408951547916,0.0948610174688997,0.8102779650622005,0.7818362261504233,0.9648651820969041,0.889244843327382,0.41995434857683334,6.938893903907228e-18,0.0,0.023197923341141315,0.007301502761738722,0.019869656263916093,0.0,0.9976137291639027,0.0384291409852688,16.104266290291882,0.0072061105279807025,0.004930641986481077,0.000665324144396906,0.019301502761738722,0.009089540399784796,0.0010553002044482267,0.0013556435746067868,0.0189209341390818,0.0,0.0002514438665374929,0.00018072193326874647,0.000201173141561713,0.00016054144995155986,0.00030017145915132727
uniform_decoder,11.0,0.021544327972831803,0.9784556720271682,0.021544327972831803,0.021544327972831803,0.021544327972831803,0.0,1.0,1.0,0.9569113440543364,0.9569113440543364,0.0,0.849974146934948,0.8781074838821612,0.01932664466227046,0.0022176833105613273,0.10034818814500711,0.1218925161178389,0.02154432797283179,0.10256587145556843,0.7948682570888631,0.760650334385445,0.9569113440543365,0.8781074838821612,0.37289732897140315,1.3877787807814457e-17,0.0,0.022392169507068984,0.0073135499076610565,0.023982657985878425,1.850940968004714e-18,0.9966677403735091,0.03816824028776664,11.454161609838565,0.005833999766187925,0.00710567278258234,0.0006681579441607521,0.019313549907661057,0.009089540399784796,0.0010553002044482267,0.0013556435746067868,0.0189209341390818,0.0,0.0002521721993266795,0.00018108609966333976,0.00020176491195292713,0.00016081457474750483,0.0003002579486700432
uniform_decoder,12.0,0.026432277208192967,0.973567722791807,0.026432277208192967,0.026432277208192963,0.026432277208192967,3.469446951953614e-18,1.0,1.0,0.9471354455836141,0.9471354455836141,-3.469446951953614e-18,0.8238285181808961,0.8663493731946027,0.023511690163078854,0.0029205870451141044,0.10721834959720442,0.13365062680539738,0.02643227720819296,0.11013893664231852,0.779722126715363,0.7385399204794335,0.9471354455836142,0.8663493731946027,0.3234936524057659,6.938893903907228e-18,0.0,0.021547886966103737,0.007314907356523875,0.02823731175787848,3.1595350025010997e-16,0.9956639845432735,0.037869080380703135,8.733612866152686,0.00435856576410798,0.009421965913772867,0.000671581356015416,0.019314907356523876,0.004053631943389475,0.012370071104398092,0.0005719508944756027,0.018423196391313516,1.0,0.0002532381378522882,0.0001816190689261441,0.0002026309870049842,0.0001612143016946081,0.0003003845288699592
uniform_decoder,13.0,0.03207917084765284,0.9679208291523471,0.03207917084765284,0.032079170847652834,0.03207917084765284,6.938893903907228e-18,1.0,1.0,0.9358416583046943,0.9358416583046943,-6.938893903907228e-18,0.7952860442968414,0.8541163539732631,0.028296112489998033,0.0037830583576547883,0.11380447517908397,0.14588364602673679,0.03207917084765282,0.11758753353673876,0.7648249329265224,0.7157988246618359,0.9358416583046942,0.8541163539732631,0.27289975469514316,2.0816681711721685e-17,0.0,0.020819443688293218,0.007305912857385178,0.031847495783396386,2.4660335944083713e-21,0.9947945070314397,0.03759020832415327,7.221258111611581,0.003069400273134848,0.011435035284554806,0.0006761207540171288,0.019305912857385178,0.004053631943389475,0.012370071104398092,0.0005719508944756027,0.018423196391313516,0.0,0.00025478315029455514,0.00018239157514727758,0.00020388630961432603,0.00016179368136045818,0.00030056799909747837
uniform_decoder,14.0,0.03823970286457989,0.9617602971354201,0.038239702864579894,0.03823970286457989,0.038239702864579894,6.938893903907228e-18,1.0,1.0,0.9235205942708402,0.9235205942708402,-6.938893903907228e-18,0.7658377524403943,0.8416293809159793,0.03345014071292974,0.004789562151650132,0.12013091621944084,0.15837061908402073,0.03823970286457987,0.12492047837109098,0.750159043257818,0.6928378861352589,0.9235205942708402,0.8416293809159793,0.2224966250371787,2.0816681711721685e-17,0.0,0.022090550833601553,0.007287077231645272,0.03445420256799517,3.1534003591326763e-16,0.9941619708423668,0.03736399730360839,6.4001046063216505,0.002129591617746729,0.0129028403386654,0.0006826978873171186,0.019287077231645272,0.004053631943389475,0.012370071104398092,0.0005719508944756027,0.018423196391313516,0.0,0.0002570009303444458,0.0001835004651722229,0.00020568825590486223,0.00016262534887916718,0.0003008313604784029
uniform_decoder,15.0,0.04468770709091023,0.9553122929090898,0.04468770709091023,0.04468770709091023,0.04468770709091023,0.0,1.0,1.0,0.9106245858181795,0.9106245858181795,0.0,0.7366130388931172,0.8290834083715064,0.03876793074767628,0.005919776343233944,0.1262288845375834,0.17091659162849362,0.044687707090910224,0.13214866088081736,0.7357026782383653,0.6700063694294807,0.9106245858181796,0.8290834083715064,0.1733114822152788,6.938893903907228e-18,0.0,0.023626463226436124,0.007259122306869491,0.03615944717400549,6.746162233254935e-21,0.9937544202347391,0.037188638132363186,5.954393271736551,0.001530133200328354,0.013849060892174081,0.0006924644654096035,0.01925912230686949,0.004053631943389475,0.012370071104398092,0.0005719508944756027,0.018423196391313516,0.0,0.0002601536110102559,0.00018507680550512796,0.0002082498089458329,0.00016380760412884596,0.00030120574130746786
uniform_decoder,16.0,0.05126436775065112,0.9487356322493489,0.05126436775065112,0.05126436775065112,0.05126436775065112,0.0,1.0,1.0,0.8974712644986977,0.8974712644986977,0.0,0.7082561860387778,0.8166063097683065,0.04410794256657632,0.0071564251840747686,0.13212932248104242,0.1833936902316935,0.05126436775065109,0.1392857476651172,0.7214285046697657,0.6475254699047626,0.8974712644986977,0.8166063097683065,0.1258910294691129,3.469446951953614e-17,0.0,0.024532787188737516,0.007223027597924644,0.037247325482598174,0.0,0.9935078851966034,0.03704691283172725,5.706447583512327,0.001180541600651508,0.014420084648864573,0.0007067558594755496,0.019223027597924644,0.0008216522364456616,0.016656108205189608,4.4185026397908786e-05,0.01936732579084991,1.0,0.00026459178161971524,0.00018729589080985763,0.00021185582256601863,0.00016547191810739324,0.0003017327740673412
uniform_decoder,17.0,0.057874235583131886,0.9421257644168681,0.057874235583131886,0.05787423558313188,0.057874235583131886,6.938893903907228e-18,1.0,1.0,0.8842515288337363,0.8842515288337363,-6.938893903907228e-18,0.6810520176191452,0.8042642407387053,0.04938677875560278,0.008487456827529122,0.1378615236781627,0.1957357592612946,0.0578742355831319,0.14634898050569184,0.7073020389886162,0.6255033951324689,0.884251528833736,0.8042642407387053,0.08042434950793687,1.3877787807814457e-17,0.0,0.02504320233102496,0.007180086753198721,0.037980491786775636,0.0,0.9933596998137761,0.03692247528415241,5.56036237047728,0.0009902123249098116,0.014760611098321719,0.0007271964423869459,0.01918008675319872,0.0008216522364456616,0.016656108205189608,4.4185026397908786e-05,0.01936732579084991,0.0,0.00027077873750731894,0.00019038936875365948,0.00021688272422469663,0.0001677920265652446,0.0003024674750789941
uniform_decoder,18.0,0.06446557522364535,0.9355344247763546,0.06446557522364535,0.06446557522364535,0.06446557522364535,0.0,1.0,1.0,0.8710688495527092,0.8710688495527092,0.0,0.6550777512408695,0.7920799831298749,0.054560024202750024,0.009905551020895359,0.14345444164647975,0.20792001687012512,0.06446557522364538,0.1533599926673751,0.6932800146652498,0.6039710683015405,0.8710688495527092,0.7920799831298749,0.03689258118683725,2.7755575615628914e-17,0.0,0.025321143460036766,0.007131974477115624,0.03854513128580304,2.418537848966424e-19,0.9932656119453565,0.03680524911907873,5.46527001717706,0.0008959660292258143,0.0149729672697404,0.0007558577804778199,0.019131974477115624,0.0008216522364456616,0.016656108205189608,4.4185026397908786e-05,0.01936732579084991,0.0,0.00027931926153497015,0.00019465963076748509,0.00022382189999716327,0.0001709947230756138,0.0003034816623072777
uniform_decoder,19.0,0.07101329380364817,0.9289867061963518,0.07101329380364817,0.07101329380364815,0.07101329380364815,1.3877787807814457e-17,1.0,1.0,0.8579734123927036,0.8579734123927036,-1.3877787807814457e-17,0.6303062621160189,0.7800484024410088,0.05960614722989692,0.011407146573751253,0.14893830375534312,0.2199515975589913,0.07101329380364817,0.16034545032909436,0.6793090993418113,0.5829110980295201,0.8579734123927037,0.7800484024410088,-0.004829045166632184,1.3877787807814457e-17,0.0,0.025464813898517947,0.0070808241329128364,0.03906408506296827,4.140862390079103e-21,0.9931980389206941,0.03669110153801276,5.394194572744758,0.0008604549909160264,0.015120690843159146,0.0007954219537251728,0.019080824132912837,0.0008216522364456616,0.016656108205189608,4.4185026397908786e-05,0.01936732579084991,0.0,0.0002909930218099591,0.00020049651090497955,0.00023330683022059176,0.00017537238317873465,0.00030486792133993263
uniform_decoder,20.0,0.07750799530509954,0.9224920046949004,0.07750799530509954,0.07750799530509953,0.07750799530509953,1.3877787807814457e-17,1.0,1.0,0.8449840093898009,0.8449840093898009,-1.3877787807814457e-17,0.6066629935465654,0.7681465625397529,0.06451627848213347,0.012991716822966053,0.15434544215514745,0.23185343746024697,0.07750799530509953,0.1673371589781135,0.6653256820437728,0.562276558725438,0.8449840093898008,0.7681465625397529,-0.04491389642062815,0.0,0.0,0.025528638808575133,0.007029315482742431,0.039621576399021294,2.6764851057015742e-19,0.9931402547308678,0.036580277494281485,5.332599981355996,0.000863884984873331,0.015241876710012425,0.0008493529165639613,0.01902931548274243,0.0005997283891747878,0.015554063195293365,0.0012323800988715754,0.015605573619592677,1.0,0.000306792354631085,0.0002083961773155425,0.00024614378813775655,0.00018129713298665687,0.00030674409211244133
uniform_decoder,21.0,0.08394980832349981,0.9160501916765003,0.08394980832349981,0.0839498083234998,0.0839498083234998,1.3877787807814457e-17,1.0,1.0,0.8321003833530004,0.8321003833530004,-1.3877787807814457e-17,0.5840540773752444,0.756340376350243,0.06928849205228026,0.014661316271219537,0.15970981532625728,0.24365962364975707,0.0839498083234998,0.1743711315974768,0.6512577368050464,0.542003385242925,0.8321003833530004,0.756340376350243,-0.08355294247936174,0.0,0.0,0.025540869996846672,0.006980771005556104,0.040282315205624364,2.9051793557409213e-19,0.9930816654780114,0.036476171385480975,5.27239197086354,0.0008971411683877939,0.01536010423496681,0.0009220930697323437,0.018980771005556105,0.0005997283891747878,0.015554063195293365,0.0012323800988715754,0.015605573619592677,0.0,0.00032796377363527224,0.00021898188681763613,0.0002633455660786587,0.0001892364151132271,0.00030925819811918856
uniform_decoder,22.0,0.09034512868093625,0.9096548713190638,0.09034512868093623,0.09034512868093623,0.09034512868093623,0.0,1.0,1.0,0.8193097426381275,0.8193097426381275,0.0,0.5623792362984179,0.7445899185204676,0.07392490667944755,0.016420222001488755,0.16506495279859598,0.25541008147953226,0.0903451286809363,0.18148517480008475,0.6370296503998304,0.5220202810439128,0.8193097426381274,0.7445899185204676,-0.12093602730306596,6.938893903907228e-17,0.0,0.025514510775529676,0.006939257933411481,0.0411035683674332,3.1509122006825317e-16,0.9930148484655329,0.03638464513218048,5.208855520549027,0.0009574727397408944,0.0154912902515979,0.00101930673632733,0.01893925793341148,0.0005997283891747878,0.015554063195293365,0.0012323800988715754,0.015605573619592677,0.0,0.0003560520002104462,0.00023302600010522307,0.0002861672501709875,0.00019976950007891733,0.00031259367502499045
uniform_decoder,23.0,0.09670494325645819,0.9032950567435418,0.09670494325645819,0.09670494325645819,0.09670494325645819,0.0,1.0,1.0,0.8065901134870836,0.8065901134870836,0.0,0.5415373749997752,0.7328545144242811,0.0784304329550542,0.018274510301404017,0.17044054231926062,0.2671454855757188,0.09670494325645822,0.18871505262066463,0.6225698947586706,0.5022580494513702,0.8065901134870834,0.7328545144242811,-0.15723828905997772,2.7755575615628914e-17,0.0,0.025453197950777818,0.006909691575340073,0.0421420528020245,3.844702071193716e-22,0.9929339107418537,0.036313755118399654,5.139158846109161,0.0010460744771925157,0.015647476325280185,0.0011482038973098518,0.018909691575340073,0.0005997283891747878,0.015554063195293365,0.0012323800988715754,0.015605573619592677,0.0,0.0003929446519375753,0.00025147232596878764,0.00031614252969927993,0.00021360424447659074,0.000316974677417587
uniform_decoder,24.0,0.10304389483832571,0.8969561051616743,0.10304389483832573,0.10304389483832571,0.10304389483832571,1.3877787807814457e-17,1.0,1.0,0.7939122103233486,0.7939122103233486,-1.3877787807814457e-17,0.5214290895447292,0.7210973747485293,0.08281236202347995,0.020231532814845743,0.17585873041314504,0.27890262525147075,0.1030438948383257,0.19609026322799078,0.6078194735440184,0.4826578151267501,0.7939122103233486,0.7210973747485293,-0.19261024295114937,1.3877787807814457e-17,0.0,0.02535378519891639,0.006897933700292645,0.043457266709359656,7.751646769192271e-24,0.9928337141722091,0.03627374494747079,5.0617217648228685,0.0011668090735141856,0.015838600189688523,0.0013180059172579472,0.018897933700292645,0.0009106671967868133,0.01728217180842262,0.001605363569853681,0.017369352435718247,1.0,0.0004409149747467784,0.0002754574873733892,0.00035511841698175747,0.0002315931155300419,0.0003226711532511799
uniform_decoder,25.0,0.10937952312992577,0.8906204768700743,0.10937952312992576,0.10937952312992576,0.10937952312992576,0.0,1.0,1.0,0.7812409537401485,0.7812409537401485,0.0,0.5019584287287042,0.7092885530097541,0.08708011316226819,0.022299409967657544,0.18133192386032013,0.29071144699024587,0.10937952312992573,0.20363133382797766,0.5927373323440446,0.4631759259548234,0.7812409537401486,0.7092885530097541,-0.2271731187493562,2.7755575615628914e-17,0.0,0.025206580997541573,0.00691087781467466,0.045112033117839054,0.0,0.9927097284167616,0.036277226597105125,4.976114563483884,0.0013255549544888279,0.016072808789887483,0.0015406728378570822,0.01891087781467466,0.0009106671967868133,0.01728217180842262,0.001605363569853681,0.017369352435718247,0.0,0.000502659197607975,0.00030632959880398756,0.00040528559805647974,0.00025474719910299065,0.000330003279715947
uniform_decoder,26.0,0.11573119406668068,0.8842688059333194,0.11573119406668068,0.11573119406668067,0.11573119406668067,1.3877787807814457e-17,1.0,1.0,0.7685376118666387,0.7685376118666387,-1.3877787807814457e-17,0.48303546220737104,0.6974052101050664,0.09124448687160869,0.024486707195071917,0.186863595828253,0.3025947898949336,0.1157311940666806,0.21135030302332491,0.5772993939533502,0.4437838346002767,0.7685376118666387,0.6974052101050664,-0.2610203863600371,6.938893903907228e-17,0.0,0.024993362701331335,0.006956511231619007,0.04717020399526118,0.0,0.9925584946981185,0.036339544953100156,4.883359411692177,0.001529874048529889,0.016355356472653737,0.0018321197227925134,0.018956511231619008,0.0009106671967868133,0.01728217180842262,0.001605363569853681,0.017369352435718247,0.0,0.0005813242824895022,0.0003456621412447511,0.00046920097952272055,0.00028424660593356335,0.0003393447585456284
uniform_decoder,27.0,0.122118140131275,0.877881859868725,0.122118140131275,0.12211814013127499,0.122118140131275,1.3877787807814457e-17,1.0,1.0,0.75576371973745,0.75576371973745,-1.3877787807814457e-17,0.46458109912045664,0.6854297126863683,0.09531584795479,0.02680229217648499,0.19245214718235681,0.3145702873136318,0.122118140131275,0.2192544393588418,0.5614911212823165,0.4244640097257065,0.7557637197374502,0.6854297126863683,-0.2942226640922099,0.0,0.0,0.02468246909746129,0.007043942074993915,0.049690737423034835,5.61951151458283e-19,0.9923789010063433,0.036479398289781605,4.786632258699779,0.001788825075372813,0.016685625035759877,0.002214330862925773,0.019043942074993915,0.0009106671967868133,0.01728217180842262,0.001605363569853681,0.017369352435718247,0.0,0.0006805211136891249,0.0003952605568445624,0.0005497984048724139,0.0003214454176334218,0.00035112438225058353
uniform_decoder,28.0,0.12855580827431518,0.8714441917256848,0.12855580827431518,0.12855580827431515,0.12855580827431518,2.7755575615628914e-17,1.0,1.0,0.7428883834513696,0.7428883834513696,-2.7755575615628914e-17,0.44653586082518726,0.6733478085879273,0.09930075735294609,0.029255050921369062,0.19809638313775768,0.3266521914120728,0.12855580827431515,0.22735143405912675,0.5452971318817467,0.4052057190185926,0.7428883834513699,0.6733478085879273,-0.3268297194591909,2.7755575615628914e-17,0.0,0.02421945371524469,0.007183378024769954,0.052716857066192516,0.0,0.9921746871738275,0.036719869144074054,4.692447440728633,0.0021128208484865185,0.01705129403490413,0.002719019471172923,0.019183378024769954,0.0020715107246081456,0.013743555283933173,0.003047192703443221,0.0201865796247017,1.0,0.000804317614467711,0.00045715880723385554,0.0006503830617550152,0.0003678691054253916,0.00036582521671804066
uniform_decoder,29.0,0.13504948542786827,0.8649505145721317,0.1350494854278683,0.13504948542786827,0.13504948542786827,2.7755575615628914e-17,1.0,1.0,0.7299010291442635,0.7299010291442635,-2.7755575615628914e-17,0.42887444693205357,0.6611496016221171,0.10319661240008421,0.031852873027784084,0.20380091295001462,0.3388503983778829,0.1350494854278683,0.2356537859777987,0.5286924280444025,0.3860049492998024,0.7299010291442636,0.6611496016221171,-0.3588631883745137,2.7755575615628914e-17,0.0,0.02351150070376661,0.007386042961711806,0.056259516925727206,3.1400794464800427e-16,0.9919586724933661,0.03709004042730707,4.612427537208096,0.0025134661814730785,0.017418513332232988,0.0033935464469933008,0.019386042961711807,0.0020715107246081456,0.013743555283933173,0.003047192703443221,0.0201865796247017,0.0,0.0009572060037902717,0.0005336030018951359,0.0007746048780795957,0.0004252022514213519,0.00038398071295009476
uniform_decoder,30.0,0.14158453979243169,0.8584154602075683,0.1415845397924317,0.14158453979243166,0.14158453979243169,5.551115123125783e-17,1.0,1.0,0.7168309204151366,0.7168309204151366,-5.551115123125783e-17,0.4116264169272764,0.6488348247645807,0.10698420489136481,0.03460033490106682,0.20958063544298783,0.35116517523541946,0.14158453979243163,0.24418097034405464,0.5116380593118908,0.3668703193312948,0.7168309204151369,0.6488348247645807,-0.39029778528524606,5.551115123125783e-17,0.0,0.022406593010315435,0.007664017995133929,0.060278475679582263,9.401534329169652e-19,0.9917584592109489,0.037627037028696055,4.565534284400243,0.0030033315883488676,0.01771864536114487,0.004308720762480567,0.01966401799513393,0.0020715107246081456,0.013743555283933173,0.003047192703443221,0.0201865796247017,0.0,0.0011440385261089667,0.0006270192630544834,0.0009264063024635355,0.0004952644472908626,0.0004061670749754398
uniform_decoder,31.0,0.14811537820681056,0.8518846217931895,0.1481153782068106,0.14811537820681056,0.1481153782068106,2.7755575615628914e-17,1.0,1.0,0.7037692435863788,0.7037692435863788,-2.7755575615628914e-17,0.39489612648233785,0.6364206707385313,0.1106201333671591,0.03749524483965137,0.21546395105465824,0.36357932926146874,0.14811537820681048,0.2529591958943096,0.4940816082113808,0.3478318311563653,0.7037692435863789,0.6364206707385313,-0.42103858742818034,1.1102230246251565e-16,0.0,0.02068141400137279,0.008029994932782236,0.06467749047567845,1.7405487025589627e-18,0.9916199209124168,0.038376832219270865,4.579531030456977,0.0035956274951485234,0.017840159420325907,0.005563117923804595,0.020029994932782236,0.0020715107246081456,0.013743555283933173,0.003047192703443221,0.0201865796247017,0.0,0.0013699266110914288,0.0007399633055457144,0.001109940371511786,0.0005799724791592857,0.00043299128506710716
uniform_decoder,32.0,0.15456341172658297,0.845436588273417,0.154563411726583,0.15456341172658297,0.154563411726583,2.7755575615628914e-17,1.0,1.0,0.690873176546834,0.690873176546834,-2.7755575615628914e-17,0.37885660574601954,0.623943890968933,0.11403684121345435,0.04052657051312841,0.22149269730448434,0.3760561090310671,0.15456341172658278,0.26201926781761276,0.47596146436477454,0.32894092296412275,0.6908731765468346,0.623943890968933,-0.4509215854709847,2.220446049250313e-16,0.0,0.018084126656762057,0.008496933303416568,0.0693559823083349,0.0,0.9915962396551514,0.03938852388803733,4.687011798495909,0.0043037592654456835,0.017654147718479396,0.007266261796271656,0.020496933303416568,0.003814374820914883,0.01809336744363606,0.006903373805523824,0.020385482409514957,1.0,0.0016400996369615038,0.000875049818480752,0.0013294559550312219,0.0006812873638605638,0.0004650743318891786
uniform_decoder,33.0,0.16084547669273377,0.8391545233072661,0.1608454766927338,0.16084547669273377,0.1608454766927338,2.7755575615628914e-17,1.0,1.0,0.6783090466145324,0.6783090466145324,-2.7755575615628914e-17,0.3636716278992125,0.6114413960340133,0.11716539309494982,0.043680083597783685,0.2277131272732533,0.3885586039659868,0.1608454766927335,0.27139321087103696,0.4572135782579261,0.3102429592635938,0.6783090466145331,0.6114413960340133,-0.47978506132089294,3.0531133177191805e-16,0.0,0.014502570219369838,0.009077616705743426,0.07436711686502238,1.6007866774916268e-18,0.9917036689215237,0.04069427178369763,4.905092552209435,0.0051407929642385275,0.017117185724249806,0.009473822540641441,0.021077616705743426,0.003814374820914883,0.01809336744363606,0.006903373805523824,0.020385482409514957,0.0,0.001959721334271696,0.001034860667135848,0.001589148584095753,0.0008011455003518859,0.0005030294084447639
uniform_decoder,34.0,0.16694308295155424,0.8330569170484458,0.16694308295155427,0.16694308295155424,0.16694308295155424,2.7755575615628914e-17,1.0,1.0,0.6661138340968915,0.6661138340968915,-2.7755575615628914e-17,0.349336156268341,0.5989034393893817,0.11998639262947033,0.04695669032208368,0.2341534776590643,0.4010965606106183,0.16694308295155402,0.28111016798114796,0.437779664037704,0.29172025942293084,0.6661138340968921,0.5989034393893817,-0.5076229104757166,2.220446049250313e-16,0.0,0.010397775572403966,0.009784110531793674,0.0801132781353953,3.1509124126208277e-16,0.9918555827305433,0.04228068833368909,5.191370595935783,0.0061189352489910975,0.016424405665440123,0.012092305155954941,0.021784110531793674,0.003814374820914883,0.01809336744363606,0.006903373805523824,0.020385482409514957,0.0,0.0023336643788149387,0.0012218321894074693,0.0018929773077871373,0.0009413741420556017,0.0005474351449842739
uniform_decoder,35.0,0.1729647151960499,0.8270352848039502,0.17296471519604992,0.17296471519604986,0.1729647151960499,5.551115123125783e-17,1.0,1.0,0.6540705696079002,0.6540705696079002,-5.551115123125783e-17,0.33555793722183713,0.5862360028819811,0.12257207043485545,0.05039264476119419,0.24079928192196912,0.41376399711801876,0.17296471519604964,0.2911919266831633,0.4176161466336732,0.2732572952863507,0.6540705696079006,0.5862360028819811,-0.5346980089909408,2.498001805406602e-16,0.0,0.011640212104244384,0.010627130822622486,0.08727937515808201,3.0833621920229107e-16,0.9918613957743136,0.04408879877515285,5.41724324620721,0.007249060434141086,0.01601173164814651,0.01487754089023896,0.022627130822622486,0.003814374820914883,0.01809336744363606,0.006903373805523824,0.020385482409514957,0.0,0.0027662468201435295,0.0014381234100717649,0.002244450541366618,0.0011035925575538237,0.0005988043098920442
uniform_decoder,36.0,0.17912680082871457,0.8208731991712854,0.1791268008287146,0.17912680082871457,0.17912680082871457,2.7755575615628914e-17,1.0,1.0,0.6417463983425709,0.6417463983425709,-2.7755575615628914e-17,0.32183691943312587,0.5732841515433762,0.125067499455675,0.05405930137303934,0.24758904762790943,0.4267158484566238,0.17912680082871435,0.3016483490009488,0.39670330199810233,0.25468690583283116,0.6417463983425713,0.5732841515433762,-0.5614595700677714,2.220446049250313e-16,0.0,0.013346404512528786,0.011615342779547226,0.0963875372241039,0.0,0.991542281447567,0.04606223808707895,5.446177689824893,0.008540055805576707,0.016288049991307063,0.01759841032679843,0.023615342779547226,0.009496418874055949,0.01686675252067812,0.018454846274372053,0.023843055554931575,1.0,0.0032609375380118514,0.0016854687690059259,0.0026463867496346297,0.0012891015767544443,0.0006575488326389074
uniform_decoder,37.0,0.1856697752597335,0.8143302247402665,0.18566977525973352,0.1856697752597335,0.1856697752597335,2.7755575615628914e-17,1.0,1.0,0.628660449480533,0.628660449480533,-2.7755575615628914e-17,0.3076754394554141,0.5598991623851857,0.12762782537943254,0.05804194988030067,0.2544310623550812,0.4401008376148144,0.18566977525973322,0.3124730122353818,0.37505397552923636,0.23588222453097263,0.6286604494805337,0.5598991623851857,-0.5883320779037873,2.7755575615628914e-16,0.0,0.015578647016789137,0.012754616683202831,0.1074745914180114,1.0972717303778332e-19,0.9908352154815088,0.04818788893613528,5.257940199129559,0.00999783694424039,0.017395513497470705,0.020180970463558823,0.02475461668320283,0.009496418874055949,0.01686675252067812,0.018454846274372053,0.023843055554931575,0.0,0.0038200416972146295,0.0019650208486073147,0.0031006588789868864,0.0014987656364554857,0.0007239424515442372
uniform_decoder,38.0,0.192791128708985,0.807208871291015,0.192791128708985,0.19279112870898496,0.19279112870898496,2.7755575615628914e-17,1.0,1.0,0.6144177425820301,0.6144177425820301,-2.7755575615628914e-17,0.2927260939314882,0.545988436703484,0.13037210477574956,0.06241902393323502,0.26122043458753147,0.45401156329651604,0.19279112870898457,0.3236394585207665,0.352721082958467,0.21681492127343793,0.6144177425820309,0.545988436703484,-0.6155693051390687,3.885780586188048e-16,0.0,0.018305371607222575,0.01404727788105134,0.12021979847281704,1.3600549838401528e-19,0.9897766867233432,0.05048586525831439,4.93830756156032,0.011624308733701239,0.019247900888551772,0.022681779452372042,0.02604727788105134,0.009496418874055949,0.01686675252067812,0.018454846274372053,0.023843055554931575,0.0,0.004444380893532214,0.002277190446766107,0.0036079344759949233,0.0017328928350745798,0.0007980827311069502
uniform_decoder,39.0,0.20062519408735982,0.7993748059126402,0.20062519408735985,0.2006251940873598,0.20062519408735982,5.551115123125783e-17,1.0,1.0,0.5987496118252804,0.5987496118252804,-5.551115123125783e-17,0.2768232777594015,0.5315286540862082,0.13337282646406445,0.06725236762329477,0.2678461518264325,0.46847134591379175,0.20062519408735924,0.3350985194497273,0.32980296110054536,0.19756204341900602,0.5987496118252815,0.5315286540862082,-0.6432276261212859,5.828670879282072e-16,0.0,0.02429324685391557,0.01549139516583261,0.1342040468649729,0.0,0.9884356213859982,0.05297984774438105,4.581296541107232,0.013416531791237474,0.021685646100870315,0.025191068961807783,0.02749139516583261,0.009496418874055949,0.01686675252067812,0.018454846274372053,0.023843055554931575,0.0,0.0051329860046538086,0.002621493002326904,0.0041674261287812184,0.001991119751745178,0.0008798545880526396
uniform_decoder,40.0,0.20924852951750575,0.7907514704824943,0.20924852951750578,0.20924852951750572,0.20924852951750575,5.551115123125783e-17,1.0,1.0,0.5815029409649886,0.5815029409649886,-5.551115123125783e-17,0.2599561258892703,0.5165589180238085,0.13666388633587168,0.07258464318163357,0.27419255245868623,0.4834410819761915,0.20924852951750525,0.34677719564031984,0.30644560871936033,0.17828712241088418,0.5815029409649894,0.5165589180238085,-0.6712007025917452,4.996003610813204e-16,0.0,0.03170861823574114,0.017080157299891475,0.14903652475290974,1.1591485567715657e-19,0.986874244730953,0.055679948306582426,4.242037670615886,0.015366093038502449,0.024566340083226446,0.027776185114012253,0.029080157299891475,0.015165462441164753,0.025720229543320556,0.026412690379320897,0.03129650854449696,1.0,0.005882823303554766,0.002996411651777383,0.004776668934138246,0.0022723087388330366,0.0009688977672971284
uniform_decoder,41.0,0.21868984605859526,0.7813101539414048,0.21868984605859526,0.2186898460585952,0.21868984605859523,5.551115123125783e-17,1.0,1.0,0.5626203078828096,0.5626203078828096,-5.551115123125783e-17,0.24223202552562217,0.5011691301393283,0.14025134581330204,0.07843850024529275,0.28014102380207706,0.4988308698606718,0.2186898460585948,0.3585795240473698,0.2828409519052605,0.15921526076924197,0.5626203078828106,0.5011691301393283,-0.6992657332916536,4.440892098500626e-16,0.0,0.03971093443164922,0.018801389714409054,0.16437331524925108,0.0,0.985140542140944,0.05857895608843677,3.942200088594509,0.017458642816499448,0.027782487618105645,0.03046980399704413,0.030801389714409055,0.015165462441164753,0.025720229543320556,0.026412690379320897,0.03129650854449696,0.0,0.006688575784685114,0.003399287892342557,0.0054313428250566545,0.0025744659192569173,0.0010645808744313573
uniform_decoder,42.0,0.22893717533271374,0.7710628246672863,0.22893717533271377,0.22893717533271368,0.22893717533271374,8.326672684688674e-17,1.0,1.0,0.5421256493345725,0.5421256493345725,-8.326672684688674e-17,0.22384604449392587,0.4854885615313793,0.14412170532511226,0.08481547000760124,0.2855742631359073,0.5145114384686208,0.22893717533271352,0.37038973314350854,0.25922053371298304,0.14060806307796103,0.5421256493345731,0.4854885615313793,-0.7271248190203161,2.220446049250313e-16,0.0,0.048200494337793526,0.020637261779921822,0.17990452639582358,0.0,0.9832728805217402,0.06165388984955973,3.6858641399489755,0.019673629870676557,0.031251236544912464,0.03327562792220451,0.03263726177992182,0.015165462441164753,0.025720229543320556,0.026412690379320897,0.03129650854449696,0.0,0.007542501566580913,0.0038262507832904566,0.0061251575228469905,0.002894688087467842,0.0011659845610314833
uniform_decoder,43.0,0.23994221632143425,0.7600577836785658,0.23994221632143428,0.2399422163214342,0.23994221632143425,8.326672684688674e-17,1.0,1.0,0.5201155673571315,0.5201155673571315,-8.326672684688674e-17,0.20505582605671113,0.4696747323420089,0.14824752795426313,0.09169468836717097,0.2903830513365569,0.530325267657991,0.2399422163214341,0.3820777397037279,0.23584452059254418,0.12273884141835983,0.5201155673571316,0.4696747323420089,-0.7544404251043333,1.6653345369377348e-16,0.0,0.05706195194077737,0.022564229061701063,0.19534332033517918,6.509273804960474e-18,0.981305766632564,0.06486845702923685,3.469971501598611,0.021984295818109234,0.034901397216518415,0.03617625890614973,0.03456422906170106,0.015165462441164753,0.025720229543320556,0.026412690379320897,0.03129650854449696,0.0,0.008434389426794826,0.004272194713397412,0.006849816409270794,0.003229146035048059,0.0012718962444318853
uniform_decoder,44.0,0.2516235390059604,0.7483764609940395,0.25162353900596046,0.25162353900596035,0.2516235390059604,1.1102230246251565e-16,1.0,1.0,0.4967529219880792,0.4967529219880792,-1.1102230246251565e-16,0.1861587532371225,0.4539019997986031,0.15259132985025473,0.09903220915570556,0.29447446119543674,0.5460980002013971,0.2516235390059603,0.3935066703511423,0.21298665929771554,0.10586841790861712,0.4967529219880795,0.4539019997986031,-0.7808665227531353,1.1102230246251565e-16,0.0,0.06616177063433495,0.024553244603100943,0.21042260496371823,4.589674489068869e-19,0.97927373924538,0.06817529094244859,3.2893193687747964,0.024357987652576907,0.03866463390118202,0.03913914908057603,0.03655324460310094,0.02291543609226383,0.04287528919602513,0.03188312872856361,0.036238646765845706,1.0,0.009351627883127645,0.004730813941563822,0.00759507265504121,0.0035731104561728664,0.0013808183111214077
uniform_decoder,45.0,0.26387009340481526,0.7361299065951847,0.2638700934048153,0.2638700934048152,0.26387009340481526,1.1102230246251565e-16,1.0,1.0,0.47225981319036947,0.47225981319036947,-1.1102230246251565e-16,0.16746957882106583,0.4383499074059708,0.15710846775553064,0.10676162564928479,0.2977799991892136,0.5616500925940291,0.26387009340481543,0.4045416248384984,0.19091675032300304,0.09022306611051134,0.4722598131903689,0.4383499074059708,-0.8060757745997373,1.6653345369377348e-16,0.0,0.07534834278753746,0.02657025894810529,0.22489702080598983,0.0,0.9772133584704483,0.07151799198388871,3.1385929291571126,0.026756837578974513,0.04247088664542653,0.042120618563136425,0.03857025894810529,0.02291543609226383,0.04287528919602513,0.03188312872856361,0.036238646765845706,0.0,0.010279398806150605,0.005194699403075302,0.008348886529997367,0.003921024552306476,0.0014909911082303842
uniform_decoder,46.0,0.2765458649708993,0.7234541350291007,0.27654586497089934,0.2765458649708992,0.2765458649708993,1.1102230246251565e-16,1.0,1.0,0.44690827005820144,0.44690827005820144,-1.1102230246251565e-16,0.14929848922760047,0.4231920743039813,0.1617494678922195,0.11479639707868022,0.3002620607251189,0.5768079256960186,0.2765458649708997,0.41505845780379913,0.16988308439240163,0.07597694276532313,0.4469082700582005,0.4231920743039813,-0.8297819182707729,4.440892098500626e-16,0.0,0.08445427886715699,0.028577011209338175,0.23854709780898634,0.0,0.9751638311802443,0.07483317664427078,3.0130724745575663,0.02913885748688727,0.04624675579803772,0.04506866558223199,0.040577011209338175,0.02291543609226383,0.04287528919602513,0.03188312872856361,0.036238646765845706,0.0,0.011200999557977374,0.0056554997789886865,0.009097687140856616,0.004266624834241515,0.001600431197509813
uniform_decoder,47.0,0.2894959599462898,0.7105040400537102,0.28949595994628985,0.2894959599462898,0.28949595994628985,5.551115123125783e-17,1.0,1.0,0.4210080801074203,0.4210080801074203,-5.551115123125783e-17,0.13193074589065967,0.40858671964112175,0.16646208879681879,0.12303387114947166,0.3019173204125879,0.5914132803588783,0.28949595994629046,0.42495119156205957,0.15009761687588102,0.06324118158118675,0.4210080801074192,0.40858671964112175,-0.8517562222415433,6.106226635438361e-16,0.0,0.09330036857589867,0.03053209429356395,0.25118338671666085,1.3880176856188233e-17,0.9731667328759819,0.0780526536152407,2.9088017219258684,0.03145951104132805,0.04991576600844483,0.047925091526125785,0.04253209429356395,0.02291543609226383,0.04287528919602513,0.03188312872856361,0.036238646765845706,0.0,0.012098289506702165,0.006104144753351082,0.009826735224195509,0.004603108565013311,0.0017069843789208818
uniform_decoder,48.0,0.30255396499420567,0.6974460350057943,0.3025539649942057,0.30255396499420567,0.3025539649942057,5.551115123125783e-17,1.0,1.0,0.39489207001158855,0.39489207001158855,-5.551115123125783e-17,0.11560952271268199,0.3946696669318689,0.17119330525875975,0.13136065973544644,0.3027763680739249,0.605330333068131,0.30255396499420617,0.43413702780937136,0.13172594438125734,0.05206065333463067,0.39489207001158755,0.3946696669318689,-0.8718374011855303,4.440892098500626e-16,0.0,0.10170078663217712,0.03239225796569872,0.26264938390343023,8.039449098798328e-19,0.9712651333893376,0.08110573531604222,2.82255478735882,0.033673875207391846,0.0533997888232306,0.050627122601554664,0.04439225796569873,0.0281931581230702,0.04927696825608138,0.04185714943021411,0.04747268214676789,1.0,0.012952248029925022,0.0065311240149625105,0.01052057652431408,0.004923343011221883,0.0018083919535535962
uniform_decoder,49.0,0.3155501070534421,0.6844498929465579,0.31555010705344216,0.3155501070534421,0.3155501070534421,5.551115123125783e-17,1.0,1.0,0.3688997858931158,0.3688997858931158,-5.551115123125783e-17,0.10052344063752416,0.3815500382620581,0.1758912461623329,0.1396588608911098,0.3028998546844992,0.6184499617379419,0.31555010705344266,0.442558715575609,0.11488256884878201,0.04241779830633574,0.36889978589311456,0.3815500382620581,-0.8899351573098442,5.551115123125783e-16,0.0,0.10946914926960676,0.03411389541709052,0.272822903287384,2.7673005211840614e-16,0.9695023290472067,0.08392160545096182,2.7517381763631144,0.03573960735626125,0.05662115860125516,0.053108383312090335,0.046113895417090524,0.0281931581230702,0.04927696825608138,0.04185714943021411,0.04747268214676789,0.0,0.013743622478337672,0.0069268112391688355,0.011163568263649358,0.0052201084293766265,0.0019023676693025984
uniform_decoder,50.0,0.32831954663253526,0.6716804533674647,0.3283195466325353,0.32831954663253515,0.32831954663253526,1.6653345369377348e-16,1.0,1.0,0.34336090673492947,0.34336090673492947,-1.6653345369377348e-16,0.08679975927151351,0.36930828879275035,0.1805069631197334,0.14781258351280233,0.302372164574714,0.6306917112072497,0.3283195466325357,0.4501847480875163,0.09963050382496735,0.03424174461110524,0.3433609067349286,0.36930828879275035,-0.9060280801603846,4.440892098500626e-16,0.0,0.1164250248263277,0.03565464397160706,0.28161623981350276,0.0,0.9679203275610838,0.08643159872724471,2.694279341281354,0.037621109920911944,0.05950516239797754,0.05529875250743821,0.047654643971607055,0.0281931581230702,0.04927696825608138,0.04185714943021411,0.04747268214676789,0.0,0.01445363676575988,0.007281818382879939,0.011740454872179902,0.005486363787159955,0.0019866818659339857
uniform_decoder,51.0,0.34071007607912274,0.6592899239208773,0.3407100760791228,0.3407100760791226,0.34071007607912274,1.6653345369377348e-16,1.0,1.0,0.3185798478417545,0.3185798478417545,-1.6653345369377348e-16,0.07450342127840215,0.3579960793635586,0.18499586922432595,0.15571420685479723,0.30129384455731834,0.6420039206364415,0.3407100760791232,0.45700805141211553,0.08598389717576904,0.027420572436711532,0.31857984784175375,0.3579960793635586,-0.9201568985826991,4.440892098500626e-16,0.0,0.12240047952030557,0.03697501982463787,0.2889760319969425,0.0,0.9665582065983949,0.0885712064835138,2.648518439781479,0.039295471543996374,0.06198266229807248,0.05712234567823671,0.04897501982463787,0.0281931581230702,0.04927696825608138,0.04185714943021411,0.04747268214676789,0.0,0.015064725018562906,0.007587362509281452,0.01223696407758236,0.0057155218819610895,0.002059248595954345
uniform_decoder,52.0,0.3525885558373848,0.6474114441626152,0.35258855583738485,0.35258855583738474,0.3525885558373848,1.1102230246251565e-16,1.0,1.0,0.2948228883252304,0.2948228883252304,-1.1102230246251565e-16,0.06364136678393506,0.34763762960420647,0.18931877943724068,0.16326977640014467,0.29977381455840824,0.6523623703957936,0.35258855583738535,0.4630435909585529,0.07391281808289424,0.021814812008702222,0.29482288832522935,0.34763762960420647,-0.9324142397317194,5.551115123125783e-16,0.0,0.1272462161590981,0.03804000118859656,0.29488393502686683,2.8317655692066847e-16,0.9654504661374379,0.09028163666151351,2.6131072280353616,0.04076056893682467,0.06399265088841766,0.05849299633385574,0.050040001188596556,0.037220559890060255,0.0638259874148609,0.05499603352736197,0.0494257135717774,1.0,0.015561250700689777,0.007835625350344889,0.012640391194310444,0.005901719012758666,0.002118211020706911
uniform_decoder,53.0,0.36384557502207315,0.6361544249779268,0.3638455750220732,0.36384557502207315,0.36384557502207315,5.551115123125783e-17,1.0,1.0,0.2723088499558537,0.2723088499558537,-5.551115123125783e-17,0.054170923986401,0.3382323234188996,0.19344258854674265,0.1704029864753308,0.297922101559027,0.6617676765811005,0.3638455750220735,0.4683250880343578,0.06334982393128441,0.017270619788460784,0.27230884995585314,0.3382323234188996,-0.9429322242708582,3.3306690738754696e-16,0.0,0.13083688993572534,0.03882047437562333,0.2993580628083745,3.512465674205122e-17,0.964625534377731,0.0915109777907485,2.586921842662137,0.042043732162169944,0.06548456623916565,0.05930859153438972,0.050820474375623335,0.037220559890060255,0.0638259874148609,0.05499603352736197,0.0494257135717774,0.0,0.015930170315403062,0.00802008515770153,0.012940138381264987,0.006040063868276147,0.0021620202249541137
uniform_decoder,54.0,0.37439801773868886,0.625601982261311,0.37439801773868897,0.3743980177386889,0.37439801773868897,5.551115123125783e-17,1.0,1.0,0.25120396452262206,0.25120396452262206,-5.551115123125783e-17,0.04601075285197487,0.3297583265464069,0.19734063962484796,0.17705737811384123,0.29584365571490395,0.6702416734535932,0.3743980177386892,0.47290103382874515,0.054197932342509636,0.013631409320496224,0.25120396452262167,0.3297583265464069,-0.9518693107108187,2.220446049250313e-16,0.0,0.13307543471550592,0.039294463172698954,0.3024501039985789,7.404306710239568e-19,0.9641046983821764,0.09221580527392337,2.5690216022069614,0.04320244837661502,0.06642021659456432,0.05945276974432656,0.05129446317269896,0.037220559890060255,0.0638259874148609,0.05499603352736197,0.0494257135717774,0.0,0.016161602435422168,0.008135801217711083,0.013128176978780512,0.006126850913283312,0.0021895027892063824
uniform_decoder,55.0,0.38418943530276106,0.6158105646972389,0.3841894353027611,0.3841894353027611,0.3841894353027611,0.0,1.0,1.0,0.23162112939447776,0.23162112939447776,0.0,0.03905277256722561,0.3221768955211472,0.20099278598965872,0.1831966493131029,0.2936336691760912,0.6778231044788527,0.3841894353027616,0.4768303184891941,0.046339363021611846,0.010747089668500187,0.23162112939447677,0.3221768955211472,-0.9593976965391748,4.996003610813204e-16,0.0,0.1338970408937798,0.039448072914219506,0.30422202112582514,0.0,0.9639018262704955,0.09236559863480191,2.5587332845957165,0.044295800625426485,0.06677521482663196,0.05882602544172133,0.05144807291421951,0.037220559890060255,0.0638259874148609,0.05499603352736197,0.0494257135717774,0.0,0.016249267432809984,0.008179633716404991,0.01319940478915811,0.006159725287303743,0.0021999130076461853
uniform_decoder,56.0,0.39318848416128915,0.6068115158387108,0.3931884841612892,0.3931884841612892,0.3931884841612892,0.0,1.0,1.0,0.21362303167742158,0.21362303167742158,0.0,0.033173606759154595,0.3154369419817704,0.20438517284957203,0.18880331131171801,0.29137457385693966,0.6845630580182297,0.39318848416129004,0.48017788516865767,0.03964422966268477,0.008480506586976744,0.21362303167742003,0.3154369419817704,-0.965692379370489,8.326672684688674e-16,0.0,0.1332744776919837,0.03927609613730572,0.3046829393753391,1.2602054326363248e-17,0.9640237871212223,0.09195226864748188,2.555918516418505,0.04530880457342301,0.06653993573471395,0.05742573738384671,0.05127609613730572,0.04454827927857671,0.06524481230927555,0.06088079881408041,0.04895596238027014,1.0,0.01619077059927493,0.008150385299637464,0.01315187611191088,0.006137788974728098,0.0021929665086638976
uniform_decoder,57.0,0.4013862587639675,0.5986137412360324,0.40138625876396766,0.4013862587639676,0.4013862587639676,5.551115123125783e-17,1.0,1.0,0.19722748247206479,0.19722748247206479,-5.551115123125783e-17,0.028244269866812943,0.30947925182026476,0.2075099506853283,0.19387630807864026,0.2891344894157668,0.6905207481797353,0.40138625876396855,0.48301079749440706,0.03397840501118604,0.006711119797809917,0.197227482472063,0.30947925182026476,-0.9709227509359826,9.43689570931383e-16,0.0,0.13122463234487008,0.038782245560618475,0.30371598745119555,0.0,0.9644701228917403,0.09099926192727967,2.561203959417153,0.04608287844456238,0.06572009756975006,0.05542165633055762,0.05078224556061847,0.04454827927857671,0.06524481230927555,0.06088079881408041,0.04895596238027014,0.0,0.015987710840626047,0.008048855420313023,0.012986890058008661,0.0060616415652347665,0.002168853162324343
uniform_decoder,58.0,0.40879340382241613,0.5912065961775838,0.40879340382241625,0.4087934038224162,0.40879340382241625,5.551115123125783e-17,1.0,1.0,0.1824131923551675,0.1824131923551675,-5.551115123125783e-17,0.024137446821515418,0.304239882482136,0.210365120817007,0.19842828300541018,0.2869667136954469,0.695760117517864,0.4087934038224172,0.48539499670085706,0.029210006598285987,0.005336330975092285,0.18241319235516573,0.304239882482136,-0.9752469942108029,9.43689570931383e-16,0.0,0.1278097237327674,0.0379790011322778,0.30110455205473197,1.4904919148251212e-17,0.9652309473959974,0.08955516018983262,2.5757147084163847,0.046379265099058986,0.06433684366897852,0.05309361496472986,0.049979001132277795,0.04454827927857671,0.06524481230927555,0.06088079881408041,0.04895596238027014,0.0,0.01564560805929823,0.007877804029649115,0.012708931548179814,0.005933353022236836,0.002128228457041665
uniform_decoder,59.0,0.4154369001360911,0.5845630998639089,0.4154369001360912,0.41543690013609114,0.41543690013609114,5.551115123125783e-17,1.0,1.0,0.16912619972781773,0.16912619972781773,-5.551115123125783e-17,0.02073269460609306,0.2996528888168746,0.21295423206592948,0.2024826680701623,0.2849102110470336,0.7003471111831254,0.4154369001360918,0.4873928791171959,0.025214241765608103,0.004271113774073743,0.16912619972781642,0.2996528888168746,-0.9788086543064669,6.661338147750939e-16,0.0,0.12312815714847129,0.03688707972498993,0.2966799515279237,1.5192767777083348e-17,0.9662857309499457,0.08767277143541441,2.600464844877701,0.04605072612411165,0.06242590715320828,0.05065152387115135,0.04888707972498993,0.04454827927857671,0.06524481230927555,0.06088079881408041,0.04895596238027014,0.0,0.015173653828243119,0.007641826914121559,0.012325468735447534,0.005756370185591169,0.0020721838921038704
uniform_decoder,60.0,0.4213561525321075,0.5786438474678924,0.4213561525321076,0.42135615253210756,0.42135615253210756,5.551115123125783e-17,1.0,1.0,0.15728769493578487,0.15728769493578487,-5.551115123125783e-17,0.017920038608171263,0.2956527206240432,0.21528558614307966,0.20607056638902863,0.28299112684384864,0.7043472793759569,0.4213561525321083,0.4890616932328773,0.021876613534245526,0.003446574026143512,0.15728769493578354,0.2956527206240432,-0.9817347068431861,7.216449660063518e-16,0.0,0.11730345239052302,0.035534557360912156,0.29042027197493125,2.636152609019185e-17,0.9676051234590652,0.08539805234501824,2.636159216013918,0.045114094973346064,0.060035866896636314,0.04815349052054063,0.04753455736091215,0.03465386850140602,0.06496494833702264,0.04633960301461318,0.04799225096309835,1.0,0.014584301074813318,0.0073471505374066584,0.011846619623285821,0.005535362903054994,0.0020021982526340814
uniform_decoder,61.0,0.4265989193222676,0.5734010806777323,0.42659891932226773,0.4265989193222676,0.4265989193222677,1.1102230246251565e-16,1.0,1.0,0.14680216135546464,0.14680216135546464,-1.1102230246251565e-16,0.015601994039532552,0.2921761889614743,0.21737114849648007,0.20922777082578836,0.2812248917162573,0.7078238110385258,0.42659891932226846,0.49045266254204567,0.01909467491590866,0.0028079195745253083,0.14680216135546317,0.2921761889614743,-0.9841349818847065,7.771561172376096e-16,0.0,0.11047930449430603,0.03395569328946135,0.282416369914838,7.686453707488656e-19,0.9691537045651185,0.08277571858287391,2.683489781053896,0.04368242538252076,0.05722599253064342,0.045570886581141834,0.045955693289461357,0.03465386850140602,0.06496494833702264,0.04633960301461318,0.04799225096309835,0.0,0.013892718338345319,0.007001359169172659,0.011284708649905571,0.0052760193768794945,0.0019200728026785064
uniform_decoder,62.0,0.43121777691863866,0.5687822230813613,0.4312177769186389,0.43121777691863866,0.4312177769186388,2.220446049250313e-16,1.0,1.0,0.13756444616272245,0.13756444616272245,-2.220446049250313e-16,0.013694147480568075,0.2891638198014581,0.2192254895122654,0.2119922874063739,0.27961840327990256,0.7108361801985419,0.4312177769186393,0.4916106906862765,0.01677861862744706,0.002312214415664038,0.13756444616272137,0.2891638198014581,-0.986102767750098,4.996003610813204e-16,0.0,0.10281736520825784,0.03218952156240677,0.27280230170317227,2.948106741300973e-20,0.970891950437034,0.07985692809304606,2.74346544313459,0.04188374590745392,0.05406392413657157,0.042869695164232335,0.04418952156240677,0.03465386850140602,0.06496494833702264,0.04633960301461318,0.04799225096309835,0.0,0.013116141968845052,0.006613070984422526,0.010653740349686604,0.004984803238316894,0.0018278543588003497
uniform_decoder,63.0,0.43526731657114004,0.5647326834288598,0.4352673165711403,0.43526731657114004,0.43526731657114015,2.7755575615628914e-16,1.0,1.0,0.1294653668577197,0.1294653668577197,-2.7755575615628914e-16,0.0121247131118003,0.2865606437601062,0.22086486415493012,0.21440245241621042,0.2781720396687532,0.7134393562398937,0.43526731657114054,0.4925744920849636,0.014851015830072645,0.0019261923526333047,0.12946536685771887,0.2865606437601062,-0.9877161859080648,3.885780586188048e-16,0.0,0.09449328452166798,0.030278287848717025,0.2617224863453851,0.0,0.9727777194271996,0.07670119119617604,2.8175887391599845,0.039827049151367255,0.05062316227495334,0.04004307309534738,0.042278287848717025,0.03465386850140602,0.06496494833702264,0.04633960301461318,0.04799225096309835,0.0,0.012273164823996556,0.006191582411998278,0.009968821419497202,0.004668686808998708,0.0017277508228495909
uniform_decoder,64.0,0.4388020195564578,0.5611979804435421,0.43880201955645803,0.4388020195564577,0.43880201955645787,3.3306690738754696e-16,1.0,1.0,0.12239596088708427,0.12239596088708427,-3.3306690738754696e-16,0.01083348640234627,0.2843165618873365,0.2223064354947385,0.21649558406171943,0.27688141855620546,0.7156834381126633,0.4388020195564579,0.4933770026179249,0.01324599476415017,0.0016242918981119736,0.12239596088708404,0.2843165618873365,-0.9890399448668319,5.551115123125783e-17,0.0,0.08569074911516177,0.02826581624360144,0.24932991321531678,5.208643728052316e-19,0.9747677063733222,0.07337424212580826,2.9079497572202713,0.03759922297558671,0.04698040044000262,0.03711112569957242,0.04026581624360144,0.040118989908206164,0.037562731436874955,0.03268165257443309,0.04879534035900299,1.0,0.011383002274534993,0.005746501137267496,0.009245564348059681,0.004334875852950623,0.0016220440201010304
uniform_decoder,65.0,0.441874723260954,0.5581252767390459,0.4418747232609542,0.4418747232609539,0.44187472326095406,3.3306690738754696e-16,1.0,1.0,0.11625055347809188,0.11625055347809188,-3.3306690738754696e-16,0.009770504881145392,0.28238640899906536,0.22356764139224625,0.21830708186870806,0.27573886773998035,0.7176135910009347,0.44187472326095434,0.4940459496086884,0.011908100782623166,0.001386981735546855,0.1162505534780914,0.28238640899906536,-0.9901272035515487,2.7755575615628914e-16,0.0,0.07659475150565723,0.02619589222314315,0.23579372147951658,0.0,0.9768189189937994,0.06994469520112884,3.017318095839427,0.035270565000619425,0.043212832507214416,0.03411135399782339,0.03819589222314315,0.040118989908206164,0.037562731436874955,0.03268165257443309,0.04879534035900299,0.0,0.010464775592871898,0.005287387796435949,0.008499505169208417,0.003990540847326962,0.0015130046016535378
uniform_decoder,66.0,0.444535588610706,0.5554644113892939,0.44453558861070624,0.4445355886107059,0.4445355886107061,3.3306690738754696e-16,1.0,1.0,0.11092882277858784,0.11092882277858784,-3.3306690738754696e-16,0.008894622562945376,0.2807298076166485,0.22466570291895774,0.21986988569174884,0.27473460377264475,0.7192701923833513,0.4445355886107066,0.4946044894643936,0.010791021071212714,0.001199386616794862,0.11092882277858668,0.2807298076166485,-0.9910213776714354,4.996003610813204e-16,0.0,0.06738503151276146,0.024110743567151868,0.2213052311253493,9.691281724850196e-18,0.9788900754797567,0.06648077422021217,3.1492663157777114,0.03289975264938294,0.03939560067981385,0.031089678183564673,0.03611074356715187,0.040118989908206164,0.037562731436874955,0.03268165257443309,0.04879534035900299,0.0,0.009536849290982084,0.0048234246454910415,0.0077455650489229415,0.0036425684841182807,0.0014028133533041222
uniform_decoder,67.0,0.4468314767808866,0.5531685232191134,0.4468314767808868,0.44683147678088647,0.44683147678088664,3.3306690738754696e-16,1.0,1.0,0.10633704643822672,0.10633704643822672,-3.3306690738754696e-16,0.008172127736884027,0.2793108847318172,0.22561726620191516,0.22121421057897214,0.2738576384872956,0.7206891152681829,0.4468314767808873,0.4950718490662678,0.009856301867464556,0.0010501906215785728,0.1063370464382255,0.2793108847318172,-0.9917577946038074,6.661338147750939e-16,0.0,0.058230217616616536,0.022049691377442917,0.2060796417048228,0.0,0.980942813124357,0.06304747142938927,3.308330439366706,0.030536634228977566,0.035599549536770914,0.02809403385086806,0.03404969137744292,0.040118989908206164,0.037562731436874955,0.03268165257443309,0.04879534035900299,0.0,0.00861625313595085,0.004363126567975425,0.006997580672960064,0.003297344925981568,0.0012934925598941632
uniform_decoder,68.0,0.448805646735632,0.5511943532643679,0.4488056467356322,0.4488056467356319,0.44880564673563206,3.3306690738754696e-16,1.0,1.0,0.10238870652873588,0.10238870652873588,-3.3306690738754696e-16,0.007575477384106799,0.27809790637900367,0.22643816327675564,0.2223674834588771,0.2730964468853636,0.7219020936209963,0.4488056467356327,0.49546393034424074,0.009072139311518512,0.000930779675761495,0.10238870652873452,0.27809790637900367,-0.9923651522205097,6.661338147750939e-16,0.0,0.049282982696468386,0.020048029086712226,0.19035361013286822,9.56622348822052e-18,0.9829426156184221,0.05970419767663354,3.5001965331281713,0.0282233633655532,0.03188945094268614,0.025170168388229053,0.032048029086712226,0.02790663181459855,0.023485907090223433,0.024559693439320764,0.02906176943153385,1.0,0.007718212024258792,0.003914106012129396,0.0062679222697102676,0.0029605795090970467,0.0011868501778807316
uniform_decoder,69.0,0.4504976969945927,0.5495023030054073,0.4504976969945929,0.4504976969945926,0.45049769699459274,3.3306690738754696e-16,1.0,1.0,0.09900460601081451,0.09900460601081451,-3.3306690738754696e-16,0.007082181327759285,0.27706286910402256,0.22714327545573368,0.2233544215388596,0.27243943390138414,0.7229371308959774,0.4504976969945933,0.49579385544024374,0.008412289119512473,0.000834581285764302,0.09900460601081343,0.27706286910402256,-0.9928667707506023,5.551115123125783e-16,0.0,0.040676431928349494,0.018136169824609076,0.17437972453285377,0.0,0.9848593755002829,0.056502926056761875,3.7318755285039695,0.025994573820945166,0.028322880445261656,0.022358977662142676,0.030136169824609076,0.02790663181459855,0.023485907090223433,0.024559693439320764,0.02906176943153385,0.0,0.006855798360729571,0.0034828991803647854,0.005567211168092776,0.0026371743852735886,0.0010844385553366366
uniform_decoder,70.0,0.45194369424381564,0.5480563057561842,0.45194369424381586,0.4519436942438156,0.45194369424381575,2.7755575615628914e-16,1.0,1.0,0.0961126115123685,0.0961126115123685,-2.7755575615628914e-16,0.006673841774825329,0.27618107189875674,0.22774648532899905,0.2241972089148171,0.27187523385742707,0.7238189281012433,0.45194369424381614,0.49607244277224416,0.00785511445551157,0.0007565616271477116,0.09611261151236766,0.27618107189875674,-0.9932816485871536,3.885780586188048e-16,0.0,0.03252189350580739,0.01633908321227215,0.15841916982790408,0.0,0.9866674956367704,0.05348681496611079,4.011760544674914,0.023877011929598457,0.024949979164486047,0.019694902411722892,0.02833908321227215,0.02790663181459855,0.023485907090223433,0.024559693439320764,0.02906176943153385,0.0,0.006039712813185879,0.0030748564065929394,0.0049041416607135254,0.002331142304944704,0.000987528396565823
uniform_decoder,71.0,0.45317645790776806,0.5468235420922318,0.4531764579077683,0.453176457907768,0.45317645790776817,2.7755575615628914e-16,1.0,1.0,0.09364708418446366,0.09364708418446366,-2.7755575615628914e-16,0.006335335382511298,0.27543067583260344,0.22826071118647992,0.2249157467212886,0.27139286625962805,0.7245693241673965,0.4531764579077685,0.49630861298091666,0.007382774038166673,0.000692845107784057,0.09364708418446296,0.27543067583260344,-0.9936253469578658,3.3306690738754696e-16,0.0,0.024908273218611252,0.014676023248313057,0.1427341893040517,0.0,0.9883453855384006,0.050689266269744626,4.349287266151937,0.02188872709735168,0.021814459470239633,0.01720508665101994,0.026676023248313058,0.02790663181459855,0.023485907090223433,0.024559693439320764,0.02906176943153385,0.0,0.0052781910005047636,0.0026940955002523817,0.00428540518791012,0.002045571625189286,0.0008970976813099407
uniform_decoder,72.0,0.4542260054424299,0.5457739945575699,0.45422600544243014,0.4542260054424299,0.45422600544243,2.220446049250313e-16,1.0,1.0,0.09154798911513995,0.09154798911513995,-2.220446049250313e-16,0.00605411154090052,0.27479223960354604,0.22869803139451614,0.22552797404791444,0.27098175495402327,0.7252077603964538,0.4542260054424306,0.4965097290019377,0.0069805419961244675,0.0006404273029210761,0.09154798911513873,0.27479223960354604,-0.9939107383744061,5.551115123125783e-16,0.0,0.017903176220516213,0.013160531020589335,0.12758246028369993,0.0,0.9898741067320238,0.04813331933697728,4.75348871088757,0.02003761331293452,0.018956451092358217,0.014909111815223475,0.025160531020589336,0.021498075801728293,0.018841822123528945,0.014804973077386561,0.02066814420348516,1.0,0.004577026412661906,0.002343513206330953,0.0037157089602877984,0.0017826349047482145,0.0008138343865036013
uniform_decoder,73.0,0.45512021029035954,0.5448797897096403,0.4551202102903598,0.4551202102903595,0.45512021029035965,3.3306690738754696e-16,1.0,1.0,0.0897595794192807,0.0897595794192807,-3.3306690738754696e-16,0.005819569034766214,0.27424819568576014,0.2290699271561556,0.22605028313420455,0.27063159402387965,0.7257518043142398,0.45512021029036015,0.4966818771580842,0.0066362456838314765,0.0005969576399294518,0.08975957941927964,0.27424819568576014,-0.9941486627614906,4.996003610813204e-16,0.0,0.011556097767584848,0.011800680885298894,0.11321628450063584,0.0,0.9912347643338383,0.04583120649230263,5.228747775628494,0.018318778055931295,0.01641814353667881,0.012819176174974745,0.023800680885298894,0.021498075801728293,0.018841822123528945,0.014804973077386561,0.02066814420348516,0.0,0.003939694096210207,0.0020248470481051034,0.003197876453170793,0.0015436352860788275,0.0007381511739249621
uniform_decoder,74.0,0.4558857766063533,0.5441142233936465,0.4558857766063536,0.4558857766063534,0.4558857766063535,2.220446049250313e-16,1.0,1.0,0.08822844678729302,0.08822844678729302,-2.220446049250313e-16,0.0056224635494126485,0.27378220638040146,0.22938769650282292,0.2264980801035309,0.2703320170132448,0.7262177936195986,0.4558857766063538,0.49683009711677567,0.006339805766448714,0.0005605729678646587,0.08822844678729241,0.27378220638040146,-0.9943485430354508,3.3306690738754696e-16,0.0,0.008022808320338425,0.010599527479753307,0.09989028821975274,4.8661317886791085e-20,0.9924041361372067,0.04378383572654457,5.764168041637784,0.016709999841308498,0.01425342167270105,0.010940613193671123,0.022599527479753308,0.021498075801728293,0.018841822123528945,0.014804973077386561,0.02066814420348516,0.0,0.003367555629977522,0.001738777814988761,0.0027330139493567367,0.0013290833612415705,0.0006702097310598307
uniform_decoder,75.0,0.4565496417115004,0.5434503582884994,0.4565496417115007,0.4565496417115005,0.4565496417115006,2.220446049250313e-16,1.0,1.0,0.08690071657699883,0.08690071657699883,-2.220446049250313e-16,0.005454302032692038,0.2733783367279348,0.2296630946486078,0.22688654706289296,0.2700720215605643,0.726621663272065,0.45654964171150075,0.4969585686234573,0.006082862753085283,0.0005297675816556824,0.08690071657699838,0.2733783367279348,-0.9945190070639491,1.6653345369377348e-16,0.0,0.006434049934462404,0.009555704004934298,0.08788038663941015,3.901825760144391e-18,0.9933484989807475,0.04198007609628681,6.311368813562116,0.01516506944470497,0.012541631838974387,0.009272651349216954,0.021555704004934298,0.021498075801728293,0.018841822123528945,0.014804973077386561,0.02066814420348516,0.0,0.00286012374553277,0.0014850618727663852,0.002320725543245376,0.0011387964045747887,0.0006099521947820164
uniform_decoder,76.0,0.45714069599120616,0.5428593040087937,0.45714069599120644,0.4571406959912062,0.4571406959912063,2.220446049250313e-16,1.0,1.0,0.08571860801758735,0.08571860801758735,-2.220446049250313e-16,0.005306740461225479,0.27302009357598117,0.22990914389743047,0.22723155209377607,0.26983921043281234,0.7269799064240189,0.45714069599120655,0.49707076252658844,0.005858474946823233,0.0005032913395144334,0.08571860801758696,0.27302009357598117,-0.9946685015023564,2.220446049250313e-16,0.0,0.006399261498968512,0.008664119686031604,0.07750742488187616,3.337311487025453e-20,0.9940182731696885,0.04039647198678327,6.7533127360614635,0.013608165637833292,0.01139958278772868,0.0078093213511361,0.020664119686031605,0.011962146872276612,0.012334454671846271,0.006480669713402878,0.022458663506175328,1.0,0.002415364531785799,0.0012626822658928997,0.0019593586820759617,0.0009720116994196746,0.0005571370381495637
uniform_decoder,77.0,0.45769086610092014,0.5423091338990798,0.4576908661009204,0.4576908661009202,0.4576908661009203,2.220446049250313e-16,1.0,1.0,0.0846182677981594,0.0846182677981594,-2.220446049250313e-16,0.0051712110214008344,0.2726898052627678,0.23014063184288486,0.22755023425803558,0.2696193286363118,0.7273101947372322,0.45769086610092047,0.4971695628943473,0.0056608742113053445,0.0004800790416067402,0.08461826779815915,0.2726898052627678,-0.994805672914628,1.6653345369377348e-16,0.0,0.0065487243248236425,0.007916705827631172,0.06912562222826953,0.0,0.9943536773608298,0.03900021336876113,6.907188246418155,0.011942201020711418,0.010968648881175769,0.006540425773289171,0.019916705827631172,0.011962146872276612,0.012334454671846271,0.006480669713402878,0.022458663506175328,0.0,0.002030016284174845,0.0010700081420874225,0.0016462632308920616,0.0008275061065655668,0.0005113769337457628
uniform_decoder,78.0,0.45823306355552923,0.5417669364444706,0.45823306355552956,0.45823306355552934,0.45823306355552945,2.220446049250313e-16,1.0,1.0,0.0835338728889411,0.0835338728889411,-2.220446049250313e-16,0.0050393668556034665,0.27236959281242995,0.2303730410976397,0.22786002245788992,0.26939734363204054,0.7276304071875701,0.4582330635555296,0.49725736608993043,0.005485267820139195,0.0004592305406396213,0.08353387288894087,0.27236959281242995,-0.9949389290129762,1.6653345369377348e-16,0.0,0.00911831213395661,0.007303164729583599,0.06298135524675791,1.947045284200892e-20,0.9943207383336773,0.03776094737589685,6.648918397230119,0.010096477856036734,0.01133268595638115,0.005452524053625507,0.0193031647295836,0.011962146872276612,0.012334454671846271,0.006480669713402878,0.022458663506175328,0.0,0.0016999064014107802,0.0009049532007053901,0.001378048951146259,0.0007037149005290424,0.00047217638516753007
uniform_decoder,79.0,0.4587936363475351,0.5412063636524647,0.45879363634753545,0.4587936363475352,0.45879363634753534,2.220446049250313e-16,1.0,1.0,0.08241272730492932,0.08241272730492932,-2.220446049250313e-16,0.004904850656137327,0.272045114936915,0.23061872337110945,0.22817491297642592,0.26916124871554953,0.7279548850630848,0.45879363634753534,0.4973361616919755,0.005327676616048993,0.0004400558266819954,0.08241272730492918,0.272045114936915,-0.9950746744186372,0.0,0.0,0.01171776958579417,0.006811683016288102,0.058913126553274464,0.0,0.9939782988583947,0.03667183210025598,6.0899455549001145,0.008116379349515146,0.012364110872260858,0.004529961936951543,0.018811683016288102,0.011962146872276612,0.012334454671846271,0.006480669713402878,0.022458663506175328,0.0,0.001420250928956776,0.000765125464478388,0.0011508288797773805,0.0005988440983587909,0.00043896729781361715
uniform_decoder,80.0,0.4593831529637173,0.5406168470362825,0.45938315296371757,0.4593831529637173,0.45938315296371746,2.7755575615628914e-16,1.0,1.0,0.08123369407256509,0.08123369407256509,-2.7755575615628914e-16,0.004765358694227784,0.27171015717721103,0.23088224350164682,0.22850090946207083,0.26890668985907124,0.7282898428227889,0.4593831529637177,0.4974075993211421,0.0051848013577157626,0.00042213327856382987,0.08123369407256462,0.27171015717721103,-0.9952152498350793,2.220446049250313e-16,0.0,0.0157056642697475,0.006429579672647651,0.05621726545178281,2.6837505386422256e-20,0.9935031102882771,0.035758830873488724,5.503992288643276,0.006201996924470321,0.01366362867373816,0.003755967479520339,0.01842957967264765,0.0078003224055614535,0.015045167028890206,0.0024776809056125462,0.016547452347480614,1.0,0.0011859250194919961,0.0006479625097459981,0.0009604390783372468,0.0005109718823094985,0.0004111410960646745
uniform_decoder,81.0,0.45999552885782113,0.5400044711421788,0.45999552885782147,0.45999552885782113,0.4599955288578213,3.3306690738754696e-16,1.0,1.0,0.0800089422843574,0.0800089422843574,-3.3306690738754696e-16,0.004622595527234319,0.2713670327464084,0.23115992247428147,0.22883560638353984,0.2686374383957701,0.7286329672535914,0.4599955288578213,0.4974730447793099,0.005053910441379983,0.00040527825989666866,0.08000894228435718,0.2713670327464084,-0.995358979727595,0.0,0.0,0.019076763743070536,0.006143868326627153,0.05404520667955082,0.0,0.9930938593889675,0.03505455135684747,5.075852539238539,0.004587642029049377,0.014778013479269325,0.003113607707149413,0.018143868326627153,0.0078003224055614535,0.015045167028890206,0.0024776809056125462,0.016547452347480614,0.0,0.0009916963727485094,0.0005508481863742547,0.0008026283028581639,0.00043813613978069103,0.00038807644426388545
uniform_decoder,82.0,0.46061705835487504,0.5393829416451248,0.4606170583548753,0.460617058354875,0.46061705835487515,3.3306690738754696e-16,1.0,1.0,0.0787658832902497,0.0787658832902497,-3.3306690738754696e-16,0.00447992546655962,0.2710220121776917,0.2314443596770606,0.2291726986778146,0.26836092946743323,0.7289779878223084,0.4606170583548752,0.4975336281452478,0.004932743709504472,0.00038942171101247203,0.07876588329024972,0.2710220121776917,-0.9955025226623102,5.551115123125783e-17,0.0,0.021517657712042716,0.005941722250111844,0.0519167089431231,0.0,0.9928487075372968,0.03456320605150609,4.83314117437748,0.0033793762125443605,0.01548338160424112,0.002586347679654044,0.017941722250111845,0.0078003224055614535,0.015045167028890206,0.0024776809056125462,0.016547452347480614,0.0,0.0008324173291417649,0.00047120866457088246,0.0006732140799276839,0.0003784064984281618,0.00036916205783558455
uniform_decoder,83.0,0.46123553159024294,0.538764468409757,0.4612355315902432,0.4612355315902429,0.46123553159024305,3.3306690738754696e-16,1.0,1.0,0.0775289368195139,0.0775289368195139,-3.3306690738754696e-16,0.004340183606484249,0.2706807180094658,0.23172899641102854,0.22950653517921432,0.26808375040029125,0.7293192819905341,0.4612355315902429,0.4975902855795056,0.004819428840988738,0.00037450637736030634,0.0775289368195142,0.2706807180094658,-0.9956430616654677,1.6653345369377348e-16,0.0,0.02311061238010902,0.0058108385305289285,0.049770351213213805,0.0,0.9927565984144503,0.03425804576710552,4.7295521810428065,0.0025392756920085136,0.015808233084034562,0.002158345011917029,0.01781083853052893,0.0078003224055614535,0.015045167028890206,0.0024776809056125462,0.016547452347480614,0.0,0.0007031744925165602,0.0004065872462582801,0.0005682042751697052,0.0003299404346937101,0.0003538144709863415
uniform_decoder,84.0,0.461843553908114,0.538156446091886,0.4618435539081143,0.4618435539081139,0.4618435539081141,4.440892098500626e-16,1.0,1.0,0.0763128921837718,0.0763128921837718,-4.440892098500626e-16,0.004204967850451435,0.2703464379781594,0.23200976606421903,0.22983378784389508,0.26781000811372646,0.7296535620218405,0.4618435539081141,0.49764379595762154,0.004712408084756814,0.00036045164410897224,0.07631289218377174,0.2703464379781594,-0.9957790132768829,0.0,0.0,0.02409657141648035,0.005739704470340876,0.047720939772669876,0.0,0.9927629246655654,0.03410073595800944,4.71194983915052,0.0019712550815292884,0.01588256153691181,0.001814735038902171,0.017739704470340876,0.002315393215777672,0.013937871656391133,0.0011281829195436376,0.017071277434467635,1.0,0.0005993973937153116,0.00035469869685765586,0.0004838853823936907,0.00029102402264324185,0.0003414909405036932
uniform_decoder,85.0,0.4624378955766797,0.5375621044233202,0.46243789557667997,0.46243789557667964,0.4624378955766798,3.3306690738754696e-16,1.0,1.0,0.0751242088466404,0.0751242088466404,-3.3306690738754696e-16,0.004074868506548368,0.2700204354742901,0.23228475147128003,0.23015314410539964,0.2675416689490302,0.7299795645257099,0.4624378955766797,0.49769481305442986,0.004610373891140274,0.0003471591593795509,0.07512420884664064,0.2700204354742901,-0.9959097988022356,1.1102230246251565e-16,0.0,0.02469790240645352,0.005717774282804369,0.04587951447052925,4.851258251178431e-19,0.9928176539619439,0.03405587021306774,4.7416081086347734,0.0015861279807387607,0.015825945016053833,0.0015419146288615515,0.01771777428280437,0.002315393215777672,0.013937871656391133,0.0011281829195436376,0.017071277434467635,0.0,0.00051692970129237,0.00031346485064618506,0.00041688038230005067,0.00026009863798463875,0.0003316979020284689
uniform_decoder,86.0,0.46301786839763875,0.5369821316023611,0.46301786839763903,0.46301786839763875,0.4630178683976389,2.7755575615628914e-16,1.0,1.0,0.07396426320472216,0.07396426320472216,-2.7755575615628914e-16,0.003949890764828323,0.26970275070214894,0.232553355886812,0.23046451251082692,0.2672793809002119,0.7302972492978508,0.4630178683976389,0.49774389341103886,0.004512213177922109,0.00033452642595194204,0.07396426320472194,0.26970275070214894,-0.9960354225004915,0.0,0.0,0.025067767756926974,0.005735567536361161,0.044300818564648285,0.0,0.9928887186455849,0.03409525845032786,4.794530936279105,0.0013205426915393614,0.0157160527655289,0.0013277423170625635,0.01773556753636116,0.002315393215777672,0.013937871656391133,0.0011281829195436376,0.017071277434467635,0.0,0.0004520678288688712,0.0002810339144344356,0.00036418011095595783,0.00023577543582582668,0.00032399555467817843
uniform_decoder,87.0,0.4635840333971145,0.5364159666028854,0.4635840333971148,0.4635840333971145,0.4635840333971146,2.7755575615628914e-16,1.0,1.0,0.07283193320577075,0.07283193320577075,-2.7755575615628914e-16,0.003829771097234591,0.2693928378124162,0.23281564314346004,0.23076839025365498,0.2670231287904689,0.7306071621875839,0.463584033397115,0.4977915190441239,0.004416961911752337,0.0003224561321422126,0.07283193320577008,0.2693928378124162,-0.9961561556892435,3.885780586188048e-16,0.0,0.025299456240008168,0.005784702667716541,0.042991145409842176,0.0,0.9929592514379736,0.03419729794893721,4.857054281611048,0.0011337964366665565,0.015594887917212419,0.001161635240537695,0.01778470266771654,0.002315393215777672,0.013937871656391133,0.0011281829195436376,0.017071277434467635,0.0,0.00040157252493244516,0.00025578626246622256,0.0003231526765076117,0.00021683969684966692,0.00031799923733572786
uniform_decoder,88.0,0.4641374247754012,0.5358625752245987,0.46413742477540143,0.4641374247754012,0.4641374247754013,2.220446049250313e-16,1.0,1.0,0.07172515044919736,0.07172515044919736,-2.220446049250313e-16,0.003714158715937277,0.26908994630792965,0.23307194073233442,0.23106548404306698,0.2667726289166689,0.7309100536920703,0.46413742477540143,0.4978381129597359,0.004323774080528198,0.0003108607019933207,0.07172515044919717,0.26908994630792965,-0.9962723556336688,1.1102230246251565e-16,0.0,0.025446915449079833,0.005857879446848648,0.041928092973334455,0.0,0.9930219361649177,0.03434533829238809,4.921900845864534,0.0010003694031966992,0.015481874748257907,0.0010345898959813749,0.01785787944684865,0.0011195557654457655,0.01882426736512687,0.0020747327865635466,0.018865388642997347,1.0,0.00036265924350878793,0.00023632962175439398,0.0002915356353508902,0.00020224721631579548,0.00031337828516666855
uniform_decoder,89.0,0.4646791457476053,0.5353208542523945,0.4646791457476056,0.4646791457476054,0.4646791457476055,2.220446049250313e-16,1.0,1.0,0.07064170850478901,0.07064170850478901,-2.220446049250313e-16,0.003602705068700196,0.2687933209595614,0.23332263447655996,0.23135651127104556,0.2665275332928332,0.7312066790404387,0.4646791457476055,0.49788404456387875,0.004231910872242561,0.00029966446121376666,0.07064170850478904,0.2687933209595614,-0.9963843762293974,0.0,0.0,0.0255406815616409,0.005948823804784224,0.0410760190673297,0.0,0.993074705293965,0.03452633520458455,4.985540207335425,0.0009040229454557736,0.015383870428310686,0.0009391659212140135,0.017948823804784225,0.0011195557654457655,0.01882426736512687,0.0020747327865635466,0.018865388642997347,0.0,0.00033297288891951456,0.0002214864444597573,0.0002674154722471056,0.00019111483334481797,0.00030985303055919235
uniform_decoder,90.0,0.46521017825325905,0.5347898217467407,0.46521017825325933,0.46521017825325917,0.4652101782532593,1.6653345369377348e-16,1.0,1.0,0.06957964349348145,0.06957964349348145,-1.6653345369377348e-16,0.0034951024231504313,0.2685023008565574,0.23356807639464316,0.23164210185861628,0.26628752089018326,0.7314976991434428,0.46521017825325944,0.49792962274879954,0.004140754502400978,0.0002888054303472609,0.06957964349348122,0.2685023008565574,-0.9964925294263254,1.6653345369377348e-16,0.0,0.025597596619644215,0.006052207214631716,0.04039515513108923,5.36800894119495e-19,0.993118176646352,0.03472995344850249,5.046620882835166,0.000834079388079112,0.015301153195197537,0.0008694771874742102,0.018052207214631716,0.0011195557654457655,0.01882426736512687,0.0020747327865635466,0.018865388642997347,0.0,0.0003105520188729621,0.00021027600943648105,0.0002491985153342817,0.0001827070070773608,0.00030719055224116425
uniform_decoder,91.0,0.4657312990710336,0.5342687009289663,0.46573129907103383,0.46573129907103367,0.4657312990710337,1.6653345369377348e-16,1.0,1.0,0.06853740185793256,0.06853740185793256,-1.6653345369377348e-16,0.003391097928904019,0.268216370753301,0.23380855106894818,0.23192274800208587,0.26605233017566493,0.731783629246699,0.46573129907103406,0.4979750781777508,0.0040498436444983965,0.0002782375107737711,0.06853740185793189,0.268216370753301,-0.9965970710492789,3.3306690738754696e-16,0.0,0.02562599699716882,0.0061635511240140176,0.039845912900351,0.0,0.9931543455359317,0.03494801099132281,5.105138036802659,0.0007832545043046091,0.015230499443859014,0.0008212479423855834,0.018163551124014018,0.0011195557654457655,0.01882426736512687,0.0020747327865635466,0.018865388642997347,0.0,0.0002937868878737291,0.00020189344393686456,0.0002355768463974049,0.00017642008295264843,0.0003051996929350053
uniform_decoder,92.0,0.4662430364953627,0.5337569635046372,0.4662430364953629,0.46624303649536275,0.4662430364953628,1.6653345369377348e-16,1.0,1.0,0.06751392700927439,0.06751392700927439,-1.6653345369377348e-16,0.003290498436544942,0.26793519344712996,0.23404426370710243,0.23219877278826062,0.26582177005750696,0.73206480655287,0.46624303649536303,0.4980205428457676,0.003958914308464845,0.00026793247078116256,0.06751392700927386,0.26793519344712996,-0.9966981958521233,2.220446049250313e-16,0.0,0.025627920118257975,0.0062791250155222605,0.03939003093514329,0.0,0.9931860957187737,0.03517416492547118,5.16211608994614,0.0007464169701991707,0.015166360498281017,0.0007920234098238721,0.01827912501552226,0.0009126700339905627,0.01402048044775223,0.0006392167538904177,0.017568553639701157,1.0,0.00028137491557777975,0.00019568745778888988,0.00022549211890694605,0.0001717655933416674,0.00030372577122486134
uniform_decoder,93.0,0.46674562376789996,0.5332543762320998,0.46674562376790024,0.4667456237679001,0.4667456237679002,1.6653345369377348e-16,1.0,1.0,0.06650875246419963,0.06650875246419963,-1.6653345369377348e-16,0.0031931753897869175,0.2676586381847035,0.23427532178437382,0.2324703019835268,0.265595738047396,0.7323413618152966,0.46674562376790063,0.4980660400309228,0.003867919938154496,0.0002578803364604587,0.06650875246419885,0.2676586381847035,-0.9967960326436798,4.440892098500626e-16,0.0,0.025599090134780223,0.0063958447183856335,0.038989596726653114,4.804220578058526e-18,0.9932173109862362,0.03540380408772426,5.219729817463408,0.0007198664162116897,0.015100644668821772,0.0007816881178298596,0.018395844718385634,0.0009126700339905627,0.01402048044775223,0.0006392167538904177,0.017568553639701157,0.0,0.0002722763528370378,0.00019113817641851888,0.0002180995366800932,0.00016835363231388917,0.0003026453168993982
uniform_decoder,94.0,0.46723891044648236,0.5327610895535174,0.4672389104464827,0.4672389104464825,0.4672389104464826,1.6653345369377348e-16,1.0,1.0,0.06552217910703484,0.06552217910703484,-1.6653345369377348e-16,0.003099077098966063,0.26738681912632306,0.23450168593663903,0.23273722450984435,0.26537427042719375,0.7326131808736771,0.46723891044648336,0.4981114949370381,0.0037770101259240185,0.00024808727233460726,0.06552217910703342,0.26738681912632306,-0.9968906322728792,7.771561172376096e-16,0.0,0.02552664031749995,0.006511175755940957,0.03860426687745563,0.0,0.9932535893944641,0.035634185113449526,5.281947274927057,0.0007008965896094788,0.015021100116120123,0.0007935632090106948,0.018511175755940957,0.0009126700339905627,0.01402048044775223,0.0006392167538904177,0.017568553639701157,0.0,0.0002656721523799118,0.0001878360761899559,0.00021273362380867832,0.00016587705714246693,0.0003018610680951145
uniform_decoder,95.0,0.4677221831820541,0.5322778168179456,0.46772218318205444,0.4677221831820543,0.4677221831820544,1.6653345369377348e-16,1.0,1.0,0.06455563363589123,0.06455563363589123,-1.6653345369377348e-16,0.003008256662974995,0.26712016875231476,0.23472306610636576,0.2329991170756892,0.2651576480656304,0.7328798312476854,0.46772218318205494,0.4981567651413196,0.0036864697173609184,0.00023857165600776886,0.0645556336358902,0.26712016875231476,-0.9969819401592237,5.551115123125783e-16,0.0,0.025383717179320964,0.006623044887272812,0.03818623616872268,2.730608931929059e-24,0.9933037832303128,0.03586492899716015,5.3559988021169325,0.0006875168518432062,0.014907782370140121,0.0008365483389759509,0.018623044887272813,0.0009126700339905627,0.01402048044775223,0.0006392167538904177,0.017568553639701157,0.0,0.00026092537213252045,0.00018546268606626023,0.00020887686485767287,0.00016409701454969517,0.0003012973879407368
static_tailored,0.0,5.666534815951349e-05,0.9999433346518405,5.666534815951349e-05,5.666534815951349e-05,5.666534815951349e-05,0.0,1.0,1.0,0.999886669303681,0.999886669303681,0.0,0.9991188635900785,0.9904980621443226,5.611821946171683e-05,5.471286977966083e-07,0.009445272507518023,0.009501937855677538,5.666534815951344e-05,0.00944581963621582,0.9811083607275685,0.9809972185460406,0.9998866693036811,0.9904980621443226,0.9220223855787829,4.743384504624082e-20,0.0,0.001094774297732928,0.0011095152725475142,0.011657077407003067,3.055650882261758e-18,0.9999433346518409,0.02759730181742247,487.02254047663416,0.009578389440585977,0.0005362392521371939,0.000672092814024472,0.018597372911830536,0.009745160453584601,0.0007922497228470254,1e-07,0.01970688818437805,1.0,0.0002500146915549268,0.0001800073457774634,0.00020001193688837801,0.00016000550933309755,0.0003000017446221475
static_tailored,1.0,0.0003081116029178752,0.9996918883970821,0.0003081116029178752,0.0003081116029178752,0.0003081116029178752,0.0,1.0,1.0,0.9993837767941642,0.9993837767941642,0.0,0.9959616637545897,0.9809847975414423,0.00030227686127186625,5.834741646008979e-06,0.01870709085563981,0.019015202458557687,0.0003081116029178752,0.01871292559728582,0.9625741488054282,0.9619812645661767,0.9993837767941642,0.9809847975414423,0.8618099623063511,0.0,0.0,0.0010327985444122524,0.0009948248801007753,0.01164693121978401,2.0460474477502295e-21,0.9999429417877125,0.027761165030153526,486.5410940367956,0.00961972794332322,0.0005512409700225707,0.0006664572813264158,0.018712063304277275,0.009745160453584601,0.0007922497228470254,1e-07,0.01970688818437805,0.0,0.00025002422200184573,0.00018001211100092287,0.00020001968037649964,0.00016000908325069217,0.00030000287636271916
static_tailored,2.0,0.0007432088940795941,0.9992567911059204,0.0007432088940795941,0.0007432088940795941,0.0007432088940795941,0.0,1.0,1.0,0.9985135822118408,0.9985135822118408,0.0,0.9912033026752339,0.9714726071424565,0.000722377474890989,2.083141918860479e-05,0.027784183963463785,0.02852739285754338,0.0007432088940795938,0.02780501538265239,0.9443899692346951,0.9429868771232903,0.9985135822118407,0.9714726071424565,0.8079415457929601,3.2526065174565133e-19,0.0,0.0009715485059030438,0.0008889963085421219,0.011648356511021663,1.8257713057985447e-19,0.9999424935814158,0.027917735277685804,485.4716389063989,0.009652754254137808,0.000575965839969883,0.0006629584235791075,0.018817891875835928,0.009745160453584601,0.0007922497228470254,1e-07,0.01970688818437805,0.0,0.0002500395708462438,0.0001800197854231219,0.00020003215131257307,0.00016001483906734142,0.00030000469903799143
static_tailored,3.0,0.0013526691516526676,0.9986473308483473,0.0013526691516526676,0.0013526691516526676,0.0013526691516526676,0.0,1.0,1.0,0.9972946616966947,0.9972946616966947,0.0,0.9851589278143731,0.9619714727139419,0.0013026918955449805,4.9977256107687154e-05,0.036675858134405416,0.038028527286058086,0.0013526691516526678,0.036725835390513106,0.9265483292189738,0.9240428999400991,0.9972946616966947,0.9619714727139419,0.7580855338537225,2.168404344971009e-19,0.0,0.0009070047486232213,0.0007924843586870345,0.011675970469249094,3.295125633699585e-18,0.9999419577654449,0.02806965590122152,483.6074302857071,0.009673498121833268,0.000617632148698255,0.0006608248427231178,0.018914403825691015,0.009745160453584601,0.0007922497228470254,1e-07,0.01970688818437805,0.0,0.00025006405656976416,0.00018003202828488209,0.0002000520459629334,0.00016002402121366156,0.0003000076067176595
static_tailored,4.0,0.002127709735745652,0.9978722902642544,0.002127709735745652,0.002127709735745652,0.002127709735745652,0.0,1.0,1.0,0.9957445805285087,0.9957445805285087,0.0,0.9780470525234378,0.9524904488136801,0.0020304803464740793,9.722938927157302e-05,0.04538184145057424,0.04750955118631989,0.0021277097357456525,0.04547907083984581,0.9090418583203084,0.9051753564059033,0.9957445805285086,0.9524904488136801,0.7111743531177122,4.336808689942018e-19,0.0,0.0008336414526003,0.0007056988821161382,0.011756859535827079,2.0376278432636713e-21,0.9999412658403639,0.028221305285820883,480.49219501357146,0.009673913998168082,0.0006893791259307003,0.0006596244002674556,0.01900118930226191,0.009879507291240479,0.0007081552487659493,0.0007809474259381584,0.021081665868390855,1.0,0.0002501027483968017,0.00018005137419840086,0.00020008348307240138,0.00016003853064880063,0.00030001220137212015
static_tailored,5.0,0.0030603979994140184,0.996939602000586,0.0030603979994140184,0.003060397999414018,0.003060397999414018,4.336808689942018e-19,1.0,1.0,0.9938792040011719,0.9938792040011719,-4.336808689942018e-19,0.9700308990369648,0.9430373403797573,0.002894273799759489,0.00016612419965452858,0.053902261620828666,0.05696265962024268,0.0030603979994140175,0.05406838582048319,0.8918632283590335,0.8864069291588237,0.9938792040011719,0.9430373403797573,0.6665968878995184,4.336808689942018e-19,0.0,0.0007882190097530829,0.0006290009562172558,0.011941875645408663,3.0740872262102656e-18,0.9999402911597258,0.028380574446318228,475.3161226377589,0.00963888050354711,0.0008151628411776635,0.0006591259413849526,0.019077887228160794,0.009879507291240479,0.0007081552487659493,0.0007809474259381584,0.021081665868390855,0.0,0.00025016330875404563,0.00018008165437702282,0.00020013268836266207,0.00016006124078276712,0.00030001939291454286
static_tailored,6.0,0.004144398209699483,0.9958556017903005,0.004144398209699484,0.004144398209699483,0.004144398209699484,8.673617379884035e-19,1.0,1.0,0.991711203580601,0.991711203580601,-8.673617379884035e-19,0.9612319604798646,0.9336179845020552,0.003884517808477575,0.00025988040122190356,0.06223761728824521,0.06638201549794469,0.004144398209699479,0.062497497689467114,0.8750050046210657,0.8677557298065545,0.9917112035806009,0.9336179845020552,0.6239516724276228,5.204170427930421e-18,0.0,0.001109239570158366,0.0005626983949206452,0.012323594474058067,0.0,0.9999388191901806,0.028561709730581572,466.84098845504167,0.00954089566658034,0.0010381012921052424,0.0006592232138958876,0.019144189789457405,0.009879507291240479,0.0007081552487659493,0.0007809474259381584,0.021081665868390855,0.0,0.00025025719760011085,0.00018012859880005543,0.00020020897305009005,0.00016009644910004159,0.00030003054221501314
static_tailored,7.0,0.005376231162826427,0.9946237688371735,0.005376231162826428,0.005376231162826427,0.005376231162826428,8.673617379884035e-19,1.0,1.0,0.9892475376743471,0.9892475376743471,-8.673617379884035e-19,0.9517322017028398,0.9242350757782173,0.004994657816151822,0.00038157334667460153,0.07038869305895643,0.07576492422178285,0.005376231162826424,0.07077026640563103,0.8584594671887381,0.8492332982497836,0.9892475376743474,0.9242350757782173,0.5829406221590174,4.336808689942018e-18,0.0,0.0017134157502611438,0.0005070402878971925,0.013059765081493856,0.0,0.9999365349195597,0.028789380170963472,453.62552085697365,0.00933208862579471,0.0014328051587807478,0.0006598884865375299,0.019199847896480857,0.009879507291240479,0.0007081552487659493,0.0007809474259381584,0.021081665868390855,0.0,0.0002504013722969021,0.00018020068614845106,0.000200326114991233,0.00016015051461133831,0.0003000476629602571
static_tailored,8.0,0.006756925940624642,0.9932430740593754,0.006756925940624642,0.006756925940624641,0.006756925940624641,8.673617379884035e-19,1.0,1.0,0.9864861481187507,0.9864861481187507,-8.673617379884035e-19,0.9415713263796686,0.9148866847026644,0.006222527792884931,0.0005343981477397128,0.07835638935671094,0.08511331529733558,0.006756925940624644,0.07889078750445065,0.8422184249910987,0.8308421657008083,0.9864861481187508,0.9148866847026644,0.5433126276032725,2.6020852139652106e-18,0.0,0.0027949138756910466,0.0004622101677331236,0.014389615243628253,0.0,0.9999331232647287,0.029102415106362547,435.165009002162,0.008936283414987534,0.002117253233547167,0.0006611333263938368,0.019244678016644926,0.009089540399784796,0.0010553002044482267,0.0013556435746067868,0.0189209341390818,1.0,0.00025062065593258555,0.00018031032796629278,0.00020050428294522576,0.0001602327459747196,0.0003000737028919945
static_tailored,9.0,0.008292765027710904,0.9917072349722891,0.008292765027710904,0.008292765027710902,0.008292765027710904,1.734723475976807e-18,1.0,1.0,0.9834144699445782,0.9834144699445782,-1.734723475976807e-18,0.9307502079704729,0.9055656699726817,0.007570837730475045,0.0007219272972358601,0.08614156499960735,0.09443433002731826,0.008292765027710905,0.0868634922968432,0.8262730154063136,0.8125751945398352,0.9834144699445782,0.9055656699726817,0.5048372178157197,1.734723475976807e-18,0.0,0.004606406699319404,0.0004283172945801911,0.0166006473944372,6.823478492686412e-22,0.9999286977984415,0.029550524934677226,414.4405682963052,0.008253725166620929,0.0032443598527013284,0.0006629612825014286,0.01927857088979786,0.009089540399784796,0.0010553002044482267,0.0013556435746067868,0.0189209341390818,0.0,0.0002509509933138399,0.00018047549665691995,0.00020077268206749493,0.00016035662249268997,0.00030011293045601844
static_tailored,10.0,0.009991460173773975,0.990008539826226,0.009991460173773975,0.009991460173773975,0.009991460173773975,0.0,1.0,1.0,0.9800170796524521,0.9800170796524521,0.0,0.9192634829729398,0.8962632357624969,0.009043497797701307,0.0009479623760726692,0.09374530406372916,0.10373676423750314,0.009991460173773977,0.09469326643980183,0.8106134671203964,0.7944223962771391,0.9800170796524521,0.8962632357624969,0.4673192003168847,1.734723475976807e-18,0.0,0.007342666333634856,0.0004053854226393275,0.019869656263916093,0.0,0.9999246501783954,0.030170040184829466,400.39962328165115,0.0072061105279807025,0.004930641986481077,0.000665324144396906,0.019301502761738722,0.009089540399784796,0.0010553002044482267,0.0013556435746067868,0.0189209341390818,0.0,0.0002514438665374929,0.00018072193326874647,0.000201173141561713,0.00016054144995155986,0.00030017145915132727
static_tailored,11.0,0.011850032339098034,0.988149967660902,0.011850032339098034,0.011850032339098036,0.011850032339098034,1.734723475976807e-18,1.0,1.0,0.9762999353218039,0.9762999353218039,1.734723475976807e-18,0.9071777691054355,0.8869797235442396,0.01063468028919956,0.0012153520498984754,0.10117024411666246,0.1130202764557605,0.011850032339098036,0.10238559616656094,0.7952288076668783,0.776390151188276,0.976299935321804,0.8869797235442396,0.43066531266972086,1.734723475976807e-18,0.0,0.010892641691292743,0.0003933382767169931,0.023982657985878425,1.850940968004714e-18,0.9999239045284465,0.030934228805516814,406.51865576207484,0.005833999766187925,0.00710567278258234,0.0006681579441607521,0.019313549907661057,0.009089540399784796,0.0010553002044482267,0.0013556435746067868,0.0189209341390818,0.0,0.0002521721993266795,0.00018108609966333976,0.00020176491195292713,0.00016081457474750483,0.0003002579486700432
static_tailored,12.0,0.013840574467597896,0.9861594255324021,0.013840574467597896,0.0138405744675979,0.013840574467597897,3.469446951953614e-18,1.0,1.0,0.9723188510648042,0.9723188510648042,3.469446951953614e-18,0.8947062081820325,0.8777366995967579,0.012316544634096413,0.001524029833501491,0.10842272593564412,0.12226330040324201,0.013840574467597904,0.1099467557691456,0.7801064884617086,0.7585214588605189,0.9723188510648042,0.8777366995967579,0.3949508744435377,6.938893903907228e-18,0.0,0.01468779223641788,0.0003919808278541742,0.02823731175787848,3.1595350025010997e-16,0.999928632114714,0.0317256455647699,444.5367189690022,0.00435856576410798,0.009421965913772867,0.000671581356015416,0.019314907356523876,0.004053631943389475,0.012370071104398092,0.0005719508944756027,0.018423196391313516,1.0,0.0002532381378522882,0.0001816190689261441,0.0002026309870049842,0.0001612143016946081,0.0003003845288699592
static_tailored,13.0,0.015911187541780683,0.9840888124582193,0.015911187541780683,0.015911187541780683,0.015911187541780683,0.0,1.0,1.0,0.9681776249164387,0.9681776249164387,0.0,0.882178119963501,0.8685749596146802,0.014040962960495316,0.0018702245812853746,0.11551385284353904,0.13142504038531974,0.01591118754178069,0.11738407742482442,0.765231845150351,0.7408903683919312,0.9681776249164387,0.8685749596146802,0.3603836872661541,6.938893903907228e-18,0.0,0.017994566496174664,0.0004009753269928716,0.031847495783396386,2.4660335944083713e-21,0.9999373278145051,0.03239840946014006,516.9503696780538,0.003069400273134848,0.011435035284554806,0.0006761207540171288,0.019305912857385178,0.004053631943389475,0.012370071104398092,0.0005719508944756027,0.018423196391313516,0.0,0.00025478315029455514,0.00018239157514727758,0.00020388630961432603,0.00016179368136045818,0.00030056799909747837
static_tailored,14.0,0.018004762342681814,0.9819952376573182,0.018004762342681817,0.01800476234268182,0.01800476234268182,3.469446951953614e-18,1.0,1.0,0.9639904753146363,0.9639904753146363,3.469446951953614e-18,0.8699136776758599,0.8595368592617906,0.015756774554022936,0.0022479877886588985,0.12245837839552767,0.1404631407382095,0.018004762342681835,0.12470636618418657,0.750587267631627,0.7235696941008989,0.9639904753146364,0.8595368592617906,0.32717414052034066,1.3877787807814457e-17,0.0,0.020408757338973366,0.0004198109527327777,0.03445420256799517,3.1534003591326763e-16,0.9999462452847496,0.03287691263985081,611.609837141141,0.002129591617746729,0.0129028403386654,0.0006826978873171186,0.019287077231645272,0.004053631943389475,0.012370071104398092,0.0005719508944756027,0.018423196391313516,0.0,0.0002570009303444458,0.0001835004651722229,0.00020568825590486223,0.00016262534887916718,0.0003008313604784029
static_tailored,15.0,0.020076532801955795,0.9799234671980442,0.020076532801955795,0.020076532801955798,0.020076532801955795,3.469446951953614e-18,1.0,1.0,0.9598469343960884,0.9598469343960884,3.469446951953614e-18,0.8581299632805053,0.8506503973509325,0.017425118530514844,0.0026514142714409664,0.12927306984711168,0.1493496026490675,0.02007653280195581,0.13192448411855265,0.7361510317628948,0.706603623244747,0.9598469343960883,0.8506503973509325,0.29543739911840583,1.3877787807814457e-17,0.0,0.021964202887992907,0.00044776587750855815,0.03615944717400549,6.746162233254935e-21,0.9999529290954012,0.03317406731173608,704.7680004136768,0.001530133200328354,0.013849060892174081,0.0006924644654096035,0.01925912230686949,0.004053631943389475,0.012370071104398092,0.0005719508944756027,0.018423196391313516,0.0,0.0002601536110102559,0.00018507680550512796,0.0002082498089458329,0.00016380760412884596,0.00030120574130746786
static_tailored,16.0,0.02209897458939917,0.9779010254106009,0.02209897458939917,0.022098974589399172,0.02209897458939917,3.469446951953614e-18,1.0,1.0,0.9558020508212016,0.9558020508212016,3.469446951953614e-18,0.8469311868911156,0.8419248157549946,0.01902311391022294,0.0030758606791762588,0.1359762096556063,0.1580751842450055,0.0220989745893992,0.13905207033478256,0.7218958593304349,0.6900013528683416,0.9558020508212016,0.8419248157549946,0.2651803137763513,3.122502256758253e-17,0.0,0.02289910963842619,0.0004838605864534058,0.037247325482598174,0.0,0.9999569724799143,0.03334250564306828,774.911163289951,0.001180541600651508,0.014420084648864573,0.0007067558594755496,0.019223027597924644,0.0008216522364456616,0.016656108205189608,4.4185026397908786e-05,0.01936732579084991,1.0,0.00026459178161971524,0.00018729589080985763,0.00021185582256601863,0.00016547191810739324,0.0003017327740673412
static_tailored,17.0,0.024058510626594542,0.9759414893734054,0.024058510626594542,0.02405851062659455,0.024058510626594545,6.938893903907228e-18,1.0,1.0,0.9518829787468109,0.9518829787468109,6.938893903907228e-18,0.8363417775250692,0.8333532961408262,0.020540354394836827,0.003518156231757763,0.1425881932325792,0.1666467038591738,0.02405851062659459,0.14610634946433698,0.707787301071326,0.673742904745168,0.9518829787468108,0.8333532961408262,0.23633172898922128,4.5102810375396984e-17,0.0,0.02345040594653643,0.0005268014311793287,0.037980491786775636,0.0,0.9999588967337046,0.03343367864203272,813.4068568123931,0.0009902123249098116,0.014760611098321719,0.0007271964423869459,0.01918008675319872,0.0008216522364456616,0.016656108205189608,4.4185026397908786e-05,0.01936732579084991,0.0,0.00027077873750731894,0.00019038936875365948,0.00021688272422469663,0.0001677920265652446,0.0003024674750789941
static_tailored,18.0,0.0259506898880339,0.974049310111966,0.025950689888033902,0.02595068988803391,0.025950689888033906,6.938893903907228e-18,1.0,1.0,0.9480986202239322,0.9480986202239322,6.938893903907228e-18,0.8263407130148084,0.8249167809343825,0.021974268964492845,0.003976420923541129,0.1491325291775836,0.17508321906561758,0.025950689888033972,0.15310895010112474,0.6937820997977506,0.6577864037158472,0.9480986202239321,0.8249167809343825,0.20877463815347885,6.591949208711867e-17,0.0,0.023785669751729983,0.0005749137072624255,0.03854513128580304,2.418537848966424e-19,0.9999592822649241,0.03348513852939229,822.3723266289155,0.0008959660292258143,0.0149729672697404,0.0007558577804778199,0.019131974477115624,0.0008216522364456616,0.016656108205189608,4.4185026397908786e-05,0.01936732579084991,0.0,0.00027931926153497015,0.00019465963076748509,0.00022382189999716327,0.0001709947230756138,0.0003034816623072777
static_tailored,19.0,0.027776590909871533,0.9722234090901285,0.02777659090987153,0.02777659090987154,0.027776590909871536,1.0408340855860843e-17,1.0,1.0,0.9444468181802569,0.9444468181802569,1.0408340855860843e-17,0.8168840195176486,0.8165867258791185,0.023326728938856723,0.004449861971014865,0.15563668321100985,0.18341327412088143,0.027776590909871588,0.1600865451820247,0.6798269096359505,0.6420731757002668,0.9444468181802569,0.8165867258791185,0.18236746356320377,5.204170427930421e-17,0.0,0.02400846853670587,0.0006260640514652131,0.03906408506296827,4.140862390079103e-21,0.9999584920039801,0.033522296669509274,807.6105782957801,0.0008604549909160264,0.015120690843159146,0.0007954219537251728,0.019080824132912837,0.0008216522364456616,0.016656108205189608,4.4185026397908786e-05,0.01936732579084991,0.0,0.0002909930218099591,0.00020049651090497955,0.00023330683022059176,0.00017537238317873465,0.00030486792133993263
static_tailored,20.0,0.029540704275286208,0.9704592957247138,0.029540704275286208,0.02954070427528622,0.02954070427528621,1.0408340855860843e-17,1.0,1.0,0.9409185914494276,0.9409185914494276,1.0408340855860843e-17,0.8079167426940687,0.8083269857570758,0.024602057317016063,0.004938646958270173,0.16213230996763786,0.1916730142429241,0.029540704275286236,0.16707095692590804,0.6658580861481839,0.6265312654306922,0.9409185914494275,0.8083269857570758,0.156956438413002,2.42861286636753e-17,0.0,0.024180155372440632,0.000677572701635619,0.039621576399021294,2.6764851057015742e-19,0.9999566651696007,0.03356319633061247,774.5085424667134,0.000863884984873331,0.015241876710012425,0.0008493529165639613,0.01902931548274243,0.0005997283891747878,0.015554063195293365,0.0012323800988715754,0.015605573619592677,1.0,0.000306792354631085,0.0002083961773155425,0.00024614378813775655,0.00018129713298665687,0.00030674409211244133
static_tailored,21.0,0.031249870364218203,0.9687501296357818,0.031249870364218203,0.031249870364218214,0.03124987036421821,1.0408340855860843e-17,1.0,1.0,0.9375002592715636,0.9375002592715636,1.0408340855860843e-17,0.7993783179287977,0.8000957418990603,0.02580603468041031,0.0054438356838079245,0.16865438773672153,0.19990425810093976,0.031249870364218234,0.17409822342052947,0.6518035531589412,0.6110791551657364,0.9375002592715636,0.8000957418990603,0.13238386276734837,2.42861286636753e-17,0.0,0.024337866867048936,0.0007261171788219452,0.040282315205624364,2.9051793557409213e-19,0.9999537680539752,0.033622357029460224,727.253769750651,0.0008971411683877939,0.01536010423496681,0.0009220930697323437,0.018980771005556105,0.0005997283891747878,0.015554063195293365,0.0012323800988715754,0.015605573619592677,0.0,0.00032796377363527224,0.00021898188681763613,0.0002633455660786587,0.0001892364151132271,0.00030925819811918856
static_tailored,22.0,0.03291287223132707,0.9670871277686729,0.03291287223132707,0.03291287223132708,0.03291287223132708,6.938893903907228e-18,1.0,1.0,0.9341742555373458,0.9341742555373458,6.938893903907228e-18,0.7912042655733773,0.7918482728893381,0.026945544833799375,0.005967327397527744,0.17523885487933474,0.20815172711066188,0.03291287223132712,0.1812061822768625,0.6375876354462751,0.5956312005737316,0.9341742555373458,0.7918482728893381,0.108495642485401,4.163336342344337e-17,0.0,0.024505934978921912,0.0007676302509665688,0.0411035683674332,3.1509122006825317e-16,0.9999496330273808,0.03371318729306864,669.3510755147771,0.0009574727397408944,0.0154912902515979,0.00101930673632733,0.01893925793341148,0.0005997283891747878,0.015554063195293365,0.0012323800988715754,0.015605573619592677,0.0,0.0003560520002104462,0.00023302600010522307,0.0002861672501709875,0.00019976950007891733,0.00031259367502499045
static_tailored,23.0,0.034540435235803864,0.9654595647641961,0.034540435235803864,0.034540435235803885,0.03454043523580387,2.0816681711721685e-17,1.0,1.0,0.9309191295283923,0.9309191295283923,2.0816681711721685e-17,0.7833258676250276,0.7835407328084482,0.028028636680555073,0.006511798555248814,0.18191883195574796,0.21645926719155184,0.034540435235803885,0.18843063051099676,0.6231387389780064,0.5801050627273939,0.9309191295283922,0.7835407328084482,0.08514897706778257,1.3877787807814457e-17,0.0,0.024702416476135098,0.0007971966090379763,0.0421420528020245,3.844702071193716e-22,0.9999439749804221,0.033849282732621354,604.1815422402415,0.0010460744771925157,0.015647476325280185,0.0011482038973098518,0.018909691575340073,0.0005997283891747878,0.015554063195293365,0.0012323800988715754,0.015605573619592677,0.0,0.0003929446519375753,0.00025147232596878764,0.00031614252969927993,0.00021360424447659074,0.000316974677417587
static_tailored,24.0,0.03614550949316182,0.9638544905068381,0.03614550949316182,0.03614550949316184,0.03614550949316183,1.3877787807814457e-17,1.0,1.0,0.9277089810136764,0.9277089810136764,1.3877787807814457e-17,0.7756686287056757,0.7751340477898213,0.02906485583491819,0.007080653658243588,0.18872044271701682,0.2248659522101786,0.03614550949316178,0.19580109637526041,0.608397807249479,0.56442940289613,0.9277089810136764,0.7751340477898213,0.062218251570758,4.85722573273506e-17,0.0,0.02494260776416986,0.0008089544840854043,0.043457266709359656,7.751646769192271e-24,0.9999363879665443,0.0340448802307327,535.1955971416387,0.0011668090735141856,0.015838600189688523,0.0013180059172579472,0.018897933700292645,0.0009106671967868133,0.01728217180842262,0.001605363569853681,0.017369352435718247,1.0,0.0004409149747467784,0.0002754574873733892,0.00035511841698175747,0.0002315931155300419,0.0003226711532511799
static_tailored,25.0,0.03774379541017711,0.9622562045898229,0.03774379541017711,0.037743795410177125,0.03774379541017712,1.3877787807814457e-17,1.0,1.0,0.9245124091796457,0.9245124091796457,1.3877787807814457e-17,0.7681498224859008,0.7665961421352807,0.030065727745598455,0.007678067664578632,0.1956600624545423,0.23340385786471937,0.03774379541017708,0.2033381301191209,0.5933237397617582,0.5485484195997187,0.9245124091796458,0.7665961421352807,0.03959549881300917,3.469446951953614e-17,0.0,0.025240737403993314,0.0007960103697033892,0.045112033117839054,0.0,0.9999263245743429,0.034314498411799725,465.75229265080355,0.0013255549544888279,0.016072808789887483,0.0015406728378570822,0.01891087781467466,0.0009106671967868133,0.01728217180842262,0.001605363569853681,0.017369352435718247,0.0,0.000502659197607975,0.00030632959880398756,0.00040528559805647974,0.00025474719910299065,0.000330003279715947
static_tailored,26.0,0.03935453316834058,0.9606454668316594,0.03935453316834058,0.0393545331683406,0.03935453316834059,2.0816681711721685e-17,1.0,1.0,0.9212909336633188,0.9212909336633188,2.0816681711721685e-17,0.7606751191931799,0.7579009038152438,0.031045311144709674,0.008309222023630948,0.2027445630164155,0.2420990961847561,0.03935453316834062,0.21105378504004643,0.577892429919907,0.5324202516777495,0.9212909336633187,0.7579009038152438,0.017182931527292777,3.469446951953614e-17,0.0,0.025610412877653938,0.0007503769527590423,0.04717020399526118,0.0,0.9999130574999902,0.03467150115651084,398.786567588746,0.001529874048529889,0.016355356472653737,0.0018321197227925134,0.018956511231619008,0.0009106671967868133,0.01728217180842262,0.001605363569853681,0.017369352435718247,0.0,0.0005813242824895022,0.0003456621412447511,0.00046920097952272055,0.00028424660593356335,0.0003393447585456284
static_tailored,27.0,0.04100162939014026,0.9589983706098597,0.04100162939014026,0.04100162939014027,0.041001629390140265,1.3877787807814457e-17,1.0,1.0,0.9179967412197194,0.9179967412197194,1.3877787807814457e-17,0.7531340751908391,0.7490238345732921,0.0320208269657546,0.008980802424385717,0.20997453603656763,0.2509761654267079,0.041001629390140314,0.21895533846095333,0.5620893230780935,0.5160092739953557,0.9179967412197194,0.7490238345732921,-0.005121312609639439,4.85722573273506e-17,0.0,0.026063941554050413,0.0006629461093841348,0.049690737423034835,5.61951151458283e-19,0.9998956201917745,0.03512495785390115,336.511040315459,0.001788825075372813,0.016685625035759877,0.002214330862925773,0.019043942074993915,0.0009106671967868133,0.01728217180842262,0.001605363569853681,0.017369352435718247,0.0,0.0006805211136891249,0.0003952605568445624,0.0005497984048724139,0.0003214454176334218,0.00035112438225058353
static_tailored,28.0,0.04271524217476629,0.9572847578252337,0.042715242174766285,0.0427152421747663,0.04271524217476629,1.3877787807814457e-17,1.0,1.0,0.9145695156504674,0.9145695156504674,1.3877787807814457e-17,0.7453941162087143,0.7399360355193457,0.03301347488311804,0.009701767291648348,0.21734872230588792,0.2600639644806543,0.04271524217476638,0.22705048959753626,0.5458990208049275,0.4992756056219882,0.9145695156504672,0.7399360355193457,-0.02743998576801232,9.020562075079397e-17,0.0,0.02661030338832811,0.0005235101596080954,0.052716857066192516,0.0,0.9998727243344487,0.03567375711294467,280.2873350410907,0.0021128208484865185,0.01705129403490413,0.002719019471172923,0.019183378024769954,0.0020715107246081456,0.013743555283933173,0.003047192703443221,0.0201865796247017,1.0,0.000804317614467711,0.00045715880723385554,0.0006503830617550152,0.0003678691054253916,0.00036582521671804066
static_tailored,29.0,0.04453396185447987,0.9554660381455201,0.04453396185447987,0.044533961854479893,0.04453396185447989,2.0816681711721685e-17,1.0,1.0,0.9109320762910402,0.9109320762910402,2.0816681711721685e-17,0.7372926886504271,0.7305986566335119,0.03404959317858899,0.010484368675890967,0.22486738151200816,0.26940134336648813,0.044533961854479956,0.23535175018789914,0.5292964996242018,0.4821660506188057,0.91093207629104,0.7305986566335119,-0.04993188391871195,6.938893903907228e-17,0.0,0.027251404328490787,0.00032084522266624324,0.056259516925727206,3.1400794464800427e-16,0.9998426656575663,0.03629681633628171,230.69862418357067,0.0025134661814730785,0.017418513332232988,0.0033935464469933008,0.019386042961711807,0.0020715107246081456,0.013743555283933173,0.003047192703443221,0.0201865796247017,0.0,0.0009572060037902717,0.0005336030018951359,0.0007746048780795957,0.0004252022514213519,0.00038398071295009476
static_tailored,30.0,0.046507597412928856,0.9534924025870711,0.04650759741292886,0.04650759741292888,0.04650759741292887,2.0816681711721685e-17,1.0,1.0,0.9069848051741423,0.9069848051741423,2.0816681711721685e-17,0.7286279758435452,0.7209591899939808,0.035162192377096516,0.01134540503583242,0.23253321259309032,0.27904081000601927,0.04650759741292894,0.24387861762892274,0.5122427647421546,0.4646091900596263,0.9069848051741423,0.7209591899939808,-0.07280303126234577,6.938893903907228e-17,0.0,0.027976845266014145,4.287018924412078e-05,0.060278475679582263,9.401534329169652e-19,0.9998032815550444,0.036939968889402874,187.78091143277385,0.0030033315883488676,0.01771864536114487,0.004308720762480567,0.01966401799513393,0.0020715107246081456,0.013743555283933173,0.003047192703443221,0.0201865796247017,0.0,0.0011440385261089667,0.0006270192630544834,0.0009264063024635355,0.0004952644472908626,0.0004061670749754398
static_tailored,31.0,0.04870003898651246,0.9512999610134876,0.04870003898651246,0.04870003898651248,0.04870003898651247,1.3877787807814457e-17,1.0,1.0,0.902599922026975,0.902599922026975,1.3877787807814457e-17,0.7191510597788744,0.7109502248676814,0.03639244091900714,0.012307598067505398,0.24034973614580593,0.28904977513231844,0.04870003898651254,0.2526573342133113,0.49468533157337735,0.44651564587037373,0.9025999220269748,0.7109502248676814,-0.0963117360812551,6.938893903907228e-17,0.0,0.028760460579719555,0.00032310674840418593,0.06467749047567845,1.7405487025589627e-18,0.9997521516667318,0.03750801077092335,151.33452896912394,0.0035956274951485234,0.017840159420325907,0.005563117923804595,0.020029994932782236,0.0020715107246081456,0.013743555283933173,0.003047192703443221,0.0201865796247017,0.0,0.0013699266110914288,0.0007399633055457144,0.001109940371511786,0.0005799724791592857,0.00043299128506710716
static_tailored,32.0,0.05119050093620763,0.9488094990637923,0.051190500936207625,0.051190500936207646,0.05119050093620764,2.0816681711721685e-17,1.0,1.0,0.8976189981275847,0.8976189981275847,2.0816681711721685e-17,0.7085672446513398,0.7004914312039081,0.03778981951656687,0.013400681419640835,0.24831806785988425,0.29950856879609195,0.0511905009362077,0.2617187492795251,0.47656250144094997,0.42778422524709775,0.8976189981275846,0.7004914312039081,-0.12076168342747873,6.245004513516506e-17,0.0,0.029569460980042945,0.0007900451190385183,0.0693559823083349,0.0,0.9996873509746038,0.03788975835113878,121.1894337528337,0.0043037592654456835,0.017654147718479396,0.007266261796271656,0.020496933303416568,0.003814374820914883,0.01809336744363606,0.006903373805523824,0.020385482409514957,1.0,0.0016400996369615038,0.000875049818480752,0.0013294559550312219,0.0006812873638605638,0.0004650743318891786
static_tailored,33.0,0.054070902306808985,0.945929097693191,0.054070902306808985,0.05407090230680899,0.054070902306808985,6.938893903907228e-18,1.0,1.0,0.891858195386382,0.891858195386382,6.938893903907228e-18,0.6965555967138327,0.6894956855789808,0.03940937622457857,0.014661526082230508,0.2564334121142102,0.3105043144210193,0.054070902306809075,0.2710949381964407,0.4578101236071186,0.4083144233224225,0.891858195386382,0.6894956855789808,-0.14647582219253152,9.020562075079397e-17,0.0,0.030403026031390296,0.001370728521365376,0.07436711686502238,1.6007866774916268e-18,0.9996085440572369,0.03805824276969429,97.22228892747529,0.0051407929642385275,0.017117185724249806,0.009473822540641441,0.021077616705743426,0.003814374820914883,0.01809336744363606,0.006903373805523824,0.020385482409514957,0.0,0.001959721334271696,0.001034860667135848,0.001589148584095753,0.0008011455003518859,0.0005030294084447639
static_tailored,34.0,0.05744122543496338,0.9425587745650366,0.05744122543496338,0.0574412254349634,0.05744122543496339,1.3877787807814457e-17,1.0,1.0,0.8851175491300732,0.8851175491300732,1.3877787807814457e-17,0.6827973380179799,0.677877256837412,0.041307647979408925,0.016133577455554552,0.26468151772762455,0.32212274316258804,0.05744122543496348,0.2808150951831791,0.43836980963364175,0.38802166858593307,0.8851175491300731,0.677877256837412,-0.17376172034909176,9.020562075079397e-17,0.0,0.03135058630314154,0.002077222347415624,0.0801132781353953,3.1509124126208277e-16,0.9995164014221458,0.03821785914705373,79.02806355765871,0.0061189352489910975,0.016424405665440123,0.012092305155954941,0.021784110531793674,0.003814374820914883,0.01809336744363606,0.006903373805523824,0.020385482409514957,0.0,0.0023336643788149387,0.0012218321894074693,0.0018929773077871373,0.0009413741420556017,0.0005474351449842739
static_tailored,35.0,0.0614115996918002,0.9385884003081998,0.0614115996918002,0.06141159969180021,0.061411599691800205,1.3877787807814457e-17,1.0,1.0,0.8771768006163996,0.8771768006163996,1.3877787807814457e-17,0.6669768578175719,0.6655553201585082,0.043543622361154985,0.01786797733064532,0.2730330801496915,0.33444467984149184,0.06141159969180031,0.29090105748033684,0.4181978850393263,0.36684659497830696,0.8771768006163995,0.6655553201585082,-0.20290550072186186,1.0408340855860843e-16,0.0,0.03259302283498196,0.0029202426382444364,0.08727937515808201,3.0833621920229107e-16,0.9994087028790253,0.03918218959445055,66.26480698884659,0.007249060434141086,0.01601173164814651,0.01487754089023896,0.022627130822622486,0.003814374820914883,0.01809336744363606,0.006903373805523824,0.020385482409514957,0.0,0.0027662468201435295,0.0014381234100717649,0.002244450541366618,0.0011035925575538237,0.0005988043098920442
static_tailored,36.0,0.06611291420224757,0.9338870857977524,0.06611291420224757,0.06611291420224759,0.06611291420224757,1.3877787807814457e-17,1.0,1.0,0.8677741715955049,0.8677741715955049,1.3877787807814457e-17,0.6487525612520356,0.6524516827018837,0.046185580053826336,0.019927334148421343,0.28143540309586856,0.34754831729811625,0.06611291420224769,0.3013627372442899,0.3972745255114202,0.3447580337006101,0.8677741715955046,0.6524516827018837,-0.234197763578206,1.1102230246251565e-16,0.0,0.03429921524326636,0.0039084545951691765,0.0963875372241039,0.0,0.9992778204342425,0.04181845165681092,57.90589160875526,0.008540055805576707,0.016288049991307063,0.01759841032679843,0.023615342779547226,0.009496418874055949,0.01686675252067812,0.018454846274372053,0.023843055554931575,1.0,0.0032609375380118514,0.0016854687690059259,0.0026463867496346297,0.0012891015767544443,0.0006575488326389074
static_tailored,37.0,0.07170169999842978,0.9282983000015702,0.07170169999842978,0.07170169999842979,0.07170169999842979,1.3877787807814457e-17,1.0,1.0,0.8565966000031404,0.8565966000031404,1.3877787807814457e-17,0.6277577879171039,0.6384928305166168,0.049313409726052373,0.022388290272377525,0.2898054694849535,0.3615071694833834,0.0717016999984299,0.31219375975733105,0.3756124804853381,0.32176224157798844,0.8565966000031404,0.6384928305166168,-0.26793177971861315,1.1102230246251565e-16,0.0,0.037036810728838285,0.005047728498824781,0.1074745914180114,1.0972717303778332e-19,0.9991138860744249,0.04475699814415853,50.509304562738585,0.00999783694424039,0.017395513497470705,0.020180970463558823,0.02475461668320283,0.009496418874055949,0.01686675252067812,0.018454846274372053,0.023843055554931575,0.0,0.0038200416972146295,0.0019650208486073147,0.0031006588789868864,0.0014987656364554857,0.0007239424515442372
static_tailored,38.0,0.07835098198179363,0.9216490180182064,0.07835098198179363,0.07835098198179363,0.07835098198179363,0.0,1.0,1.0,0.8432980360364127,0.8432980360364127,0.0,0.6036580471524948,0.6236210641352231,0.05301123344573471,0.025339748536059026,0.29802795388298314,0.3763789358647769,0.07835098198179374,0.32336770241904217,0.3532645951619156,0.29792162534256433,0.8432980360364126,0.6236210641352231,-0.3043481335477569,1.1102230246251565e-16,0.0,0.04301647889819342,0.00634038969667329,0.12021979847281704,1.3600549838401528e-19,0.9989085217834107,0.04800166125093196,43.97857925275919,0.011624308733701239,0.019247900888551772,0.022681779452372042,0.02604727788105134,0.009496418874055949,0.01686675252067812,0.018454846274372053,0.023843055554931575,0.0,0.004444380893532214,0.002277190446766107,0.0036079344759949233,0.0017328928350745798,0.0007980827311069502
static_tailored,39.0,0.08623406969965838,0.9137659303003416,0.08623406969965838,0.08623406969965838,0.08623406969965838,0.0,1.0,1.0,0.8275318606006832,0.8275318606006832,0.0,0.5762268836555615,0.6078084099906554,0.057356182151976284,0.028877887547682123,0.3059575203096863,0.3921915900093447,0.08623406969965841,0.33483540785736843,0.3303291842852632,0.27337259507667505,0.8275318606006834,0.6078084099906554,-0.34356370599229136,2.7755575615628914e-17,0.0,0.04975573667748394,0.00778450698145456,0.1342040468649729,0.0,0.9986553633691856,0.05155009313211448,38.33756417961926,0.013416531791237474,0.021685646100870315,0.025191068961807783,0.02749139516583261,0.009496418874055949,0.01686675252067812,0.018454846274372053,0.023843055554931575,0.0,0.0051329860046538086,0.002621493002326904,0.0041674261287812184,0.001991119751745178,0.0008798545880526396
static_tailored,40.0,0.0955081821975679,0.9044918178024322,0.0955081821975679,0.0955081821975679,0.0955081821975679,0.0,1.0,1.0,0.8089836356048642,0.8089836356048642,0.0,0.5454070481008544,0.5910675704040311,0.06240857390894509,0.03309960828862283,0.313424247398401,0.4089324295959689,0.09550818219756792,0.3465238556870239,0.30695228862595236,0.24833435738530785,0.8089836356048643,0.5910675704040311,-0.38551814199430856,1.3877787807814457e-17,0.0,0.057171108059309514,0.009373269115513425,0.14903652475290974,1.1591485567715657e-19,0.9983494038738512,0.055387184460666046,33.55586723076578,0.015366093038502449,0.024566340083226446,0.027776185114012253,0.029080157299891475,0.015165462441164753,0.025720229543320556,0.026412690379320897,0.03129650854449696,1.0,0.005882823303554766,0.002996411651777383,0.004776668934138246,0.0022723087388330366,0.0009688977672971284
static_tailored,41.0,0.10629894468734144,0.8937010553126585,0.10629894468734144,0.10629894468734143,0.10629894468734144,1.3877787807814457e-17,1.0,1.0,0.7874021106253171,0.7874021106253171,-1.3877787807814457e-17,0.5113494793629669,0.5734586705778467,0.06820430410437142,0.03809464058296992,0.3202423847348119,0.4265413294221533,0.10629894468734134,0.35833702531778183,0.2833259493644362,0.22310662232163336,0.7874021106253173,0.5734586705778467,-0.4299446515402505,9.71445146547012e-17,0.0,0.06517342425521759,0.011094501530031005,0.16437331524925108,0.0,0.9979868770475295,0.059483216562041585,29.54773154269828,0.017458642816499448,0.027782487618105645,0.03046980399704413,0.030801389714409055,0.015165462441164753,0.025720229543320556,0.026412690379320897,0.03129650854449696,0.0,0.006688575784685114,0.003399287892342557,0.0054313428250566545,0.0025744659192569173,0.0010645808744313573
static_tailored,42.0,0.11868526004503915,0.8813147399549609,0.11868526004503914,0.11868526004503911,0.11868526004503913,2.7755575615628914e-17,1.0,1.0,0.7626294799099218,0.7626294799099218,-2.7755575615628914e-17,0.47443015912774333,0.5550919173401392,0.07474903356562687,0.04393622647941223,0.32622282261482166,0.44490808265986076,0.1186852600450391,0.3701590490942339,0.2596819018115322,0.19805628763910282,0.7626294799099218,0.5550919173401392,-0.4763639769720984,2.7755575615628914e-17,0.0,0.0736629841613619,0.012930373595543772,0.17990452639582358,0.0,0.9975657243986358,0.06426991556613298,26.40207030383688,0.019673629870676557,0.031251236544912464,0.03327562792220451,0.03263726177992182,0.015165462441164753,0.025720229543320556,0.026412690379320897,0.03129650854449696,0.0,0.007542501566580913,0.0038262507832904566,0.0061251575228469905,0.002894688087467842,0.0011659845610314833
static_tailored,43.0,0.1326852572652084,0.8673147427347916,0.13268525726520844,0.13268525726520838,0.1326852572652084,5.551115123125783e-17,1.0,1.0,0.7346294854695832,0.7346294854695832,-5.551115123125783e-17,0.43524320924216087,0.5361259560357095,0.08201433421174373,0.05067092305346471,0.33118878669908197,0.46387404396429044,0.13268525726520844,0.3818597097525467,0.23628058049490658,0.17359375817834838,0.734629485469583,0.5361259560357095,-0.5241016851178233,2.7755575615628914e-17,0.0,0.08252444176434574,0.014857340877323013,0.19534332033517918,6.509273804960474e-18,0.9970862960124189,0.06967193893125208,23.911810955475016,0.021984295818109234,0.034901397216518415,0.03617625890614973,0.03456422906170106,0.015165462441164753,0.025720229543320556,0.026412690379320897,0.03129650854449696,0.0,0.008434389426794826,0.004272194713397412,0.006849816409270794,0.003229146035048059,0.0012718962444318853
static_tailored,44.0,0.14824520564235635,0.8517547943576437,0.14824520564235635,0.1482452056423563,0.14824520564235633,5.551115123125783e-17,1.0,1.0,0.7035095887152873,0.7035095887152873,-5.551115123125783e-17,0.3945685466015647,0.5167616447845249,0.0899363892466039,0.05830881639575241,0.33499314957311876,0.4832383552154751,0.1482452056423563,0.3933019659688712,0.21339606806225764,0.15014092236055465,0.7035095887152873,0.5167616447845249,-0.5723288501007553,2.7755575615628914e-17,0.0,0.09162426045790333,0.016846356418722893,0.21042260496371823,4.589674489068869e-19,0.9965520445504628,0.07518455255763837,21.805546405110608,0.024357987652576907,0.03866463390118202,0.03913914908057603,0.03655324460310094,0.02291543609226383,0.04287528919602513,0.03188312872856361,0.036238646765845706,1.0,0.009351627883127645,0.004730813941563822,0.00759507265504121,0.0035731104561728664,0.0013808183111214077
static_tailored,45.0,0.16523365836867876,0.8347663416313212,0.16523365836867876,0.16523365836867873,0.16523365836867876,2.7755575615628914e-17,1.0,1.0,0.6695326832626425,0.6695326832626425,-2.7755575615628914e-17,0.35331561047726556,0.4972315189178345,0.09841775797165526,0.06681590039702352,0.3375348227134868,0.5027684810821655,0.1652336583686788,0.4043507231105103,0.19129855377897942,0.128094838629716,0.6695326832626425,0.4972315189178345,-0.6201231688083175,2.7755575615628914e-17,0.0,0.10081083261110584,0.018863370763727242,0.22489702080598983,0.0,0.9959700701854649,0.08070602747695171,20.026658326867718,0.026756837578974513,0.04247088664542653,0.042120618563136425,0.03857025894810529,0.02291543609226383,0.04287528919602513,0.03188312872856361,0.036238646765845706,0.0,0.010279398806150605,0.005194699403075302,0.008348886529997367,0.003921024552306476,0.0014909911082303842
static_tailored,46.0,0.1834426710051697,0.8165573289948302,0.18344267100516973,0.18344267100516967,0.1834426710051697,5.551115123125783e-17,1.0,1.0,0.6331146579896606,0.6331146579896606,-5.551115123125783e-17,0.3124493116536051,0.47778606565963455,0.10733230922703507,0.07611036177813474,0.33877126333519564,0.5222139343403654,0.1834426710051698,0.4148816251133304,0.1702367497733392,0.10779285487553858,0.6331146579896604,0.47778606565963455,-0.6665434772196641,1.1102230246251565e-16,0.0,0.10991676869072535,0.020870123024960125,0.23854709780898634,0.0,0.995351416620357,0.08613211116437129,18.52867941264842,0.02913885748688727,0.04624675579803772,0.04506866558223199,0.040577011209338175,0.02291543609226383,0.04287528919602513,0.03188312872856361,0.036238646765845706,0.0,0.011200999557977374,0.0056554997789886865,0.009097687140856616,0.004266624834241515,0.001600431197509813
static_tailored,47.0,0.20259692012630998,0.79740307987369,0.20259692012631,0.20259692012630998,0.20259692012630998,2.7755575615628914e-17,1.0,1.0,0.59480615974738,0.59480615974738,-2.7755575615628914e-17,0.27290837162206183,0.4586785820203221,0.11653293962309144,0.08606398050321881,0.3387244978533678,0.541321417979678,0.20259692012631025,0.4247884783565866,0.15042304328682687,0.08948512504708173,0.5948061597473796,0.4586785820203221,-0.7107075143454846,2.7755575615628914e-16,0.0,0.11876285839946703,0.0228252061091859,0.25118338671666085,1.3880176856188233e-17,0.994711043342369,0.0913580360415854,17.273356912421107,0.03145951104132805,0.04991576600844483,0.047925091526125785,0.04253209429356395,0.02291543609226383,0.04287528919602513,0.03188312872856361,0.036238646765845706,0.0,0.012098289506702165,0.006104144753351082,0.009826735224195509,0.004603108565013311,0.0017069843789208818
static_tailored,48.0,0.22237019933316532,0.7776298006668347,0.22237019933316532,0.2223701993331653,0.22237019933316532,2.7755575615628914e-17,1.0,1.0,0.5552596013336694,0.5552596013336694,-2.7755575615628914e-17,0.23552813770538428,0.4401504705782849,0.12586125581872554,0.09650894351443993,0.3374793300885497,0.5598495294217152,0.22237019933316549,0.43398827360298964,0.13202345279402072,0.0733188281854496,0.555259601333669,0.4401504705782849,-0.7518618536229433,1.6653345369377348e-16,0.0,0.1271632764557455,0.024685369781320677,0.26264938390343023,8.039449098798328e-19,0.9940674281698132,0.09628174406125418,16.229343161315327,0.033673875207391846,0.0533997888232306,0.050627122601554664,0.04439225796569873,0.0281931581230702,0.04927696825608138,0.04185714943021411,0.04747268214676789,1.0,0.012952248029925022,0.0065311240149625105,0.01052057652431408,0.004923343011221883,0.0018083919535535962
static_tailored,49.0,0.2424074386485709,0.7575925613514292,0.2424074386485709,0.24240743864857084,0.24240743864857087,5.551115123125783e-17,1.0,1.0,0.5151851227028583,0.5151851227028583,-5.551115123125783e-17,0.20097910305546152,0.42241836567252977,0.13515807192065227,0.10724936672791885,0.3351741956788991,0.5775816343274702,0.24240743864857112,0.44242356240681796,0.11515287518636402,0.05933546480089724,0.5151851227028578,0.42241836567252977,-0.7894344431914315,2.498001805406602e-16,0.0,0.13493163909317513,0.026407007232712474,0.272822903287384,2.7673005211840614e-16,0.993441791708101,0.10080804501934118,15.371278332812894,0.03573960735626125,0.05662115860125516,0.053108383312090335,0.046113895417090524,0.0281931581230702,0.04927696825608138,0.04185714943021411,0.04747268214676789,0.0,0.013743622478337672,0.0069268112391688355,0.011163568263649358,0.0052201084293766265,0.0019023676693025984
static_tailored,50.0,0.26234942576609965,0.7376505742339003,0.2623494257660996,0.2623494257660996,0.2623494257660996,0.0,1.0,1.0,0.4753011484678008,0.4753011484678008,0.0,0.16972896662643477,0.40566390793278956,0.1442734312141319,0.11807599455196789,0.3319866663011107,0.5943360920672105,0.26234942576609976,0.45006266085307856,0.09987467829384289,0.04747980496951487,0.47530114846780047,0.40566390793278956,-0.8230636165688596,1.6653345369377348e-16,0.0,0.14188751464989607,0.027947755787229005,0.28161623981350276,0.0,0.9928569789797179,0.10485379746492181,14.679194862677457,0.037621109920911944,0.05950516239797754,0.05529875250743821,0.047654643971607055,0.0281931581230702,0.04927696825608138,0.04185714943021411,0.04747268214676789,0.0,0.01445363676575988,0.007281818382879939,0.011740454872179902,0.005486363787159955,0.0019866818659339857
static_tailored,51.0,0.28185704670264516,0.7181429532973549,0.28185704670264516,0.2818570467026451,0.2818570467026451,5.551115123125783e-17,1.0,1.0,0.4362859065947098,0.4362859065947098,-5.551115123125783e-17,0.1420311561242803,0.39002665269723047,0.15307500324400708,0.12878204345863822,0.32811630060012414,0.6099733473027695,0.28185704670264533,0.4568983440587624,0.08620331188247526,0.037617392311737496,0.43628590659470934,0.39002665269723047,-0.8526018438676712,2.220446049250313e-16,0.0,0.14786296934387394,0.029268131640259824,0.2889760319969425,0.0,0.9923360792726907,0.10835452193611951,14.138262358327122,0.039295471543996374,0.06198266229807248,0.05712234567823671,0.04897501982463787,0.0281931581230702,0.04927696825608138,0.04185714943021411,0.04747268214676789,0.0,0.015064725018562906,0.007587362509281452,0.01223696407758236,0.0057155218819610895,0.002059248595954345
static_tailored,52.0,0.3006321542932232,0.6993678457067768,0.3006321542932232,0.3006321542932232,0.3006321542932232,0.0,1.0,1.0,0.3987356914135536,0.3987356914135536,0.0,0.11793773228868976,0.3756004275982015,0.16145411486190256,0.13917803943132073,0.3237674181085752,0.6243995724017986,0.3006321542932233,0.4629454575398959,0.07410908492020818,0.029556934059044526,0.39873569141355336,0.3756004275982015,-0.8780968798006215,1.1102230246251565e-16,0.0,0.15270870598266645,0.030333113004218506,0.29488393502686683,2.8317655692066847e-16,0.9919009129627832,0.11127278034423925,13.738928824066177,0.04076056893682467,0.06399265088841766,0.05849299633385574,0.050040001188596556,0.037220559890060255,0.0638259874148609,0.05499603352736197,0.0494257135717774,1.0,0.015561250700689777,0.007835625350344889,0.012640391194310444,0.005901719012758666,0.002118211020706911
static_tailored,53.0,0.3184329072073455,0.6815670927926545,0.3184329072073455,0.3184329072073455,0.3184329072073455,0.0,1.0,1.0,0.36313418558530897,0.36313418558530897,0.0,0.09733084546609505,0.36243322044200715,0.16932914252875159,0.14910376467859388,0.31913387235064733,0.6375667795579928,0.31843290720734546,0.4682376370292412,0.06352472594151753,0.023073970241202113,0.363134185585309,0.36243322044200715,-0.8997562744025245,5.551115123125783e-17,0.0,0.1562993797592937,0.031113586191245286,0.2993580628083745,3.512465674205122e-17,0.9915705714718982,0.11360686338045327,13.477409886294637,0.042043732162169944,0.06548456623916565,0.05930859153438972,0.050820474375623335,0.037220559890060255,0.0638259874148609,0.05499603352736197,0.0494257135717774,0.0,0.015930170315403062,0.00802008515770153,0.012940138381264987,0.006040063868276147,0.0021620202249541137
static_tailored,54.0,0.3350821448078938,0.6649178551921062,0.3350821448078938,0.3350821448078938,0.3350821448078938,0.0,1.0,1.0,0.32983571038421244,0.32983571038421244,0.0,0.07996527339629034,0.35053044611932854,0.17664623046465927,0.15843591434323445,0.3143874090727777,0.6494695538806714,0.3350821448078937,0.47282332341601213,0.05435335316797568,0.017932720925126044,0.3298357103842125,0.35053044611932854,-0.9179026084409998,5.551115123125783e-17,0.0,0.15853792453907428,0.031587574988320904,0.3024501039985789,7.404306710239568e-19,0.9913602613853212,0.11539180943445475,13.355937555611394,0.04320244837661502,0.06642021659456432,0.05945276974432656,0.05129446317269896,0.037220559890060255,0.0638259874148609,0.05499603352736197,0.0494257135717774,0.0,0.016161602435422168,0.008135801217711083,0.013128176978780512,0.006126850913283312,0.0021895027892063824
static_tailored,55.0,0.35046766936915374,0.6495323306308463,0.35046766936915374,0.35046766936915374,0.35046766936915374,0.0,1.0,1.0,0.2990646612616925,0.2990646612616925,0.0,0.06551496957018199,0.3398614505762613,0.18337715922491585,0.16709051014423795,0.30967088005458493,0.6601385494237387,0.3504676693691538,0.4767613901988229,0.04647721960235435,0.013903921440998501,0.29906466126169245,0.3398614505762613,-0.9329262631218138,5.551115123125783e-17,0.0,0.15935953071734815,0.03174118472984146,0.30422202112582514,0.0,0.9912806469152794,0.11667256796558576,13.3808743414735,0.044295800625426485,0.06677521482663196,0.05882602544172133,0.05144807291421951,0.037220559890060255,0.0638259874148609,0.05499603352736197,0.0494257135717774,0.0,0.016249267432809984,0.008179633716404991,0.01319940478915811,0.006159725287303743,0.0021999130076461853
static_tailored,56.0,0.3645340093284082,0.6354659906715919,0.3645340093284081,0.36453400932840807,0.36453400932840807,5.551115123125783e-17,1.0,1.0,0.27093198134318386,0.27093198134318386,-5.551115123125783e-17,0.05361748762885399,0.33036897745426896,0.18951422891776437,0.17501978041064414,0.3050970132173226,0.6696310225457311,0.3645340093284085,0.4801167936279667,0.039766412744066615,0.01077751572982616,0.270931981343183,0.33036897745426896,-0.9452414959381232,4.440892098500626e-16,0.0,0.15873696751555205,0.03156920795292767,0.3046829393753391,1.2602054326363248e-17,0.9913373161703984,0.11743198510831811,13.556074239606573,0.04530880457342301,0.06653993573471395,0.05742573738384671,0.05127609613730572,0.04454827927857671,0.06524481230927555,0.06088079881408041,0.04895596238027014,1.0,0.01619077059927493,0.008150385299637464,0.01315187611191088,0.006137788974728098,0.0021929665086638976
static_tailored,57.0,0.3772689553445954,0.6227310446554046,0.37726895534459537,0.37726895534459537,0.37726895534459537,0.0,1.0,1.0,0.24546208931080926,0.24546208931080926,0.0,0.043909687083468096,0.32197968631599827,0.1950636789630395,0.1822052763815563,0.30075135833940597,0.6780203136840017,0.3772689553445958,0.4829566347209623,0.03408673055807554,0.008369925395109112,0.24546208931080843,0.32197968631599827,-0.9552520130933231,4.440892098500626e-16,0.0,0.15668712216843844,0.031075357376240422,0.30371598745119555,0.0,0.9915292676163847,0.11752349091882866,13.874064909210357,0.04608287844456238,0.06572009756975006,0.05542165633055762,0.05078224556061847,0.04454827927857671,0.06524481230927555,0.06088079881408041,0.04895596238027014,0.0,0.015987710840626047,0.008048855420313023,0.012986890058008661,0.0060616415652347665,0.002168853162324343
static_tailored,58.0,0.38869292339387895,0.611307076606121,0.3886929233938789,0.3886929233938789,0.3886929233938789,0.0,1.0,1.0,0.2226141532122422,0.2226141532122422,0.0,0.03604913629380735,0.31461168237259074,0.2000414073526856,0.18865151604119357,0.29669539423353003,0.6853883176274091,0.3886929233938792,0.4853469102747236,0.02930617945055275,0.00652639682756867,0.2226141532122416,0.31461168237259074,-0.963331244118629,2.7755575615628914e-16,0.0,0.15327221355633575,0.030272112947899745,0.30110455205473197,1.4904919148251212e-17,0.9918470606231347,0.11672988805975058,14.31752189780554,0.046379265099058986,0.06433684366897852,0.05309361496472986,0.049979001132277795,0.04454827927857671,0.06524481230927555,0.06088079881408041,0.04895596238027014,0.0,0.01564560805929823,0.007877804029649115,0.012708931548179814,0.005933353022236836,0.002128228457041665
static_tailored,59.0,0.3988548201462748,0.6011451798537253,0.39885482014627477,0.39885482014627477,0.39885482014627477,0.0,1.0,1.0,0.20229035970745046,0.20229035970745046,0.0,0.02972323574837843,0.3081775295791705,0.20447238613175267,0.19438243401452213,0.2929676502745547,0.6918224704208296,0.3988548201462748,0.4873500842890768,0.025299831421846386,0.0051199271873852426,0.20229035970745038,0.3081775295791705,-0.969814993798173,5.551115123125783e-17,0.0,0.14859064697203966,0.02918019154061188,0.2966799515279237,1.5192767777083348e-17,0.9922738822087189,0.11492727368913475,14.87516457732889,0.04605072612411165,0.06242590715320828,0.05065152387115135,0.04888707972498993,0.04454827927857671,0.06524481230927555,0.06088079881408041,0.04895596238027014,0.0,0.015173653828243119,0.007641826914121559,0.012325468735447534,0.005756370185591169,0.0020721838921038704
static_tailored,60.0,0.4078286595484694,0.5921713404515306,0.40782865954846936,0.40782865954846936,0.40782865954846936,0.0,1.0,1.0,0.18434268090306127,0.18434268090306127,0.0,0.024653749618851473,0.3025860708633602,0.20839044961896866,0.1994382099295009,0.2895852695881703,0.6974139291366399,0.4078286595484696,0.4890234795176712,0.021953040964657666,0.004048561585722088,0.18434268090306097,0.3025860708633602,-0.9749985791059248,2.220446049250313e-16,0.0,0.1427659422140914,0.027827669176534103,0.29042027197493125,2.636152609019185e-17,0.9927890597963431,0.11215610778380408,15.553603915190783,0.045114094973346064,0.060035866896636314,0.04815349052054063,0.04753455736091215,0.03465386850140602,0.06496494833702264,0.04633960301461318,0.04799225096309835,1.0,0.014584301074813318,0.0073471505374066584,0.011846619623285821,0.005535362903054994,0.0020021982526340814
static_tailored,61.0,0.41570662900033406,0.5842933709996659,0.41570662900033406,0.415706629000334,0.41570662900033406,5.551115123125783e-17,1.0,1.0,0.16858674199933188,0.16858674199933188,-5.551115123125783e-17,0.02060000735592582,0.2977455049838349,0.21183609931626132,0.20387052968407304,0.2865478660158309,0.7022544950161653,0.4157066290003344,0.4904183956999039,0.019163208600192327,0.0032320693358157127,0.1685867419993314,0.2977455049838349,-0.9791350770131451,3.3306690738754696e-16,0.0,0.1359417943178744,0.026248805105083307,0.282416369914838,7.686453707488656e-19,0.9933703873186405,0.10855727400873828,16.374602744737796,0.04368242538252076,0.05722599253064342,0.045570886581141834,0.045955693289461357,0.03465386850140602,0.06496494833702264,0.04633960301461318,0.04799225096309835,0.0,0.013892718338345319,0.007001359169172659,0.011284708649905571,0.0052760193768794945,0.0019200728026785064
static_tailored,62.0,0.4225905910727631,0.5774094089272369,0.4225905910727631,0.42259059107276303,0.4225905910727631,5.551115123125783e-17,1.0,1.0,0.15481881785447382,0.15481881785447382,-5.551115123125783e-17,0.01735962297316207,0.29356689721371787,0.2148532916131682,0.20773729945959477,0.283842511713519,0.706433102786282,0.422590591072763,0.4915798111731138,0.016840377653772387,0.002608393346625437,0.15481881785447388,0.29356689721371787,-0.9824357944106878,1.1102230246251565e-16,0.0,0.1282798550318262,0.02448263337802872,0.27280230170317227,2.948106741300973e-20,0.9939950071805619,0.10429389249729545,17.367862982233206,0.04188374590745392,0.05406392413657157,0.042869695164232335,0.04418952156240677,0.03465386850140602,0.06496494833702264,0.04633960301461318,0.04799225096309835,0.0,0.013116141968845052,0.006613070984422526,0.010653740349686604,0.004984803238316894,0.0018278543588003497
static_tailored,63.0,0.428584833616539,0.571415166383461,0.42858483361653893,0.42858483361653893,0.42858483361653893,0.0,1.0,1.0,0.14283033276692214,0.14283033276692214,0.0,0.014766300898639617,0.2899668718682426,0.21748661709444933,0.21109821652208943,0.2814482945152186,0.7100331281317573,0.42858483361653876,0.492546511037308,0.014906977925383924,0.002130176780664128,0.14283033276692242,0.2899668718682426,-0.9850733967665826,1.6653345369377348e-16,0.0,0.11995577434523634,0.022571399664338975,0.2617224863453851,0.0,0.994640260670393,0.09951775986154839,18.56764923469623,0.039827049151367255,0.05062316227495334,0.04004307309534738,0.042278287848717025,0.03465386850140602,0.06496494833702264,0.04633960301461318,0.04799225096309835,0.0,0.012273164823996556,0.006191582411998278,0.009968821419497202,0.004668686808998708,0.0017277508228495909
static_tailored,64.0,0.4337909800388008,0.5662090199611992,0.4337909800388008,0.43379098003880073,0.4337909800388008,5.551115123125783e-17,1.0,1.0,0.13241803992239842,0.13241803992239842,-5.551115123125783e-17,0.012685720975150194,0.2868691689353816,0.21977933476367387,0.21401164527512645,0.2793398510258181,0.7131308310646185,0.43379098003880034,0.49335149630094455,0.013297007398110905,0.0017616284210160704,0.1324180399223994,0.2868691689353816,-0.9871867335178102,4.440892098500626e-16,0.0,0.11115323893873012,0.02055892805922339,0.24932991321531678,5.208643728052316e-19,0.9952848309779051,0.09436522576833614,20.01311624803869,0.03759922297558671,0.04698040044000262,0.03711112569957242,0.04026581624360144,0.040118989908206164,0.037562731436874955,0.03268165257443309,0.04879534035900299,1.0,0.011383002274534993,0.005746501137267496,0.009245564348059681,0.004334875852950623,0.0016220440201010304
static_tailored,65.0,0.43830482635069584,0.5616951736493042,0.43830482635069584,0.4383048263506958,0.4383048263506958,5.551115123125783e-17,1.0,1.0,0.12339034729860843,0.12339034729860843,-5.551115123125783e-17,0.011010684164750595,0.28420527716153327,0.2217721697628351,0.21653265658786033,0.27748989648777134,0.7157947228384668,0.43830482635069545,0.4940225530756317,0.011954893848736603,0.0014758674987871423,0.12339034729860918,0.28420527716153327,-0.9888862187614693,3.3306690738754696e-16,0.0,0.1020572413292256,0.018489004038765102,0.23579372147951658,0.0,0.9959098795231673,0.08896107015349607,21.750232213792014,0.035270565000619425,0.043212832507214416,0.03411135399782339,0.03819589222314315,0.040118989908206164,0.037562731436874955,0.03268165257443309,0.04879534035900299,0.0,0.010464775592871898,0.005287387796435949,0.008499505169208417,0.003990540847326962,0.0015130046016535378
static_tailored,66.0,0.442214607858772,0.5577853921412281,0.4422146078587719,0.44221460785877187,0.44221460785877187,5.551115123125783e-17,1.0,1.0,0.11557078428245626,0.11557078428245626,-5.551115123125783e-17,0.009656318102180816,0.28191444473095245,0.2235026652797416,0.21871194257903018,0.27587094741027585,0.7180855552690476,0.44221460785877176,0.494582889989306,0.010834220021388119,0.0012527746199652023,0.11557078428245651,0.28191444473095245,-0.9902590082356708,1.1102230246251565e-16,0.0,0.09284752133632983,0.016403855382773818,0.2213052311253493,9.691281724850196e-18,0.9964999209246475,0.08342160182466905,23.83420489328984,0.03289975264938294,0.03939560067981385,0.031089678183564673,0.03611074356715187,0.040118989908206164,0.037562731436874955,0.03268165257443309,0.04879534035900299,0.0,0.009536849290982084,0.0048234246454910415,0.0077455650489229415,0.0036425684841182807,0.0014028133533041222
static_tailored,67.0,0.4456002524189772,0.5543997475810228,0.4456002524189772,0.4456002524189771,0.44560025241897716,1.1102230246251565e-16,1.0,1.0,0.10879949516204568,0.10879949516204568,-1.1102230246251565e-16,0.008555755181411495,0.27994331066887623,0.22500490959016836,0.22059534282880872,0.2744564369121467,0.7200566893311238,0.44560025241897705,0.49505177974095543,0.009896440518089189,0.0010773069953698977,0.10879949516204587,0.27994331066887623,-0.9913735952244123,1.1102230246251565e-16,0.0,0.08369270744018491,0.014342803193064867,0.2060796417048228,0.0,0.9970433291908114,0.07785548050756136,26.332143661582425,0.030536634228977566,0.035599549536770914,0.02809403385086806,0.03404969137744292,0.040118989908206164,0.037562731436874955,0.03268165257443309,0.04879534035900299,0.0,0.00861625313595085,0.004363126567975425,0.006997580672960064,0.003297344925981568,0.0012934925598941632
static_tailored,68.0,0.44853328433956496,0.551466715660435,0.44853328433956496,0.4485332843395649,0.44853328433956496,5.551115123125783e-17,1.0,1.0,0.10293343132087007,0.10293343132087007,-5.551115123125783e-17,0.007656441057859564,0.2782453275500173,0.22630950836328137,0.22222377597628337,0.2732213881104179,0.7217546724499826,0.44853328433956474,0.49544516408670125,0.009109671826597332,0.0009382070526013919,0.10293343132087046,0.2782453275500173,-0.9922836962815058,2.220446049250313e-16,0.0,0.07474547252003676,0.012341140902334177,0.19035361013286822,9.56622348822052e-18,0.9975324629776435,0.07236292662870973,29.32597402717142,0.0282233633655532,0.03188945094268614,0.025170168388229053,0.032048029086712226,0.02790663181459855,0.023485907090223433,0.024559693439320764,0.02906176943153385,1.0,0.007718212024258792,0.003914106012129396,0.0062679222697102676,0.0029605795090970467,0.0011868501778807316
static_tailored,69.0,0.45107713674311894,0.5489228632568811,0.45107713674311894,0.45107713674311883,0.4510771367431189,1.1102230246251565e-16,1.0,1.0,0.09784572651376222,0.09784572651376222,-1.1102230246251565e-16,0.006917088822319117,0.2767800888928656,0.22744371155771848,0.22363342518540033,0.27214277436401574,0.7232199111071345,0.4510771367431188,0.4957761995494161,0.008447600901168084,0.0008270281565317394,0.09784572651376253,0.2767800888928656,-0.9930314337916468,1.1102230246251565e-16,0.0,0.06613892175191786,0.010429281640231026,0.17437972453285377,0.0,0.9979634525343362,0.06703423338135761,32.91562534709049,0.025994573820945166,0.028322880445261656,0.022358977662142676,0.030136169824609076,0.02790663181459855,0.023485907090223433,0.024559693439320764,0.02906176943153385,0.0,0.006855798360729571,0.0034828991803647854,0.005567211168092776,0.0026371743852735886,0.0010844385553366366
static_tailored,70.0,0.4532877037654819,0.5467122962345181,0.4532877037654819,0.4532877037654819,0.4532877037654819,0.0,1.0,1.0,0.09342459246903623,0.09342459246903623,0.0,0.006305223507672819,0.27551263297387757,0.22843163294398156,0.22485607082150016,0.27119966326064077,0.7244873670261225,0.4532877037654817,0.49605573408214093,0.007888531835718193,0.0007374075907554123,0.09342459246903662,0.27551263297387757,-0.9936498873390036,1.6653345369377348e-16,0.0,0.05798438332937576,0.008632195027894099,0.15841916982790408,0.0,0.9983357230540739,0.06194831955123695,37.22236236155159,0.023877011929598457,0.024949979164486047,0.019694902411722892,0.02833908321227215,0.02790663181459855,0.023485907090223433,0.024559693439320764,0.02906176943153385,0.0,0.006039712813185879,0.0030748564065929394,0.0049041416607135254,0.002331142304944704,0.000987528396565823
static_tailored,71.0,0.45521402181820425,0.5447859781817957,0.4552140218182043,0.45521402181820425,0.45521402181820425,5.551115123125783e-17,1.0,1.0,0.0895719563635915,0.0895719563635915,-5.551115123125783e-17,0.005795232687485052,0.2744127642607944,0.22929452212695242,0.2259194996912517,0.2703732139210015,0.7255872357392057,0.45521402181820414,0.4962927136122532,0.0074145727754936774,0.0006645279040921603,0.0895719563635918,0.2744127642607944,-0.9941651102275018,1.1102230246251565e-16,0.0,0.05037076304217962,0.006969135063935008,0.1427341893040517,0.0,0.9986513446235351,0.05717189367309969,42.39177381471553,0.02188872709735168,0.021814459470239633,0.01720508665101994,0.026676023248313058,0.02790663181459855,0.023485907090223433,0.024559693439320764,0.02906176943153385,0.0,0.0052781910005047636,0.0026940955002523817,0.00428540518791012,0.002045571625189286,0.0008970976813099407
static_tailored,72.0,0.4568990160420314,0.5431009839579686,0.4568990160420315,0.4568990160420314,0.4568990160420314,5.551115123125783e-17,1.0,1.0,0.08620196791593715,0.08620196791593715,-5.551115123125783e-17,0.005366832392048493,0.27345441048189534,0.23005106684247947,0.2268479491995519,0.26964657347607335,0.7265455895181048,0.45689901604203137,0.4964945226756252,0.007010954648749568,0.0006047193628944125,0.08620196791593732,0.27345441048189534,-0.9945977105727917,5.551115123125783e-17,0.0,0.04336566604408458,0.005453642836211286,0.12758246028369993,0.0,0.9989142999435799,0.052759728967570016,48.595124091213314,0.02003761331293452,0.018956451092358217,0.014909111815223475,0.025160531020589336,0.021498075801728293,0.018841822123528945,0.014804973077386561,0.02066814420348516,1.0,0.004577026412661906,0.002343513206330953,0.0037157089602877984,0.0017826349047482145,0.0008138343865036013
static_tailored,73.0,0.4583802872443016,0.5416197127556984,0.4583802872443016,0.4583802872443016,0.4583802872443016,0.0,1.0,1.0,0.08323942551139685,0.08323942551139685,0.0,0.005003861946966781,0.27261501506652414,0.23071771891731674,0.22766256832698453,0.2690046976891745,0.7273849849334757,0.45838028724430124,0.49666726601615907,0.006665467967681915,0.000555166787017447,0.08323942551139737,0.27261501506652414,-0.9949640894538498,3.3306690738754696e-16,0.0,0.037018587591153215,0.0040937927009208445,0.11321628450063584,0.0,0.9991297511139897,0.04875656877006687,56.02600538059264,0.018318778055931295,0.01641814353667881,0.012819176174974745,0.023800680885298894,0.021498075801728293,0.018841822123528945,0.014804973077386561,0.02066814420348516,0.0,0.003939694096210207,0.0020248470481051034,0.003197876453170793,0.0015436352860788275,0.0007381511739249621
static_tailored,74.0,0.45969094451543535,0.5403090554845646,0.45969094451543535,0.4596909445154353,0.45969094451543535,5.551115123125783e-17,1.0,1.0,0.0806181109691293,0.0806181109691293,-5.551115123125783e-17,0.004693330991811129,0.27187495146250745,0.2313090495501067,0.2283818949653283,0.26843410402205764,0.7281250485374926,0.459690944515435,0.49681599898738593,0.006368002025228248,0.0005136928556714326,0.0806181109691301,0.27187495146250745,-0.9952774171226544,3.3306690738754696e-16,0.0,0.031366524531249045,0.002892639295375258,0.09989028821975274,4.8661317886791085e-20,0.9993033751300839,0.04520118140429385,64.88597142640084,0.016709999841308498,0.01425342167270105,0.010940613193671123,0.022599527479753308,0.021498075801728293,0.018841822123528945,0.014804973077386561,0.02066814420348516,0.0,0.003367555629977522,0.001738777814988761,0.0027330139493567367,0.0013290833612415705,0.0006702097310598307
static_tailored,75.0,0.4608604915333062,0.5391395084666938,0.46086049153330627,0.46086049153330616,0.4608604915333062,1.1102230246251565e-16,1.0,1.0,0.07827901693338757,0.07827901693338757,-1.1102230246251565e-16,0.0044246575445044956,0.2712169461959327,0.23183813913934456,0.22902235239396115,0.26792256227076156,0.7287830538040673,0.4608604915333057,0.4969449146647227,0.006110170670554471,0.00047859717978770977,0.07827901693338851,0.2712169461959327,-0.9955484113656268,4.996003610813204e-16,0.0,0.026441842456464686,0.0018488158205562481,0.08788038663941015,3.901825760144391e-18,0.9994408451990675,0.04213257010989192,75.3504575828163,0.01516506944470497,0.012541631838974387,0.009272651349216954,0.021555704004934298,0.021498075801728293,0.018841822123528945,0.014804973077386561,0.02066814420348516,0.0,0.00286012374553277,0.0014850618727663852,0.002320725543245376,0.0011387964045747887,0.0006099521947820164
static_tailored,76.0,0.46191568923023074,0.5380843107697693,0.4619156892302308,0.4619156892302307,0.46191568923023074,1.1102230246251565e-16,1.0,1.0,0.07616862153953852,0.07616862153953852,-1.1102230246251565e-16,0.0041890683563973186,0.2706255420171856,0.23231696279329214,0.2295987264369381,0.2674587687525842,0.7293744579828144,0.46191568923023024,0.49705749518952225,0.00588500962095545,0.0004485369082473656,0.07616862153953952,0.2706255420171856,-0.9957859488266734,4.996003610813204e-16,0.0,0.022279559600266445,0.0009572315016535549,0.07750742488187616,3.337311487025453e-20,0.9995475968628174,0.039595818883192746,87.52330748583452,0.013608165637833292,0.01139958278772868,0.0078093213511361,0.020664119686031605,0.011962146872276612,0.012334454671846271,0.006480669713402878,0.022458663506175328,1.0,0.002415364531785799,0.0012626822658928997,0.0019593586820759617,0.0009720116994196746,0.0005571370381495637
static_tailored,77.0,0.462881028881332,0.5371189711186681,0.462881028881332,0.46288102888133187,0.4628810288813319,1.1102230246251565e-16,1.0,1.0,0.07423794223733615,0.07423794223733615,-1.1102230246251565e-16,0.003979202230573797,0.2700867789112539,0.23275658692726084,0.23012444195407056,0.26703219220741475,0.7299132210887462,0.4628810288813314,0.4971566341614853,0.005686731677029433,0.00042244173064881485,0.07423794223733723,0.2700867789112539,-0.995997470045928,4.996003610813204e-16,0.0,0.018913765498744732,0.00020981764325312194,0.06912562222826953,0.0,0.9996291167232477,0.03763800719891303,101.48208225644143,0.011942201020711418,0.010968648881175769,0.006540425773289171,0.019916705827631172,0.011962146872276612,0.012334454671846271,0.006480669713402878,0.022458663506175328,0.0,0.002030016284174845,0.0010700081420874225,0.0016462632308920616,0.0008275061065655668,0.0005113769337457628
static_tailored,78.0,0.4637780061077238,0.5362219938922762,0.46377800610772385,0.4637780061077238,0.4637780061077238,5.551115123125783e-17,1.0,1.0,0.07244398778455241,0.07244398778455241,-5.551115123125783e-17,0.00378904485055942,0.26958849473635155,0.2331667692850597,0.23061123682266357,0.26663349915592527,0.7304115052636485,0.46377800610772324,0.49724473597858887,0.005510528042822371,0.0003994631180301855,0.07244398778455355,0.26958849473635155,-0.9961890506579321,5.551115123125783e-16,0.0,0.016344177689611765,0.0004037234547944503,0.06298135524675791,1.947045284200892e-20,0.9996917575503194,0.03627612817383347,117.68699675018146,0.010096477856036734,0.01133268595638115,0.005452524053625507,0.0193031647295836,0.011962146872276612,0.012334454671846271,0.006480669713402878,0.022458663506175328,0.0,0.0016999064014107802,0.0009049532007053901,0.001378048951146259,0.0007037149005290424,0.00047217638516753007
static_tailored,79.0,0.46462269501554154,0.5353773049844585,0.4646226950155416,0.46462269501554154,0.46462269501554154,5.551115123125783e-17,1.0,1.0,0.07075460996891692,0.07075460996891692,-5.551115123125783e-17,0.003614239796742691,0.26912149270577423,0.23355471025188088,0.23106798476366017,0.26625581227868456,0.7308785072942257,0.46462269501554104,0.49732379704234475,0.0053524059153103876,0.00037895493886896947,0.07075460996891775,0.26912149270577423,-0.9963650947611,4.996003610813204e-16,0.0,0.017730504190434832,0.0008952051680899478,0.058913126553274464,0.0,0.9997427968718235,0.03543623556679544,137.77528997425165,0.008116379349515146,0.012364110872260858,0.004529961936951543,0.018811683016288102,0.011962146872276612,0.012334454671846271,0.006480669713402878,0.022458663506175328,0.0,0.001420250928956776,0.000765125464478388,0.0011508288797773805,0.0005988440983587909,0.00043896729781361715
static_tailored,80.0,0.46542342952690974,0.5345765704730903,0.46542342952690974,0.4654234295269097,0.46542342952690974,5.551115123125783e-17,1.0,1.0,0.06915314094618052,0.06915314094618052,-5.551115123125783e-17,0.003452351715967028,0.2686806637711854,0.23392386336690413,0.23149956616000525,0.26589590670190527,0.7313193362288146,0.4654234295269094,0.49739547286191055,0.005209054276178959,0.00036045986238125716,0.06915314094618127,0.2686806637711854,-0.9965280749740764,3.3306690738754696e-16,0.0,0.020170409959525754,0.001277308511730399,0.05621726545178281,2.6837505386422256e-20,0.9997878368870496,0.03493142300331863,164.64418586982075,0.006201996924470321,0.01366362867373816,0.003755967479520339,0.01842957967264765,0.0078003224055614535,0.015045167028890206,0.0024776809056125462,0.016547452347480614,1.0,0.0011859250194919961,0.0006479625097459981,0.0009604390783372468,0.0005109718823094985,0.0004111410960646745
static_tailored,81.0,0.4661819394368366,0.5338180605631635,0.46618193943683656,0.46618193943683656,0.46618193943683656,0.0,1.0,1.0,0.06763612112632689,0.06763612112632689,0.0,0.0033024293421504147,0.2682643795868587,0.2342744860423038,0.2319074533945322,0.2655536809763052,0.7317356204131412,0.466181939436836,0.4974611343708374,0.005077731258325058,0.00034366596278190276,0.06763612112632794,0.2682643795868587,-0.9966789718188838,5.551115123125783e-16,0.0,0.022256789888106938,0.001563019857750897,0.05404520667955082,0.0,0.9998280451528002,0.03455264873924741,200.9402427551383,0.004587642029049377,0.014778013479269325,0.003113607707149413,0.018143868326627153,0.0078003224055614535,0.015045167028890206,0.0024776809056125462,0.016547452347480614,0.0,0.0009916963727485094,0.0005508481863742547,0.0008026283028581639,0.00043813613978069103,0.00038807644426388545
static_tailored,82.0,0.4668975203022262,0.5331024796977739,0.46689752030222614,0.46689752030222614,0.46689752030222614,0.0,1.0,1.0,0.06620495939554771,0.06620495939554771,0.0,0.003164049657303769,0.2678723672924552,0.23460571663088034,0.23229180367134517,0.26523011240531924,0.7321276327075448,0.46689752030222553,0.4975219160766644,0.004956167846671189,0.00032834192760078373,0.06620495939554896,0.2678723672924552,-0.9968182313783662,6.106226635438361e-16,0.0,0.02364316380208838,0.0017651659342662052,0.0519167089431231,0.0,0.9998619027103867,0.03418460522897928,247.5400156273439,0.0033793762125443605,0.01548338160424112,0.002586347679654044,0.017941722250111845,0.0078003224055614535,0.015045167028890206,0.0024776809056125462,0.016547452347480614,0.0,0.0008324173291417649,0.00047120866457088246,0.0006732140799276839,0.0003784064984281618,0.00036916205783558455
static_tailored,83.0,0.4675702970298143,0.5324297029701858,0.46757029702981423,0.46757029702981423,0.46757029702981423,0.0,1.0,1.0,0.06485940594037154,0.06485940594037154,0.0,0.003036654464141808,0.2675040453800641,0.23491719672806152,0.23265310030175185,0.2649256575901225,0.7324959546199359,0.46757029702981334,0.49757875789187433,0.00484248421625133,0.00031429136363197996,0.06485940594037323,0.2675040453800641,-0.9969464301203912,8.881784197001252e-16,0.0,0.024380113134680654,0.001896049653849121,0.049770351213213805,0.0,0.9998886158649317,0.03381498095783644,303.58884536928684,0.0025392756920085136,0.015808233084034562,0.002158345011917029,0.01781083853052893,0.0078003224055614535,0.015045167028890206,0.0024776809056125462,0.016547452347480614,0.0,0.0007031744925165602,0.0004065872462582801,0.0005682042751697052,0.0003299404346937101,0.0003538144709863415
static_tailored,84.0,0.468201983120468,0.5317980168795321,0.4682019831204679,0.46820198312046796,0.4682019831204679,5.551115123125783e-17,1.0,1.0,0.0635960337590642,0.0635960337590642,5.551115123125783e-17,0.0029194277301741733,0.267158121898171,0.23520943625938412,0.2329925468610831,0.26463989498136176,0.732841878101829,0.46820198312046724,0.4976324418424448,0.004735116315110255,0.00030133751850824897,0.06359603375906556,0.267158121898171,-0.9970643986410681,6.661338147750939e-16,0.0,0.02467885222502227,0.001967183714037174,0.047720939772669876,0.0,0.9999088757286342,0.033473490766724,367.33891272880845,0.0019712550815292884,0.01588256153691181,0.001814735038902171,0.017739704470340876,0.002315393215777672,0.013937871656391133,0.0011281829195436376,0.017071277434467635,1.0,0.0005993973937153116,0.00035469869685765586,0.0004838853823936907,0.00029102402264324185,0.0003414909405036932
static_tailored,85.0,0.4687953139936696,0.5312046860063305,0.46879531399366947,0.4687953139936694,0.46879531399366947,5.551115123125783e-17,1.0,1.0,0.06240937201266106,0.06240937201266106,-5.551115123125783e-17,0.002811424604090562,0.266832861479036,0.23548351415179405,0.23331179984187453,0.26437182452729535,0.7331671385209639,0.4687953139936686,0.4976836243691699,0.004632751261660184,0.00028932264182113254,0.06240937201266278,0.266832861479036,-0.997173093502838,8.881784197001252e-16,0.0,0.0247345423949142,0.001989113901573681,0.04587951447052925,4.851258251178431e-19,0.9999239939772,0.03318708207555326,436.63753019783877,0.0015861279807387607,0.015825945016053833,0.0015419146288615515,0.01771777428280437,0.002315393215777672,0.013937871656391133,0.0011281829195436376,0.017071277434467635,0.0,0.00051692970129237,0.00031346485064618506,0.00041688038230005067,0.00026009863798463875,0.0003316979020284689
static_tailored,86.0,0.46935335084727614,0.530646649152724,0.4693533508472761,0.4693533508472761,0.4693533508472761,0.0,1.0,1.0,0.06129329830544783,0.06129329830544783,0.0,0.0027117071295137407,0.26652641967706475,0.23574071600634375,0.23361263484093184,0.2641202294756599,0.7334735803229355,0.4693533508472756,0.4977328643165917,0.004534271366816778,0.0002781090359929572,0.06129329830544905,0.26652641967706475,-0.9972734621910213,4.996003610813204e-16,0.0,0.024676063121789677,0.0019713206480168888,0.044300818564648285,0.0,0.9999352264681333,0.03296765688706108,508.96802964038704,0.0013205426915393614,0.0157160527655289,0.0013277423170625635,0.01773556753636116,0.002315393215777672,0.013937871656391133,0.0011281829195436376,0.017071277434467635,0.0,0.0004520678288688712,0.0002810339144344356,0.00036418011095595783,0.00023577543582582668,0.00032399555467817843
static_tailored,87.0,0.46987904637092737,0.5301209536290727,0.46987904637092726,0.46987904637092726,0.46987904637092726,0.0,1.0,1.0,0.06024190725814549,0.06024190725814549,0.0,0.0026194188842121324,0.26623704850380964,0.2359823057520977,0.2338967406188291,0.2638839051252636,0.7337629514961904,0.4698790463709268,0.4977806457440927,0.00443870851181466,0.00026757824527745555,0.06024190725814646,0.26623704850380964,-0.9973663689841261,4.440892098500626e-16,0.0,0.024575537451821134,0.0019221855166615086,0.042991145409842176,0.0,0.999943563153434,0.032814838783244676,581.4435210316501,0.0011337964366665565,0.015594887917212419,0.001161635240537695,0.01778470266771654,0.002315393215777672,0.013937871656391133,0.0011281829195436376,0.017071277434467635,0.0,0.00040157252493244516,0.00025578626246622256,0.0003231526765076117,0.00021683969684966692,0.00031799923733572786
static_tailored,88.0,0.47037505337189767,0.5296249466281024,0.4703750533718976,0.4703750533718976,0.4703750533718976,0.0,1.0,1.0,0.05924989325620478,0.05924989325620478,0.0,0.002533810157825722,0.26596318382930767,0.23620942266497819,0.23416563070691873,0.2636617627987954,0.7340368161706923,0.4703750533718969,0.49782739350571414,0.004345212988571712,0.0002576290724528585,0.05924989325620614,0.26596318382930767,-0.9974525701262671,7.216449660063518e-16,0.0,0.02446890597178016,0.0018490087375294013,0.041928092973334455,0.0,0.9999497364106363,0.0327212969847609,650.9940376127523,0.0010003694031966992,0.015481874748257907,0.0010345898959813749,0.01785787944684865,0.0011195557654457655,0.01882426736512687,0.0020747327865635466,0.018865388642997347,1.0,0.00036265924350878793,0.00023632962175439398,0.0002915356353508902,0.00020224721631579548,0.00031337828516666855
static_tailored,89.0,0.47084367665866195,0.5291563233413381,0.4708436766586619,0.47084367665866195,0.4708436766586619,5.551115123125783e-17,1.0,1.0,0.05831264668267622,0.05831264668267622,5.551115123125783e-17,0.002454236679122035,0.2657034662783291,0.2364230550457219,0.2344206216129393,0.26345285706300986,0.7342965337216711,0.4708436766586612,0.49787347867594917,0.004253042648101835,0.0002481757825366082,0.05831264668267774,0.2657034662783291,-0.9975327152793978,6.661338147750939e-16,0.0,0.024371824134806503,0.0017580643795938253,0.0410760190673297,0.0,0.9999542804518895,0.03267666709123033,714.7198177080193,0.0009040229454557736,0.015383870428310686,0.0009391659212140135,0.017948823804784225,0.0011195557654457655,0.01882426736512687,0.0020747327865635466,0.018865388642997347,0.0,0.00033297288891951456,0.0002214864444597573,0.0002674154722471056,0.00019111483334481797,0.00030985303055919235
static_tailored,90.0,0.4712868918878404,0.5287131081121597,0.47128689188784034,0.47128689188784034,0.47128689188784034,0.0,1.0,1.0,0.057426216224319315,0.057426216224319315,0.0,0.002380147640884789,0.26545673510694706,0.23662405330437478,0.23466283858346487,0.2632563730052133,0.734543264893053,0.4712868918878397,0.4979192115886782,0.0041615768226436756,0.00023914738082386755,0.05742621622432073,0.26545673510694706,-0.9976073595061155,6.661338147750939e-16,0.0,0.02428936172533021,0.001654680969746334,0.04039515513108923,5.36800894119495e-19,0.9999575847845046,0.03266971782621483,770.2358091224291,0.000834079388079112,0.015301153195197537,0.0008694771874742102,0.018052207214631716,0.0011195557654457655,0.01882426736512687,0.0020747327865635466,0.018865388642997347,0.0,0.0003105520188729621,0.00021027600943648105,0.0002491985153342817,0.0001827070070773608,0.00030719055224116425
static_tailored,91.0,0.47170638757704236,0.5282936124229577,0.4717063875770423,0.4717063875770423,0.4717063875770423,0.0,1.0,1.0,0.056587224845915385,0.056587224845915385,0.0,0.0023110713140056527,0.26522201621352304,0.23681315976856293,0.23489322780847896,0.26307159620943504,0.734777983786477,0.47170638757704186,0.497964824017914,0.004070351964171992,0.0002304880440039958,0.05658722484591619,0.26522201621352304,-0.9976769775366925,4.440892098500626e-16,0.0,0.024221303612677565,0.001543337060364032,0.039845912900351,0.0,0.9999599309333939,0.03268921304777875,815.8216753361762,0.0007832545043046091,0.015230499443859014,0.0008212479423855834,0.018163551124014018,0.0011195557654457655,0.01882426736512687,0.0020747327865635466,0.018865388642997347,0.0,0.0002937868878737291,0.00020189344393686456,0.0002355768463974049,0.00017642008295264843,0.0003051996929350053
static_tailored,92.0,0.47210360766994797,0.527896392330052,0.47210360766994797,0.47210360766994797,0.47210360766994797,0.0,1.0,1.0,0.05579278466010407,0.05579278466010407,0.0,0.00224660207705063,0.26499851132405516,0.23699104005889013,0.23511256761105748,0.26289788100599726,0.7350014886759448,0.47210360766994763,0.49801044861705474,0.003979102765890585,0.00022215787022522582,0.055792784660104816,0.26499851132405516,-0.9977419766108016,3.3306690738754696e-16,0.0,0.024164777668643295,0.001427763168855789,0.03939003093514329,0.0,0.9999615136643928,0.03272383209648545,850.2714425831829,0.0007464169701991707,0.015166360498281017,0.0007920234098238721,0.01827912501552226,0.0009126700339905627,0.01402048044775223,0.0006392167538904177,0.017568553639701157,1.0,0.00028137491557777975,0.00019568745778888988,0.00022549211890694605,0.0001717655933416674,0.00030372577122486134
static_tailored,93.0,0.47247978267397267,0.5275202173260274,0.4724797826739726,0.4724797826739726,0.4724797826739726,0.0,1.0,1.0,0.05504043465205477,0.05504043465205477,0.0,0.0021863905547268025,0.2647855874059774,0.23715830379594302,0.23532147887802923,0.2627346299200503,0.7352144125940225,0.4724797826739723,0.49805610879807954,0.003887782403840856,0.00021413256801333658,0.055040434652055464,0.2647855874059774,-0.9978027063567647,3.3306690738754696e-16,0.0,0.02411527710117752,0.0013110434659924161,0.038989596726653114,4.804220578058526e-18,0.9999624484207592,0.03276123659483638,872.4329910271514,0.0007198664162116897,0.015100644668821772,0.0007816881178298596,0.018395844718385634,0.0009126700339905627,0.01402048044775223,0.0006392167538904177,0.017568553639701157,0.0,0.0002722763528370378,0.00019113817641851888,0.0002180995366800932,0.00016835363231388917,0.0003026453168993982
static_tailored,94.0,0.4728359409266202,0.5271640590733799,0.4728359409266201,0.4728359409266201,0.4728359409266201,0.0,1.0,1.0,0.05432811814675975,0.05432811814675975,0.0,0.0021301378385645275,0.26458276511408196,0.23731550547818087,0.23552043544843917,0.26258129395929797,0.735417234885918,0.47283594092662007,0.4981017294077371,0.003796541184525659,0.00020640112504233254,0.05432811814675989,0.26458276511408196,-0.997859464831679,5.551115123125783e-17,0.0,0.024066577466258916,0.001195712428437093,0.03860426687745563,0.0,0.9999627639685367,0.03278604705798378,880.4925167783579,0.0007008965896094788,0.015021100116120123,0.0007935632090106948,0.018511175755940957,0.0009126700339905627,0.01402048044775223,0.0006392167538904177,0.017568553639701157,0.0,0.0002656721523799118,0.0001878360761899559,0.00021273362380867832,0.00016587705714246693,0.0003018610680951145
static_tailored,95.0,0.4731728902528457,0.5268271097471544,0.47317289025284565,0.47317289025284565,0.47317289025284565,0.0,1.0,1.0,0.05365421949430871,0.05365421949430871,0.0,0.0020775948945480627,0.26438971166434116,0.2374631210205522,0.23570976923229328,0.26243739808281324,0.7356102883356588,0.4731728902528455,0.49814716731510655,0.003705665369786837,0.00019896179326900354,0.05365421949430893,0.26438971166434116,-0.9979124995704769,1.6653345369377348e-16,0.0,0.024009624588010443,0.0010838432971052372,0.03818623616872268,2.730608931929059e-24,0.999962375931038,0.03277609780350601,871.1470797216298,0.0006875168518432062,0.014907782370140121,0.0008365483389759509,0.018623044887272813,0.0009126700339905627,0.01402048044775223,0.0006392167538904177,0.017568553639701157,0.0,0.00026092537213252045,0.00018546268606626023,0.00020887686485767287,0.00016409701454969517,0.0003012973879407368
adaptive_decoder,0.0,5.666534815951349e-05,0.9999433346518405,5.666534815951349e-05,5.666534815951349e-05,5.666534815951349e-05,0.0,1.0,1.0,0.999886669303681,0.999886669303681,0.0,0.9991188635900785,0.9904980621443226,5.611821946171683e-05,5.471286977966083e-07,0.009445272507518023,0.009501937855677538,5.666534815951344e-05,0.00944581963621582,0.9811083607275685,0.9809972185460406,0.9998866693036811,0.9904980621443226,0.9220223855787829,4.743384504624082e-20,0.0,0.001094774297732928,0.0011095152725475142,0.011657077407003067,3.055650882261758e-18,0.9999433346518409,0.02759730181742247,487.02254047663416,0.009578389440585977,0.0005362392521371939,0.000672092814024472,0.018597372911830536,0.009745160453584601,0.0007922497228470254,1e-07,0.01970688818437805,1.0,0.0002500146915549268,0.0001800073457774634,0.00020001193688837801,0.00016000550933309755,0.0003000017446221475
adaptive_decoder,1.0,0.0003081116029178752,0.9996918883970821,0.0003081116029178752,0.0003081116029178752,0.0003081116029178752,0.0,1.0,1.0,0.9993837767941642,0.9993837767941642,0.0,0.9959616637545897,0.9809847975414423,0.00030227686127186625,5.834741646008979e-06,0.01870709085563981,0.019015202458557687,0.0003081116029178752,0.01871292559728582,0.9625741488054282,0.9619812645661767,0.9993837767941642,0.9809847975414423,0.8618099623063511,0.0,0.0,0.0010327985444122524,0.0009948248801007753,0.01164693121978401,2.0460474477502295e-21,0.9999429417877125,0.027761165030153526,486.5410940367956,0.00961972794332322,0.0005512409700225707,0.0006664572813264158,0.018712063304277275,0.009745160453584601,0.0007922497228470254,1e-07,0.01970688818437805,0.0,0.00025002422200184573,0.00018001211100092287,0.00020001968037649964,0.00016000908325069217,0.00030000287636271916
adaptive_decoder,2.0,0.0007432088940795941,0.9992567911059204,0.0007432088940795941,0.0007432088940795941,0.0007432088940795941,0.0,1.0,1.0,0.9985135822118408,0.9985135822118408,0.0,0.9912033026752339,0.9714726071424565,0.000722377474890989,2.083141918860479e-05,0.027784183963463785,0.02852739285754338,0.0007432088940795938,0.02780501538265239,0.9443899692346951,0.9429868771232903,0.9985135822118407,0.9714726071424565,0.8079415457929601,3.2526065174565133e-19,0.0,0.0009715485059030438,0.0008889963085421219,0.011648356511021663,1.8257713057985447e-19,0.9999424935814158,0.027917735277685804,485.4716389063989,0.009652754254137808,0.000575965839969883,0.0006629584235791075,0.018817891875835928,0.009745160453584601,0.0007922497228470254,1e-07,0.01970688818437805,0.0,0.0002500395708462438,0.0001800197854231219,0.00020003215131257307,0.00016001483906734142,0.00030000469903799143
adaptive_decoder,3.0,0.0013526691516526676,0.9986473308483473,0.0013526691516526676,0.0013526691516526676,0.0013526691516526676,0.0,1.0,1.0,0.9972946616966947,0.9972946616966947,0.0,0.9851589278143731,0.9619714727139419,0.0013026918955449805,4.9977256107687154e-05,0.036675858134405416,0.038028527286058086,0.0013526691516526678,0.036725835390513106,0.9265483292189738,0.9240428999400991,0.9972946616966947,0.9619714727139419,0.7580855338537225,2.168404344971009e-19,0.0,0.0009070047486232213,0.0007924843586870345,0.011675970469249094,3.295125633699585e-18,0.9999419577654449,0.02806965590122152,483.6074302857071,0.009673498121833268,0.000617632148698255,0.0006608248427231178,0.018914403825691015,0.009745160453584601,0.0007922497228470254,1e-07,0.01970688818437805,0.0,0.00025006405656976416,0.00018003202828488209,0.0002000520459629334,0.00016002402121366156,0.0003000076067176595
adaptive_decoder,4.0,0.002127709735745652,0.9978722902642544,0.002127709735745652,0.002127709735745652,0.002127709735745652,0.0,1.0,1.0,0.9957445805285087,0.9957445805285087,0.0,0.9780470525234378,0.9524904488136801,0.0020304803464740793,9.722938927157302e-05,0.04538184145057424,0.04750955118631989,0.0021277097357456525,0.04547907083984581,0.9090418583203084,0.9051753564059033,0.9957445805285086,0.9524904488136801,0.7111743531177122,4.336808689942018e-19,0.0,0.0008336414526003,0.0007056988821161382,0.011756859535827079,2.0376278432636713e-21,0.9999412658403639,0.028221305285820883,480.49219501357146,0.009673913998168082,0.0006893791259307003,0.0006596244002674556,0.01900118930226191,0.009879507291240479,0.0007081552487659493,0.0007809474259381584,0.021081665868390855,1.0,0.0002501027483968017,0.00018005137419840086,0.00020008348307240138,0.00016003853064880063,0.00030001220137212015
adaptive_decoder,5.0,0.0030603979994140184,0.996939602000586,0.0030603979994140184,0.003060397999414018,0.003060397999414018,4.336808689942018e-19,1.0,1.0,0.9938792040011719,0.9938792040011719,-4.336808689942018e-19,0.9700308990369648,0.9430373403797573,0.002894273799759489,0.00016612419965452858,0.053902261620828666,0.05696265962024268,0.0030603979994140175,0.05406838582048319,0.8918632283590335,0.8864069291588237,0.9938792040011719,0.9430373403797573,0.6665968878995184,4.336808689942018e-19,0.0,0.0007882190097530829,0.0006290009562172558,0.011941875645408663,3.0740872262102656e-18,0.9999402911597258,0.028380574446318228,475.3161226377589,0.00963888050354711,0.0008151628411776635,0.0006591259413849526,0.019077887228160794,0.009879507291240479,0.0007081552487659493,0.0007809474259381584,0.021081665868390855,0.0,0.00025016330875404563,0.00018008165437702282,0.00020013268836266207,0.00016006124078276712,0.00030001939291454286
adaptive_decoder,6.0,0.004144398209699483,0.9958556017903005,0.004144398209699484,0.004144398209699483,0.004144398209699484,8.673617379884035e-19,1.0,1.0,0.991711203580601,0.991711203580601,-8.673617379884035e-19,0.9612319604798646,0.9336179845020552,0.003884517808477575,0.00025988040122190356,0.06223761728824521,0.06638201549794469,0.004144398209699479,0.062497497689467114,0.8750050046210657,0.8677557298065545,0.9917112035806009,0.9336179845020552,0.6239516724276228,5.204170427930421e-18,0.0,0.001109239570158366,0.0005626983949206452,0.012323594474058067,0.0,0.9999388191901806,0.028561709730581572,466.84098845504167,0.00954089566658034,0.0010381012921052424,0.0006592232138958876,0.019144189789457405,0.009879507291240479,0.0007081552487659493,0.0007809474259381584,0.021081665868390855,0.0,0.00025025719760011085,0.00018012859880005543,0.00020020897305009005,0.00016009644910004159,0.00030003054221501314
adaptive_decoder,7.0,0.005376231162826427,0.9946237688371735,0.005376231162826428,0.005376231162826427,0.005376231162826428,8.673617379884035e-19,1.0,1.0,0.9892475376743471,0.9892475376743471,-8.673617379884035e-19,0.9517322017028398,0.9242350757782173,0.004994657816151822,0.00038157334667460153,0.07038869305895643,0.07576492422178285,0.005376231162826424,0.07077026640563103,0.8584594671887381,0.8492332982497836,0.9892475376743474,0.9242350757782173,0.5829406221590174,4.336808689942018e-18,0.0,0.0017134157502611438,0.0005070402878971925,0.013059765081493856,0.0,0.9999365349195597,0.028789380170963472,453.62552085697365,0.00933208862579471,0.0014328051587807478,0.0006598884865375299,0.019199847896480857,0.009879507291240479,0.0007081552487659493,0.0007809474259381584,0.021081665868390855,0.0,0.0002504013722969021,0.00018020068614845106,0.000200326114991233,0.00016015051461133831,0.0003000476629602571
adaptive_decoder,8.0,0.006756925940624642,0.9932430740593754,0.006756925940624642,0.006756925940624641,0.006756925940624641,8.673617379884035e-19,1.0,1.0,0.9864861481187507,0.9864861481187507,-8.673617379884035e-19,0.9415713263796686,0.9148866847026644,0.006222527792884931,0.0005343981477397128,0.07835638935671094,0.08511331529733558,0.006756925940624644,0.07889078750445065,0.8422184249910987,0.8308421657008083,0.9864861481187508,0.9148866847026644,0.5433126276032725,2.6020852139652106e-18,0.0,0.0027949138756910466,0.0004622101677331236,0.014389615243628253,0.0,0.9999331232647287,0.029102415106362547,435.165009002162,0.008936283414987534,0.002117253233547167,0.0006611333263938368,0.019244678016644926,0.009089540399784796,0.0010553002044482267,0.0013556435746067868,0.0189209341390818,1.0,0.00025062065593258555,0.00018031032796629278,0.00020050428294522576,0.0001602327459747196,0.0003000737028919945
adaptive_decoder,9.0,0.008292765027710904,0.9917072349722891,0.008292765027710904,0.008292765027710902,0.008292765027710904,1.734723475976807e-18,1.0,1.0,0.9834144699445782,0.9834144699445782,-1.734723475976807e-18,0.9307502079704729,0.9055656699726817,0.007570837730475045,0.0007219272972358601,0.08614156499960735,0.09443433002731826,0.008292765027710905,0.0868634922968432,0.8262730154063136,0.8125751945398352,0.9834144699445782,0.9055656699726817,0.5048372178157197,1.734723475976807e-18,0.0,0.004606406699319404,0.0004283172945801911,0.0166006473944372,6.823478492686412e-22,0.9999286977984415,0.029550524934677226,414.4405682963052,0.008253725166620929,0.0032443598527013284,0.0006629612825014286,0.01927857088979786,0.009089540399784796,0.0010553002044482267,0.0013556435746067868,0.0189209341390818,0.0,0.0002509509933138399,0.00018047549665691995,0.00020077268206749493,0.00016035662249268997,0.00030011293045601844
adaptive_decoder,10.0,0.009991460173773975,0.990008539826226,0.009991460173773975,0.009991460173773975,0.009991460173773975,0.0,1.0,1.0,0.9800170796524521,0.9800170796524521,0.0,0.9192634829729398,0.8962632357624969,0.009043497797701307,0.0009479623760726692,0.09374530406372916,0.10373676423750314,0.009991460173773977,0.09469326643980183,0.8106134671203964,0.7944223962771391,0.9800170796524521,0.8962632357624969,0.4673192003168847,1.734723475976807e-18,0.0,0.007342666333634856,0.0004053854226393275,0.019869656263916093,0.0,0.9999246501783954,0.030170040184829466,400.39962328165115,0.0072061105279807025,0.004930641986481077,0.000665324144396906,0.019301502761738722,0.009089540399784796,0.0010553002044482267,0.0013556435746067868,0.0189209341390818,0.0,0.0002514438665374929,0.00018072193326874647,0.000201173141561713,0.00016054144995155986,0.00030017145915132727
adaptive_decoder,11.0,0.011850032339098034,0.988149967660902,0.011850032339098034,0.011850032339098036,0.011850032339098034,1.734723475976807e-18,1.0,1.0,0.9762999353218039,0.9762999353218039,1.734723475976807e-18,0.9071777691054355,0.8869797235442396,0.01063468028919956,0.0012153520498984754,0.10117024411666246,0.1130202764557605,0.011850032339098036,0.10238559616656094,0.7952288076668783,0.776390151188276,0.976299935321804,0.8869797235442396,0.43066531266972086,1.734723475976807e-18,0.0,0.010892641691292743,0.0003933382767169931,0.023982657985878425,1.850940968004714e-18,0.9999239045284465,0.030934228805516814,406.51865576207484,0.005833999766187925,0.00710567278258234,0.0006681579441607521,0.019313549907661057,0.009089540399784796,0.0010553002044482267,0.0013556435746067868,0.0189209341390818,0.0,0.0002521721993266795,0.00018108609966333976,0.00020176491195292713,0.00016081457474750483,0.0003002579486700432
adaptive_decoder,12.0,0.013840574467597896,0.9861594255324021,0.013840574467597896,0.0138405744675979,0.013840574467597897,3.469446951953614e-18,1.0,1.0,0.9723188510648042,0.9723188510648042,3.469446951953614e-18,0.8947062081820325,0.8777366995967579,0.012316544634096413,0.001524029833501491,0.10842272593564412,0.12226330040324201,0.013840574467597904,0.1099467557691456,0.7801064884617086,0.7585214588605189,0.9723188510648042,0.8777366995967579,0.3949508744435377,6.938893903907228e-18,0.0,0.01468779223641788,0.0003919808278541742,0.02823731175787848,3.1595350025010997e-16,0.999928632114714,0.0317256455647699,444.5367189690022,0.00435856576410798,0.009421965913772867,0.000671581356015416,0.019314907356523876,0.004053631943389475,0.012370071104398092,0.0005719508944756027,0.018423196391313516,1.0,0.0002532381378522882,0.0001816190689261441,0.0002026309870049842,0.0001612143016946081,0.0003003845288699592
adaptive_decoder,13.0,0.015911187541780683,0.9840888124582193,0.015911187541780683,0.015911187541780683,0.015911187541780683,0.0,1.0,1.0,0.9681776249164387,0.9681776249164387,0.0,0.882178119963501,0.8685749596146802,0.014040962960495316,0.0018702245812853746,0.11551385284353904,0.13142504038531974,0.01591118754178069,0.11738407742482442,0.765231845150351,0.7408903683919312,0.9681776249164387,0.8685749596146802,0.3603836872661541,6.938893903907228e-18,0.0,0.017994566496174664,0.0004009753269928716,0.031847495783396386,2.4660335944083713e-21,0.9999373278145051,0.03239840946014006,516.9503696780538,0.003069400273134848,0.011435035284554806,0.0006761207540171288,0.019305912857385178,0.004053631943389475,0.012370071104398092,0.0005719508944756027,0.018423196391313516,0.0,0.00025478315029455514,0.00018239157514727758,0.00020388630961432603,0.00016179368136045818,0.00030056799909747837
adaptive_decoder,14.0,0.018004762342681814,0.9819952376573182,0.018004762342681817,0.01800476234268182,0.01800476234268182,3.469446951953614e-18,1.0,1.0,0.9639904753146363,0.9639904753146363,3.469446951953614e-18,0.8699136776758599,0.8595368592617906,0.015756774554022936,0.0022479877886588985,0.12245837839552767,0.1404631407382095,0.018004762342681835,0.12470636618418657,0.750587267631627,0.7235696941008989,0.9639904753146364,0.8595368592617906,0.32717414052034066,1.3877787807814457e-17,0.0,0.020408757338973366,0.0004198109527327777,0.03445420256799517,3.1534003591326763e-16,0.9999462452847496,0.03287691263985081,611.609837141141,0.002129591617746729,0.0129028403386654,0.0006826978873171186,0.019287077231645272,0.004053631943389475,0.012370071104398092,0.0005719508944756027,0.018423196391313516,0.0,0.0002570009303444458,0.0001835004651722229,0.00020568825590486223,0.00016262534887916718,0.0003008313604784029
adaptive_decoder,15.0,0.020076532801955795,0.9799234671980442,0.020076532801955795,0.020076532801955798,0.020076532801955795,3.469446951953614e-18,1.0,1.0,0.9598469343960884,0.9598469343960884,3.469446951953614e-18,0.8581299632805053,0.8506503973509325,0.017425118530514844,0.0026514142714409664,0.12927306984711168,0.1493496026490675,0.02007653280195581,0.13192448411855265,0.7361510317628948,0.706603623244747,0.9598469343960883,0.8506503973509325,0.29543739911840583,1.3877787807814457e-17,0.0,0.021964202887992907,0.00044776587750855815,0.03615944717400549,6.746162233254935e-21,0.9999529290954012,0.03317406731173608,704.7680004136768,0.001530133200328354,0.013849060892174081,0.0006924644654096035,0.01925912230686949,0.004053631943389475,0.012370071104398092,0.0005719508944756027,0.018423196391313516,0.0,0.0002601536110102559,0.00018507680550512796,0.0002082498089458329,0.00016380760412884596,0.00030120574130746786
adaptive_decoder,16.0,0.02209897458939917,0.9779010254106009,0.02209897458939917,0.022098974589399172,0.02209897458939917,3.469446951953614e-18,1.0,1.0,0.9558020508212016,0.9558020508212016,3.469446951953614e-18,0.8469311868911156,0.8419248157549946,0.01902311391022294,0.0030758606791762588,0.1359762096556063,0.1580751842450055,0.0220989745893992,0.13905207033478256,0.7218958593304349,0.6900013528683416,0.9558020508212016,0.8419248157549946,0.2651803137763513,3.122502256758253e-17,0.0,0.02289910963842619,0.0004838605864534058,0.037247325482598174,0.0,0.9999569724799143,0.03334250564306828,774.911163289951,0.001180541600651508,0.014420084648864573,0.0007067558594755496,0.019223027597924644,0.0008216522364456616,0.016656108205189608,4.4185026397908786e-05,0.01936732579084991,1.0,0.00026459178161971524,0.00018729589080985763,0.00021185582256601863,0.00016547191810739324,0.0003017327740673412
adaptive_decoder,17.0,0.024058510626594542,0.9759414893734054,0.024058510626594542,0.02405851062659455,0.024058510626594545,6.938893903907228e-18,1.0,1.0,0.9518829787468109,0.9518829787468109,6.938893903907228e-18,0.8363417775250692,0.8333532961408262,0.020540354394836827,0.003518156231757763,0.1425881932325792,0.1666467038591738,0.02405851062659459,0.14610634946433698,0.707787301071326,0.673742904745168,0.9518829787468108,0.8333532961408262,0.23633172898922128,4.5102810375396984e-17,0.0,0.02345040594653643,0.0005268014311793287,0.037980491786775636,0.0,0.9999588967337046,0.03343367864203272,813.4068568123931,0.0009902123249098116,0.014760611098321719,0.0007271964423869459,0.01918008675319872,0.0008216522364456616,0.016656108205189608,4.4185026397908786e-05,0.01936732579084991,0.0,0.00027077873750731894,0.00019038936875365948,0.00021688272422469663,0.0001677920265652446,0.0003024674750789941
adaptive_decoder,18.0,0.0259506898880339,0.974049310111966,0.025950689888033902,0.02595068988803391,0.025950689888033906,6.938893903907228e-18,1.0,1.0,0.9480986202239322,0.9480986202239322,6.938893903907228e-18,0.8263407130148084,0.8249167809343825,0.021974268964492845,0.003976420923541129,0.1491325291775836,0.17508321906561758,0.025950689888033972,0.15310895010112474,0.6937820997977506,0.6577864037158472,0.9480986202239321,0.8249167809343825,0.20877463815347885,6.591949208711867e-17,0.0,0.023785669751729983,0.0005749137072624255,0.03854513128580304,2.418537848966424e-19,0.9999592822649241,0.03348513852939229,822.3723266289155,0.0008959660292258143,0.0149729672697404,0.0007558577804778199,0.019131974477115624,0.0008216522364456616,0.016656108205189608,4.4185026397908786e-05,0.01936732579084991,0.0,0.00027931926153497015,0.00019465963076748509,0.00022382189999716327,0.0001709947230756138,0.0003034816623072777
adaptive_decoder,19.0,0.027776590909871533,0.9722234090901285,0.02777659090987153,0.02777659090987154,0.027776590909871536,1.0408340855860843e-17,1.0,1.0,0.9444468181802569,0.9444468181802569,1.0408340855860843e-17,0.8168840195176486,0.8165867258791185,0.023326728938856723,0.004449861971014865,0.15563668321100985,0.18341327412088143,0.027776590909871588,0.1600865451820247,0.6798269096359505,0.6420731757002668,0.9444468181802569,0.8165867258791185,0.18236746356320377,5.204170427930421e-17,0.0,0.02400846853670587,0.0006260640514652131,0.03906408506296827,4.140862390079103e-21,0.9999584920039801,0.033522296669509274,807.6105782957801,0.0008604549909160264,0.015120690843159146,0.0007954219537251728,0.019080824132912837,0.0008216522364456616,0.016656108205189608,4.4185026397908786e-05,0.01936732579084991,0.0,0.0002909930218099591,0.00020049651090497955,0.00023330683022059176,0.00017537238317873465,0.00030486792133993263
adaptive_decoder,20.0,0.029540704275286208,0.9704592957247138,0.029540704275286208,0.02954070427528622,0.02954070427528621,1.0408340855860843e-17,1.0,1.0,0.9409185914494276,0.9409185914494276,1.0408340855860843e-17,0.8079167426940687,0.8083269857570758,0.024602057317016063,0.004938646958270173,0.16213230996763786,0.1916730142429241,0.029540704275286236,0.16707095692590804,0.6658580861481839,0.6265312654306922,0.9409185914494275,0.8083269857570758,0.156956438413002,2.42861286636753e-17,0.0,0.024180155372440632,0.000677572701635619,0.039621576399021294,2.6764851057015742e-19,0.9999566651696007,0.03356319633061247,774.5085424667134,0.000863884984873331,0.015241876710012425,0.0008493529165639613,0.01902931548274243,0.0005997283891747878,0.015554063195293365,0.0012323800988715754,0.015605573619592677,1.0,0.000306792354631085,0.0002083961773155425,0.00024614378813775655,0.00018129713298665687,0.00030674409211244133
adaptive_decoder,21.0,0.031249870364218203,0.9687501296357818,0.031249870364218203,0.031249870364218214,0.03124987036421821,1.0408340855860843e-17,1.0,1.0,0.9375002592715636,0.9375002592715636,1.0408340855860843e-17,0.7993783179287977,0.8000957418990603,0.02580603468041031,0.0054438356838079245,0.16865438773672153,0.19990425810093976,0.031249870364218234,0.17409822342052947,0.6518035531589412,0.6110791551657364,0.9375002592715636,0.8000957418990603,0.13238386276734837,2.42861286636753e-17,0.0,0.024337866867048936,0.0007261171788219452,0.040282315205624364,2.9051793557409213e-19,0.9999537680539752,0.033622357029460224,727.253769750651,0.0008971411683877939,0.01536010423496681,0.0009220930697323437,0.018980771005556105,0.0005997283891747878,0.015554063195293365,0.0012323800988715754,0.015605573619592677,0.0,0.00032796377363527224,0.00021898188681763613,0.0002633455660786587,0.0001892364151132271,0.00030925819811918856
adaptive_decoder,22.0,0.03291287223132707,0.9670871277686729,0.03291287223132707,0.03291287223132708,0.03291287223132708,6.938893903907228e-18,1.0,1.0,0.9341742555373458,0.9341742555373458,6.938893903907228e-18,0.7912042655733773,0.7918482728893381,0.026945544833799375,0.005967327397527744,0.17523885487933474,0.20815172711066188,0.03291287223132712,0.1812061822768625,0.6375876354462751,0.5956312005737316,0.9341742555373458,0.7918482728893381,0.108495642485401,4.163336342344337e-17,0.0,0.024505934978921912,0.0007676302509665688,0.0411035683674332,3.1509122006825317e-16,0.9999496330273808,0.03371318729306864,669.3510755147771,0.0009574727397408944,0.0154912902515979,0.00101930673632733,0.01893925793341148,0.0005997283891747878,0.015554063195293365,0.0012323800988715754,0.015605573619592677,0.0,0.0003560520002104462,0.00023302600010522307,0.0002861672501709875,0.00019976950007891733,0.00031259367502499045
adaptive_decoder,23.0,0.034540435235803864,0.9654595647641961,0.034540435235803864,0.034540435235803885,0.03454043523580387,2.0816681711721685e-17,1.0,1.0,0.9309191295283923,0.9309191295283923,2.0816681711721685e-17,0.7833258676250276,0.7835407328084482,0.028028636680555073,0.006511798555248814,0.18191883195574796,0.21645926719155184,0.034540435235803885,0.18843063051099676,0.6231387389780064,0.5801050627273939,0.9309191295283922,0.7835407328084482,0.08514897706778257,1.3877787807814457e-17,0.0,0.024702416476135098,0.0007971966090379763,0.0421420528020245,3.844702071193716e-22,0.9999439749804221,0.033849282732621354,604.1815422402415,0.0010460744771925157,0.015647476325280185,0.0011482038973098518,0.018909691575340073,0.0005997283891747878,0.015554063195293365,0.0012323800988715754,0.015605573619592677,0.0,0.0003929446519375753,0.00025147232596878764,0.00031614252969927993,0.00021360424447659074,0.000316974677417587
adaptive_decoder,24.0,0.03614550949316182,0.9638544905068381,0.03614550949316182,0.03614550949316184,0.03614550949316183,1.3877787807814457e-17,1.0,1.0,0.9277089810136764,0.9277089810136764,1.3877787807814457e-17,0.7756686287056757,0.7751340477898213,0.02906485583491819,0.007080653658243588,0.18872044271701682,0.2248659522101786,0.03614550949316178,0.19580109637526041,0.608397807249479,0.56442940289613,0.9277089810136764,0.7751340477898213,0.062218251570758,4.85722573273506e-17,0.0,0.02494260776416986,0.0008089544840854043,0.043457266709359656,7.751646769192271e-24,0.9999363879665443,0.0340448802307327,535.1955971416387,0.0011668090735141856,0.015838600189688523,0.0013180059172579472,0.018897933700292645,0.0009106671967868133,0.01728217180842262,0.001605363569853681,0.017369352435718247,1.0,0.0004409149747467784,0.0002754574873733892,0.00035511841698175747,0.0002315931155300419,0.0003226711532511799
adaptive_decoder,25.0,0.03774379541017711,0.9622562045898229,0.03774379541017711,0.037743795410177125,0.03774379541017712,1.3877787807814457e-17,1.0,1.0,0.9245124091796457,0.9245124091796457,1.3877787807814457e-17,0.7681498224859008,0.7665961421352807,0.030065727745598455,0.007678067664578632,0.1956600624545423,0.23340385786471937,0.03774379541017708,0.2033381301191209,0.5933237397617582,0.5485484195997187,0.9245124091796458,0.7665961421352807,0.03959549881300917,3.469446951953614e-17,0.0,0.025240737403993314,0.0007960103697033892,0.045112033117839054,0.0,0.9999263245743429,0.034314498411799725,465.75229265080355,0.0013255549544888279,0.016072808789887483,0.0015406728378570822,0.01891087781467466,0.0009106671967868133,0.01728217180842262,0.001605363569853681,0.017369352435718247,0.0,0.000502659197607975,0.00030632959880398756,0.00040528559805647974,0.00025474719910299065,0.000330003279715947
adaptive_decoder,26.0,0.03935453316834058,0.9606454668316594,0.03935453316834058,0.0393545331683406,0.03935453316834059,2.0816681711721685e-17,1.0,1.0,0.9212909336633188,0.9212909336633188,2.0816681711721685e-17,0.7606751191931799,0.7579009038152438,0.031045311144709674,0.008309222023630948,0.2027445630164155,0.2420990961847561,0.03935453316834062,0.21105378504004643,0.577892429919907,0.5324202516777495,0.9212909336633187,0.7579009038152438,0.017182931527292777,3.469446951953614e-17,0.0,0.025610412877653938,0.0007503769527590423,0.04717020399526118,0.0,0.9999130574999902,0.03467150115651084,398.786567588746,0.001529874048529889,0.016355356472653737,0.0018321197227925134,0.018956511231619008,0.0009106671967868133,0.01728217180842262,0.001605363569853681,0.017369352435718247,0.0,0.0005813242824895022,0.0003456621412447511,0.00046920097952272055,0.00028424660593356335,0.0003393447585456284
adaptive_decoder,27.0,0.04100162939014026,0.9589983706098597,0.04100162939014026,0.04100162939014027,0.041001629390140265,1.3877787807814457e-17,1.0,1.0,0.9179967412197194,0.9179967412197194,1.3877787807814457e-17,0.7531340751908391,0.7490238345732921,0.0320208269657546,0.008980802424385717,0.20997453603656763,0.2509761654267079,0.041001629390140314,0.21895533846095333,0.5620893230780935,0.5160092739953557,0.9179967412197194,0.7490238345732921,-0.005121312609639439,4.85722573273506e-17,0.0,0.026063941554050413,0.0006629461093841348,0.049690737423034835,5.61951151458283e-19,0.9998956201917745,0.03512495785390115,336.511040315459,0.001788825075372813,0.016685625035759877,0.002214330862925773,0.019043942074993915,0.0009106671967868133,0.01728217180842262,0.001605363569853681,0.017369352435718247,0.0,0.0006805211136891249,0.0003952605568445624,0.0005497984048724139,0.0003214454176334218,0.00035112438225058353
adaptive_decoder,28.0,0.04271524217476629,0.9572847578252337,0.042715242174766285,0.0427152421747663,0.04271524217476629,1.3877787807814457e-17,1.0,1.0,0.9145695156504674,0.9145695156504674,1.3877787807814457e-17,0.7453941162087143,0.7399360355193457,0.03301347488311804,0.009701767291648348,0.21734872230588792,0.2600639644806543,0.04271524217476638,0.22705048959753626,0.5458990208049275,0.4992756056219882,0.9145695156504672,0.7399360355193457,-0.02743998576801232,9.020562075079397e-17,0.0,0.02661030338832811,0.0005235101596080954,0.052716857066192516,0.0,0.9998727243344487,0.03567375711294467,280.2873350410907,0.0021128208484865185,0.01705129403490413,0.002719019471172923,0.019183378024769954,0.0020715107246081456,0.013743555283933173,0.003047192703443221,0.0201865796247017,1.0,0.000804317614467711,0.00045715880723385554,0.0006503830617550152,0.0003678691054253916,0.00036582521671804066
adaptive_decoder,29.0,0.04453396185447987,0.9554660381455201,0.04453396185447987,0.044533961854479893,0.04453396185447989,2.0816681711721685e-17,1.0,1.0,0.9109320762910402,0.9109320762910402,2.0816681711721685e-17,0.7372926886504271,0.7305986566335119,0.03404959317858899,0.010484368675890967,0.22486738151200816,0.26940134336648813,0.044533961854479956,0.23535175018789914,0.5292964996242018,0.4821660506188057,0.91093207629104,0.7305986566335119,-0.04993188391871195,6.938893903907228e-17,0.0,0.027251404328490787,0.00032084522266624324,0.056259516925727206,3.1400794464800427e-16,0.9998426656575663,0.03629681633628171,230.69862418357067,0.0025134661814730785,0.017418513332232988,0.0033935464469933008,0.019386042961711807,0.0020715107246081456,0.013743555283933173,0.003047192703443221,0.0201865796247017,0.0,0.0009572060037902717,0.0005336030018951359,0.0007746048780795957,0.0004252022514213519,0.00038398071295009476
adaptive_decoder,30.0,0.046507597412928856,0.9534924025870711,0.04650759741292886,0.04650759741292888,0.04650759741292887,2.0816681711721685e-17,1.0,1.0,0.9069848051741423,0.9069848051741423,2.0816681711721685e-17,0.7286279758435452,0.7209591899939808,0.035162192377096516,0.01134540503583242,0.23253321259309032,0.27904081000601927,0.04650759741292894,0.24387861762892274,0.5122427647421546,0.4646091900596263,0.9069848051741423,0.7209591899939808,-0.07280303126234577,6.938893903907228e-17,0.0,0.027976845266014145,4.287018924412078e-05,0.060278475679582263,9.401534329169652e-19,0.9998032815550444,0.036939968889402874,187.78091143277385,0.0030033315883488676,0.01771864536114487,0.004308720762480567,0.01966401799513393,0.0020715107246081456,0.013743555283933173,0.003047192703443221,0.0201865796247017,0.0,0.0011440385261089667,0.0006270192630544834,0.0009264063024635355,0.0004952644472908626,0.0004061670749754398
adaptive_decoder,31.0,0.04870003898651246,0.9512999610134876,0.04870003898651246,0.04870003898651248,0.04870003898651247,1.3877787807814457e-17,1.0,1.0,0.902599922026975,0.902599922026975,1.3877787807814457e-17,0.7191510597788744,0.7109502248676814,0.03639244091900714,0.012307598067505398,0.24034973614580593,0.28904977513231844,0.04870003898651254,0.2526573342133113,0.49468533157337735,0.44651564587037373,0.9025999220269748,0.7109502248676814,-0.0963117360812551,6.938893903907228e-17,0.0,0.028760460579719555,0.00032310674840418593,0.06467749047567845,1.7405487025589627e-18,0.9997521516667318,0.03750801077092335,151.33452896912394,0.0035956274951485234,0.017840159420325907,0.005563117923804595,0.020029994932782236,0.0020715107246081456,0.013743555283933173,0.003047192703443221,0.0201865796247017,0.0,0.0013699266110914288,0.0007399633055457144,0.001109940371511786,0.0005799724791592857,0.00043299128506710716
adaptive_decoder,32.0,0.05119050093620763,0.9488094990637923,0.051190500936207625,0.051190500936207646,0.05119050093620764,2.0816681711721685e-17,1.0,1.0,0.8976189981275847,0.8976189981275847,2.0816681711721685e-17,0.7085672446513398,0.7004914312039081,0.03778981951656687,0.013400681419640835,0.24831806785988425,0.29950856879609195,0.0511905009362077,0.2617187492795251,0.47656250144094997,0.42778422524709775,0.8976189981275846,0.7004914312039081,-0.12076168342747873,6.245004513516506e-17,0.0,0.029569460980042945,0.0007900451190385183,0.0693559823083349,0.0,0.9996873509746038,0.03788975835113878,121.1894337528337,0.0043037592654456835,0.017654147718479396,0.007266261796271656,0.020496933303416568,0.003814374820914883,0.01809336744363606,0.006903373805523824,0.020385482409514957,1.0,0.0016400996369615038,0.000875049818480752,0.0013294559550312219,0.0006812873638605638,0.0004650743318891786
adaptive_decoder,33.0,0.054070902306808985,0.945929097693191,0.054070902306808985,0.05407090230680899,0.054070902306808985,6.938893903907228e-18,1.0,1.0,0.891858195386382,0.891858195386382,6.938893903907228e-18,0.6965555967138327,0.6894956855789808,0.03940937622457857,0.014661526082230508,0.2564334121142102,0.3105043144210193,0.054070902306809075,0.2710949381964407,0.4578101236071186,0.4083144233224225,0.891858195386382,0.6894956855789808,-0.14647582219253152,9.020562075079397e-17,0.0,0.030403026031390296,0.001370728521365376,0.07436711686502238,1.6007866774916268e-18,0.9996085440572369,0.03805824276969429,97.22228892747529,0.0051407929642385275,0.017117185724249806,0.009473822540641441,0.021077616705743426,0.003814374820914883,0.01809336744363606,0.006903373805523824,0.020385482409514957,0.0,0.001959721334271696,0.001034860667135848,0.001589148584095753,0.0008011455003518859,0.0005030294084447639
adaptive_decoder,34.0,0.05744122543496338,0.9425587745650366,0.05744122543496338,0.0574412254349634,0.05744122543496339,1.3877787807814457e-17,1.0,1.0,0.8851175491300732,0.8851175491300732,1.3877787807814457e-17,0.6827973380179799,0.677877256837412,0.041307647979408925,0.016133577455554552,0.26468151772762455,0.32212274316258804,0.05744122543496348,0.2808150951831791,0.43836980963364175,0.38802166858593307,0.8851175491300731,0.677877256837412,-0.17376172034909176,9.020562075079397e-17,0.0,0.03135058630314154,0.002077222347415624,0.0801132781353953,3.1509124126208277e-16,0.9995164014221458,0.03821785914705373,79.02806355765871,0.0061189352489910975,0.016424405665440123,0.012092305155954941,0.021784110531793674,0.003814374820914883,0.01809336744363606,0.006903373805523824,0.020385482409514957,0.0,0.0023336643788149387,0.0012218321894074693,0.0018929773077871373,0.0009413741420556017,0.0005474351449842739
adaptive_decoder,35.0,0.0614115996918002,0.9385884003081998,0.0614115996918002,0.06141159969180021,0.061411599691800205,1.3877787807814457e-17,1.0,1.0,0.8771768006163996,0.8771768006163996,1.3877787807814457e-17,0.6669768578175719,0.6655553201585082,0.043543622361154985,0.01786797733064532,0.2730330801496915,0.33444467984149184,0.06141159969180031,0.29090105748033684,0.4181978850393263,0.36684659497830696,0.8771768006163995,0.6655553201585082,-0.20290550072186186,1.0408340855860843e-16,0.0,0.03259302283498196,0.0029202426382444364,0.08727937515808201,3.0833621920229107e-16,0.9994087028790253,0.03918218959445055,66.26480698884659,0.007249060434141086,0.01601173164814651,0.01487754089023896,0.022627130822622486,0.003814374820914883,0.01809336744363606,0.006903373805523824,0.020385482409514957,0.0,0.0027662468201435295,0.0014381234100717649,0.002244450541366618,0.0011035925575538237,0.0005988043098920442
adaptive_decoder,36.0,0.06611291420224757,0.9338870857977524,0.06611291420224757,0.06611291420224759,0.06611291420224757,1.3877787807814457e-17,1.0,1.0,0.8677741715955049,0.8677741715955049,1.3877787807814457e-17,0.6487525612520356,0.6524516827018837,0.046185580053826336,0.019927334148421343,0.28143540309586856,0.34754831729811625,0.06611291420224769,0.3013627372442899,0.3972745255114202,0.3447580337006101,0.8677741715955046,0.6524516827018837,-0.234197763578206,1.1102230246251565e-16,0.0,0.03429921524326636,0.0039084545951691765,0.0963875372241039,0.0,0.9992778204342425,0.04181845165681092,57.90589160875526,0.008540055805576707,0.016288049991307063,0.01759841032679843,0.023615342779547226,0.009496418874055949,0.01686675252067812,0.018454846274372053,0.023843055554931575,1.0,0.0032609375380118514,0.0016854687690059259,0.0026463867496346297,0.0012891015767544443,0.0006575488326389074
adaptive_decoder,37.0,0.07170169999842978,0.9282983000015702,0.07170169999842978,0.07170169999842979,0.07170169999842979,1.3877787807814457e-17,1.0,1.0,0.8565966000031404,0.8565966000031404,1.3877787807814457e-17,0.6277577879171039,0.6384928305166168,0.049313409726052373,0.022388290272377525,0.2898054694849535,0.3615071694833834,0.0717016999984299,0.31219375975733105,0.3756124804853381,0.32176224157798844,0.8565966000031404,0.6384928305166168,-0.26793177971861315,1.1102230246251565e-16,0.0,0.037036810728838285,0.005047728498824781,0.1074745914180114,1.0972717303778332e-19,0.9991138860744249,0.04475699814415853,50.509304562738585,0.00999783694424039,0.017395513497470705,0.020180970463558823,0.02475461668320283,0.009496418874055949,0.01686675252067812,0.018454846274372053,0.023843055554931575,0.0,0.0038200416972146295,0.0019650208486073147,0.0031006588789868864,0.0014987656364554857,0.0007239424515442372
adaptive_decoder,38.0,0.07835098198179363,0.9216490180182064,0.07835098198179363,0.07835098198179363,0.07835098198179363,0.0,1.0,1.0,0.8432980360364127,0.8432980360364127,0.0,0.6036580471524948,0.6236210641352231,0.05301123344573471,0.025339748536059026,0.29802795388298314,0.3763789358647769,0.07835098198179374,0.32336770241904217,0.3532645951619156,0.29792162534256433,0.8432980360364126,0.6236210641352231,-0.3043481335477569,1.1102230246251565e-16,0.0,0.04301647889819342,0.00634038969667329,0.12021979847281704,1.3600549838401528e-19,0.9989085217834107,0.04800166125093196,43.97857925275919,0.011624308733701239,0.019247900888551772,0.022681779452372042,0.02604727788105134,0.009496418874055949,0.01686675252067812,0.018454846274372053,0.023843055554931575,0.0,0.004444380893532214,0.002277190446766107,0.0036079344759949233,0.0017328928350745798,0.0007980827311069502
adaptive_decoder,39.0,0.08623406969965838,0.9137659303003416,0.08623406969965838,0.08623406969965838,0.08623406969965838,0.0,1.0,1.0,0.8275318606006832,0.8275318606006832,0.0,0.5762268836555615,0.6078084099906554,0.057356182151976284,0.028877887547682123,0.3059575203096863,0.3921915900093447,0.08623406969965841,0.33483540785736843,0.3303291842852632,0.27337259507667505,0.8275318606006834,0.6078084099906554,-0.34356370599229136,2.7755575615628914e-17,0.0,0.04975573667748394,0.00778450698145456,0.1342040468649729,0.0,0.9986553633691856,0.05155009313211448,38.33756417961926,0.013416531791237474,0.021685646100870315,0.025191068961807783,0.02749139516583261,0.009496418874055949,0.01686675252067812,0.018454846274372053,0.023843055554931575,0.0,0.0051329860046538086,0.002621493002326904,0.0041674261287812184,0.001991119751745178,0.0008798545880526396
adaptive_decoder,40.0,0.0955081821975679,0.9044918178024322,0.0955081821975679,0.0955081821975679,0.0955081821975679,0.0,1.0,1.0,0.8089836356048642,0.8089836356048642,0.0,0.5454070481008544,0.5910675704040311,0.06240857390894509,0.03309960828862283,0.313424247398401,0.4089324295959689,0.09550818219756792,0.3465238556870239,0.30695228862595236,0.24833435738530785,0.8089836356048643,0.5910675704040311,-0.38551814199430856,1.3877787807814457e-17,0.0,0.057171108059309514,0.009373269115513425,0.14903652475290974,1.1591485567715657e-19,0.9983494038738512,0.055387184460666046,33.55586723076578,0.015366093038502449,0.024566340083226446,0.027776185114012253,0.029080157299891475,0.015165462441164753,0.025720229543320556,0.026412690379320897,0.03129650854449696,1.0,0.005882823303554766,0.002996411651777383,0.004776668934138246,0.0022723087388330366,0.0009688977672971284
adaptive_decoder,41.0,0.10629894468734144,0.8937010553126585,0.10629894468734144,0.10629894468734143,0.10629894468734144,1.3877787807814457e-17,1.0,1.0,0.7874021106253171,0.7874021106253171,-1.3877787807814457e-17,0.5113494793629669,0.5734586705778467,0.06820430410437142,0.03809464058296992,0.3202423847348119,0.4265413294221533,0.10629894468734134,0.35833702531778183,0.2833259493644362,0.22310662232163336,0.7874021106253173,0.5734586705778467,-0.4299446515402505,9.71445146547012e-17,0.0,0.06517342425521759,0.011094501530031005,0.16437331524925108,0.0,0.9979868770475295,0.059483216562041585,29.54773154269828,0.017458642816499448,0.027782487618105645,0.03046980399704413,0.030801389714409055,0.015165462441164753,0.025720229543320556,0.026412690379320897,0.03129650854449696,0.0,0.006688575784685114,0.003399287892342557,0.0054313428250566545,0.0025744659192569173,0.0010645808744313573
adaptive_decoder,42.0,0.11868526004503915,0.8813147399549609,0.11868526004503914,0.11868526004503911,0.11868526004503913,2.7755575615628914e-17,1.0,1.0,0.7626294799099218,0.7626294799099218,-2.7755575615628914e-17,0.47443015912774333,0.5550919173401392,0.07474903356562687,0.04393622647941223,0.32622282261482166,0.44490808265986076,0.1186852600450391,0.3701590490942339,0.2596819018115322,0.19805628763910282,0.7626294799099218,0.5550919173401392,-0.4763639769720984,2.7755575615628914e-17,0.0,0.0736629841613619,0.012930373595543772,0.17990452639582358,0.0,0.9975657243986358,0.06426991556613298,26.40207030383688,0.019673629870676557,0.031251236544912464,0.03327562792220451,0.03263726177992182,0.015165462441164753,0.025720229543320556,0.026412690379320897,0.03129650854449696,0.0,0.007542501566580913,0.0038262507832904566,0.0061251575228469905,0.002894688087467842,0.0011659845610314833
adaptive_decoder,43.0,0.1326852572652084,0.8673147427347916,0.13268525726520844,0.13268525726520838,0.1326852572652084,5.551115123125783e-17,1.0,1.0,0.7346294854695832,0.7346294854695832,-5.551115123125783e-17,0.43524320924216087,0.5361259560357095,0.08201433421174373,0.05067092305346471,0.33118878669908197,0.46387404396429044,0.13268525726520844,0.3818597097525467,0.23628058049490658,0.17359375817834838,0.734629485469583,0.5361259560357095,-0.5241016851178233,2.7755575615628914e-17,0.0,0.08252444176434574,0.014857340877323013,0.19534332033517918,6.509273804960474e-18,0.9970862960124189,0.06967193893125208,23.911810955475016,0.021984295818109234,0.034901397216518415,0.03617625890614973,0.03456422906170106,0.015165462441164753,0.025720229543320556,0.026412690379320897,0.03129650854449696,0.0,0.008434389426794826,0.004272194713397412,0.006849816409270794,0.003229146035048059,0.0012718962444318853
adaptive_decoder,44.0,0.14824520564235635,0.8517547943576437,0.14824520564235635,0.1482452056423563,0.14824520564235633,5.551115123125783e-17,1.0,1.0,0.7035095887152873,0.7035095887152873,-5.551115123125783e-17,0.3945685466015647,0.5167616447845249,0.0899363892466039,0.05830881639575241,0.33499314957311876,0.4832383552154751,0.1482452056423563,0.3933019659688712,0.21339606806225764,0.15014092236055465,0.7035095887152873,0.5167616447845249,-0.5723288501007553,2.7755575615628914e-17,0.0,0.09162426045790333,0.016846356418722893,0.21042260496371823,4.589674489068869e-19,0.9965520445504628,0.07518455255763837,21.805546405110608,0.024357987652576907,0.03866463390118202,0.03913914908057603,0.03655324460310094,0.02291543609226383,0.04287528919602513,0.03188312872856361,0.036238646765845706,1.0,0.009351627883127645,0.004730813941563822,0.00759507265504121,0.0035731104561728664,0.0013808183111214077
adaptive_decoder,45.0,0.16523365836867876,0.8347663416313212,0.16523365836867876,0.16523365836867873,0.16523365836867876,2.7755575615628914e-17,1.0,1.0,0.6695326832626425,0.6695326832626425,-2.7755575615628914e-17,0.35331561047726556,0.4972315189178345,0.09841775797165526,0.06681590039702352,0.3375348227134868,0.5027684810821655,0.1652336583686788,0.4043507231105103,0.19129855377897942,0.128094838629716,0.6695326832626425,0.4972315189178345,-0.6201231688083175,2.7755575615628914e-17,0.0,0.10081083261110584,0.018863370763727242,0.22489702080598983,0.0,0.9959700701854649,0.08070602747695171,20.026658326867718,0.026756837578974513,0.04247088664542653,0.042120618563136425,0.03857025894810529,0.02291543609226383,0.04287528919602513,0.03188312872856361,0.036238646765845706,0.0,0.010279398806150605,0.005194699403075302,0.008348886529997367,0.003921024552306476,0.0014909911082303842
adaptive_decoder,46.0,0.1834426710051697,0.8165573289948302,0.18344267100516973,0.18344267100516967,0.1834426710051697,5.551115123125783e-17,1.0,1.0,0.6331146579896606,0.6331146579896606,-5.551115123125783e-17,0.3124493116536051,0.47778606565963455,0.10733230922703507,0.07611036177813474,0.33877126333519564,0.5222139343403654,0.1834426710051698,0.4148816251133304,0.1702367497733392,0.10779285487553858,0.6331146579896604,0.47778606565963455,-0.6665434772196641,1.1102230246251565e-16,0.0,0.10991676869072535,0.020870123024960125,0.23854709780898634,0.0,0.995351416620357,0.08613211116437129,18.52867941264842,0.02913885748688727,0.04624675579803772,0.04506866558223199,0.040577011209338175,0.02291543609226383,0.04287528919602513,0.03188312872856361,0.036238646765845706,0.0,0.011200999557977374,0.0056554997789886865,0.009097687140856616,0.004266624834241515,0.001600431197509813
adaptive_decoder,47.0,0.20259692012630998,0.79740307987369,0.20259692012631,0.20259692012630998,0.20259692012630998,2.7755575615628914e-17,1.0,1.0,0.59480615974738,0.59480615974738,-2.7755575615628914e-17,0.27290837162206183,0.4586785820203221,0.11653293962309144,0.08606398050321881,0.3387244978533678,0.541321417979678,0.20259692012631025,0.4247884783565866,0.15042304328682687,0.08948512504708173,0.5948061597473796,0.4586785820203221,-0.7107075143454846,2.7755575615628914e-16,0.0,0.11876285839946703,0.0228252061091859,0.25118338671666085,1.3880176856188233e-17,0.994711043342369,0.0913580360415854,17.273356912421107,0.03145951104132805,0.04991576600844483,0.047925091526125785,0.04253209429356395,0.02291543609226383,0.04287528919602513,0.03188312872856361,0.036238646765845706,0.0,0.012098289506702165,0.006104144753351082,0.009826735224195509,0.004603108565013311,0.0017069843789208818
adaptive_decoder,48.0,0.22237019933316532,0.7776298006668347,0.22237019933316532,0.2223701993331653,0.22237019933316532,2.7755575615628914e-17,1.0,1.0,0.5552596013336694,0.5552596013336694,-2.7755575615628914e-17,0.23552813770538428,0.4401504705782849,0.12586125581872554,0.09650894351443993,0.3374793300885497,0.5598495294217152,0.22237019933316549,0.43398827360298964,0.13202345279402072,0.0733188281854496,0.555259601333669,0.4401504705782849,-0.7518618536229433,1.6653345369377348e-16,0.0,0.1271632764557455,0.024685369781320677,0.26264938390343023,8.039449098798328e-19,0.9940674281698132,0.09628174406125418,16.229343161315327,0.033673875207391846,0.0533997888232306,0.050627122601554664,0.04439225796569873,0.0281931581230702,0.04927696825608138,0.04185714943021411,0.04747268214676789,1.0,0.012952248029925022,0.0065311240149625105,0.01052057652431408,0.004923343011221883,0.0018083919535535962
adaptive_decoder,49.0,0.2424074386485709,0.7575925613514292,0.2424074386485709,0.24240743864857084,0.24240743864857087,5.551115123125783e-17,1.0,1.0,0.5151851227028583,0.5151851227028583,-5.551115123125783e-17,0.20097910305546152,0.42241836567252977,0.13515807192065227,0.10724936672791885,0.3351741956788991,0.5775816343274702,0.24240743864857112,0.44242356240681796,0.11515287518636402,0.05933546480089724,0.5151851227028578,0.42241836567252977,-0.7894344431914315,2.498001805406602e-16,0.0,0.13493163909317513,0.026407007232712474,0.272822903287384,2.7673005211840614e-16,0.993441791708101,0.10080804501934118,15.371278332812894,0.03573960735626125,0.05662115860125516,0.053108383312090335,0.046113895417090524,0.0281931581230702,0.04927696825608138,0.04185714943021411,0.04747268214676789,0.0,0.013743622478337672,0.0069268112391688355,0.011163568263649358,0.0052201084293766265,0.0019023676693025984
adaptive_decoder,50.0,0.26234942576609965,0.7376505742339003,0.2623494257660996,0.2623494257660996,0.2623494257660996,0.0,1.0,1.0,0.4753011484678008,0.4753011484678008,0.0,0.16972896662643477,0.40566390793278956,0.1442734312141319,0.11807599455196789,0.3319866663011107,0.5943360920672105,0.26234942576609976,0.45006266085307856,0.09987467829384289,0.04747980496951487,0.47530114846780047,0.40566390793278956,-0.8230636165688596,1.6653345369377348e-16,0.0,0.14188751464989607,0.027947755787229005,0.28161623981350276,0.0,0.9928569789797179,0.10485379746492181,14.679194862677457,0.037621109920911944,0.05950516239797754,0.05529875250743821,0.047654643971607055,0.0281931581230702,0.04927696825608138,0.04185714943021411,0.04747268214676789,0.0,0.01445363676575988,0.007281818382879939,0.011740454872179902,0.005486363787159955,0.0019866818659339857
adaptive_decoder,51.0,0.28185704670264516,0.7181429532973549,0.28185704670264516,0.2818570467026451,0.2818570467026451,5.551115123125783e-17,1.0,1.0,0.4362859065947098,0.4362859065947098,-5.551115123125783e-17,0.1420311561242803,0.39002665269723047,0.15307500324400708,0.12878204345863822,0.32811630060012414,0.6099733473027695,0.28185704670264533,0.4568983440587624,0.08620331188247526,0.037617392311737496,0.43628590659470934,0.39002665269723047,-0.8526018438676712,2.220446049250313e-16,0.0,0.14786296934387394,0.029268131640259824,0.2889760319969425,0.0,0.9923360792726907,0.10835452193611951,14.138262358327122,0.039295471543996374,0.06198266229807248,0.05712234567823671,0.04897501982463787,0.0281931581230702,0.04927696825608138,0.04185714943021411,0.04747268214676789,0.0,0.015064725018562906,0.007587362509281452,0.01223696407758236,0.0057155218819610895,0.002059248595954345
adaptive_decoder,52.0,0.3048988930682889,0.6951011069317111,0.30489889306828893,0.3048988930682889,0.3048988930682889,5.551115123125783e-17,1.0,1.0,0.39020221386342224,0.39020221386342224,-5.551115123125783e-17,0.11280291414824384,0.3732048314902573,0.16369985550863284,0.14119903755965613,0.3218962754414537,0.6267951685097427,0.304898893068289,0.46309531300110984,0.07380937399778031,0.02880773809982684,0.390202213863422,0.3732048314902573,-0.8832637357797928,1.1102230246251565e-16,1.0,0.007203635326814943,0.0006142876168191563,0.29488393502686683,2.8317655692066847e-16,0.9657574762071282,0.10424568832168682,3.0443342597132776,0.04076056893682467,0.06399265088841766,0.05849299633385574,0.050040001188596556,0.037220559890060255,0.0638259874148609,0.05499603352736197,0.0494257135717774,1.0,0.015561250700689777,0.007835625350344889,0.012640391194310444,0.005901719012758666,0.002118211020706911
adaptive_decoder,53.0,0.322149564010006,0.6778504359899941,0.322149564010006,0.32214956401000594,0.32214956401000594,5.551115123125783e-17,1.0,1.0,0.3557008719799881,0.3557008719799881,-5.551115123125783e-17,0.09329627066636914,0.3603688689344118,0.17126349101434002,0.1508860729956659,0.3174815670555822,0.6396311310655882,0.32214956401000594,0.4683676400512481,0.06326471989750365,0.022509883860155455,0.3557008719799881,0.3603688689344118,-0.9038146610881483,0.0,0.0,0.010794309103442194,0.001394760803845936,0.2993580628083745,3.512465674205122e-17,0.9650289518680785,0.10418271485502217,2.9791133071566223,0.042043732162169944,0.06548456623916565,0.05930859153438972,0.050820474375623335,0.037220559890060255,0.0638259874148609,0.05499603352736197,0.0494257135717774,0.0,0.015930170315403062,0.00802008515770153,0.012940138381264987,0.006040063868276147,0.0021620202249541137
adaptive_decoder,54.0,0.3379955220489587,0.6620044779510413,0.3379955220489587,0.33799552204895866,0.33799552204895866,5.551115123125783e-17,1.0,1.0,0.3240089559020827,0.3240089559020827,-5.551115123125783e-17,0.07711237092492507,0.3489202796587939,0.17814385545704525,0.15985166659191352,0.3130841982922474,0.6510797203412062,0.3379955220489588,0.4729358648841609,0.054128270231678266,0.017543892501414804,0.3240089559020825,0.3489202796587939,-0.92077314161304,1.1102230246251565e-16,0.0,0.013032853883222777,0.0018687496009215585,0.3024501039985789,7.404306710239568e-19,0.9645026730172704,0.10469282615812915,2.9493157670453645,0.04320244837661502,0.06642021659456432,0.05945276974432656,0.05129446317269896,0.037220559890060255,0.0638259874148609,0.05499603352736197,0.0494257135717774,0.0,0.016161602435422168,0.008135801217711083,0.013128176978780512,0.006126850913283312,0.0021895027892063824
adaptive_decoder,55.0,0.35244119781433936,0.6475588021856606,0.3524411978143394,0.3524411978143393,0.35244119781433936,1.1102230246251565e-16,1.0,1.0,0.2951176043713213,0.2951176043713213,-1.1102230246251565e-16,0.0637706237761475,0.3387660035853453,0.18437526048508784,0.16806593732925168,0.30879279860031517,0.6612339964146547,0.3524411978143395,0.47685873592956685,0.04628252814086631,0.01366388182919398,0.29511760437132095,0.3387660035853453,-0.9346836454603191,1.6653345369377348e-16,0.0,0.013854460061496647,0.0020223593424421107,0.30422202112582514,0.0,0.964290637436529,0.10421936989329422,2.918544673208636,0.044295800625426485,0.06677521482663196,0.05882602544172133,0.05144807291421951,0.037220559890060255,0.0638259874148609,0.05499603352736197,0.0494257135717774,0.0,0.016249267432809984,0.008179633716404991,0.01319940478915811,0.006159725287303743,0.0021999130076461853
adaptive_decoder,56.0,0.3655040161711578,0.6344959838288422,0.36550401617115785,0.3655040161711578,0.3655040161711578,5.551115123125783e-17,1.0,1.0,0.2689919676576844,0.2689919676576844,-5.551115123125783e-17,0.052842702357670746,0.3298114566722063,0.18998752253386716,0.17551649363729127,0.30468452715663524,0.6701885433277937,0.36550401617115846,0.4802010207939265,0.039597958412146916,0.010655900618995184,0.2689919676576831,0.3298114566722063,-0.9460259301622305,6.661338147750939e-16,0.0,0.013231896859700547,0.0018503825655283232,0.3046829393753391,1.2602054326363248e-17,0.9644000409764888,0.10275697001725415,2.886435064416523,0.04530880457342301,0.06653993573471395,0.05742573738384671,0.05127609613730572,0.04454827927857671,0.06524481230927555,0.06088079881408041,0.04895596238027014,1.0,0.01619077059927493,0.008150385299637464,0.01315187611191088,0.006137788974728098,0.0021929665086638976
adaptive_decoder,57.0,0.3772356895319633,0.6227643104680367,0.3772356895319633,0.3772356895319632,0.37723568953196324,1.1102230246251565e-16,1.0,1.0,0.24552862093607353,0.24552862093607353,-1.1102230246251565e-16,0.04393374218984292,0.32195163248206043,0.195018752330719,0.1822169372012449,0.3008126779859757,0.6780483675179396,0.3772356895319639,0.48302961518722065,0.033940769625558864,0.008337139366610624,0.24552862093607225,0.32195163248206043,-0.9552351232643874,6.661338147750939e-16,0.0,0.011182051512586937,0.0013565319888410726,0.30371598745119555,0.0,0.9648320369758446,0.10046729041067567,2.856784464362323,0.04608287844456238,0.06572009756975006,0.05542165633055762,0.05078224556061847,0.04454827927857671,0.06524481230927555,0.06088079881408041,0.04895596238027014,0.0,0.015987710840626047,0.008048855420313023,0.012986890058008661,0.0060616415652347665,0.002168853162324343
adaptive_decoder,58.0,0.3877131229965082,0.6122868770034918,0.38771312299650823,0.3877131229965081,0.3877131229965082,1.1102230246251565e-16,1.0,1.0,0.22457375400698365,0.22457375400698365,-1.1102230246251565e-16,0.03669212232240926,0.3150772993846162,0.19951239422406483,0.18820072877244387,0.297209577618875,0.6849227006153837,0.38771312299650873,0.4854103063913189,0.02917938721736213,0.006556056314120262,0.2245737540069825,0.3150772993846162,-0.9626936087763909,5.551115123125783e-16,0.0,0.011571980025748461,0.0005532875605003956,0.30110455205473197,1.4904919148251212e-17,0.9655788436850881,0.09761973338052621,2.8360387573102934,0.046379265099058986,0.06433684366897852,0.05309361496472986,0.049979001132277795,0.04454827927857671,0.06524481230927555,0.06088079881408041,0.04895596238027014,0.0,0.01564560805929823,0.007877804029649115,0.012708931548179814,0.005933353022236836,0.002128228457041665
adaptive_decoder,59.0,0.3970265750295708,0.6029734249704293,0.3970265750295708,0.39702657502957067,0.3970265750295707,1.1102230246251565e-16,1.0,1.0,0.20594684994085855,0.20594684994085855,-1.1102230246251565e-16,0.030815343199846468,0.3090816091240631,0.20351303718226688,0.19351353784730427,0.29389181584636587,0.6909183908759371,0.39702657502957117,0.4874053536936701,0.02518929261265984,0.0051902939427345696,0.2059468499408578,0.3090816091240631,-0.9687269130460812,4.440892098500626e-16,0.0,0.014574756151914635,0.0005386338467874702,0.2966799515279237,1.5192767777083348e-17,0.9666210768672259,0.09442243370054534,2.8288040727064003,0.04605072612411165,0.06242590715320828,0.05065152387115135,0.04888707972498993,0.04454827927857671,0.06524481230927555,0.06088079881408041,0.04895596238027014,0.0,0.015173653828243119,0.007641826914121559,0.012325468735447534,0.005756370185591169,0.0020721838921038704
adaptive_decoder,60.0,0.405269926307844,0.5947300736921561,0.405269926307844,0.40526992630784386,0.4052699263078439,1.1102230246251565e-16,1.0,1.0,0.18946014738431216,0.18946014738431216,-1.1102230246251565e-16,0.026050048251445856,0.3038648710123175,0.20706324314906527,0.19820668315877907,0.2908652026798382,0.6961351289876825,0.4052699263078443,0.48907188583861727,0.02185622832276557,0.004143108342193114,0.18946014738431136,0.3038648710123175,-0.9736053404060157,3.885780586188048e-16,0.0,0.018526198608331733,0.0018911562108652469,0.29042027197493125,2.636152609019185e-17,0.9679292248433329,0.0909461997367958,2.835796743063418,0.045114094973346064,0.060035866896636314,0.04815349052054063,0.04753455736091215,0.03465386850140602,0.06496494833702264,0.04633960301461318,0.04799225096309835,1.0,0.014584301074813318,0.0073471505374066584,0.011846619623285821,0.005535362903054994,0.0020021982526340814
adaptive_decoder,61.0,0.4125359731457263,0.5874640268542738,0.41253597314572626,0.4125359731457262,0.4125359731457262,5.551115123125783e-17,1.0,1.0,0.17492805370854758,0.17492805370854758,-5.551115123125783e-17,0.02218708025097549,0.29933628914750304,0.21020268754206403,0.2023332856036627,0.28812773770677025,0.700663710852497,0.41253597314572676,0.49046102331043295,0.019077953379134094,0.0033391495023314954,0.17492805370854655,0.29933628914750304,-0.9775503561831407,5.551115123125783e-16,0.0,0.02248700732289812,0.003470020282316043,0.282416369914838,7.686453707488656e-19,0.9694670931244688,0.08718570181958982,2.855466797675251,0.04368242538252076,0.05722599253064342,0.045570886581141834,0.045955693289461357,0.03465386850140602,0.06496494833702264,0.04633960301461318,0.04799225096309835,0.0,0.013892718338345319,0.007001359169172659,0.011284708649905571,0.0052760193768794945,0.0019200728026785064
adaptive_decoder,62.0,0.4189150993948709,0.5810849006051291,0.4189150993948709,0.41891509939487087,0.4189150993948709,5.551115123125783e-17,1.0,1.0,0.16216980121025815,0.16216980121025815,-5.551115123125783e-17,0.019054789844885622,0.2954137457634235,0.21296867155561733,0.20594642783925374,0.2856711548417054,0.7045862542365764,0.41891509939487104,0.4916175826809591,0.016764834638081594,0.0027203472053544675,0.16216980121025784,0.2954137457634235,-0.9807424589514855,1.1102230246251565e-16,0.0,0.026551587658812624,0.00523619200937063,0.27280230170317227,2.948106741300973e-20,0.9711943967005444,0.08313518055687778,2.886076701557888,0.04188374590745392,0.05406392413657157,0.042869695164232335,0.04418952156240677,0.03465386850140602,0.06496494833702264,0.04633960301461318,0.04799225096309835,0.0,0.013116141968845052,0.006613070984422526,0.010653740349686604,0.004984803238316894,0.0018278543588003497
adaptive_decoder,63.0,0.42449476662184304,0.575505233378157,0.424494766621843,0.424494766621843,0.424494766621843,0.0,1.0,1.0,0.15101046675631402,0.15101046675631402,0.0,0.016512822764019663,0.29202308835449203,0.21539670556106097,0.20909806106078208,0.28348214502366487,0.7079769116455079,0.42449476662184304,0.49258020608444697,0.01483958783110606,0.0022422988305482727,0.15101046675631385,0.29202308835449203,-0.9833283210376751,5.551115123125783e-17,0.0,0.03076227483322915,0.007147425723060374,0.2617224863453851,0.0,0.9730684628033258,0.07881822827518783,2.926614537432391,0.039827049151367255,0.05062316227495334,0.04004307309534738,0.042278287848717025,0.03465386850140602,0.06496494833702264,0.04633960301461318,0.04799225096309835,0.0,0.012273164823996556,0.006191582411998278,0.009968821419497202,0.004668686808998708,0.0017277508228495909
adaptive_decoder,64.0,0.4268848257230932,0.5731151742769068,0.4268848257230932,0.42688482572309316,0.42688482572309316,5.551115123125783e-17,1.0,1.0,0.14623034855381367,0.14623034855381367,-5.551115123125783e-17,0.015480249021614156,0.2903362652770741,0.21625645235709426,0.21062837336599882,0.2827789089998327,0.7096637347229258,0.42688482572309305,0.49340728236583153,0.01318543526833682,0.0019292772861460028,0.14623034855381375,0.2903362652770741,-0.9843943369628152,1.1102230246251565e-16,1.0,0.016366909060886455,0.008529524115401546,0.24932991321531678,5.208643728052316e-19,0.9951095480181532,0.09578638086274467,19.58640657720408,0.03759922297558671,0.04698040044000262,0.03711112569957242,0.04026581624360144,0.040118989908206164,0.037562731436874955,0.03268165257443309,0.04879534035900299,1.0,0.011383002274534993,0.005746501137267496,0.009245564348059681,0.004334875852950623,0.0016220440201010304
adaptive_decoder,65.0,0.4294751341962761,0.570524865803724,0.4294751341962761,0.42947513419627603,0.42947513419627603,5.551115123125783e-17,1.0,1.0,0.14104973160744794,0.14104973160744794,-5.551115123125783e-17,0.014399197366110283,0.2886443509239148,0.2172829383544349,0.21219219584184115,0.28188051487980903,0.7113556490760851,0.42947513419627603,0.49407271072165015,0.01185457855669958,0.0016730935315120155,0.1410497316074478,0.2886443509239148,-0.9854994285466709,0.0,0.0,0.0119282274013165,0.010599448135859835,0.23579372147951658,0.0,0.9959098795231673,0.08896107015349607,21.750232213792014,0.035270565000619425,0.043212832507214416,0.03411135399782339,0.03819589222314315,0.040118989908206164,0.037562731436874955,0.03268165257443309,0.04879534035900299,0.0,0.010464775592871898,0.005287387796435949,0.008499505169208417,0.003990540847326962,0.0015130046016535378
adaptive_decoder,66.0,0.43203355167384616,0.5679664483261538,0.43203355167384616,0.43203355167384616,0.43203355167384616,0.0,1.0,1.0,0.13593289665230768,0.13593289665230768,0.0,0.013370235259410168,0.2870343643907724,0.2183372903979831,0.21369626127586308,0.2809320839353813,0.7129656356092275,0.43203355167384616,0.49462834521124444,0.010743309577511073,0.0014612513332710741,0.13593289665230754,0.2870343643907724,-0.986546506144828,0.0,0.0,0.010644080892630532,0.012684596791851119,0.2213052311253493,9.691281724850196e-18,0.9964999209246475,0.08342160182466905,23.83420489328984,0.03289975264938294,0.03939560067981385,0.031089678183564673,0.03611074356715187,0.040118989908206164,0.037562731436874955,0.03268165257443309,0.04879534035900299,0.0,0.009536849290982084,0.0048234246454910415,0.0077455650489229415,0.0036425684841182807,0.0014028133533041222
adaptive_decoder,67.0,0.43447740664801016,0.5655225933519898,0.43447740664801016,0.43447740664801016,0.43447740664801016,0.0,1.0,1.0,0.1310451867039797,0.1310451867039797,0.0,0.012423287062378163,0.28553634188808386,0.21937035867597088,0.21510704797203956,0.27998625146390577,0.7144636581119161,0.43447740664801043,0.4950932994359453,0.009813401128109411,0.0012867797202467668,0.1310451867039792,0.28553634188808386,-0.9875072440060673,2.7755575615628914e-16,0.0,0.016133156302897668,0.01474564898156007,0.2060796417048228,0.0,0.9970433291908114,0.07785548050756136,26.332143661582425,0.030536634228977566,0.035599549536770914,0.02809403385086806,0.03404969137744292,0.040118989908206164,0.037562731436874955,0.03268165257443309,0.04879534035900299,0.0,0.00861625313595085,0.004363126567975425,0.006997580672960064,0.003297344925981568,0.0012934925598941632
adaptive_decoder,68.0,0.4367594142172526,0.5632405857827473,0.4367594142172527,0.43675941421725273,0.43675941421725273,5.551115123125783e-17,1.0,1.0,0.12648117156549454,0.12648117156549454,5.551115123125783e-17,0.011570713821593026,0.28416441032492695,0.22035220800870262,0.21640720620855022,0.27907617545782026,0.7158355896750731,0.43675941421725284,0.4954833816663705,0.009033236667259081,0.0011432330669542967,0.12648117156549438,0.28416441032492695,-0.9883704238781261,1.1102230246251565e-16,0.0,0.02508039122304582,0.01674731127229076,0.19035361013286822,9.56622348822052e-18,0.9975324629776435,0.07236292662870973,29.32597402717142,0.0282233633655532,0.03188945094268614,0.025170168388229053,0.032048029086712226,0.02790663181459855,0.023485907090223433,0.024559693439320764,0.02906176943153385,1.0,0.007718212024258792,0.003914106012129396,0.0062679222697102676,0.0029605795090970467,0.0011868501778807316
adaptive_decoder,69.0,0.43885753142280104,0.5611424685771988,0.43885753142280104,0.43885753142280115,0.4388575314228011,1.1102230246251565e-16,1.0,1.0,0.12228493715439781,0.12228493715439781,1.1102230246251565e-16,0.010813792066518002,0.2829216599654516,0.22126670187262215,0.21759082955017908,0.27822080861174714,0.7170783400345484,0.43885753142280126,0.4958116381619262,0.008376723676147613,0.0010249790312614193,0.1222849371543975,0.2829216599654516,-0.9891355907467072,1.6653345369377348e-16,0.0,0.03368694199116471,0.01865917053439391,0.17437972453285377,0.0,0.9979634525343362,0.06703423338135761,32.91562534709049,0.025994573820945166,0.028322880445261656,0.022358977662142676,0.030136169824609076,0.02790663181459855,0.023485907090223433,0.024559693439320764,0.02906176943153385,0.0,0.006855798360729571,0.0034828991803647854,0.005567211168092776,0.0026371743852735886,0.0010844385553366366
adaptive_decoder,70.0,0.440766466500201,0.559233533499799,0.440766466500201,0.440766466500201,0.440766466500201,0.0,1.0,1.0,0.11846706699959797,0.11846706699959797,0.0,0.010147526856477018,0.2818041707356132,0.22210700335017805,0.21865946315002308,0.27742936276418567,0.7181958292643869,0.4407664665002011,0.4960888259142088,0.007822348171582505,0.0009272677712725552,0.11846706699959775,0.2818041707356132,-0.9898083340652688,1.1102230246251565e-16,0.0,0.04184148041370681,0.020456257146730838,0.15841916982790408,0.0,0.9983357230540739,0.06194831955123695,37.22236236155159,0.023877011929598457,0.024949979164486047,0.019694902411722892,0.02833908321227215,0.02790663181459855,0.023485907090223433,0.024559693439320764,0.02906176943153385,0.0,0.006039712813185879,0.0030748564065929394,0.0049041416607135254,0.002331142304944704,0.000987528396565823
adaptive_decoder,71.0,0.4424916860554327,0.5575083139445673,0.44249168605543265,0.4424916860554327,0.44249168605543265,5.551115123125783e-17,1.0,1.0,0.11501662788913469,0.11501662788913469,5.551115123125783e-17,0.009563731535436881,0.28080379319813126,0.2228723909895332,0.21961929506589975,0.27670452074643576,0.7191962068018687,0.442491686055433,0.49632381581233553,0.007352368375328988,0.0008461765280620148,0.11501662788913405,0.28080379319813126,-0.9903972739987612,3.3306690738754696e-16,0.0,0.049455100700902956,0.02211931711068993,0.1427341893040517,0.0,0.9986513446235351,0.05717189367309969,42.39177381471553,0.02188872709735168,0.021814459470239633,0.01720508665101994,0.026676023248313058,0.02790663181459855,0.023485907090223433,0.024559693439320764,0.02906176943153385,0.0,0.0052781910005047636,0.0026940955002523817,0.00428540518791012,0.002045571625189286,0.0008970976813099407
adaptive_decoder,72.0,0.4439319446449128,0.5560680553550872,0.44393194464491276,0.44393194464491276,0.44393194464491276,0.0,1.0,1.0,0.11213611071017449,0.11213611071017449,0.0,0.009089695643463291,0.2799592653985349,0.22350273022808148,0.2204292144168317,0.276108789956552,0.7200407346014652,0.44393194464491315,0.4965380043733837,0.006923991253232675,0.0007769596307330429,0.11213611071017374,0.2799592653985349,-0.9908757214861317,3.885780586188048e-16,1.0,0.0016792301954599576,0.004492386817104177,0.12758246028369993,0.0,0.9986669783803709,0.05454713801594266,40.919919986833534,0.02003761331293452,0.018956451092358217,0.014909111815223475,0.025160531020589336,0.021498075801728293,0.018841822123528945,0.014804973077386561,0.02066814420348516,1.0,0.004577026412661906,0.002343513206330953,0.0037157089602877984,0.0017826349047482145,0.0008138343865036013
adaptive_decoder,73.0,0.44467165068080383,0.5553283493191962,0.44467165068080383,0.4446716506808038,0.44467165068080383,5.551115123125783e-17,1.0,1.0,0.11065669863839234,0.11065669863839234,-5.551115123125783e-17,0.00885094689927135,0.27949206603348514,0.2237992574299949,0.22087239325080896,0.2758362832857109,0.7205079339665148,0.44467165068080383,0.49670867653651984,0.006582646926960145,0.0007289185685883104,0.1106566986383922,0.27949206603348514,-0.9911177959918662,0.0,0.0,0.0075887732350589515,0.0031325366818137357,0.11321628450063584,0.0,0.9990002627991442,0.0489423993504816,48.95526475216368,0.018318778055931295,0.01641814353667881,0.012819176174974745,0.023800680885298894,0.021498075801728293,0.018841822123528945,0.014804973077386561,0.02066814420348516,0.0,0.003939694096210207,0.0020248470481051034,0.003197876453170793,0.0015436352860788275,0.0007381511739249621
adaptive_decoder,74.0,0.44535048926872345,0.5546495107312766,0.44535048926872345,0.44535048926872334,0.4453504892687234,1.1102230246251565e-16,1.0,1.0,0.10929902146255321,0.10929902146255321,-1.1102230246251565e-16,0.00863465682781328,0.2790689027179671,0.2240754735558791,0.22127501571284425,0.2755806080133096,0.7209310972820329,0.44535048926872334,0.49685562372615383,0.006288752547692289,0.0006878368616226593,0.10929902146255333,0.2790689027179671,-0.9913368148374879,5.551115123125783e-17,0.0,0.01324083629496313,0.001931383276268149,0.09989028821975274,4.8661317886791085e-20,0.9991882647466661,0.045388240979895404,55.91507920036823,0.016709999841308498,0.01425342167270105,0.010940613193671123,0.022599527479753308,0.021498075801728293,0.018841822123528945,0.014804973077386561,0.02066814420348516,0.0,0.003367555629977522,0.001738777814988761,0.0027330139493567367,0.0013290833612415705,0.0006702097310598307
adaptive_decoder,75.0,0.4459781171003069,0.5540218828996932,0.4459781171003068,0.44597811710030677,0.44597811710030677,5.551115123125783e-17,1.0,1.0,0.10804376579938646,0.10804376579938646,-5.551115123125783e-17,0.008437077987561103,0.27868254554019495,0.22433446227973694,0.22164365482056977,0.27533933735949834,0.7213174544598051,0.4459781171003067,0.49698299218006814,0.006034015639863721,0.0006524007215294447,0.10804376579938657,0.27868254554019495,-0.9915366580623548,5.551115123125783e-17,0.0,0.018165518369747488,0.0008875598014491393,0.08788038663941015,3.901825760144391e-18,0.9993376151287142,0.042322854389213585,63.89465735692153,0.01516506944470497,0.012541631838974387,0.009272651349216954,0.021555704004934298,0.021498075801728293,0.018841822123528945,0.014804973077386561,0.02066814420348516,0.0,0.00286012374553277,0.0014850618727663852,0.002320725543245376,0.0011387964045747887,0.0006099521947820164
adaptive_decoder,76.0,0.4465764025248222,0.5534235974751779,0.44657640252482217,0.4465764025248221,0.4465764025248221,5.551115123125783e-17,1.0,1.0,0.10684719495035577,0.10684719495035577,-5.551115123125783e-17,0.008250877495505349,0.2783138053295739,0.22458071517551714,0.22199568734930492,0.2751097921456041,0.7216861946704262,0.44657640252482206,0.497105479494909,0.005789041010181961,0.0006189853577575621,0.10684719495035594,0.2783138053295739,-0.9917249478528873,5.551115123125783e-17,1.0,0.003909542287407494,0.001794543820143723,0.07750742488187616,3.337311487025453e-20,0.9994928258427683,0.041244451474327135,81.32206833931238,0.013608165637833292,0.01139958278772868,0.0078093213511361,0.020664119686031605,0.011962146872276612,0.012334454671846271,0.006480669713402878,0.022458663506175328,1.0,0.002415364531785799,0.0012626822658928997,0.0019593586820759617,0.0009720116994196746,0.0005571370381495637
adaptive_decoder,77.0,0.4471413048531589,0.5528586951468412,0.44714130485315884,0.4471413048531588,0.44714130485315884,5.551115123125783e-17,1.0,1.0,0.10571739029368232,0.10571739029368232,-5.551115123125783e-17,0.008076984466073966,0.2779758020464423,0.224821201814214,0.22232010303894473,0.27488289310039904,0.7220241979535578,0.4471413048531587,0.49720299613934377,0.005594007721312522,0.0005918101707739765,0.1057173902936826,0.2779758020464423,-0.9919004423440918,1.1102230246251565e-16,0.0,0.0014455077021219894,0.002541957678544156,0.06912562222826953,0.0,0.9996291167232477,0.03763800719891303,101.48208225644143,0.011942201020711418,0.010968648881175769,0.006540425773289171,0.019916705827631172,0.011962146872276612,0.012334454671846271,0.006480669713402878,0.022458663506175328,0.0,0.002030016284174845,0.0010700081420874225,0.0016462632308920616,0.0008275061065655668,0.0005113769337457628
adaptive_decoder,78.0,0.44769614675122743,0.5523038532487726,0.4476961467512274,0.4476961467512273,0.4476961467512274,5.551115123125783e-17,1.0,1.0,0.10460770649754525,0.10460770649754525,-5.551115123125783e-17,0.007908001226013095,0.2776489632652813,0.22506138131704892,0.2226347654341782,0.27465488998349147,0.7223510367347186,0.44769614675122715,0.4972896554176697,0.0054206891646605415,0.0005674573989191134,0.10460770649754567,0.2776489632652813,-0.9920708026875575,2.220446049250313e-16,0.0,0.00389558339148237,0.003155498776591728,0.06298135524675791,1.947045284200892e-20,0.9996917575503194,0.03627612817383347,117.68699675018146,0.010096477856036734,0.01133268595638115,0.005452524053625507,0.0193031647295836,0.011962146872276612,0.012334454671846271,0.006480669713402878,0.022458663506175328,0.0,0.0016999064014107802,0.0009049532007053901,0.001378048951146259,0.0007037149005290424,0.00047217638516753007
adaptive_decoder,79.0,0.4482426011620458,0.5517573988379543,0.44824260116204573,0.4482426011620457,0.44824260116204573,5.551115123125783e-17,1.0,1.0,0.10351479767590854,0.10351479767590854,-5.551115123125783e-17,0.007743328153772322,0.2773313431529279,0.22530123453420642,0.22294136662783912,0.2744260556850266,0.7226686568470722,0.4482426011620455,0.4973674223128657,0.005265155374268582,0.0005454195615340329,0.10351479767590896,0.2773313431529279,-0.9922366746579407,2.220446049250313e-16,0.0,0.005826131499627388,0.0036469804898872256,0.058913126553274464,0.0,0.9997427968718235,0.03543623556679544,137.77528997425165,0.008116379349515146,0.012364110872260858,0.004529961936951543,0.018811683016288102,0.011962146872276612,0.012334454671846271,0.006480669713402878,0.022458663506175328,0.0,0.001420250928956776,0.000765125464478388,0.0011508288797773805,0.0005988440983587909,0.00043896729781361715
adaptive_decoder,80.0,0.4487790909747692,0.5512209090252309,0.4487790909747691,0.448779090974769,0.44877909097476903,1.1102230246251565e-16,1.0,1.0,0.10244181805046193,0.10244181805046193,-1.1102230246251565e-16,0.007583352434352153,0.27702282002910283,0.22553925461757904,0.22323983635719005,0.2741980889961282,0.7229771799708973,0.4487790909747691,0.4974379253533182,0.005124149293363689,0.0005253127725856621,0.10244181805046193,0.27702282002910283,-0.992397707128629,5.551115123125783e-17,0.0,0.009814026183580718,0.004029083833527677,0.05621726545178281,2.6837505386422256e-20,0.9997878368870496,0.03493142300331863,164.64418586982075,0.006201996924470321,0.01366362867373816,0.003755967479520339,0.01842957967264765,0.0078003224055614535,0.015045167028890206,0.0024776809056125462,0.016547452347480614,1.0,0.0011859250194919961,0.0006479625097459981,0.0009604390783372468,0.0005109718823094985,0.0004111410960646745
adaptive_decoder,81.0,0.4493012038331934,0.5506987961668067,0.44930120383319333,0.4493012038331932,0.4493012038331933,1.1102230246251565e-16,1.0,1.0,0.10139759233361345,0.10139759233361345,-1.1102230246251565e-16,0.00742927547551131,0.27672485464247815,0.22577263232586633,0.22352857150732686,0.27397394152432875,0.7232751453575219,0.44930120383319316,0.4975025130316556,0.004994973936688907,0.0005068522996098945,0.1013975923336137,0.27672485464247815,-0.9925527269986971,1.1102230246251565e-16,0.0,0.013185125656903754,0.004314795179548175,0.05404520667955082,0.0,0.9998280451528002,0.03455264873924741,200.9402427551383,0.004587642029049377,0.014778013479269325,0.003113607707149413,0.018143868326627153,0.0078003224055614535,0.015045167028890206,0.0024776809056125462,0.016547452347480614,0.0,0.0009916963727485094,0.0005508481863742547,0.0008026283028581639,0.00043813613978069103,0.00038807644426388545
adaptive_decoder,82.0,0.4498041607969625,0.5501958392030375,0.4498041607969625,0.44980416079696245,0.4498041607969625,5.551115123125783e-17,1.0,1.0,0.10039167840607499,0.10039167840607499,-5.551115123125783e-17,0.007282354541487068,0.27643922211504485,0.2259984767086473,0.22380568408831486,0.273756617087993,0.7235607778849551,0.44980416079696217,0.49756230117630784,0.004875397647384316,0.0004898124067194143,0.10039167840607566,0.27643922211504485,-0.9927004993190018,3.3306690738754696e-16,0.0,0.015626019625875932,0.004516941256063483,0.0519167089431231,0.0,0.9998619027103867,0.03418460522897928,247.5400156273439,0.0033793762125443605,0.01548338160424112,0.002586347679654044,0.017941722250111845,0.0078003224055614535,0.015045167028890206,0.0024776809056125462,0.016547452347480614,0.0,0.0008324173291417649,0.00047120866457088246,0.0006732140799276839,0.0003784064984281618,0.00036916205783558455
adaptive_decoder,83.0,0.4502848961564626,0.5497151038435374,0.4502848961564626,0.45028489615646256,0.4502848961564626,5.551115123125783e-17,1.0,1.0,0.09943020768707478,0.09943020768707478,-5.551115123125783e-17,0.007143303241277543,0.2761669437637871,0.22621484207264084,0.2240700540838213,0.2735481600797508,0.723833056236213,0.45028489615646217,0.4976182141635721,0.004763571672855793,0.00047399569521677787,0.09943020768707575,0.2761669437637871,-0.992840328156452,4.440892098500626e-16,0.0,0.017218974293942237,0.004647824975646399,0.049770351213213805,0.0,0.9998886158649317,0.03381498095783644,303.58884536928684,0.0025392756920085136,0.015808233084034562,0.002158345011917029,0.01781083853052893,0.0078003224055614535,0.015045167028890206,0.0024776809056125462,0.016547452347480614,0.0,0.0007031744925165602,0.0004065872462582801,0.0005682042751697052,0.0003299404346937101,0.0003538144709863415
adaptive_decoder,84.0,0.45074238332080924,0.5492576166791908,0.45074238332080924,0.4507423833208092,0.4507423833208092,5.551115123125783e-17,1.0,1.0,0.09851523335838164,0.09851523335838164,-5.551115123125783e-17,0.007012227264981852,0.2759081035057137,0.22642087540050854,0.2243215079203004,0.2733495131734774,0.7240918964942864,0.45074238332080896,0.4976710210937778,0.004657957812444435,0.0004592228520282071,0.09851523335838216,0.2759081035057137,-0.9929721219106566,2.220446049250313e-16,0.0,0.018204933330313568,0.004718959035834452,0.047720939772669876,0.0,0.9999088757286342,0.033473490766724,367.33891272880845,0.0019712550815292884,0.01588256153691181,0.001814735038902171,0.017739704470340876,0.002315393215777672,0.013937871656391133,0.0011281829195436376,0.017071277434467635,1.0,0.0005993973937153116,0.00035469869685765586,0.0004838853823936907,0.00029102402264324185,0.0003414909405036932
adaptive_decoder,85.0,0.4511770003752298,0.5488229996247702,0.4511770003752298,0.4511770003752298,0.4511770003752298,0.0,1.0,1.0,0.09764599924954043,0.09764599924954043,0.0,0.006888833572040398,0.2756621491398761,0.22661648327315714,0.22456051710207203,0.2731608504848946,0.7243378508601237,0.4511770003752292,0.4977213675869666,0.004557264826066665,0.0004453324838963879,0.09764599924954148,0.2756621491398761,-0.9930961849526825,6.106226635438361e-16,0.0,0.018806264320286738,0.004740889223370959,0.04587951447052925,4.851258251178431e-19,0.9999239939772,0.03318708207555326,436.63753019783877,0.0015861279807387607,0.015825945016053833,0.0015419146288615515,0.01771777428280437,0.002315393215777672,0.013937871656391133,0.0011281829195436376,0.017071277434467635,0.0,0.00051692970129237,0.00031346485064618506,0.00041688038230005067,0.00026009863798463875,0.0003316979020284689
adaptive_decoder,86.0,0.4515898320532623,0.5484101679467377,0.4515898320532623,0.45158983205326225,0.4515898320532623,5.551115123125783e-17,1.0,1.0,0.09682033589347538,0.09682033589347538,-5.551115123125783e-17,0.006772644228784763,0.2754282277578889,0.22680196893620116,0.22478786311706075,0.2729819401888493,0.7245717722421112,0.4515898320532619,0.49776980330591003,0.004460393388179995,0.00043218174989917424,0.09682033589347627,0.2754282277578889,-0.9932130044358773,3.885780586188048e-16,0.0,0.01917612967076019,0.0047230959698141665,0.044300818564648285,0.0,0.9999352264681333,0.03296765688706108,508.96802964038704,0.0013205426915393614,0.0157160527655289,0.0013277423170625635,0.01773556753636116,0.002315393215777672,0.013937871656391133,0.0011281829195436376,0.017071277434467635,0.0,0.0004520678288688712,0.0002810339144344356,0.00036418011095595783,0.00023577543582582668,0.00032399555467817843
adaptive_decoder,87.0,0.45198221008373207,0.5480177899162679,0.45198221008373207,0.451982210083732,0.45198221008373207,5.551115123125783e-17,1.0,1.0,0.09603557983253586,0.09603557983253586,-5.551115123125783e-17,0.006663131717363546,0.27520540411068367,0.22697779151024683,0.22500441857348508,0.2728123858055844,0.7247945958893163,0.4519822100837319,0.4978168043790695,0.004366391241861001,0.00041964536833749566,0.09603557983253619,0.27520540411068367,-0.9933231154797004,1.6653345369377348e-16,0.0,0.019407818153841384,0.004673960838458786,0.042991145409842176,0.0,0.999943563153434,0.032814838783244676,581.4435210316501,0.0011337964366665565,0.015594887917212419,0.001161635240537695,0.01778470266771654,0.002315393215777672,0.013937871656391133,0.0011281829195436376,0.017071277434467635,0.0,0.00040157252493244516,0.00025578626246622256,0.0003231526765076117,0.00021683969684966692,0.00031799923733572786
adaptive_decoder,88.0,0.4523554738794797,0.5476445261205204,0.45235547387947966,0.45235547387947955,0.4523554738794796,1.1102230246251565e-16,1.0,1.0,0.09528905224104078,0.09528905224104078,-1.1102230246251565e-16,0.006559786262562928,0.2749927721750947,0.2271444391112073,0.22521103476827206,0.27265175394542585,0.7250072278249052,0.4523554738794794,0.49786278871369793,0.004274422572604131,0.0004076138867336043,0.0952890522410412,0.2749927721750947,-0.9934270341815115,2.220446049250313e-16,0.0,0.01955527736291305,0.004600784059326679,0.041928092973334455,0.0,0.9999497364106363,0.0327212969847609,650.9940376127523,0.0010003694031966992,0.015481874748257907,0.0010345898959813749,0.01785787944684865,0.0011195557654457655,0.01882426736512687,0.0020747327865635466,0.018865388642997347,1.0,0.00036265924350878793,0.00023632962175439398,0.0002915356353508902,0.00020224721631579548,0.00031337828516666855
adaptive_decoder,89.0,0.4527108677337423,0.5472891322662576,0.45271086773374236,0.45271086773374225,0.4527108677337423,1.1102230246251565e-16,1.0,1.0,0.09457826453251539,0.09457826453251539,-1.1102230246251565e-16,0.006462142504519375,0.27478950364245874,0.22730237503243494,0.22540849270130706,0.27249962862379923,0.7252104963575412,0.45271086773374203,0.4979081213251063,0.004183757349787431,0.0003959926875315989,0.09457826453251597,0.27478950364245874,-0.9935252311174123,2.7755575615628914e-16,0.0,0.019649043475474116,0.004509839701391103,0.0410760190673297,0.0,0.9999542804518895,0.03267666709123033,714.7198177080193,0.0009040229454557736,0.015383870428310686,0.0009391659212140135,0.017948823804784225,0.0011195557654457655,0.01882426736512687,0.0020747327865635466,0.018865388642997347,0.0,0.00033297288891951456,0.0002214864444597573,0.0002674154722471056,0.00019111483334481797,0.00030985303055919235
adaptive_decoder,90.0,0.45304950885050466,0.5469504911494953,0.4530495088505047,0.4530495088505046,0.45304950885050466,1.1102230246251565e-16,1.0,1.0,0.09390098229899069,0.09390098229899069,-1.1102230246251565e-16,0.006369785799999139,0.2745948675183069,0.22745202499745598,0.2255974838530484,0.27235562363118865,0.725405132481693,0.4530495088505044,0.49795310748423705,0.004093785031525798,0.0003847027427106853,0.09390098229899119,0.2745948675183069,-0.9936181250483371,2.7755575615628914e-16,0.0,0.01970595853347743,0.004406456291543612,0.04039515513108923,5.36800894119495e-19,0.9999575847845046,0.03266971782621483,770.2358091224291,0.000834079388079112,0.015301153195197537,0.0008694771874742102,0.018052207214631716,0.0011195557654457655,0.01882426736512687,0.0020747327865635466,0.018865388642997347,0.0,0.0003105520188729621,0.00021027600943648105,0.0002491985153342817,0.0001827070070773608,0.00030719055224116425
adaptive_decoder,91.0,0.45337238720895623,0.5466276127910439,0.4533723872089562,0.4533723872089561,0.4533723872089561,5.551115123125783e-17,1.0,1.0,0.09325522558208776,0.09325522558208776,-5.551115123125783e-17,0.006282349806361998,0.2744082395805454,0.22759378523359672,0.22577860197535946,0.27221937321049844,0.7255917604194546,0.4533723872089562,0.49799797518585787,0.004004049628284212,0.00037368311180968616,0.09325522558208765,0.2744082395805454,-0.9937060852210051,5.551115123125783e-17,0.0,0.019734358911002038,0.00429511238216131,0.039845912900351,0.0,0.9999599309333939,0.03268921304777875,815.8216753361762,0.0007832545043046091,0.015230499443859014,0.0008212479423855834,0.018163551124014018,0.0011195557654457655,0.01882426736512687,0.0020747327865635466,0.018865388642997347,0.0,0.0002937868878737291,0.00020189344393686456,0.0002355768463974049,0.00017642008295264843,0.0003051996929350053
adaptive_decoder,92.0,0.453680376343134,0.5463196236568659,0.453680376343134,0.453680376343134,0.453680376343134,0.0,1.0,1.0,0.09263924731373196,0.09263924731373196,0.0,0.006199511390970747,0.2742291078206628,0.22772803725845547,0.22595233908467854,0.27209051583620314,0.7257708921793371,0.453680376343134,0.4980428549208817,0.0039142901582365774,0.0003628938106827184,0.09263924731373191,0.2742291078206628,-0.993789436333931,0.0,0.0,0.01973628203209119,0.004179538490653067,0.03939003093514329,0.0,0.9999615136643928,0.03272383209648545,850.2714425831829,0.0007464169701991707,0.015166360498281017,0.0007920234098238721,0.01827912501552226,0.0009126700339905627,0.01402048044775223,0.0006392167538904177,0.017568553639701157,1.0,0.00028137491557777975,0.00019568745778888988,0.00022549211890694605,0.0001717655933416674,0.00030372577122486134
adaptive_decoder,93.0,0.45397424387352636,0.5460257561264736,0.45397424387352636,0.4539742438735264,0.45397424387352636,5.551115123125783e-17,1.0,1.0,0.09205151225294728,0.09205151225294728,5.551115123125783e-17,0.006120985944428892,0.27405707239058713,0.22785515789043848,0.22611908598308805,0.27196868373588645,0.7259429276094129,0.45397424387352653,0.4980877697189745,0.003824460562051102,0.0003523167473502564,0.09205151225294705,0.27405707239058713,-0.9938684632413071,1.6653345369377348e-16,0.0,0.01970745204861344,0.004062818787789694,0.038989596726653114,4.804220578058526e-18,0.9999624484207592,0.03276123659483638,872.4329910271514,0.0007198664162116897,0.015100644668821772,0.0007816881178298596,0.018395844718385634,0.0009126700339905627,0.01402048044775223,0.0006392167538904177,0.017568553639701157,0.0,0.0002722763528370378,0.00019113817641851888,0.0002180995366800932,0.00016835363231388917,0.0003026453168993982
adaptive_decoder,94.0,0.4542546548287843,0.5457453451712156,0.4542546548287843,0.45425465482878435,0.45425465482878435,5.551115123125783e-17,1.0,1.0,0.09149069034243129,0.09149069034243129,5.551115123125783e-17,0.006046524897337369,0.27389183801153405,0.22797551633895957,0.22627913848982525,0.27185350715968093,0.7261081619884657,0.4542546548287848,0.4981326456495062,0.0037347087009874658,0.0003419530027187756,0.09149069034243015,0.27389183801153405,-0.9939434136886032,4.440892098500626e-16,0.0,0.019635002231333167,0.003947487750234371,0.03860426687745563,0.0,0.9999627639685367,0.03278604705798378,880.4925167783579,0.0007008965896094788,0.015021100116120123,0.0007935632090106948,0.018511175755940957,0.0009126700339905627,0.01402048044775223,0.0006392167538904177,0.017568553639701157,0.0,0.0002656721523799118,0.0001878360761899559,0.00021273362380867832,0.00016587705714246693,0.0003018610680951145
adaptive_decoder,95.0,0.45452216141310775,0.5454778385868922,0.45452216141310775,0.45452216141310775,0.45452216141310775,0.0,1.0,1.0,0.0909556771737845,0.0909556771737845,0.0,0.005975916996847186,0.2737332025400135,0.22808945555052088,0.2264327058625873,0.2717446360468784,0.7262667974599866,0.4545221614131082,0.49817734190946567,0.003645316181068725,0.0003318168052015569,0.0909556771737837,0.2737332025400135,-0.994014497477937,4.440892098500626e-16,0.0,0.01949207909315418,0.003835618618902515,0.03818623616872268,2.730608931929059e-24,0.999962375931038,0.03277609780350601,871.1470797216298,0.0006875168518432062,0.014907782370140121,0.0008365483389759509,0.018623044887272813,0.0009126700339905627,0.01402048044775223,0.0006392167538904177,0.017568553639701157,0.0,0.00026092537213252045,0.00018546268606626023,0.00020887686485767287,0.00016409701454969517,0.0003012973879407368
overactive_decoder,0.0,7.831818882420919e-05,0.9999216818111758,7.831818882420918e-05,7.831818882420918e-05,7.831818882420918e-05,0.0,1.0,1.0,0.9998433636223516,0.9998433636223516,0.0,0.998818732113561,0.9885660882741363,7.741681817613439e-05,9.013706480747179e-07,0.011355593537039592,0.011433911725863801,7.831818882420911e-05,0.011356494907687666,0.9772870101846246,0.9771339792895687,0.9998433636223517,0.9885660882741363,0.9091613577158416,6.776263578034403e-20,1.0,0.001094774297732928,0.0011095152725475142,0.011657077407003067,3.055650882261758e-18,0.9999216818111762,0.02929795781629628,374.08880690827976,0.009578389440585977,0.0005362392521371939,0.000672092814024472,0.018597372911830536,0.009745160453584601,0.0007922497228470254,1e-07,0.01970688818437805,1.0,0.0002500146915549268,0.0001800073457774634,0.00020001193688837801,0.00016000550933309755,0.0003000017446221475
overactive_decoder,1.0,0.00041423984254430164,0.9995857601574557,0.00041423984254430164,0.00041423984254430164,0.00041423984254430164,0.0,1.0,1.0,0.9991715203149114,0.9991715203149114,0.0,0.9947475869923683,0.9771401418281775,0.00040485939283717515,9.380449707126323e-06,0.02244561832927819,0.02285985817182249,0.0004142398425443015,0.022454998778985314,0.9550900024420295,0.9542990445557693,0.9991715203149114,0.9771401418281775,0.8397363722051858,1.6263032587282567e-19,1.0,0.0010327985444122524,0.0009948248801007753,0.01164693121978401,2.0460474477502295e-21,0.9999211956088299,0.02946124298771712,373.85280883789727,0.00961972794332322,0.0005512409700225707,0.0006664572813264158,0.018712063304277275,0.009745160453584601,0.0007922497228470254,1e-07,0.01970688818437805,0.0,0.00025002422200184573,0.00018001211100092287,0.00020001968037649964,0.00016000908325069217,0.00030000287636271916
overactive_decoder,2.0,0.0009897428546282254,0.9990102571453717,0.0009897428546282254,0.0009897428546282254,0.0009897428546282254,0.0,1.0,1.0,0.9980205142907436,0.9980205142907436,0.0,0.9886945241844137,0.9657419234894326,0.0009565881141084286,3.315474051979644e-05,0.033268333655939133,0.03425807651056736,0.000989742854628225,0.03330148839645893,0.9333970232070821,0.9315501564599047,0.9980205142907435,0.9657419234894326,0.7780069495318831,4.336808689942018e-19,1.0,0.0009715485059030438,0.0008889963085421219,0.011648356511021663,1.8257713057985447e-19,0.9999206505675554,0.029617255009939464,373.2510000071219,0.009652754254137808,0.000575965839969883,0.0006629584235791075,0.018817891875835928,0.009745160453584601,0.0007922497228470254,1e-07,0.01970688818437805,0.0,0.0002500395708462438,0.0001800197854231219,0.00020003215131257307,0.00016001483906734142,0.00030000469903799143
overactive_decoder,3.0,0.0017913390446504867,0.9982086609553495,0.0017913390446504865,0.0017913390446504863,0.0017913390446504863,2.168404344971009e-19,1.0,1.0,0.996417321910699,0.996417321910699,-2.168404344971009e-19,0.9810724466167795,0.9543855451237575,0.0017123418504412346,7.899719420925143e-05,0.0438231158315921,0.045614454876242584,0.001791339044650486,0.04390211302580135,0.9121957739483975,0.9089290846359335,0.9964173219106991,0.9543855451237575,0.7211667458900937,2.168404344971009e-19,1.0,0.0009070047486232213,0.0007924843586870345,0.011675970469249094,3.295125633699585e-18,0.9999200117034892,0.02976862792811623,372.1622940688598,0.009673498121833268,0.000617632148698255,0.0006608248427231178,0.018914403825691015,0.009745160453584601,0.0007922497228470254,1e-07,0.01970688818437805,0.0,0.00025006405656976416,0.00018003202828488209,0.0002000520459629334,0.00016002402121366156,0.0003000076067176595
overactive_decoder,4.0,0.0028063506735223082,0.9971936493264777,0.0028063506735223082,0.0028063506735223082,0.0028063506735223082,0.0,1.0,1.0,0.9943872986529554,0.9943872986529554,0.0,0.9721672937746726,0.943083585397306,0.0026535212604436535,0.00015282941307865198,0.054110063929171795,0.0569164146026941,0.0028063506735223056,0.05426289334225045,0.891474213315499,0.8864728296207692,0.9943872986529555,0.943083585397306,0.6679307172093527,2.6020852139652106e-18,1.0,0.0003456924415783484,0.0020804765661289436,0.011756859535827079,2.0376278432636713e-21,0.9999192053022126,0.02991972272810837,370.3178989149181,0.009673913998168082,0.0006893791259307003,0.0006596244002674556,0.01900118930226191,0.009879507291240479,0.0007081552487659493,0.0007809474259381584,0.021081665868390855,1.0,0.0002501027483968017,0.00018005137419840086,0.00020008348307240138,0.00016003853064880063,0.00030001220137212015
overactive_decoder,5.0,0.004023213191324739,0.9959767868086753,0.004023213191324739,0.004023213191324739,0.004023213191324739,0.0,1.0,1.0,0.9919535736173505,0.9919535736173505,0.0,0.9621929600076901,0.9318468588416786,0.0037633854381062502,0.00025982775321848305,0.06412992796699653,0.06815314115832126,0.004023213191324733,0.064389755720215,0.8712204885595698,0.8642133731897943,0.9919535736173504,0.9318468588416786,0.6175633836794412,6.071532165918825e-18,1.0,0.00046945586465828954,0.002003778640230061,0.011941875645408663,3.0740872262102656e-18,0.9999180949939357,0.03007839785702782,367.23515817105624,0.00963888050354711,0.0008151628411776635,0.0006591259413849526,0.019077887228160794,0.009879507291240479,0.0007081552487659493,0.0007809474259381584,0.021081665868390855,0.0,0.00025016330875404563,0.00018008165437702282,0.00020013268836266207,0.00016006124078276712,0.00030001939291454286
overactive_decoder,6.0,0.005432299203962929,0.9945677007960371,0.005432299203962929,0.005432299203962929,0.005432299203962929,0.0,1.0,1.0,0.9891354015920741,0.9891354015920741,0.0,0.9513103528014656,0.9206836771121967,0.0050277174743912235,0.0004045817295716951,0.07388402368384042,0.07931632288780334,0.005432299203962918,0.07428860541341212,0.8514227891731758,0.8421765176835367,0.9891354015920741,0.9206836771121967,0.569582531394006,1.0408340855860843e-17,1.0,0.0007902818800417026,0.0019374760789334505,0.012323594474058067,0.0,0.9999164486097747,0.03025884020251623,362.1584287337141,0.00954089566658034,0.0010381012921052424,0.0006592232138958876,0.019144189789457405,0.009879507291240479,0.0007081552487659493,0.0007809474259381584,0.021081665868390855,0.0,0.00025025719760011085,0.00018012859880005543,0.00020020897305009005,0.00016009644910004159,0.00030003054221501314
overactive_decoder,7.0,0.00702731441775804,0.9929726855822419,0.00702731441775804,0.00702731441775804,0.00702731441775804,0.0,1.0,1.0,0.9859453711644839,0.9859453711644839,0.0,0.939632383777688,0.9095986163764687,0.006435970922355382,0.0005913434954026447,0.08337406920577323,0.09040138362353126,0.007027314417758027,0.08396541270117587,0.8320691745976481,0.8203799197437427,0.9859453711644839,0.9095986163764687,0.5236326644735783,1.3010426069826053e-17,1.0,0.0013931275148611959,0.0018818179719099978,0.013059765081493856,0.0,0.999913920574179,0.03048561539680011,354.156816289779,0.00933208862579471,0.0014328051587807478,0.0006598884865375299,0.019199847896480857,0.009879507291240479,0.0007081552487659493,0.0007809474259381584,0.021081665868390855,0.0,0.0002504013722969021,0.00018020068614845106,0.000200326114991233,0.00016015051461133831,0.0003000476629602571
overactive_decoder,8.0,0.008807142254953517,0.9911928577450465,0.008807142254953517,0.008807142254953515,0.008807142254953517,1.734723475976807e-18,1.0,1.0,0.982385715490093,0.982385715490093,-1.734723475976807e-18,0.927222764653106,0.8985909488187933,0.00798275069412385,0.0008243915608296563,0.09260190892625314,0.10140905118120665,0.008807142254953507,0.0934263004870828,0.8131473990258342,0.798830680759246,0.982385715490093,0.8985909488187933,0.4794186433840546,1.0408340855860843e-17,1.0,0.0019097202621091525,0.00032374387756312767,0.014389615243628253,0.0,0.9999101474179629,0.030797389435584504,342.75464029373035,0.008936283414987534,0.002117253233547167,0.0006611333263938368,0.019244678016644926,0.009089540399784796,0.0010553002044482267,0.0013556435746067868,0.0189209341390818,1.0,0.00025062065593258555,0.00018031032796629278,0.00020050428294522576,0.0001602327459747196,0.0003000737028919945
overactive_decoder,9.0,0.010776741819988975,0.989223258180011,0.010776741819988974,0.010776741819988974,0.010776741819988974,0.0,1.0,1.0,0.978446516360022,0.978446516360022,0.0,0.9141004412089271,0.887654010634158,0.009668352649613852,0.0011083891703751085,0.1015692475458529,0.11234598936584186,0.010776741819988962,0.10267763671622801,0.7946447265675438,0.7775247996090664,0.978446516360022,0.887654010634158,0.43667395801672393,1.214306433183765e-17,1.0,0.0037175571735223265,0.0003576367507160602,0.0166006473944372,6.823478492686412e-22,0.9999051795684419,0.03124366223450865,329.5034806435873,0.008253725166620929,0.0032443598527013284,0.0006629612825014286,0.01927857088979786,0.009089540399784796,0.0010553002044482267,0.0013556435746067868,0.0189209341390818,0.0,0.0002509509933138399,0.00018047549665691995,0.00020077268206749493,0.00016035662249268997,0.00030011293045601844
overactive_decoder,10.0,0.012943120173171431,0.9870568798268285,0.012943120173171431,0.01294312017317143,0.012943120173171431,1.734723475976807e-18,1.0,1.0,0.9741137596536571,0.9741137596536571,-1.734723475976807e-18,0.9002734046471226,0.876778964036071,0.011494893761139727,0.001448226412031703,0.11027791579075757,0.123221035963929,0.01294312017317143,0.11172614220278927,0.7765477155944216,0.7564543808962054,0.9741137596536571,0.876778964036071,0.39517273745674086,1.734723475976807e-18,1.0,0.006449091084046824,0.0003805686226569238,0.019869656263916093,0.0,0.9999003590927682,0.03186060713183871,319.7542858348243,0.0072061105279807025,0.004930641986481077,0.000665324144396906,0.019301502761738722,0.009089540399784796,0.0010553002044482267,0.0013556435746067868,0.0189209341390818,0.0,0.0002514438665374929,0.00018072193326874647,0.000201173141561713,0.00016054144995155986,0.00030017145915132727
overactive_decoder,11.0,0.015302231338955849,0.9846977686610442,0.015302231338955849,0.015302231338955847,0.015302231338955849,1.734723475976807e-18,1.0,1.0,0.9693955373220883,0.9693955373220883,-1.734723475976807e-18,0.8858191227118231,0.8659662856859253,0.013454691781106354,0.0018475395578494904,0.11873148297511897,0.13403371431407482,0.015302231338955846,0.12057902253296846,0.7588419549340633,0.7356276504875494,0.9693955373220884,0.8659662856859253,0.35479616467599007,3.469446951953614e-18,1.0,0.009993398842177016,0.0003926157685792582,0.023982657985878425,1.850940968004714e-18,0.9998986360533834,0.03262159739896685,321.8264332420128,0.005833999766187925,0.00710567278258234,0.0006681579441607521,0.019313549907661057,0.009089540399784796,0.0010553002044482267,0.0013556435746067868,0.0189209341390818,0.0,0.0002521721993266795,0.00018108609966333976,0.00020176491195292713,0.00016081457474750483,0.0003002579486700432
overactive_decoder,12.0,0.01782328988430362,0.9821767101156964,0.017823289884303622,0.01782328988430362,0.017823289884303622,3.469446951953614e-18,1.0,1.0,0.9643534202313928,0.9643534202313928,-3.469446951953614e-18,0.8709619885326141,0.8552387885395306,0.0155170748327279,0.002306215051575732,0.1269379215761657,0.14476121146046933,0.01782328988430363,0.12924413662774145,0.7415117267445172,0.7150900071822127,0.9643534202313927,0.8552387885395306,0.31560041418963647,6.938893903907228e-18,1.0,0.003352669472883543,0.00089171096521036,0.02823731175787848,3.1595350025010997e-16,0.9999023244423625,0.03340967776968061,342.0474740842438,0.00435856576410798,0.009421965913772867,0.000671581356015416,0.019314907356523876,0.004053631943389475,0.012370071104398092,0.0005719508944756027,0.018423196391313516,1.0,0.0002532381378522882,0.0001816190689261441,0.0002026309870049842,0.0001612143016946081,0.0003003845288699592
overactive_decoder,13.0,0.020449300519163542,0.9795506994808365,0.020449300519163546,0.020449300519163546,0.020449300519163546,0.0,1.0,1.0,0.9591013989616729,0.9591013989616729,0.0,0.8560441410616114,0.8446398254730942,0.01762993485045753,0.0028193656687060253,0.1349108740077423,0.15536017452690584,0.020449300519163556,0.13773023967644832,0.7245395206471035,0.6949183822836005,0.959101398961673,0.8446398254730942,0.2777806362265729,1.0408340855860843e-17,1.0,0.0020234373496394393,0.0008827164660716626,0.031847495783396386,2.4660335944083713e-21,0.9999101077649529,0.03407958597530342,379.1160154985267,0.003069400273134848,0.011435035284554806,0.0006761207540171288,0.019305912857385178,0.004053631943389475,0.012370071104398092,0.0005719508944756027,0.018423196391313516,0.0,0.00025478315029455514,0.00018239157514727758,0.00020388630961432603,0.00016179368136045818,0.00030056799909747837
overactive_decoder,14.0,0.023117185992139962,0.97688281400786,0.023117185992139962,0.023117185992139962,0.023117185992139962,0.0,1.0,1.0,0.9537656280157201,0.9537656280157201,0.0,0.8413980747595435,0.8342147281538719,0.019737915294876528,0.003379270697263452,0.14266808585398816,0.16578527184612812,0.02311718599213998,0.14604735655125162,0.7079052868974969,0.6751879977022706,0.9537656280157201,0.8342147281538719,0.24153830362155326,1.734723475976807e-17,1.0,0.0025675565527515697,0.0008638808403317565,0.03445420256799517,3.1534003591326763e-16,0.9999183444743222,0.03455604213229951,423.19294187917905,0.002129591617746729,0.0129028403386654,0.0006826978873171186,0.019287077231645272,0.004053631943389475,0.012370071104398092,0.0005719508944756027,0.018423196391313516,0.0,0.0002570009303444458,0.0001835004651722229,0.00020568825590486223,0.00016262534887916718,0.0003008313604784029
overactive_decoder,15.0,0.025777007816588725,0.9742229921834112,0.025777007816588725,0.025777007816588725,0.025777007816588725,0.0,1.0,1.0,0.9484459843668226,0.9484459843668226,0.0,0.8272499590227617,0.8239939159240797,0.021798780103182827,0.003978227713405906,0.1502290762593315,0.17600608407592022,0.025777007816588732,0.1542073039727374,0.6915853920545251,0.6559442872749713,0.9484459843668224,0.8239939159240797,0.2069802648746557,6.938893903907228e-18,1.0,0.00412300210177111,0.000835925915555976,0.03615944717400549,6.746162233254935e-21,0.9999245667873384,0.034851910475133877,462.02341442750264,0.001530133200328354,0.013849060892174081,0.0006924644654096035,0.01925912230686949,0.004053631943389475,0.012370071104398092,0.0005719508944756027,0.018423196391313516,0.0,0.0002601536110102559,0.00018507680550512796,0.0002082498089458329,0.00016380760412884596,0.00030120574130746786
overactive_decoder,16.0,0.02839755521293715,0.9716024447870628,0.028397555212937152,0.028397555212937152,0.028397555212937152,0.0,1.0,1.0,0.9432048895741257,0.9432048895741257,0.0,0.8137091046488886,0.8139882475575537,0.023787425547052602,0.004610129665884553,0.15761419722950912,0.18601175244244628,0.028397555212937155,0.16222432689539368,0.6755513462092126,0.6371967544468766,0.9432048895741256,0.8139882475575537,0.17410471205668876,3.469446951953614e-18,1.0,0.003257483753608522,0.00014429819292526708,0.037247325482598174,0.0,0.999928298643695,0.03501960294612827,488.4092121937067,0.001180541600651508,0.014420084648864573,0.0007067558594755496,0.019223027597924644,0.0008216522364456616,0.016656108205189608,4.4185026397908786e-05,0.01936732579084991,1.0,0.00026459178161971524,0.00018729589080985763,0.00021185582256601863,0.00016547191810739324,0.0003017327740673412
overactive_decoder,17.0,0.03096290673720221,0.9690370932627977,0.030962906737202214,0.03096290673720221,0.030962906737202214,3.469446951953614e-18,1.0,1.0,0.9380741865255956,0.9380741865255956,-3.469446951953614e-18,0.8008019618603965,0.8041920319361611,0.025692165517447373,0.005270741219754856,0.16484506132663687,0.1958079680638391,0.030962906737202228,0.17011580254639172,0.6597683949072166,0.6189255463118317,0.9380741865255957,0.8041920319361611,0.14283234650702004,1.3877787807814457e-17,1.0,0.0027470686113210763,0.00018723903765118996,0.037980491786775636,0.0,0.9999299904548177,0.03511035288508857,501.508084271234,0.0009902123249098116,0.014760611098321719,0.0007271964423869459,0.01918008675319872,0.0008216522364456616,0.016656108205189608,4.4185026397908786e-05,0.01936732579084991,0.0,0.00027077873750731894,0.00019038936875365948,0.00021688272422469663,0.0001677920265652446,0.0003024674750789941
overactive_decoder,18.0,0.033467214511519454,0.9665327854884805,0.03346721451151946,0.03346721451151946,0.03346721451151946,0.0,1.0,1.0,0.9330655709769611,0.9330655709769611,0.0,0.7885077082066521,0.7945873100103078,0.027509752791651715,0.00595746171986776,0.1719454754781728,0.20541268998969225,0.033467214511519475,0.17790293719804057,0.644194125603919,0.6010895434603512,0.9330655709769611,0.7945873100103078,0.11303981336567859,1.3877787807814457e-17,1.0,0.0024691274823092713,0.00023535131373428678,0.03854513128580304,2.418537848966424e-19,0.9999301685707586,0.035161553001621146,503.520454665921,0.0008959660292258143,0.0149729672697404,0.0007558577804778199,0.019131974477115624,0.0008216522364456616,0.016656108205189608,4.4185026397908786e-05,0.01936732579084991,0.0,0.00027931926153497015,0.00019465963076748509,0.00022382189999716327,0.0001709947230756138,0.0003034816623072777
overactive_decoder,19.0,0.03591077228234201,0.964089227717658,0.03591077228234201,0.03591077228234202,0.03591077228234202,6.938893903907228e-18,1.0,1.0,0.928178455435316,0.928178455435316,6.938893903907228e-18,0.7767817050170907,0.7851470019195521,0.029241716628440047,0.006669055653901983,0.17894222579810581,0.21485299808044783,0.03591077228234203,0.1856112814520078,0.6287774370959843,0.5836321151469083,0.928178455435316,0.7851470019195521,0.08458192257327024,1.3877787807814457e-17,1.0,0.002325457043828091,0.0002865016579370744,0.03906408506296827,4.140862390079103e-21,0.9999291568379981,0.03519850656523155,496.85115077568156,0.0008604549909160264,0.015120690843159146,0.0007954219537251728,0.019080824132912837,0.0008216522364456616,0.016656108205189608,4.4185026397908786e-05,0.01936732579084991,0.0,0.0002909930218099591,0.00020049651090497955,0.00023330683022059176,0.00017537238317873465,0.00030486792133993263
overactive_decoder,20.0,0.038297684129787554,0.9617023158702125,0.038297684129787554,0.03829768412978757,0.03829768412978756,1.3877787807814457e-17,1.0,1.0,0.9234046317404249,0.9234046317404249,1.3877787807814457e-17,0.7655680585302491,0.7758370574924134,0.03089220320651424,0.007405480923273321,0.18586525837779905,0.22416294250758662,0.03829768412978756,0.19327073930107236,0.6134585213978552,0.5664850768313734,0.923404631740425,0.7758370574924134,0.05730439056211911,0.0,1.0,0.0009593702632870967,0.003423741863149754,0.039621576399021294,2.6764851057015742e-19,0.9999270638856407,0.035239180036114565,483.1513214771364,0.000863884984873331,0.015241876710012425,0.0008493529165639613,0.01902931548274243,0.0005997283891747878,0.015554063195293365,0.0012323800988715754,0.015605573619592677,1.0,0.000306792354631085,0.0002083961773155425,0.00024614378813775655,0.00018129713298665687,0.00030674409211244133
overactive_decoder,21.0,0.04063468436173348,0.9593653156382665,0.04063468436173348,0.04063468436173349,0.04063468436173348,6.938893903907228e-18,1.0,1.0,0.9187306312765331,0.9187306312765331,6.938893903907228e-18,0.7548053359564683,0.7666184865579356,0.03246689042963232,0.00816779393210117,0.192746829080331,0.23338151344206448,0.040634684361733495,0.20091462301243218,0.5981707539751357,0.5495725609800735,0.9187306312765331,0.7666184865579356,0.031051763767567686,1.3877787807814457e-17,1.0,0.0008016587686787932,0.003375197385963428,0.040282315205624364,2.9051793557409213e-19,0.9999238284447739,0.03529803096427485,463.40173650779764,0.0008971411683877939,0.01536010423496681,0.0009220930697323437,0.018980771005556105,0.0005997283891747878,0.015554063195293365,0.0012323800988715754,0.015605573619592677,0.0,0.00032796377363527224,0.00021898188681763613,0.0002633455660786587,0.0001892364151132271,0.00030925819811918856
overactive_decoder,22.0,0.0429306716629347,0.9570693283370653,0.042930671662934704,0.04293067166293471,0.04293067166293471,6.938893903907228e-18,1.0,1.0,0.9141386566741305,0.9141386566741305,6.938893903907228e-18,0.744428489937341,0.7574500315848417,0.03397259498525725,0.008958076677677474,0.19961929675222365,0.24254996841515836,0.042930671662934725,0.20857737342990113,0.5828452531401979,0.5328162165250382,0.9141386566741306,0.7574500315848417,0.005673864573446985,1.3877787807814457e-17,1.0,0.0006335906568058166,0.0033336843138188042,0.0411035683674332,3.1509122006825317e-16,0.9999192547069735,0.03538841022559986,438.2721134468131,0.0009574727397408944,0.0154912902515979,0.00101930673632733,0.01893925793341148,0.0005997283891747878,0.015554063195293365,0.0012323800988715754,0.015605573619592677,0.0,0.0003560520002104462,0.00023302600010522307,0.0002861672501709875,0.00019976950007891733,0.00031259367502499045
overactive_decoder,23.0,0.04519668069942568,0.9548033193005743,0.04519668069942568,0.04519668069942569,0.04519668069942569,6.938893903907228e-18,1.0,1.0,0.9096066386011487,0.9096066386011487,6.938893903907228e-18,0.7343687435396331,0.7482916353087413,0.03541732842971921,0.009779352269706488,0.20651168399183303,0.25170836469125873,0.0451966806994257,0.21629103626153953,0.567417927476921,0.5161419751568955,0.9096066386011487,0.7482916353087413,-0.018968236564546936,1.3877787807814457e-17,1.0,0.0006239354195662719,0.0033041179557473967,0.0421420528020245,3.844702071193716e-22,0.9999130265207552,0.03552385408653323,408.44467066271653,0.0010460744771925157,0.015647476325280185,0.0011482038973098518,0.018909691575340073,0.0005997283891747878,0.015554063195293365,0.0012323800988715754,0.015605573619592677,0.0,0.0003929446519375753,0.00025147232596878764,0.00031614252969927993,0.00021360424447659074,0.000316974677417587
overactive_decoder,24.0,0.04744614668056855,0.9525538533194314,0.04744614668056855,0.047446146680568554,0.047446146680568554,6.938893903907228e-18,1.0,1.0,0.9051077066388629,0.9051077066388629,6.938893903907228e-18,0.7245523138204881,0.7391078962347165,0.03681063532578216,0.010635511354786414,0.21344595708471492,0.2608921037652835,0.047446146680568575,0.22408146843950133,0.5518370631209972,0.49948681517900595,0.9051077066388629,0.7391078962347165,-0.042998110856353744,2.0816681711721685e-17,1.0,0.0019870711480572023,0.0015285812645743982,0.043457266709359656,7.751646769192271e-24,0.9999047027621957,0.03571853556278148,374.81186638507216,0.0011668090735141856,0.015838600189688523,0.0013180059172579472,0.018897933700292645,0.0009106671967868133,0.01728217180842262,0.001605363569853681,0.017369352435718247,1.0,0.0004409149747467784,0.0002754574873733892,0.00035511841698175747,0.0002315931155300419,0.0003226711532511799
overactive_decoder,25.0,0.04969540570541817,0.9503045942945818,0.04969540570541817,0.04969540570541819,0.04969540570541818,1.3877787807814457e-17,1.0,1.0,0.9006091885891636,0.9006091885891636,1.3877787807814457e-17,0.7148983490335805,0.7298699255997763,0.03816406840225688,0.011531337303161313,0.2204346686948055,0.2701300744002237,0.049695405705418194,0.2319660059979668,0.5360679880040662,0.4828025258058753,0.9006091885891636,0.7298699255997763,-0.06652443134476327,1.3877787807814457e-17,1.0,0.00168894150823375,0.0015415253789564133,0.045112033117839054,0.0,0.9998936962255642,0.03598690474842301,338.5289463091224,0.0013255549544888279,0.016072808789887483,0.0015406728378570822,0.01891087781467466,0.0009106671967868133,0.01728217180842262,0.001605363569853681,0.017369352435718247,0.0,0.000502659197607975,0.00030632959880398756,0.00040528559805647974,0.00025474719910299065,0.000330003279715947
overactive_decoder,26.0,0.051964432484019725,0.9480355675159803,0.05196443248401972,0.05196443248401974,0.05196443248401973,2.0816681711721685e-17,1.0,1.0,0.8960711350319606,0.8960711350319606,2.0816681711721685e-17,0.7053161667049787,0.7205542519191922,0.03949168905340986,0.012472743430609905,0.22748131559678808,0.27944574808080785,0.05196443248401977,0.239954059027398,0.5200918819452041,0.4660539906996042,0.8960711350319606,0.7205542519191922,-0.08964770502278752,3.469446951953614e-17,1.0,0.0017727783404507904,0.0015871587959007602,0.04717020399526118,0.0,0.9998792355749602,0.03634225532038348,300.93510823569613,0.001529874048529889,0.016355356472653737,0.0018321197227925134,0.018956511231619008,0.0009106671967868133,0.01728217180842262,0.001605363569853681,0.017369352435718247,0.0,0.0005813242824895022,0.0003456621412447511,0.00046920097952272055,0.00028424660593356335,0.0003393447585456284
overactive_decoder,27.0,0.05427786270039347,0.9457221372996065,0.05427786270039346,0.05427786270039349,0.054277862700393475,2.7755575615628914e-17,1.0,1.0,0.891444274599213,0.891444274599213,2.7755575615628914e-17,0.6957017004024393,0.7111388284281858,0.04081057242338827,0.013467290277005302,0.23458330887142068,0.28886117157181423,0.05427786270039357,0.24805059914842598,0.503898801703148,0.4492122374103822,0.8914442745992128,0.7111388284281858,-0.11247205042458797,9.71445146547012e-17,1.0,0.0020836719443208342,0.0016745896392756678,0.049690737423034835,5.61951151458283e-19,0.9998603075492511,0.036793592388208445,263.3899841470917,0.001788825075372813,0.016685625035759877,0.002214330862925773,0.019043942074993915,0.0009106671967868133,0.01728217180842262,0.001605363569853681,0.017369352435718247,0.0,0.0006805211136891249,0.0003952605568445624,0.0005497984048724139,0.0003214454176334218,0.00035112438225058353
overactive_decoder,28.0,0.05666638445877876,0.9433336155412212,0.05666638445877876,0.05666638445877878,0.056666384458778765,2.0816681711721685e-17,1.0,1.0,0.8866672310824425,0.8866672310824425,2.0816681711721685e-17,0.6859329578866671,0.7015977026024364,0.04214141129197113,0.014524973166807792,0.24173591293878477,0.2984022973975637,0.056666384458778925,0.25626088610559256,0.48747822778881494,0.43224535153848825,0.8866672310824422,0.7015977026024364,-0.13511845783071808,1.5959455978986625e-16,1.0,0.0036772221071196274,0.0010032015999317453,0.052716857066192516,0.0,0.9998355777444448,0.03733976099146241,227.0967568555058,0.0021128208484865185,0.01705129403490413,0.002719019471172923,0.019183378024769954,0.0020715107246081456,0.013743555283933173,0.003047192703443221,0.0201865796247017,1.0,0.000804317614467711,0.00045715880723385554,0.0006503830617550152,0.0003678691054253916,0.00036582521671804066
overactive_decoder,29.0,0.05916859044461388,0.9408314095553861,0.05916859044461388,0.05916859044461391,0.059168590444613894,2.7755575615628914e-17,1.0,1.0,0.8816628191107723,0.8816628191107723,2.7755575615628914e-17,0.6758643455015789,0.6918962716178492,0.04350936151543258,0.015659228929181465,0.24893513793753666,0.3081037283821507,0.05916859044461405,0.2645943668667181,0.47081126626656367,0.4151110010940614,0.8816628191107717,0.6918962716178492,-0.1577361486228417,1.5265566588595902e-16,1.0,0.004463267248714827,0.0008005366629898931,0.056259516925727206,3.1400794464800427e-16,0.9998033020401821,0.037959680525068575,192.98461743176253,0.0025134661814730785,0.017418513332232988,0.0033935464469933008,0.019386042961711807,0.0020715107246081456,0.013743555283933173,0.003047192703443221,0.0201865796247017,0.0,0.0009572060037902717,0.0005336030018951359,0.0007746048780795957,0.0004252022514213519,0.00038398071295009476
overactive_decoder,30.0,0.06183327287871955,0.9381667271212805,0.06183327287871955,0.06183327287871958,0.061833272878719564,2.7755575615628914e-17,1.0,1.0,0.8763334542425609,0.8763334542425609,2.7755575615628914e-17,0.665320254110225,0.6819883155037355,0.044945165730773444,0.016888107147946304,0.2561784116175447,0.31801168449626444,0.061833272878719744,0.273066518765491,0.453866962469018,0.3977528453033637,0.8763334542425605,0.6819883155037355,-0.18051030916329047,1.8041124150158794e-16,1.0,0.006168438999989764,0.0005225616295677707,0.060278475679582263,9.401534329169652e-19,0.9997612917217871,0.038599265327512136,161.70057283510454,0.0030033315883488676,0.01771864536114487,0.004308720762480567,0.01966401799513393,0.0020715107246081456,0.013743555283933173,0.003047192703443221,0.0201865796247017,0.0,0.0011440385261089667,0.0006270192630544834,0.0009264063024635355,0.0004952644472908626,0.0004061670749754398
overactive_decoder,31.0,0.06472172008507893,0.9352782799149211,0.06472172008507893,0.06472172008507895,0.06472172008507894,2.7755575615628914e-17,1.0,1.0,0.8705565598298421,0.8705565598298421,2.7755575615628914e-17,0.6540900233642578,0.6718152457705034,0.04648623606538899,0.01823548401969023,0.26346303414441724,0.32818475422949644,0.06472172008507922,0.28169851816410746,0.436602963671785,0.3801014595803874,0.8705565598298415,0.6718152457705034,-0.20366482649738682,2.7755575615628914e-16,1.0,0.008136646127294485,0.00015658469191946398,0.06467749047567845,1.7405487025589627e-18,0.9997071187358971,0.03916349207728465,133.71798362468363,0.0035956274951485234,0.017840159420325907,0.005563117923804595,0.020029994932782236,0.0020715107246081456,0.013743555283933173,0.003047192703443221,0.0201865796247017,0.0,0.0013699266110914288,0.0007399633055457144,0.001109940371511786,0.0005799724791592857,0.00043299128506710716
overactive_decoder,32.0,0.06790872816616264,0.9320912718338373,0.06790872816616264,0.06790872816616267,0.06790872816616265,2.7755575615628914e-17,1.0,1.0,0.8641825436676747,0.8641825436676747,2.7755575615628914e-17,0.6419294786804188,0.6613079861415442,0.048176766211434956,0.01973196195472798,0.27078328569229293,0.3386920138584559,0.06790872816616293,0.2905152476470209,0.4189695047059583,0.3620798961925442,0.8641825436676742,0.6613079861415442,-0.22745641670607264,2.7755575615628914e-16,1.0,0.0012914921604352974,0.0001114508939016115,0.0693559823083349,0.0,0.9996388560867865,0.039541396149440175,109.48930524010461,0.0043037592654456835,0.017654147718479396,0.007266261796271656,0.020496933303416568,0.003814374820914883,0.01809336744363606,0.006903373805523824,0.020385482409514957,1.0,0.0016400996369615038,0.000875049818480752,0.0013294559550312219,0.0006812873638605638,0.0004650743318891786
overactive_decoder,33.0,0.07148085795516602,0.928519142044834,0.07148085795516602,0.07148085795516607,0.07148085795516604,4.163336342344337e-17,1.0,1.0,0.857038284089668,0.857038284089668,4.163336342344337e-17,0.6285742199455666,0.6503918458181522,0.05006589454717674,0.021414963407989554,0.27812729622668136,0.34960815418184765,0.07148085795516629,0.2995422596346709,0.400915480730658,0.3436136184522837,0.8570382840896673,0.6503918458181522,-0.2521564203941913,2.498001805406602e-16,1.0,0.004873048597827516,0.0006921342962284693,0.07436711686502238,1.6007866774916268e-18,0.9995561222023932,0.03970601851408334,89.45258971762429,0.0051407929642385275,0.017117185724249806,0.009473822540641441,0.021077616705743426,0.003814374820914883,0.01809336744363606,0.006903373805523824,0.020385482409514957,0.0,0.001959721334271696,0.001034860667135848,0.001589148584095753,0.0008011455003518859,0.0005030294084447639
overactive_decoder,34.0,0.07553390168989299,0.924466098310107,0.07553390168989299,0.07553390168989305,0.07553390168989302,5.551115123125783e-17,1.0,1.0,0.8489321966202139,0.8489321966202139,5.551115123125783e-17,0.6137562915400412,0.6389923862011501,0.0522054376260995,0.023328464063793828,0.2854737121089566,0.36100761379884994,0.07553390168989332,0.30880217617275046,0.3823956476544991,0.3246417005298878,0.8489321966202132,0.6389923862011501,-0.27802964246946704,3.0531133177191805e-16,1.0,0.00916245355670327,0.0013986281222787174,0.0801132781353953,3.1509124126208277e-16,0.9994594304816666,0.039861194099612626,73.73925600264866,0.0061189352489910975,0.016424405665440123,0.012092305155954941,0.021784110531793674,0.003814374820914883,0.01809336744363606,0.006903373805523824,0.020385482409514957,0.0,0.0023336643788149387,0.0012218321894074693,0.0018929773077871373,0.0009413741420556017,0.0005474351449842739
overactive_decoder,35.0,0.08017611348607724,0.9198238865139228,0.08017611348607723,0.08017611348607728,0.08017611348607726,5.551115123125783e-17,1.0,1.0,0.8396477730278455,0.8396477730278455,5.551115123125783e-17,0.5972005667996554,0.6270374192422068,0.054651728956329367,0.025524384529748232,0.2927864672717156,0.3729625807577932,0.0801761134860776,0.31831085180146385,0.36337829639707236,0.30512360754391005,0.8396477730278447,0.6270374192422068,-0.3053345371670204,3.469446951953614e-16,1.0,0.01349048849343089,0.0022416484131075297,0.08727937515808201,3.0833621920229107e-16,0.9993463101320772,0.04084167750887267,62.478676071044596,0.007249060434141086,0.01601173164814651,0.01487754089023896,0.022627130822622486,0.003814374820914883,0.01809336744363606,0.006903373805523824,0.020385482409514957,0.0,0.0027662468201435295,0.0014381234100717649,0.002244450541366618,0.0011035925575538237,0.0005988043098920442
overactive_decoder,36.0,0.08553652433627207,0.9144634756637279,0.08553652433627207,0.08553652433627211,0.0855365243362721,4.163336342344337e-17,1.0,1.0,0.8289269513274558,0.8289269513274558,4.163336342344337e-17,0.578606835931242,0.6144557003604022,0.05747075249385092,0.028065771842421504,0.30000777530332545,0.3855442996395979,0.08553652433627243,0.32807354714574694,0.34385290570850613,0.28504294440564737,0.8289269513274552,0.6144557003604022,-0.3343391689373276,3.3306690738754696e-16,1.0,0.002391501545423922,0.00022771277538434845,0.0963875372241039,0.0,0.9992089300513256,0.04346898108320157,54.949604843469366,0.008540055805576707,0.016288049991307063,0.01759841032679843,0.023615342779547226,0.009496418874055949,0.01686675252067812,0.018454846274372053,0.023843055554931575,1.0,0.0032609375380118514,0.0016854687690059259,0.0026463867496346297,0.0012891015767544443,0.0006575488326389074
overactive_decoder,37.0,0.0917658189212593,0.9082341810787407,0.09176581892125932,0.09176581892125936,0.09176581892125935,4.163336342344337e-17,1.0,1.0,0.8164683621574813,0.8164683621574813,4.163336342344337e-17,0.5576634126252309,0.6011806737825776,0.060737953541729506,0.031027865379530197,0.30705350729616276,0.39881932621742244,0.0917658189212597,0.33808137267569294,0.3238372546486141,0.26441707832421546,0.8164683621574806,0.6011806737825776,-0.36530745330311487,3.608224830031759e-16,1.0,0.002756303236163795,0.0009115611282712564,0.1074745914180114,1.0972717303778332e-19,0.9990373733786049,0.046397313571306845,48.19866035292452,0.00999783694424039,0.017395513497470705,0.020180970463558823,0.02475461668320283,0.009496418874055949,0.01686675252067812,0.018454846274372053,0.023843055554931575,0.0,0.0038200416972146295,0.0019650208486073147,0.0031006588789868864,0.0014987656364554857,0.0007239424515442372
overactive_decoder,38.0,0.09902500979097012,0.9009749902090298,0.09902500979097012,0.09902500979097018,0.09902500979097015,5.551115123125783e-17,1.0,1.0,0.8019499804180596,0.8019499804180596,5.551115123125783e-17,0.5341026934505292,0.5871614896575663,0.064530175524575,0.0344948342663955,0.3138135005514632,0.4128385103424337,0.09902500979097051,0.34830833481785867,0.30338333036428256,0.24331264784792372,0.801949980418059,0.5871614896575663,-0.398445480378103,3.608224830031759e-16,1.0,0.00873597140551893,0.0022042223261197653,0.12021979847281704,1.3600549838401528e-19,0.9988233393442097,0.04963052340825895,42.17913054543906,0.011624308733701239,0.019247900888551772,0.022681779452372042,0.02604727788105134,0.009496418874055949,0.01686675252067812,0.018454846274372053,0.023843055554931575,0.0,0.004444380893532214,0.002277190446766107,0.0036079344759949233,0.0017328928350745798,0.0007980827311069502
overactive_decoder,39.0,0.10746950021881516,0.8925304997811848,0.10746950021881516,0.10746950021881523,0.10746950021881518,6.938893903907228e-17,1.0,1.0,0.7850609995623696,0.7850609995623696,6.938893903907228e-17,0.5077642955511134,0.5723750747113595,0.06891555254027525,0.038553947678540236,0.3201554250698249,0.4276249252886404,0.10746950021881549,0.3587093727483652,0.2825812545032696,0.2218580447797996,0.785060999562369,0.5723750747113595,-0.43384235801130133,3.0531133177191805e-16,1.0,0.015475229184809449,0.003648339610901035,0.1342040468649729,0.0,0.9985605945119737,0.053166319466343176,36.93630454281695,0.013416531791237474,0.021685646100870315,0.025191068961807783,0.02749139516583261,0.009496418874055949,0.01686675252067812,0.018454846274372053,0.023843055554931575,0.0,0.0051329860046538086,0.002621493002326904,0.0041674261287812184,0.001991119751745178,0.0008798545880526396
overactive_decoder,40.0,0.11723422631080391,0.8827657736891961,0.11723422631080392,0.117234226310804,0.11723422631080396,8.326672684688674e-17,1.0,1.0,0.7655315473783921,0.7655315473783921,8.326672684688674e-17,0.4786418699342019,0.556834836292008,0.07394539136694518,0.04328883494385913,0.3259309373971876,0.4431651637079919,0.11723422631080431,0.36921977234104675,0.2615604553179065,0.20024734247173437,0.7655315473783914,0.556834836292008,-0.471429258446856,3.469446951953614e-16,1.0,0.0027180147921231617,0.002216351244605487,0.14903652475290974,1.1591485567715657e-19,0.9982442780916181,0.05698968657135833,32.45940390632846,0.015366093038502449,0.024566340083226446,0.027776185114012253,0.029080157299891475,0.015165462441164753,0.025720229543320556,0.026412690379320897,0.03129650854449696,1.0,0.005882823303554766,0.002996411651777383,0.004776668934138246,0.0022723087388330366,0.0009688977672971284
overactive_decoder,41.0,0.12842011065201864,0.8715798893479814,0.12842011065201867,0.12842011065201875,0.1284201106520187,8.326672684688674e-17,1.0,1.0,0.7431597786959626,0.7431597786959626,8.326672684688674e-17,0.4469106423906736,0.5405955665233679,0.07964814566585322,0.04877196498616579,0.330984322824613,0.459404433476632,0.12842011065201903,0.37975628781077875,0.2404874243784424,0.1787350630190675,0.743159778695962,0.5405955665233679,-0.5109590712928624,3.3306690738754696e-16,1.0,0.008412552067843018,0.0004951188300879074,0.16437331524925108,0.0,0.9978707790369888,0.06107103912769775,28.682339779959094,0.017458642816499448,0.027782487618105645,0.03046980399704413,0.030801389714409055,0.015165462441164753,0.025720229543320556,0.026412690379320897,0.03129650854449696,0.0,0.006688575784685114,0.003399287892342557,0.0054313428250566545,0.0025744659192569173,0.0010645808744313573
overactive_decoder,42.0,0.14108112249682336,0.8589188775031766,0.14108112249682336,0.14108112249682347,0.14108112249682342,1.1102230246251565e-16,1.0,1.0,0.7178377550063532,0.7178377550063532,1.1102230246251565e-16,0.4129368137262275,0.5237549647564249,0.08602485714862035,0.05505626534820351,0.3351639127467513,0.47624503524357514,0.14108112249682386,0.3902201780949548,0.2195596438100904,0.1576224602092568,0.7178377550063524,0.5237549647564249,-0.5520046761344326,4.440892098500626e-16,1.0,0.016902111973987326,0.0013407532354248602,0.17990452639582358,0.0,0.9974382065627512,0.065793852301237,25.68273122437796,0.019673629870676557,0.031251236544912464,0.03327562792220451,0.03263726177992182,0.015165462441164753,0.025720229543320556,0.026412690379320897,0.03129650854449696,0.0,0.007542501566580913,0.0038262507832904566,0.0061251575228469905,0.002894688087467842,0.0011659845610314833
overactive_decoder,43.0,0.1552125820681405,0.8447874179318594,0.1552125820681405,0.15521258206814062,0.15521258206814056,1.1102230246251565e-16,1.0,1.0,0.6895748358637188,0.6895748358637188,1.1102230246251565e-16,0.377267489832967,0.506451709047757,0.09304613993868219,0.062166442129458974,0.3383357088841018,0.49354829095224295,0.15521258206814115,0.4005021510135608,0.19899569797287842,0.13723630235443207,0.6895748358637177,0.506451709047757,-0.59397608608145,5.828670879282072e-16,1.0,0.025763569576971172,0.0032677205172041007,0.19534332033517918,6.509273804960474e-18,0.9969470932867744,0.07117354765278643,23.313371268258585,0.021984295818109234,0.034901397216518415,0.03617625890614973,0.03456422906170106,0.015165462441164753,0.025720229543320556,0.026412690379320897,0.03129650854449696,0.0,0.008434389426794826,0.004272194713397412,0.006849816409270794,0.003229146035048059,0.0012718962444318853
overactive_decoder,44.0,0.17074244626502616,0.8292575537349738,0.17074244626502616,0.1707424462650263,0.17074244626502622,1.3877787807814457e-16,1.0,1.0,0.6585151074699476,0.6585151074699476,1.3877787807814457e-16,0.34059963334858856,0.4888598679379412,0.10065123510198465,0.07009121116304212,0.34039768579703206,0.5111401320620588,0.17074244626502677,0.4104888969600742,0.1790222060798517,0.11790215820196659,0.6585151074699465,0.4888598679379412,-0.6361568379171849,5.551115123125783e-16,1.0,0.012909227207168607,0.00031459783725523716,0.21042260496371823,4.589674489068869e-19,0.9964010879937898,0.07666345027480048,21.301840707000228,0.024357987652576907,0.03866463390118202,0.03913914908057603,0.03655324460310094,0.02291543609226383,0.04287528919602513,0.03188312872856361,0.036238646765845706,1.0,0.009351627883127645,0.004730813941563822,0.00759507265504121,0.0035731104561728664,0.0013808183111214077
overactive_decoder,45.0,0.1875275795038462,0.8124724204961538,0.18752757950384624,0.18752757950384638,0.1875275795038463,1.3877787807814457e-16,1.0,1.0,0.6249448409923074,0.6249448409923074,1.3877787807814457e-16,0.3037293996642416,0.4711798707871584,0.10874961622756774,0.07877796327627923,0.3412925497089947,0.5288201292128416,0.18752757950384696,0.4200705129852739,0.15985897402945226,0.09991566812687519,0.6249448409923062,0.4711798707871584,-0.6777573157812835,6.661338147750939e-16,1.0,0.014483293871882099,0.002331612182259586,0.22489702080598983,0.0,0.995807496380065,0.08216223875082533,19.5974162932506,0.026756837578974513,0.04247088664542653,0.042120618563136425,0.03857025894810529,0.02291543609226383,0.04287528919602513,0.03188312872856361,0.036238646765845706,0.0,0.010279398806150605,0.005194699403075302,0.008348886529997367,0.003921024552306476,0.0014909911082303842
overactive_decoder,46.0,0.2053565493480324,0.7946434506519675,0.20535654934803244,0.2053565493480326,0.20535654934803252,1.6653345369377348e-16,1.0,1.0,0.589286901303935,0.589286901303935,1.6653345369377348e-16,0.2674873110873002,0.45362692977784946,0.11722529822364161,0.08813125112439169,0.34101652087411716,0.5463730702221504,0.2053565493480333,0.42914777199850884,0.1417044560029822,0.08351636180448241,0.5892869013039334,0.45362692977784946,-0.7179790506218457,7.771561172376096e-16,1.0,0.022780424850304414,0.004338364443492469,0.23854709780898634,0.0,0.9951775711183288,0.08756608293364541,18.158086947940674,0.02913885748688727,0.04624675579803772,0.04506866558223199,0.040577011209338175,0.02291543609226383,0.04287528919602513,0.03188312872856361,0.036238646765845706,0.0,0.011200999557977374,0.0056554997789886865,0.009097687140856616,0.004266624834241515,0.001600431197509813
overactive_decoder,47.0,0.22395950579900797,0.776040494200992,0.22395950579900797,0.22395950579900814,0.22395950579900806,1.6653345369377348e-16,1.0,1.0,0.5520809884019839,0.5520809884019839,1.6653345369377348e-16,0.23266817842190646,0.4364183226613985,0.1259435901946827,0.09801591560432632,0.3396221715395924,0.5635816773386014,0.22395950579900903,0.4376380871439187,0.12472382571216256,0.06886847653144973,0.5520809884019819,0.4364183226613985,-0.7560812401190531,9.71445146547012e-16,1.0,0.031626514559046096,0.006293447527718245,0.25118338671666085,1.3880176856188233e-17,0.9945264774927123,0.09277064237572817,16.948983447534694,0.03145951104132805,0.04991576600844483,0.047925091526125785,0.04253209429356395,0.02291543609226383,0.04287528919602513,0.03188312872856361,0.036238646765845706,0.0,0.012098289506702165,0.006104144753351082,0.009826735224195509,0.004603108565013311,0.0017069843789208818
overactive_decoder,48.0,0.24302447098828828,0.7569755290117116,0.24302447098828833,0.24302447098828847,0.2430244709882884,1.3877787807814457e-16,1.0,1.0,0.5139510580234232,0.5139510580234232,1.3877787807814457e-16,0.19996620378532448,0.41976100866440375,0.13475964067534763,0.1082648303129417,0.3372145203473069,0.5802389913355963,0.24302447098828933,0.44547935066024863,0.1090412986795028,0.056051677954690904,0.5139510580234213,0.41976100866440375,-0.7914398928565269,9.43689570931383e-16,1.0,0.018373510822811415,0.003080424181069165,0.26264938390343023,8.039449098798328e-19,0.9938728895441757,0.0976742781690745,15.941328114336192,0.033673875207391846,0.0533997888232306,0.050627122601554664,0.04439225796569873,0.0281931581230702,0.04927696825608138,0.04185714943021411,0.04747268214676789,1.0,0.012952248029925022,0.0065311240149625105,0.01052057652431408,0.004923343011221883,0.0018083919535535962
overactive_decoder,49.0,0.26221819670568036,0.7377818032943195,0.2622181967056804,0.2622181967056806,0.2622181967056805,1.6653345369377348e-16,1.0,1.0,0.47556360658863905,0.47556360658863905,1.6653345369377348e-16,0.16992475213609914,0.40384069502347997,0.143527802120211,0.11869039458547034,0.3339411082708386,0.5961593049765199,0.26221819670568136,0.45263150285630893,0.09473699428738197,0.04506217921790073,0.4755636065886373,0.40384069502347997,-0.8235913637293066,8.881784197001252e-16,1.0,0.026141873460241053,0.0013587867296773679,0.272822903287384,2.7673005211840614e-16,0.9932382089978911,0.10218219715205545,15.111705925277157,0.03573960735626125,0.05662115860125516,0.053108383312090335,0.046113895417090524,0.0281931581230702,0.04927696825608138,0.04185714943021411,0.04747268214676789,0.0,0.013743622478337672,0.0069268112391688355,0.011163568263649358,0.0052201084293766265,0.0019023676693025984
overactive_decoder,50.0,0.2812089435229874,0.7187910564770125,0.2812089435229874,0.2812089435229876,0.28120894352298753,1.6653345369377348e-16,1.0,1.0,0.43758211295402494,0.43758211295402494,1.6653345369377348e-16,0.14290714415134298,0.3888130425605862,0.15211067808237821,0.12909826544061012,0.3299780139164254,0.6111869574394138,0.2812089435229883,0.45907627935703554,0.08184744128592897,0.035822616002392726,0.4375821129540233,0.3888130425605862,-0.8522551363414541,7.771561172376096e-16,1.0,0.033097749016962,0.00018196182483916357,0.28161623981350276,0.0,0.9926454426681016,0.10621161787235912,14.441605807013737,0.037621109920911944,0.05950516239797754,0.05529875250743821,0.047654643971607055,0.0281931581230702,0.04927696825608138,0.04185714943021411,0.04747268214676789,0.0,0.01445363676575988,0.007281818382879939,0.011740454872179902,0.005486363787159955,0.0019866818659339857
overactive_decoder,51.0,0.2996882968317039,0.7003117031682959,0.29968829683170395,0.29968829683170406,0.299688296831704,1.1102230246251565e-16,1.0,1.0,0.400623406336592,0.400623406336592,1.1102230246251565e-16,0.11909045816558816,0.37479746070509284,0.16038681197332613,0.13930148485837865,0.32551424246320243,0.6252025392949072,0.2996882968317048,0.46481572732158105,0.07036854535683784,0.02819789112694293,0.4006234063365905,0.37479746070509284,-0.8773346683506165,7.771561172376096e-16,1.0,0.03907320371093986,0.0015023376778699818,0.2889760319969425,0.0,0.9921178196000389,0.10969836788294333,13.917261762174869,0.039295471543996374,0.06198266229807248,0.05712234567823671,0.04897501982463787,0.0281931581230702,0.04927696825608138,0.04185714943021411,0.04747268214676789,0.0,0.015064725018562906,0.007587362509281452,0.01223696407758236,0.0057155218819610895,0.002059248595954345
overactive_decoder,52.0,0.3209745099449029,0.679025490055097,0.3209745099449029,0.320974509944903,0.32097450994490295,1.1102230246251565e-16,1.0,1.0,0.3580509801101941,0.3580509801101941,1.1102230246251565e-16,0.09456194540397056,0.3599702318515689,0.1701553595579638,0.15081915038694,0.3190552582035272,0.640029768148431,0.3209745099449038,0.4698744085904672,0.06025118281906544,0.021578764477017898,0.3580509801101923,0.3599702318515689,-0.9028178284990682,8.326672684688674e-16,1.0,0.007203635326814943,0.0006142876168191563,0.29488393502686683,2.8317655692066847e-16,0.9657574762071282,0.10424568832168682,3.0443342597132776,0.04076056893682467,0.06399265088841766,0.05849299633385574,0.050040001188596556,0.037220559890060255,0.0638259874148609,0.05499603352736197,0.0494257135717774,1.0,0.015561250700689777,0.007835625350344889,0.012640391194310444,0.005901719012758666,0.002118211020706911
overactive_decoder,53.0,0.336961846800127,0.663038153199873,0.336961846800127,0.33696184680012703,0.336961846800127,5.551115123125783e-17,1.0,1.0,0.32607630639974605,0.32607630639974605,5.551115123125783e-17,0.0781183136041056,0.3485745005643692,0.1771466740830867,0.15981517271704107,0.31446365263550297,0.6514254994356308,0.33696184680012775,0.47427882535254406,0.05144234929491193,0.016779346562820596,0.3260763063997444,0.3485745005643692,-0.9199719305697971,7.771561172376096e-16,1.0,0.010794309103442194,0.001394760803845936,0.2993580628083745,3.512465674205122e-17,0.9649291007360778,0.10563238694964502,3.011966877573348,0.042043732162169944,0.06548456623916565,0.05930859153438972,0.050820474375623335,0.037220559890060255,0.0638259874148609,0.05499603352736197,0.0494257135717774,0.0,0.015930170315403062,0.00802008515770153,0.012940138381264987,0.006040063868276147,0.0021620202249541137
overactive_decoder,54.0,0.35165544986265485,0.648344550137345,0.3516554498626549,0.351655449862655,0.35165544986265496,1.1102230246251565e-16,1.0,1.0,0.2966891002746901,0.2966891002746901,1.1102230246251565e-16,0.06446217073107352,0.33838571100627857,0.1835351778963632,0.1681202719662925,0.3099588391310658,0.6616142889937215,0.35165544986265573,0.47807911109735834,0.04384177780528342,0.01301196594514209,0.29668910027468864,0.33838571100627857,-0.9341508816063209,7.771561172376096e-16,1.0,0.013032853883222777,0.0018687496009215585,0.3024501039985789,7.404306710239568e-19,0.964401965140975,0.10613977600618016,2.981618969319903,0.04320244837661502,0.06642021659456432,0.05945276974432656,0.05129446317269896,0.037220559890060255,0.0638259874148609,0.05499603352736197,0.0494257135717774,0.0,0.016161602435422168,0.008135801217711083,0.013128176978780512,0.006126850913283312,0.0021895027892063824
overactive_decoder,55.0,0.3650396414984767,0.6349603585015233,0.3650396414984766,0.36503964149847673,0.3650396414984767,1.1102230246251565e-16,1.0,1.0,0.26992071700304665,0.26992071700304665,1.1102230246251565e-16,0.053212887194968084,0.3293361937498911,0.18933430370583043,0.17570533779264713,0.30562416475163134,0.6706638062501089,0.36503964149847756,0.4813295025442785,0.03734099491144299,0.010083063085076449,0.2699207170030449,0.3293361937498911,-0.9457810680766379,8.881784197001252e-16,1.0,0.013854460061496647,0.0020223593424421107,0.30422202112582514,0.0,0.9641894468848256,0.1056663076231687,2.950703031123901,0.044295800625426485,0.06677521482663196,0.05882602544172133,0.05144807291421951,0.037220559890060255,0.0638259874148609,0.05499603352736197,0.0494257135717774,0.0,0.016249267432809984,0.008179633716404991,0.01319940478915811,0.006159725287303743,0.0021999130076461853
overactive_decoder,56.0,0.3771326413005542,0.6228673586994458,0.3771326413005542,0.3771326413005543,0.37713264130055424,1.1102230246251565e-16,1.0,1.0,0.24573471739889152,0.24573471739889152,1.1102230246251565e-16,0.0440083013481376,0.32134539433800496,0.19456629947986345,0.18256634182069206,0.30152196436143935,0.6786546056619949,0.3771326413005555,0.4840883061821314,0.031823387635736944,0.00782347231739422,0.2457347173988888,0.32134539433800496,-0.9552610464565763,1.27675647831893e-15,1.0,0.005510710150518398,0.002320133757035582,0.3046829393753391,1.2602054326363248e-17,0.9642987483748519,0.10420663494334398,2.918851026218372,0.04530880457342301,0.06653993573471395,0.05742573738384671,0.05127609613730572,0.04454827927857671,0.06524481230927555,0.06088079881408041,0.04895596238027014,1.0,0.01619077059927493,0.008150385299637464,0.01315187611191088,0.006137788974728098,0.0021929665086638976
overactive_decoder,57.0,0.3879845492609394,0.6120154507390605,0.3879845492609394,0.3879845492609395,0.38798454926093945,1.1102230246251565e-16,1.0,1.0,0.2240309014781211,0.2240309014781211,1.1102230246251565e-16,0.0365134170343,0.31432286323430286,0.1992624640488747,0.18872208521206615,0.2976925875047562,0.6856771367656971,0.38798454926094084,0.48641467271682237,0.027170654566355312,0.006089896892738145,0.2240309014781182,0.31432286323430286,-0.9629539865996641,1.3877787807814457e-15,1.0,0.007469026909982961,0.0018262831803483315,0.30371598745119555,0.0,0.9647310662817662,0.1019221762604145,2.8898570360725535,0.04608287844456238,0.06572009756975006,0.05542165633055762,0.05078224556061847,0.04454827927857671,0.06524481230927555,0.06088079881408041,0.04895596238027014,0.0,0.015987710840626047,0.008048855420313023,0.012986890058008661,0.0060616415652347665,0.002168853162324343
overactive_decoder,58.0,0.39766882462559444,0.6023311753744056,0.3976688246255944,0.3976688246255945,0.39766882462559444,1.1102230246251565e-16,1.0,1.0,0.20466235074881112,0.20466235074881112,1.1102230246251565e-16,0.030429400018980424,0.308173706840516,0.2034603019277419,0.19420852269785396,0.29415746853388824,0.6918262931594841,0.39766882462559583,0.4883659912317422,0.02326801753651564,0.004764459076739835,0.20466235074880837,0.308173706840516,-0.9691800267202724,1.3877787807814457e-15,1.0,0.01052613831012985,0.0010230387520076545,0.30110455205473197,1.4904919148251212e-17,0.965478682934253,0.09908189902823923,2.870165667188607,0.046379265099058986,0.06433684366897852,0.05309361496472986,0.049979001132277795,0.04454827927857671,0.06524481230927555,0.06088079881408041,0.04895596238027014,0.0,0.01564560805929823,0.007877804029649115,0.012708931548179814,0.005933353022236836,0.002128228457041665
overactive_decoder,59.0,0.40627114742649906,0.5937288525735009,0.40627114742649906,0.40627114742649917,0.4062711474264991,1.1102230246251565e-16,1.0,1.0,0.18745770514700177,0.18745770514700177,1.1102230246251565e-16,0.02549901998143378,0.302804589915865,0.20719941714553827,0.19907173028096212,0.2909242626576346,0.697195410084135,0.4062711474265004,0.48999599293859675,0.020008014122806506,0.0037526403936542496,0.18745770514699922,0.302804589915865,-0.9742121904525409,1.27675647831893e-15,1.0,0.014550626944531263,6.888265528021131e-05,0.2966799515279237,1.5192767777083348e-17,0.966522246237783,0.09589356062880272,2.864396497743177,0.04605072612411165,0.06242590715320828,0.05065152387115135,0.04888707972498993,0.04454827927857671,0.06524481230927555,0.06088079881408041,0.04895596238027014,0.0,0.015173653828243119,0.007641826914121559,0.012325468735447534,0.005756370185591169,0.0020721838921038704
overactive_decoder,60.0,0.4100480475901638,0.5899519524098362,0.4100480475901637,0.41004804759016394,0.41004804759016383,2.220446049250313e-16,1.0,1.0,0.17990390481967233,0.17990390481967233,2.220446049250313e-16,0.023474308766952445,0.3000776350158577,0.2085692506539233,0.20147879693624193,0.28987431739397707,0.6999223649841423,0.4100480475901652,0.491353114330219,0.017293771339562003,0.0031128639041992923,0.17990390481966956,0.3000776350158577,-0.976309943807598,1.3877787807814457e-15,1.0,0.017203195418253825,0.0004576936021861988,0.29042027197493125,2.636152609019185e-17,0.9925766120261532,0.11350250554169952,15.289852280599954,0.045114094973346064,0.060035866896636314,0.04815349052054063,0.04753455736091215,0.03465386850140602,0.06496494833702264,0.04633960301461318,0.04799225096309835,1.0,0.014584301074813318,0.0073471505374066584,0.011846619623285821,0.005535362903054994,0.0020021982526340814
overactive_decoder,61.0,0.41444857693953,0.5855514230604699,0.41444857693952997,0.41444857693953013,0.4144485769395301,1.6653345369377348e-16,1.0,1.0,0.17110284612093984,0.17110284612093984,1.6653345369377348e-16,0.021222572556523156,0.2971785910916733,0.21034002724897555,0.20410854969055608,0.2883728319687951,0.7028214089083267,0.41444857693953163,0.4924813816593512,0.015037236681297639,0.002574281564458769,0.1711028461209368,0.2971785910916733,-0.9786143112845691,1.5543122344752192e-15,1.0,0.017536229120965308,0.0020365576736369947,0.282416369914838,7.686453707488656e-19,0.9931657200730242,0.10991927736230864,16.08351992262453,0.04368242538252076,0.05722599253064342,0.045570886581141834,0.045955693289461357,0.03465386850140602,0.06496494833702264,0.04633960301461318,0.04799225096309835,0.0,0.013892718338345319,0.007001359169172659,0.011284708649905571,0.0052760193768794945,0.0019200728026785064
overactive_decoder,62.0,0.41891769606896473,0.5810823039310352,0.4189176960689647,0.41891769606896484,0.4189176960689648,1.6653345369377348e-16,1.0,1.0,0.16216460786207043,0.16216460786207043,1.6653345369377348e-16,0.01905356399818592,0.29436584604249083,0.21221567850586417,0.20670201756310194,0.286716457888543,0.7056341539575091,0.4189176960689661,0.49341847545164497,0.013163049096710122,0.0021357272111856007,0.1621646078620677,0.29436584604249083,-0.9808214474917345,1.3322676295501878e-15,1.0,0.02160080945687981,0.003802729400691582,0.27280230170317227,2.948106741300973e-20,0.9937992340556898,0.10567386018368269,17.042065630722433,0.04188374590745392,0.05406392413657157,0.042869695164232335,0.04418952156240677,0.03465386850140602,0.06496494833702264,0.04633960301461318,0.04799225096309835,0.0,0.013116141968845052,0.006613070984422526,0.010653740349686604,0.004984803238316894,0.0018278543588003497
overactive_decoder,63.0,0.4232598494500931,0.5767401505499069,0.42325984945009304,0.4232598494500932,0.4232598494500931,1.6653345369377348e-16,1.0,1.0,0.1534803010998138,0.1534803010998138,1.6653345369377348e-16,0.017059557127419023,0.2917172694188195,0.21408595311345546,0.20917389633663896,0.28502288113108615,0.7082827305811805,0.4232598494500944,0.4941967774677251,0.01160644506454983,0.0017823315109168347,0.1534803010998112,0.2917172694188195,-0.98284326827793,1.3322676295501878e-15,1.0,0.025811496631296338,0.005713963114381326,0.2617224863453851,0.0,0.9944543408680673,0.10091759590432745,18.197583642173218,0.039827049151367255,0.05062316227495334,0.04004307309534738,0.042278287848717025,0.03465386850140602,0.06496494833702264,0.04633960301461318,0.04799225096309835,0.0,0.012273164823996556,0.006191582411998278,0.009968821419497202,0.004668686808998708,0.0017277508228495909
overactive_decoder,64.0,0.42735689758549755,0.5726431024145024,0.42735689758549744,0.42735689758549766,0.42735689758549755,2.220446049250313e-16,1.0,1.0,0.1452862048290049,0.1452862048290049,2.220446049250313e-16,0.015280285767644175,0.2892744807273008,0.2158818232169883,0.2114750743685103,0.28336862168720056,0.7107255192726991,0.42735689758549855,0.4948436960557109,0.01031260788857813,0.0014991101916221883,0.14528620482900276,0.2892744807273008,-0.984642997648721,9.992007221626409e-16,1.0,0.016366909060886455,0.008529524115401546,0.24932991321531678,5.208643728052316e-19,0.9951095480181532,0.09578638086274467,19.58640657720408,0.03759922297558671,0.04698040044000262,0.03711112569957242,0.04026581624360144,0.040118989908206164,0.037562731436874955,0.03268165257443309,0.04879534035900299,1.0,0.011383002274534993,0.005746501137267496,0.009245564348059681,0.004334875852950623,0.0016220440201010304
overactive_decoder,65.0,0.43114448145416334,0.5688555185458366,0.4311444814541633,0.43114448145416345,0.4311444814541634,1.6653345369377348e-16,1.0,1.0,0.1377110370916732,0.1377110370916732,1.6653345369377348e-16,0.01372344186652752,0.2870548010848868,0.21756300121134858,0.21358148024281604,0.28180071746094854,0.7129451989151132,0.4311444814541646,0.49538219770376457,0.009235604592470747,0.0012725626554057068,0.1377110370916707,0.2870548010848868,-0.986215028917365,1.2212453270876722e-15,1.0,0.0119282274013165,0.010599448135859835,0.23579372147951658,0.0,0.9957458243631673,0.0904045447107597,21.250778629832684,0.035270565000619425,0.043212832507214416,0.03411135399782339,0.03819589222314315,0.040118989908206164,0.037562731436874955,0.03268165257443309,0.04879534035900299,0.0,0.010464775592871898,0.005287387796435949,0.008499505169208417,0.003990540847326962,0.0015130046016535378
overactive_decoder,66.0,0.4345952464751669,0.565404753524833,0.4345952464751669,0.43459524647516706,0.434595246475167,1.6653345369377348e-16,1.0,1.0,0.13080950704966599,0.13080950704966599,1.6653345369377348e-16,0.012378512929401175,0.2850594910499948,0.21910912880208025,0.21548611767308817,0.2803452624748368,0.7149405089500053,0.43459524647516845,0.495831380147925,0.008337239704150068,0.0010912174461659152,0.13080950704966318,0.2850594910499948,-0.9875713459364219,1.4432899320127035e-15,1.0,0.010644080892630532,0.012684596791851119,0.2213052311253493,9.691281724850196e-18,0.9963474808529298,0.08488795289187077,23.24093303110042,0.03289975264938294,0.03939560067981385,0.031089678183564673,0.03611074356715187,0.040118989908206164,0.037562731436874955,0.03268165257443309,0.04879534035900299,0.0,0.009536849290982084,0.0048234246454910415,0.0077455650489229415,0.0036425684841182807,0.0014028133533041222
overactive_decoder,67.0,0.437706414589603,0.562293585410397,0.4377064145896029,0.43770641458960313,0.437706414589603,2.220446049250313e-16,1.0,1.0,0.12458717082079396,0.12458717082079396,2.220446049250313e-16,0.011225876842161808,0.28327969036654715,0.22051327346416524,0.21719314112543928,0.2790138950438482,0.7167203096334527,0.4377064145896045,0.4962070361692875,0.007585927661424852,0.0009456629839729724,0.12458717082079085,0.28327969036654715,-0.9887326118797493,1.4988010832439613e-15,1.0,0.016133156302897668,0.01474564898156007,0.2060796417048228,0.0,0.9969026835099682,0.07934483636341817,25.617284064698445,0.030536634228977566,0.035599549536770914,0.02809403385086806,0.03404969137744292,0.040118989908206164,0.037562731436874955,0.03268165257443309,0.04879534035900299,0.0,0.00861625313595085,0.004363126567975425,0.006997580672960064,0.003297344925981568,0.0012934925598941632
overactive_decoder,68.0,0.4404908099857746,0.5595091900142253,0.4404908099857746,0.4404908099857748,0.4404908099857747,1.6653345369377348e-16,1.0,1.0,0.11901838002845055,0.11901838002845055,1.6653345369377348e-16,0.010242419720015383,0.2817005923388631,0.2217772305532101,0.21871357943256617,0.27780859767536065,0.7182994076611369,0.4404908099857763,0.4965221771079268,0.006955645784146369,0.0008283435428584895,0.11901838002844745,0.2817005923388631,-0.9897226804780335,1.5543122344752192e-15,1.0,0.009330750352325643,0.002986259655178375,0.19035361013286822,9.56622348822052e-18,0.9974035860171453,0.07387501125431106,28.452708906261144,0.0282233633655532,0.03188945094268614,0.025170168388229053,0.032048029086712226,0.02790663181459855,0.023485907090223433,0.024559693439320764,0.02906176943153385,1.0,0.007718212024258792,0.003914106012129396,0.0062679222697102676,0.0029605795090970467,0.0011868501778807316
overactive_decoder,69.0,0.4429705394939303,0.5570294605060697,0.4429705394939302,0.44297053949393034,0.4429705394939303,1.1102230246251565e-16,1.0,1.0,0.11405892101213944,0.11405892101213944,1.1102230246251565e-16,0.009404779549376019,0.28030429872948925,0.22290820150363644,0.22006233799029548,0.27672516177657885,0.7196957012705107,0.44297053949393195,0.4967874997668743,0.006425000466251329,0.0007332734395694707,0.11405892101213619,0.28030429872948925,-0.990565442564795,1.6653345369377348e-15,1.0,0.008949747125869694,0.0010744003930752248,0.17437972453285377,0.0,0.9978461239364551,0.0685684009814024,31.83488694727923,0.025994573820945166,0.028322880445261656,0.022358977662142676,0.030136169824609076,0.02790663181459855,0.023485907090223433,0.024559693439320764,0.02906176943153385,0.0,0.006855798360729571,0.0034828991803647854,0.005567211168092776,0.0026371743852735886,0.0010844385553366366
overactive_decoder,70.0,0.44517265743942624,0.5548273425605738,0.4451726574394262,0.4451726574394263,0.44517265743942624,1.1102230246251565e-16,1.0,1.0,0.10965468512114751,0.10965468512114751,1.1102230246251565e-16,0.008691057002833902,0.27907171261294184,0.22391649668978852,0.22125616074963936,0.2757556299476302,0.7209282873870582,0.4451726574394279,0.49701179069726953,0.005976418605460776,0.0006557467251624982,0.10965468512114415,0.27907171261294184,-0.9912831780563702,1.6653345369377348e-15,1.0,0.010358482986860578,0.0007226862192617027,0.15841916982790408,0.0,0.9982295445880515,0.06350359747355702,35.86850990145297,0.023877011929598457,0.024949979164486047,0.019694902411722892,0.02833908321227215,0.02790663181459855,0.023485907090223433,0.024559693439320764,0.02906176943153385,0.0,0.006039712813185879,0.0030748564065929394,0.0049041416607135254,0.002331142304944704,0.000987528396565823
overactive_decoder,71.0,0.44712628499704143,0.5528737150029586,0.4471262849970414,0.4471262849970415,0.44712628499704143,1.1102230246251565e-16,1.0,1.0,0.10574743000591713,0.10574743000591713,1.1102230246251565e-16,0.008081583903436496,0.2779837423738786,0.2248139890019244,0.22231229599511876,0.2748899726290782,0.7220162576261213,0.44712628499704316,0.497202268624197,0.005595462751605995,0.0005920767379947178,0.10574743000591363,0.2779837423738786,-0.9918958311623673,1.7208456881689926e-15,1.0,0.015043959125531494,0.002385746183220794,0.1427341893040517,0.0,0.998555762047363,0.058747030412318844,40.676836047032566,0.02188872709735168,0.021814459470239633,0.01720508665101994,0.026676023248313058,0.02790663181459855,0.023485907090223433,0.024559693439320764,0.02906176943153385,0.0,0.0052781910005047636,0.0026940955002523817,0.00428540518791012,0.002045571625189286,0.0008970976813099407
overactive_decoder,72.0,0.4486864390209462,0.5513135609790538,0.4486864390209462,0.4486864390209463,0.44868643902094624,1.1102230246251565e-16,1.0,1.0,0.10262712195810753,0.10262712195810753,1.1102230246251565e-16,0.007610860366610073,0.2771094378547373,0.22552529975166355,0.2231611392692845,0.2742041231243145,0.7228905621452626,0.44868643902094807,0.497365262393599,0.005269475212801855,0.0005411542480436848,0.10262712195810378,0.2771094378547373,-0.9923691096178062,1.8318679906315083e-15,1.0,0.0016792301954599576,0.004492386817104177,0.12758246028369993,0.0,0.9986669783803709,0.05454713801594266,40.919919986833534,0.02003761331293452,0.018956451092358217,0.014909111815223475,0.025160531020589336,0.021498075801728293,0.018841822123528945,0.014804973077386561,0.02066814420348516,1.0,0.004577026412661906,0.002343513206330953,0.0037157089602877984,0.0017826349047482145,0.0008138343865036013
overactive_decoder,73.0,0.44954939061259147,0.5504506093874086,0.44954939061259136,0.44954939061259147,0.4495493906125914,1.1102230246251565e-16,1.0,1.0,0.10090121877481717,0.10090121877481717,1.1102230246251565e-16,0.007356592240596926,0.2765988154975566,0.22589627655305208,0.223653114059541,0.2738517938898502,0.7234011845024433,0.4495493906125931,0.4975049079493912,0.0049901841012174875,0.0005038591141953153,0.10090121877481373,0.2765988154975566,-0.9926254447339931,1.6653345369377348e-15,1.0,0.0075887732350589515,0.0031325366818137357,0.11321628450063584,0.0,0.9989065621113313,0.050558802816876365,46.238385683191346,0.018318778055931295,0.01641814353667881,0.012819176174974745,0.023800680885298894,0.021498075801728293,0.018841822123528945,0.014804973077386561,0.02066814420348516,0.0,0.003939694096210207,0.0020248470481051034,0.003197876453170793,0.0015436352860788275,0.0007381511739249621
overactive_decoder,74.0,0.4503399667110764,0.5496600332889237,0.45033996671107634,0.4503399667110764,0.45033996671107634,5.551115123125783e-17,1.0,1.0,0.09932006657784731,0.09932006657784731,5.551115123125783e-17,0.007127460238637751,0.2761352152998777,0.22623919248970148,0.22410077422137634,0.2735248179890444,0.7238647847001222,0.4503399667110778,0.4976255922104207,0.004748815579158516,0.0004719790425081749,0.09932006657784428,0.2761352152998777,-0.9928562724123022,1.4432899320127035e-15,1.0,0.01324083629496313,0.001931383276268149,0.09989028821975274,4.8661317886791085e-20,0.9991018031785732,0.047018619454582716,52.34779096623172,0.016709999841308498,0.01425342167270105,0.010940613193671123,0.022599527479753308,0.021498075801728293,0.018841822123528945,0.014804973077386561,0.02066814420348516,0.0,0.003367555629977522,0.001738777814988761,0.0027330139493567367,0.0013290833612415705,0.0006702097310598307
overactive_decoder,75.0,0.45106690246196324,0.5489330975380367,0.45106690246196324,0.45106690246196335,0.4510669024619633,1.1102230246251565e-16,1.0,1.0,0.09786619507607341,0.09786619507607341,1.1102230246251565e-16,0.0069199877754063666,0.2757123494967231,0.22655700333739098,0.22450989912457395,0.273220748041312,0.7242876505032769,0.4510669024619649,0.497730647165886,0.004538705668228005,0.0004444972425939886,0.09786619507607017,0.2757123494967231,-0.9930651525234042,1.609823385706477e-15,1.0,0.018165518369747488,0.0008875598014491393,0.08788038663941015,3.901825760144391e-18,0.9992574636342819,0.043965329464112426,59.20966499949802,0.01516506944470497,0.012541631838974387,0.009272651349216954,0.021555704004934298,0.021498075801728293,0.018841822123528945,0.014804973077386561,0.02066814420348516,0.0,0.00286012374553277,0.0014850618727663852,0.002320725543245376,0.0011387964045747887,0.0006099521947820164
overactive_decoder,76.0,0.4517289870915431,0.5482710129084569,0.4517289870915431,0.4517289870915432,0.45172898709154313,1.1102230246251565e-16,1.0,1.0,0.09654202581691373,0.09654202581691373,1.1102230246251565e-16,0.006733703499168464,0.27532928619571895,0.22684793182389718,0.2248810552676478,0.27294172671273614,0.7246707138042812,0.45172898709154496,0.49782278198038393,0.00435443603923219,0.0004206829267334178,0.09654202581691013,0.27532928619571895,-0.993252618905538,1.8318679906315083e-15,1.0,0.003909542287407494,0.001794543820143723,0.07750742488187616,3.337311487025453e-20,0.9994928258427683,0.041244451474327135,81.32206833931238,0.013608165637833292,0.01139958278772868,0.0078093213511361,0.020664119686031605,0.011962146872276612,0.012334454671846271,0.006480669713402878,0.022458663506175328,1.0,0.002415364531785799,0.0012626822658928997,0.0019593586820759617,0.0009720116994196746,0.0005571370381495637
overactive_decoder,77.0,0.45237110797853997,0.5476288920214599,0.45237110797853997,0.45237110797854013,0.4523711079785401,1.6653345369377348e-16,1.0,1.0,0.09525778404291985,0.09525778404291985,1.6653345369377348e-16,0.006555475358358653,0.2749621677551258,0.22713350465935245,0.22523760331918954,0.27266672426633237,0.7250378322448743,0.45237110797854196,0.49790432758552194,0.004191344828956389,0.0003995421486305273,0.09525778404291615,0.2749621677551258,-0.9934318524246257,1.887379141862766e-15,1.0,0.0014455077021219894,0.002541957678544156,0.06912562222826953,0.0,0.9995795164937826,0.0392949335271472,93.45178335445414,0.011942201020711418,0.010968648881175769,0.006540425773289171,0.019916705827631172,0.011962146872276612,0.012334454671846271,0.006480669713402878,0.022458663506175328,0.0,0.002030016284174845,0.0010700081420874225,0.0016462632308920616,0.0008275061065655668,0.0005113769337457628
overactive_decoder,78.0,0.4529962613231784,0.5470037386768216,0.45299626132317833,0.45299626132317855,0.45299626132317844,2.220446049250313e-16,1.0,1.0,0.09400747735364312,0.09400747735364312,2.220446049250313e-16,0.006384263618520181,0.27460843380527733,0.22741439770240418,0.2255818636207762,0.2723953048715423,0.7253915661947227,0.4529962613231804,0.4979771684923185,0.004045663015363077,0.00038059485210706345,0.09400747735363923,0.27460843380527733,-0.993603929773579,1.942890293094024e-15,1.0,0.00389558339148237,0.003155498776591728,0.06298135524675791,1.947045284200892e-20,0.9996462195856007,0.03793888842870711,107.2385210841286,0.010096477856036734,0.01133268595638115,0.005452524053625507,0.0193031647295836,0.011962146872276612,0.012334454671846271,0.006480669713402878,0.022458663506175328,0.0,0.0016999064014107802,0.0009049532007053901,0.001378048951146259,0.0007037149005290424,0.00047217638516753007
overactive_decoder,79.0,0.45360723837208605,0.546392761627914,0.453607238372086,0.45360723837208616,0.45360723837208605,1.6653345369377348e-16,1.0,1.0,0.0927855232558279,0.0927855232558279,1.6653345369377348e-16,0.006219132980950448,0.274265811827899,0.2276913253875716,0.2259159129845166,0.27212694980001295,0.7257341881721011,0.4536072383720882,0.4980428627845296,0.003914274430941056,0.00036344962483103593,0.09278552325582373,0.274265811827899,-0.9937698148327725,2.1649348980190553e-15,1.0,0.005826131499627388,0.0036469804898872256,0.058913126553274464,0.0,0.9997003196219848,0.037102665762940336,123.80745782781473,0.008116379349515146,0.012364110872260858,0.004529961936951543,0.018811683016288102,0.011962146872276612,0.012334454671846271,0.006480669713402878,0.022458663506175328,0.0,0.001420250928956776,0.000765125464478388,0.0011508288797773805,0.0005988440983587909,0.00043896729781361715
overactive_decoder,80.0,0.4542036632776264,0.5457963367223735,0.45420366327762635,0.4542036632776266,0.4542036632776265,2.7755575615628914e-16,1.0,1.0,0.09159267344474697,0.09159267344474697,2.7755575615628914e-16,0.006060031284215839,0.27393377247079453,0.22796353078898307,0.22624013248864552,0.2718625642515769,0.7260662275292056,0.4542036632776286,0.49810269674022245,0.003794606519555155,0.00034780991888011537,0.09159267344474284,0.27393377247079453,-0.9939295819799936,2.1094237467877974e-15,1.0,0.004258150410150972,0.0018821273251670365,0.05621726545178281,2.6837505386422256e-20,0.9997476877638201,0.03660012056268175,145.0588410487539,0.006201996924470321,0.01366362867373816,0.003755967479520339,0.01842957967264765,0.0078003224055614535,0.015045167028890206,0.0024776809056125462,0.016547452347480614,1.0,0.0011859250194919961,0.0006479625097459981,0.0009604390783372468,0.0005109718823094985,0.0004111410960646745
overactive_decoder,81.0,0.45478202442504645,0.5452179755749536,0.4547820244250464,0.45478202442504656,0.45478202442504645,1.6653345369377348e-16,1.0,1.0,0.0904359511499071,0.0904359511499071,1.6653345369377348e-16,0.005907725328050839,0.27361348676942765,0.22822878253471762,0.2265532418903306,0.2716044888055241,0.7263865132305724,0.4547820244250482,0.49815773069585473,0.0036845386082905995,0.0003334573195165058,0.09043595114990355,0.27361348676942765,-0.9940824817622231,1.7763568394002505e-15,1.0,0.004115760727669824,0.0015964159791465385,0.05404520667955082,0.0,0.9997898052939388,0.036223071021347066,172.33103392622698,0.004587642029049377,0.014778013479269325,0.003113607707149413,0.018143868326627153,0.0078003224055614535,0.015045167028890206,0.0024776809056125462,0.016547452347480614,0.0,0.0009916963727485094,0.0005508481863742547,0.0008026283028581639,0.00043813613978069103,0.00038807644426388545
overactive_decoder,82.0,0.4553382543036138,0.5446617456963861,0.45533825430361374,0.4553382543036139,0.45533825430361385,1.6653345369377348e-16,1.0,1.0,0.08932349139277229,0.08932349139277229,1.6653345369377348e-16,0.0057630834047326385,0.2733065087349036,0.22848465322376446,0.22685360107985097,0.27135523696148106,0.7266934912650964,0.4553382543036154,0.49820883804133204,0.0035823239173359833,0.00032021962950906646,0.08932349139276921,0.2733065087349036,-0.9942276594904913,1.5543122344752192e-15,1.0,0.004967827542409505,0.0013942699026312302,0.0519167089431231,0.0,0.9998253469072509,0.03585668985537498,205.30234701817236,0.0033793762125443605,0.01548338160424112,0.002586347679654044,0.017941722250111845,0.0078003224055614535,0.015045167028890206,0.0024776809056125462,0.016547452347480614,0.0,0.0008324173291417649,0.00047120866457088246,0.0006732140799276839,0.0003784064984281618,0.00036916205783558455
overactive_decoder,83.0,0.4558698678957891,0.5441301321042109,0.45586986789578904,0.45586986789578915,0.4558698678957891,1.1102230246251565e-16,1.0,1.0,0.08826026420842181,0.08826026420842181,1.1102230246251565e-16,0.005626524779231534,0.2730136834309373,0.22872957771141983,0.22714029018437085,0.27111644867327206,0.7269863165690627,0.45586986789579065,0.4982567388576429,0.0034865222847141886,0.00030794723061627893,0.08826026420841868,0.2730136834309373,-0.9943647066196251,1.5543122344752192e-15,1.0,0.006343448662392813,0.0012633861830483144,0.049770351213213805,0.0,0.999853568481735,0.03548872173277693,242.3571247042251,0.0025392756920085136,0.015808233084034562,0.002158345011917029,0.01781083853052893,0.0078003224055614535,0.015045167028890206,0.0024776809056125462,0.016547452347480614,0.0,0.0007031744925165602,0.0004065872462582801,0.0005682042751697052,0.0003299404346937101,0.0003538144709863415
overactive_decoder,84.0,0.45637631455437033,0.5436236854456297,0.4563763145543703,0.45637631455437033,0.45637631455437033,5.551115123125783e-17,1.0,1.0,0.08724737089125933,0.08724737089125933,5.551115123125783e-17,0.005497959755627502,0.2727349544533208,0.22896301640655278,0.2274132981478193,0.27088873099230726,0.7272650455466794,0.4563763145543721,0.49830202914012656,0.0033959417197469977,0.00029650520228008403,0.08724737089125598,0.2727349544533208,-0.9944937213456588,1.7763568394002505e-15,1.0,0.0029753801341275937,0.0006684270358732411,0.047720939772669876,0.0,0.9998751469545908,0.03514876208868831,281.5210632106444,0.0019712550815292884,0.01588256153691181,0.001814735038902171,0.017739704470340876,0.002315393215777672,0.013937871656391133,0.0011281829195436376,0.017071277434467635,1.0,0.0005993973937153116,0.00035469869685765586,0.0004838853823936907,0.00029102402264324185,0.0003414909405036932
overactive_decoder,85.0,0.45685836092359383,0.5431416390764062,0.4568583609235938,0.4568583609235938,0.4568583609235938,0.0,1.0,1.0,0.08628327815281245,0.08628327815281245,0.0,0.005376974353115349,0.2724696597019146,0.22918513410105093,0.22767322682254446,0.2706719793744899,0.7275303402980853,0.4568583609235954,0.4983452061970344,0.003309587605931197,0.0002857730489182475,0.08628327815280912,0.2724696597019146,-0.9946151244460508,1.609823385706477e-15,1.0,0.0030310703040195247,0.0006464968483367341,0.04587951447052925,4.851258251178431e-19,0.9998913793982936,0.03486364859438332,320.9671834504626,0.0015861279807387607,0.015825945016053833,0.0015419146288615515,0.01771777428280437,0.002315393215777672,0.013937871656391133,0.0011281829195436376,0.017071277434467635,0.0,0.00051692970129237,0.00031346485064618506,0.00041688038230005067,0.00026009863798463875,0.0003316979020284689
overactive_decoder,86.0,0.45731740823309264,0.5426825917669074,0.4573174082330926,0.45731740823309264,0.45731740823309264,5.551115123125783e-17,1.0,1.0,0.08536518353381473,0.08536518353381473,5.551115123125783e-17,0.005263017182116858,0.27221686194488776,0.2293964476607279,0.22792096057236655,0.2704657298220177,0.7277831380551121,0.4573174082330944,0.49838669039438427,0.0032266192112314074,0.00027564503450866473,0.08536518353381103,0.27221686194488776,-0.9947294728041856,1.7763568394002505e-15,1.0,0.0029725910308950015,0.0006642901018935263,0.044300818564648285,0.0,0.9999035250655868,0.03464523474914346,359.11125475088863,0.0013205426915393614,0.0157160527655289,0.0013277423170625635,0.01773556753636116,0.002315393215777672,0.013937871656391133,0.0011281829195436376,0.017071277434467635,0.0,0.0004520678288688712,0.0002810339144344356,0.00036418011095595783,0.00023577543582582668,0.00032399555467817843
overactive_decoder,87.0,0.45775504594198346,0.5422449540580165,0.45775504594198346,0.4577550459419835,0.45775504594198346,5.551115123125783e-17,1.0,1.0,0.08448990811603307,0.08448990811603307,5.551115123125783e-17,0.005155515491479079,0.2719755629905352,0.22959759426950468,0.2281574516724808,0.2702693910674792,0.7280244370094646,0.45775504594198546,0.49842684273996,0.003146314520079907,0.0002660293260320912,0.08448990811602894,0.2719755629905352,-0.9948373436647664,1.9984014443252818e-15,1.0,0.0028720653609264585,0.0007134252332489065,0.042991145409842176,0.0,0.9999125919199625,0.03449314589750523,394.62193749950546,0.0011337964366665565,0.015594887917212419,0.001161635240537695,0.01778470266771654,0.002315393215777672,0.013937871656391133,0.0011281829195436376,0.017071277434467635,0.0,0.00040157252493244516,0.00025578626246622256,0.0003231526765076117,0.00021683969684966692,0.00031799923733572786
overactive_decoder,88.0,0.4581728232819565,0.5418271767180435,0.45817282328195647,0.4581728232819566,0.4581728232819565,1.1102230246251565e-16,1.0,1.0,0.08365435343608696,0.08365435343608696,1.1102230246251565e-16,0.005053930895333014,0.2717448115162587,0.2297892115141993,0.22838361176775904,0.270082365201783,0.7282551884837414,0.4581728232819583,0.4984659769695421,0.0030680460609158744,0.00025684656803542927,0.08365435343608338,0.2717448115162587,-0.9949392791171296,1.7763568394002505e-15,1.0,0.004501721869700199,0.0010075091961486982,0.041928092973334455,0.0,0.9999193375925688,0.03440008138880091,426.46980773711954,0.0010003694031966992,0.015481874748257907,0.0010345898959813749,0.01785787944684865,0.0011195557654457655,0.01882426736512687,0.0020747327865635466,0.018865388642997347,1.0,0.00036265924350878793,0.00023632962175439398,0.0002915356353508902,0.00020224721631579548,0.00031337828516666855
overactive_decoder,89.0,0.4585721549289607,0.5414278450710392,0.45857215492896064,0.45857215492896075,0.4585721549289607,1.1102230246251565e-16,1.0,1.0,0.08285569014207861,0.08285569014207861,1.1102230246251565e-16,0.00495777959196797,0.2715237476462597,0.2299718881287946,0.22860026680016782,0.26990409742477783,0.7284762523537403,0.4585721549289624,0.49850436422494565,0.002991271550108643,0.0002480288928550789,0.08285569014207511,0.2715237476462597,-0.9950357659932156,1.7208456881689926e-15,1.0,0.004791496622155706,0.0009165648382131221,0.0410760190673297,0.0,0.9999243232886164,0.03435571901559795,453.98007375652986,0.0009040229454557736,0.015383870428310686,0.0009391659212140135,0.017948823804784225,0.0011195557654457655,0.01882426736512687,0.0020747327865635466,0.018865388642997347,0.0,0.00033297288891951456,0.0002214864444597573,0.0002674154722471056,0.00019111483334481797,0.00030985303055919235
overactive_decoder,90.0,0.45895429537925525,0.5410457046207447,0.45895429537925514,0.4589542953792553,0.45895429537925525,1.6653345369377348e-16,1.0,1.0,0.0820914092414895,0.0820914092414895,1.6653345369377348e-16,0.004866635222982252,0.2713116178375739,0.23014615320540235,0.22880814217385465,0.26973408678316907,0.7286883821624262,0.458954295379257,0.4985422289570237,0.0029155420859525716,0.00023952002285715368,0.08209140924148597,0.2713116178375739,-0.9951272330361931,1.7763568394002505e-15,1.0,0.005013846146385321,0.0008131814283656308,0.04039515513108923,5.36800894119495e-19,0.9999279641905002,0.03434887254122754,476.8305205390495,0.000834079388079112,0.015301153195197537,0.0008694771874742102,0.018052207214631716,0.0011195557654457655,0.01882426736512687,0.0020747327865635466,0.018865388642997347,0.0,0.0003105520188729621,0.00021027600943648105,0.0002491985153342817,0.0001827070070773608,0.00030719055224116425
overactive_decoder,91.0,0.45932034319027915,0.5406796568097209,0.45932034319027903,0.45932034319027926,0.45932034319027915,2.220446049250313e-16,1.0,1.0,0.08135931361944171,0.08135931361944171,2.220446049250313e-16,0.004780124703978039,0.2711077788362843,0.2303124838062692,0.22900785938401189,0.26957187797343457,0.7288922211637157,0.4593203431902811,0.49857973735744643,0.002840525285106976,0.00023127644059239838,0.08135931361943777,0.2711077788362843,-0.9952140550351873,1.942890293094024e-15,1.0,0.005183554026586974,0.0007018375189833288,0.039845912900351,0.0,0.9999305648903429,0.03436834964905706,494.9707693816353,0.0007832545043046091,0.015230499443859014,0.0008212479423855834,0.018163551124014018,0.0011195557654457655,0.01882426736512687,0.0020747327865635466,0.018865388642997347,0.0,0.0002937868878737291,0.00020189344393686456,0.0002355768463974049,0.00017642008295264843,0.0003051996929350053
overactive_decoder,92.0,0.4596712540573273,0.5403287459426727,0.45967125405732717,0.4596712540573274,0.4596712540573273,2.220446049250313e-16,1.0,1.0,0.08065749188534543,0.08065749188534543,2.220446049250313e-16,0.004697922369538254,0.2709116980760717,0.23047131775790516,0.22919993629942406,0.26941704786659915,0.7290883019239284,0.4596712540573292,0.4986169841660232,0.002766031667953639,0.0002232687509914344,0.0806574918853416,0.2709116980760717,-0.9952965586431626,1.942890293094024e-15,1.0,0.0014649397702536343,0.0007105713758211035,0.03939003093514329,0.0,0.9999323404546814,0.034402871695675165,508.47033531877423,0.0007464169701991707,0.015166360498281017,0.0007920234098238721,0.01827912501552226,0.0009126700339905627,0.01402048044775223,0.0006392167538904177,0.017568553639701157,1.0,0.00028137491557777975,0.00019568745778888988,0.00022549211890694605,0.0001717655933416674,0.00030372577122486134
overactive_decoder,93.0,0.46000785098899216,0.5399921490110078,0.46000785098899205,0.4600078509889923,0.46000785098899216,2.220446049250313e-16,1.0,1.0,0.07998429802201568,0.07998429802201568,2.220446049250313e-16,0.004619745224453409,0.2707229514479056,0.23062306152354684,0.22938478946544733,0.2692691975631001,0.7292770485520943,0.46000785098899416,0.4986539870285474,0.0026920259429050186,0.0002154818267059988,0.07998429802201151,0.2707229514479056,-0.9953750271610806,1.9984014443252818e-15,1.0,0.0014154392027878576,0.0008272910786844764,0.038989596726653114,4.804220578058526e-18,0.9999334244867143,0.03444014264558715,517.3094572743182,0.0007198664162116897,0.015100644668821772,0.0007816881178298596,0.018395844718385634,0.0009126700339905627,0.01402048044775223,0.0006392167538904177,0.017568553639701157,0.0,0.0002722763528370378,0.00019113817641851888,0.0002180995366800932,0.00016835363231388917,0.0003026453168993982
overactive_decoder,94.0,0.46033082327388,0.5396691767261201,0.4603308232738798,0.46033082327388003,0.4603308232738799,2.220446049250313e-16,1.0,1.0,0.07933835345224016,0.07933835345224016,2.220446049250313e-16,0.004545351116824969,0.27054121887653243,0.23076808577641555,0.22956273749746686,0.2691279578495852,0.7294587811234676,0.4603308232738824,0.49869069534705207,0.0026186093058959137,0.00020791274799852877,0.07933835345223522,0.27054121887653243,-0.9954497025148208,2.4980018054066022e-15,1.0,0.0013667395678692545,0.0009426221162397996,0.03860426687745563,0.0,0.9999338631259679,0.0344648308360751,521.1136955057403,0.0007008965896094788,0.015021100116120123,0.0007935632090106948,0.018511175755940957,0.0009126700339905627,0.01402048044775223,0.0006392167538904177,0.017568553639701157,0.0,0.0002656721523799118,0.0001878360761899559,0.00021273362380867832,0.00016587705714246693,0.0003018610680951145
overactive_decoder,95.0,0.46064070528330514,0.539359294716695,0.46064070528330486,0.46064070528330514,0.46064070528330503,2.7755575615628914e-16,1.0,1.0,0.07871858943338994,0.07871858943338994,2.7755575615628914e-16,0.004474541689982736,0.2703662827611017,0.23090670461822077,0.22973400066508673,0.2689930119555909,0.7296337172388984,0.46064070528330747,0.49872701262067765,0.00254597475864482,0.0002005668523767934,0.07871858943338508,0.2703662827611017,-0.9955207825393599,2.4424906541753444e-15,1.0,0.0013097866896207816,0.0010544912475716553,0.03818623616872268,2.730608931929059e-24,0.9999335908916662,0.03445483346692435,518.8269249716835,0.0006875168518432062,0.014907782370140121,0.0008365483389759509,0.018623044887272813,0.0009126700339905627,0.01402048044775223,0.0006392167538904177,0.017568553639701157,0.0,0.00026092537213252045,0.00018546268606626023,0.00020887686485767287,0.00016409701454969517,0.0003012973879407368
instant_proxy_decoder,0.0,5.666534815951349e-05,0.9999433346518405,5.666534815951349e-05,5.666534815951349e-05,5.666534815951349e-05,0.0,1.0,1.0,0.999886669303681,0.999886669303681,0.0,0.9991188635900785,0.9904980621443226,5.611821946171683e-05,5.471286977966083e-07,0.009445272507518023,0.009501937855677538,5.666534815951344e-05,0.00944581963621582,0.9811083607275685,0.9809972185460406,0.9998866693036811,0.9904980621443226,0.9220223855787829,4.743384504624082e-20,0.0,0.0,0.0,0.011657077407003067,3.055650882261758e-18,0.9999433346518409,0.02759730181742247,487.02254047663416,0.009578389440585977,0.0005362392521371939,0.000672092814024472,0.018597372911830536,0.009745160453584601,0.0007922497228470254,1e-07,0.01970688818437805,1.0,0.0002500146915549268,0.0001800073457774634,0.00020001193688837801,0.00016000550933309755,0.0003000017446221475
instant_proxy_decoder,1.0,0.0003081116029178752,0.9996918883970821,0.0003081116029178752,0.0003081116029178752,0.0003081116029178752,0.0,1.0,1.0,0.9993837767941642,0.9993837767941642,0.0,0.9959616637545897,0.9809847975414423,0.00030227686127186625,5.834741646008979e-06,0.01870709085563981,0.019015202458557687,0.0003081116029178752,0.01871292559728582,0.9625741488054282,0.9619812645661767,0.9993837767941642,0.9809847975414423,0.8618099623063511,0.0,0.0,0.0,0.0,0.01164693121978401,2.0460474477502295e-21,0.9999429417877125,0.027761165030153526,486.5410940367956,0.00961972794332322,0.0005512409700225707,0.0006664572813264158,0.018712063304277275,0.009745160453584601,0.0007922497228470254,1e-07,0.01970688818437805,0.0,0.00025002422200184573,0.00018001211100092287,0.00020001968037649964,0.00016000908325069217,0.00030000287636271916
instant_proxy_decoder,2.0,0.0007432088940795941,0.9992567911059204,0.0007432088940795941,0.0007432088940795941,0.0007432088940795941,0.0,1.0,1.0,0.9985135822118408,0.9985135822118408,0.0,0.9912033026752339,0.9714726071424565,0.000722377474890989,2.083141918860479e-05,0.027784183963463785,0.02852739285754338,0.0007432088940795938,0.02780501538265239,0.9443899692346951,0.9429868771232903,0.9985135822118407,0.9714726071424565,0.8079415457929601,3.2526065174565133e-19,0.0,0.0,0.0,0.011648356511021663,1.8257713057985447e-19,0.9999424935814158,0.027917735277685804,485.4716389063989,0.009652754254137808,0.000575965839969883,0.0006629584235791075,0.018817891875835928,0.009745160453584601,0.0007922497228470254,1e-07,0.01970688818437805,0.0,0.0002500395708462438,0.0001800197854231219,0.00020003215131257307,0.00016001483906734142,0.00030000469903799143
instant_proxy_decoder,3.0,0.0013526691516526676,0.9986473308483473,0.0013526691516526676,0.0013526691516526676,0.0013526691516526676,0.0,1.0,1.0,0.9972946616966947,0.9972946616966947,0.0,0.9851589278143731,0.9619714727139419,0.0013026918955449805,4.9977256107687154e-05,0.036675858134405416,0.038028527286058086,0.0013526691516526678,0.036725835390513106,0.9265483292189738,0.9240428999400991,0.9972946616966947,0.9619714727139419,0.7580855338537225,2.168404344971009e-19,0.0,0.0,0.0,0.011675970469249094,3.295125633699585e-18,0.9999419577654449,0.02806965590122152,483.6074302857071,0.009673498121833268,0.000617632148698255,0.0006608248427231178,0.018914403825691015,0.009745160453584601,0.0007922497228470254,1e-07,0.01970688818437805,0.0,0.00025006405656976416,0.00018003202828488209,0.0002000520459629334,0.00016002402121366156,0.0003000076067176595
instant_proxy_decoder,4.0,0.002127709735745652,0.9978722902642544,0.002127709735745652,0.002127709735745652,0.002127709735745652,0.0,1.0,1.0,0.9957445805285087,0.9957445805285087,0.0,0.9780470525234378,0.9524904488136801,0.0020304803464740793,9.722938927157302e-05,0.04538184145057424,0.04750955118631989,0.0021277097357456525,0.04547907083984581,0.9090418583203084,0.9051753564059033,0.9957445805285086,0.9524904488136801,0.7111743531177122,4.336808689942018e-19,0.0,0.0,0.0,0.011756859535827079,2.0376278432636713e-21,0.9999412658403639,0.028221305285820883,480.49219501357146,0.009673913998168082,0.0006893791259307003,0.0006596244002674556,0.01900118930226191,0.009879507291240479,0.0007081552487659493,0.0007809474259381584,0.021081665868390855,1.0,0.0002501027483968017,0.00018005137419840086,0.00020008348307240138,0.00016003853064880063,0.00030001220137212015
instant_proxy_decoder,5.0,0.0030603979994140184,0.996939602000586,0.0030603979994140184,0.003060397999414018,0.003060397999414018,4.336808689942018e-19,1.0,1.0,0.9938792040011719,0.9938792040011719,-4.336808689942018e-19,0.9700308990369648,0.9430373403797573,0.002894273799759489,0.00016612419965452858,0.053902261620828666,0.05696265962024268,0.0030603979994140175,0.05406838582048319,0.8918632283590335,0.8864069291588237,0.9938792040011719,0.9430373403797573,0.6665968878995184,4.336808689942018e-19,0.0,0.0,0.0,0.011941875645408663,3.0740872262102656e-18,0.9999402911597258,0.028380574446318228,475.3161226377589,0.00963888050354711,0.0008151628411776635,0.0006591259413849526,0.019077887228160794,0.009879507291240479,0.0007081552487659493,0.0007809474259381584,0.021081665868390855,0.0,0.00025016330875404563,0.00018008165437702282,0.00020013268836266207,0.00016006124078276712,0.00030001939291454286
instant_proxy_decoder,6.0,0.004144398209699483,0.9958556017903005,0.004144398209699484,0.004144398209699483,0.004144398209699484,8.673617379884035e-19,1.0,1.0,0.991711203580601,0.991711203580601,-8.673617379884035e-19,0.9612319604798646,0.9336179845020552,0.003884517808477575,0.00025988040122190356,0.06223761728824521,0.06638201549794469,0.004144398209699479,0.062497497689467114,0.8750050046210657,0.8677557298065545,0.9917112035806009,0.9336179845020552,0.6239516724276228,5.204170427930421e-18,0.0,0.0,0.0,0.012323594474058067,0.0,0.9999388191901806,0.028561709730581572,466.84098845504167,0.00954089566658034,0.0010381012921052424,0.0006592232138958876,0.019144189789457405,0.009879507291240479,0.0007081552487659493,0.0007809474259381584,0.021081665868390855,0.0,0.00025025719760011085,0.00018012859880005543,0.00020020897305009005,0.00016009644910004159,0.00030003054221501314
instant_proxy_decoder,7.0,0.005376231162826427,0.9946237688371735,0.005376231162826428,0.005376231162826427,0.005376231162826428,8.673617379884035e-19,1.0,1.0,0.9892475376743471,0.9892475376743471,-8.673617379884035e-19,0.9517322017028398,0.9242350757782173,0.004994657816151822,0.00038157334667460153,0.07038869305895643,0.07576492422178285,0.005376231162826424,0.07077026640563103,0.8584594671887381,0.8492332982497836,0.9892475376743474,0.9242350757782173,0.5829406221590174,4.336808689942018e-18,0.0,0.0,0.0,0.013059765081493856,0.0,0.9999365349195597,0.028789380170963472,453.62552085697365,0.00933208862579471,0.0014328051587807478,0.0006598884865375299,0.019199847896480857,0.009879507291240479,0.0007081552487659493,0.0007809474259381584,0.021081665868390855,0.0,0.0002504013722969021,0.00018020068614845106,0.000200326114991233,0.00016015051461133831,0.0003000476629602571
instant_proxy_decoder,8.0,0.006756925940624642,0.9932430740593754,0.006756925940624642,0.006756925940624641,0.006756925940624641,8.673617379884035e-19,1.0,1.0,0.9864861481187507,0.9864861481187507,-8.673617379884035e-19,0.9415713263796686,0.9148866847026644,0.006222527792884931,0.0005343981477397128,0.07835638935671094,0.08511331529733558,0.006756925940624644,0.07889078750445065,0.8422184249910987,0.8308421657008083,0.9864861481187508,0.9148866847026644,0.5433126276032725,2.6020852139652106e-18,0.0,0.0,0.0,0.014389615243628253,0.0,0.9999331232647287,0.029102415106362547,435.165009002162,0.008936283414987534,0.002117253233547167,0.0006611333263938368,0.019244678016644926,0.009089540399784796,0.0010553002044482267,0.0013556435746067868,0.0189209341390818,1.0,0.00025062065593258555,0.00018031032796629278,0.00020050428294522576,0.0001602327459747196,0.0003000737028919945
instant_proxy_decoder,9.0,0.008292765027710904,0.9917072349722891,0.008292765027710904,0.008292765027710902,0.008292765027710904,1.734723475976807e-18,1.0,1.0,0.9834144699445782,0.9834144699445782,-1.734723475976807e-18,0.9307502079704729,0.9055656699726817,0.007570837730475045,0.0007219272972358601,0.08614156499960735,0.09443433002731826,0.008292765027710905,0.0868634922968432,0.8262730154063136,0.8125751945398352,0.9834144699445782,0.9055656699726817,0.5048372178157197,1.734723475976807e-18,0.0,0.0,0.0,0.0166006473944372,6.823478492686412e-22,0.9999286977984415,0.029550524934677226,414.4405682963052,0.008253725166620929,0.0032443598527013284,0.0006629612825014286,0.01927857088979786,0.009089540399784796,0.0010553002044482267,0.0013556435746067868,0.0189209341390818,0.0,0.0002509509933138399,0.00018047549665691995,0.00020077268206749493,0.00016035662249268997,0.00030011293045601844
instant_proxy_decoder,10.0,0.009991460173773975,0.990008539826226,0.009991460173773975,0.009991460173773975,0.009991460173773975,0.0,1.0,1.0,0.9800170796524521,0.9800170796524521,0.0,0.9192634829729398,0.8962632357624969,0.009043497797701307,0.0009479623760726692,0.09374530406372916,0.10373676423750314,0.009991460173773977,0.09469326643980183,0.8106134671203964,0.7944223962771391,0.9800170796524521,0.8962632357624969,0.4673192003168847,1.734723475976807e-18,0.0,0.0,0.0,0.019869656263916093,0.0,0.9999246501783954,0.030170040184829466,400.39962328165115,0.0072061105279807025,0.004930641986481077,0.000665324144396906,0.019301502761738722,0.009089540399784796,0.0010553002044482267,0.0013556435746067868,0.0189209341390818,0.0,0.0002514438665374929,0.00018072193326874647,0.000201173141561713,0.00016054144995155986,0.00030017145915132727
instant_proxy_decoder,11.0,0.011850032339098034,0.988149967660902,0.011850032339098034,0.011850032339098036,0.011850032339098034,1.734723475976807e-18,1.0,1.0,0.9762999353218039,0.9762999353218039,1.734723475976807e-18,0.9071777691054355,0.8869797235442396,0.01063468028919956,0.0012153520498984754,0.10117024411666246,0.1130202764557605,0.011850032339098036,0.10238559616656094,0.7952288076668783,0.776390151188276,0.976299935321804,0.8869797235442396,0.43066531266972086,1.734723475976807e-18,0.0,0.0,0.0,0.023982657985878425,1.850940968004714e-18,0.9999239045284465,0.030934228805516814,406.51865576207484,0.005833999766187925,0.00710567278258234,0.0006681579441607521,0.019313549907661057,0.009089540399784796,0.0010553002044482267,0.0013556435746067868,0.0189209341390818,0.0,0.0002521721993266795,0.00018108609966333976,0.00020176491195292713,0.00016081457474750483,0.0003002579486700432
instant_proxy_decoder,12.0,0.013840574467597896,0.9861594255324021,0.013840574467597896,0.0138405744675979,0.013840574467597897,3.469446951953614e-18,1.0,1.0,0.9723188510648042,0.9723188510648042,3.469446951953614e-18,0.8947062081820325,0.8777366995967579,0.012316544634096413,0.001524029833501491,0.10842272593564412,0.12226330040324201,0.013840574467597904,0.1099467557691456,0.7801064884617086,0.7585214588605189,0.9723188510648042,0.8777366995967579,0.3949508744435377,6.938893903907228e-18,0.0,0.0,0.0,0.02823731175787848,3.1595350025010997e-16,0.999928632114714,0.0317256455647699,444.5367189690022,0.00435856576410798,0.009421965913772867,0.000671581356015416,0.019314907356523876,0.004053631943389475,0.012370071104398092,0.0005719508944756027,0.018423196391313516,1.0,0.0002532381378522882,0.0001816190689261441,0.0002026309870049842,0.0001612143016946081,0.0003003845288699592
instant_proxy_decoder,13.0,0.015911187541780683,0.9840888124582193,0.015911187541780683,0.015911187541780683,0.015911187541780683,0.0,1.0,1.0,0.9681776249164387,0.9681776249164387,0.0,0.882178119963501,0.8685749596146802,0.014040962960495316,0.0018702245812853746,0.11551385284353904,0.13142504038531974,0.01591118754178069,0.11738407742482442,0.765231845150351,0.7408903683919312,0.9681776249164387,0.8685749596146802,0.3603836872661541,6.938893903907228e-18,0.0,0.0,0.0,0.031847495783396386,2.4660335944083713e-21,0.9999373278145051,0.03239840946014006,516.9503696780538,0.003069400273134848,0.011435035284554806,0.0006761207540171288,0.019305912857385178,0.004053631943389475,0.012370071104398092,0.0005719508944756027,0.018423196391313516,0.0,0.00025478315029455514,0.00018239157514727758,0.00020388630961432603,0.00016179368136045818,0.00030056799909747837
instant_proxy_decoder,14.0,0.018004762342681814,0.9819952376573182,0.018004762342681817,0.01800476234268182,0.01800476234268182,3.469446951953614e-18,1.0,1.0,0.9639904753146363,0.9639904753146363,3.469446951953614e-18,0.8699136776758599,0.8595368592617906,0.015756774554022936,0.0022479877886588985,0.12245837839552767,0.1404631407382095,0.018004762342681835,0.12470636618418657,0.750587267631627,0.7235696941008989,0.9639904753146364,0.8595368592617906,0.32717414052034066,1.3877787807814457e-17,0.0,0.0,0.0,0.03445420256799517,3.1534003591326763e-16,0.9999462452847496,0.03287691263985081,611.609837141141,0.002129591617746729,0.0129028403386654,0.0006826978873171186,0.019287077231645272,0.004053631943389475,0.012370071104398092,0.0005719508944756027,0.018423196391313516,0.0,0.0002570009303444458,0.0001835004651722229,0.00020568825590486223,0.00016262534887916718,0.0003008313604784029
instant_proxy_decoder,15.0,0.020076532801955795,0.9799234671980442,0.020076532801955795,0.020076532801955798,0.020076532801955795,3.469446951953614e-18,1.0,1.0,0.9598469343960884,0.9598469343960884,3.469446951953614e-18,0.8581299632805053,0.8506503973509325,0.017425118530514844,0.0026514142714409664,0.12927306984711168,0.1493496026490675,0.02007653280195581,0.13192448411855265,0.7361510317628948,0.706603623244747,0.9598469343960883,0.8506503973509325,0.29543739911840583,1.3877787807814457e-17,0.0,0.0,0.0,0.03615944717400549,6.746162233254935e-21,0.9999529290954012,0.03317406731173608,704.7680004136768,0.001530133200328354,0.013849060892174081,0.0006924644654096035,0.01925912230686949,0.004053631943389475,0.012370071104398092,0.0005719508944756027,0.018423196391313516,0.0,0.0002601536110102559,0.00018507680550512796,0.0002082498089458329,0.00016380760412884596,0.00030120574130746786
instant_proxy_decoder,16.0,0.02209897458939917,0.9779010254106009,0.02209897458939917,0.022098974589399172,0.02209897458939917,3.469446951953614e-18,1.0,1.0,0.9558020508212016,0.9558020508212016,3.469446951953614e-18,0.8469311868911156,0.8419248157549946,0.01902311391022294,0.0030758606791762588,0.1359762096556063,0.1580751842450055,0.0220989745893992,0.13905207033478256,0.7218958593304349,0.6900013528683416,0.9558020508212016,0.8419248157549946,0.2651803137763513,3.122502256758253e-17,0.0,0.0,0.0,0.037247325482598174,0.0,0.9999569724799143,0.03334250564306828,774.911163289951,0.001180541600651508,0.014420084648864573,0.0007067558594755496,0.019223027597924644,0.0008216522364456616,0.016656108205189608,4.4185026397908786e-05,0.01936732579084991,1.0,0.00026459178161971524,0.00018729589080985763,0.00021185582256601863,0.00016547191810739324,0.0003017327740673412
instant_proxy_decoder,17.0,0.024058510626594542,0.9759414893734054,0.024058510626594542,0.02405851062659455,0.024058510626594545,6.938893903907228e-18,1.0,1.0,0.9518829787468109,0.9518829787468109,6.938893903907228e-18,0.8363417775250692,0.8333532961408262,0.020540354394836827,0.003518156231757763,0.1425881932325792,0.1666467038591738,0.02405851062659459,0.14610634946433698,0.707787301071326,0.673742904745168,0.9518829787468108,0.8333532961408262,0.23633172898922128,4.5102810375396984e-17,0.0,0.0,0.0,0.037980491786775636,0.0,0.9999588967337046,0.03343367864203272,813.4068568123931,0.0009902123249098116,0.014760611098321719,0.0007271964423869459,0.01918008675319872,0.0008216522364456616,0.016656108205189608,4.4185026397908786e-05,0.01936732579084991,0.0,0.00027077873750731894,0.00019038936875365948,0.00021688272422469663,0.0001677920265652446,0.0003024674750789941
instant_proxy_decoder,18.0,0.0259506898880339,0.974049310111966,0.025950689888033902,0.02595068988803391,0.025950689888033906,6.938893903907228e-18,1.0,1.0,0.9480986202239322,0.9480986202239322,6.938893903907228e-18,0.8263407130148084,0.8249167809343825,0.021974268964492845,0.003976420923541129,0.1491325291775836,0.17508321906561758,0.025950689888033972,0.15310895010112474,0.6937820997977506,0.6577864037158472,0.9480986202239321,0.8249167809343825,0.20877463815347885,6.591949208711867e-17,0.0,0.0,0.0,0.03854513128580304,2.418537848966424e-19,0.9999592822649241,0.03348513852939229,822.3723266289155,0.0008959660292258143,0.0149729672697404,0.0007558577804778199,0.019131974477115624,0.0008216522364456616,0.016656108205189608,4.4185026397908786e-05,0.01936732579084991,0.0,0.00027931926153497015,0.00019465963076748509,0.00022382189999716327,0.0001709947230756138,0.0003034816623072777
instant_proxy_decoder,19.0,0.027776590909871533,0.9722234090901285,0.02777659090987153,0.02777659090987154,0.027776590909871536,1.0408340855860843e-17,1.0,1.0,0.9444468181802569,0.9444468181802569,1.0408340855860843e-17,0.8168840195176486,0.8165867258791185,0.023326728938856723,0.004449861971014865,0.15563668321100985,0.18341327412088143,0.027776590909871588,0.1600865451820247,0.6798269096359505,0.6420731757002668,0.9444468181802569,0.8165867258791185,0.18236746356320377,5.204170427930421e-17,0.0,0.0,0.0,0.03906408506296827,4.140862390079103e-21,0.9999584920039801,0.033522296669509274,807.6105782957801,0.0008604549909160264,0.015120690843159146,0.0007954219537251728,0.019080824132912837,0.0008216522364456616,0.016656108205189608,4.4185026397908786e-05,0.01936732579084991,0.0,0.0002909930218099591,0.00020049651090497955,0.00023330683022059176,0.00017537238317873465,0.00030486792133993263
instant_proxy_decoder,20.0,0.029540704275286208,0.9704592957247138,0.029540704275286208,0.02954070427528622,0.02954070427528621,1.0408340855860843e-17,1.0,1.0,0.9409185914494276,0.9409185914494276,1.0408340855860843e-17,0.8079167426940687,0.8083269857570758,0.024602057317016063,0.004938646958270173,0.16213230996763786,0.1916730142429241,0.029540704275286236,0.16707095692590804,0.6658580861481839,0.6265312654306922,0.9409185914494275,0.8083269857570758,0.156956438413002,2.42861286636753e-17,0.0,0.0,0.0,0.039621576399021294,2.6764851057015742e-19,0.9999566651696007,0.03356319633061247,774.5085424667134,0.000863884984873331,0.015241876710012425,0.0008493529165639613,0.01902931548274243,0.0005997283891747878,0.015554063195293365,0.0012323800988715754,0.015605573619592677,1.0,0.000306792354631085,0.0002083961773155425,0.00024614378813775655,0.00018129713298665687,0.00030674409211244133
instant_proxy_decoder,21.0,0.031249870364218203,0.9687501296357818,0.031249870364218203,0.031249870364218214,0.03124987036421821,1.0408340855860843e-17,1.0,1.0,0.9375002592715636,0.9375002592715636,1.0408340855860843e-17,0.7993783179287977,0.8000957418990603,0.02580603468041031,0.0054438356838079245,0.16865438773672153,0.19990425810093976,0.031249870364218234,0.17409822342052947,0.6518035531589412,0.6110791551657364,0.9375002592715636,0.8000957418990603,0.13238386276734837,2.42861286636753e-17,0.0,0.0,0.0,0.040282315205624364,2.9051793557409213e-19,0.9999537680539752,0.033622357029460224,727.253769750651,0.0008971411683877939,0.01536010423496681,0.0009220930697323437,0.018980771005556105,0.0005997283891747878,0.015554063195293365,0.0012323800988715754,0.015605573619592677,0.0,0.00032796377363527224,0.00021898188681763613,0.0002633455660786587,0.0001892364151132271,0.00030925819811918856
instant_proxy_decoder,22.0,0.03291287223132707,0.9670871277686729,0.03291287223132707,0.03291287223132708,0.03291287223132708,6.938893903907228e-18,1.0,1.0,0.9341742555373458,0.9341742555373458,6.938893903907228e-18,0.7912042655733773,0.7918482728893381,0.026945544833799375,0.005967327397527744,0.17523885487933474,0.20815172711066188,0.03291287223132712,0.1812061822768625,0.6375876354462751,0.5956312005737316,0.9341742555373458,0.7918482728893381,0.108495642485401,4.163336342344337e-17,0.0,0.0,0.0,0.0411035683674332,3.1509122006825317e-16,0.9999496330273808,0.03371318729306864,669.3510755147771,0.0009574727397408944,0.0154912902515979,0.00101930673632733,0.01893925793341148,0.0005997283891747878,0.015554063195293365,0.0012323800988715754,0.015605573619592677,0.0,0.0003560520002104462,0.00023302600010522307,0.0002861672501709875,0.00019976950007891733,0.00031259367502499045
instant_proxy_decoder,23.0,0.034540435235803864,0.9654595647641961,0.034540435235803864,0.034540435235803885,0.03454043523580387,2.0816681711721685e-17,1.0,1.0,0.9309191295283923,0.9309191295283923,2.0816681711721685e-17,0.7833258676250276,0.7835407328084482,0.028028636680555073,0.006511798555248814,0.18191883195574796,0.21645926719155184,0.034540435235803885,0.18843063051099676,0.6231387389780064,0.5801050627273939,0.9309191295283922,0.7835407328084482,0.08514897706778257,1.3877787807814457e-17,0.0,0.0,0.0,0.0421420528020245,3.844702071193716e-22,0.9999439749804221,0.033849282732621354,604.1815422402415,0.0010460744771925157,0.015647476325280185,0.0011482038973098518,0.018909691575340073,0.0005997283891747878,0.015554063195293365,0.0012323800988715754,0.015605573619592677,0.0,0.0003929446519375753,0.00025147232596878764,0.00031614252969927993,0.00021360424447659074,0.000316974677417587
instant_proxy_decoder,24.0,0.03614550949316182,0.9638544905068381,0.03614550949316182,0.03614550949316184,0.03614550949316183,1.3877787807814457e-17,1.0,1.0,0.9277089810136764,0.9277089810136764,1.3877787807814457e-17,0.7756686287056757,0.7751340477898213,0.02906485583491819,0.007080653658243588,0.18872044271701682,0.2248659522101786,0.03614550949316178,0.19580109637526041,0.608397807249479,0.56442940289613,0.9277089810136764,0.7751340477898213,0.062218251570758,4.85722573273506e-17,0.0,0.0,0.0,0.043457266709359656,7.751646769192271e-24,0.9999363879665443,0.0340448802307327,535.1955971416387,0.0011668090735141856,0.015838600189688523,0.0013180059172579472,0.018897933700292645,0.0009106671967868133,0.01728217180842262,0.001605363569853681,0.017369352435718247,1.0,0.0004409149747467784,0.0002754574873733892,0.00035511841698175747,0.0002315931155300419,0.0003226711532511799
instant_proxy_decoder,25.0,0.03774379541017711,0.9622562045898229,0.03774379541017711,0.037743795410177125,0.03774379541017712,1.3877787807814457e-17,1.0,1.0,0.9245124091796457,0.9245124091796457,1.3877787807814457e-17,0.7681498224859008,0.7665961421352807,0.030065727745598455,0.007678067664578632,0.1956600624545423,0.23340385786471937,0.03774379541017708,0.2033381301191209,0.5933237397617582,0.5485484195997187,0.9245124091796458,0.7665961421352807,0.03959549881300917,3.469446951953614e-17,0.0,0.0,0.0,0.045112033117839054,0.0,0.9999263245743429,0.034314498411799725,465.75229265080355,0.0013255549544888279,0.016072808789887483,0.0015406728378570822,0.01891087781467466,0.0009106671967868133,0.01728217180842262,0.001605363569853681,0.017369352435718247,0.0,0.000502659197607975,0.00030632959880398756,0.00040528559805647974,0.00025474719910299065,0.000330003279715947
instant_proxy_decoder,26.0,0.03935453316834058,0.9606454668316594,0.03935453316834058,0.0393545331683406,0.03935453316834059,2.0816681711721685e-17,1.0,1.0,0.9212909336633188,0.9212909336633188,2.0816681711721685e-17,0.7606751191931799,0.7579009038152438,0.031045311144709674,0.008309222023630948,0.2027445630164155,0.2420990961847561,0.03935453316834062,0.21105378504004643,0.577892429919907,0.5324202516777495,0.9212909336633187,0.7579009038152438,0.017182931527292777,3.469446951953614e-17,0.0,0.0,0.0,0.04717020399526118,0.0,0.9999130574999902,0.03467150115651084,398.786567588746,0.001529874048529889,0.016355356472653737,0.0018321197227925134,0.018956511231619008,0.0009106671967868133,0.01728217180842262,0.001605363569853681,0.017369352435718247,0.0,0.0005813242824895022,0.0003456621412447511,0.00046920097952272055,0.00028424660593356335,0.0003393447585456284
instant_proxy_decoder,27.0,0.04100162939014026,0.9589983706098597,0.04100162939014026,0.04100162939014027,0.041001629390140265,1.3877787807814457e-17,1.0,1.0,0.9179967412197194,0.9179967412197194,1.3877787807814457e-17,0.7531340751908391,0.7490238345732921,0.0320208269657546,0.008980802424385717,0.20997453603656763,0.2509761654267079,0.041001629390140314,0.21895533846095333,0.5620893230780935,0.5160092739953557,0.9179967412197194,0.7490238345732921,-0.005121312609639439,4.85722573273506e-17,0.0,0.0,0.0,0.049690737423034835,5.61951151458283e-19,0.9998956201917745,0.03512495785390115,336.511040315459,0.001788825075372813,0.016685625035759877,0.002214330862925773,0.019043942074993915,0.0009106671967868133,0.01728217180842262,0.001605363569853681,0.017369352435718247,0.0,0.0006805211136891249,0.0003952605568445624,0.0005497984048724139,0.0003214454176334218,0.00035112438225058353
instant_proxy_decoder,28.0,0.04271524217476629,0.9572847578252337,0.042715242174766285,0.0427152421747663,0.04271524217476629,1.3877787807814457e-17,1.0,1.0,0.9145695156504674,0.9145695156504674,1.3877787807814457e-17,0.7453941162087143,0.7399360355193457,0.03301347488311804,0.009701767291648348,0.21734872230588792,0.2600639644806543,0.04271524217476638,0.22705048959753626,0.5458990208049275,0.4992756056219882,0.9145695156504672,0.7399360355193457,-0.02743998576801232,9.020562075079397e-17,0.0,0.0,0.0,0.052716857066192516,0.0,0.9998727243344487,0.03567375711294467,280.2873350410907,0.0021128208484865185,0.01705129403490413,0.002719019471172923,0.019183378024769954,0.0020715107246081456,0.013743555283933173,0.003047192703443221,0.0201865796247017,1.0,0.000804317614467711,0.00045715880723385554,0.0006503830617550152,0.0003678691054253916,0.00036582521671804066
instant_proxy_decoder,29.0,0.04453396185447987,0.9554660381455201,0.04453396185447987,0.044533961854479893,0.04453396185447989,2.0816681711721685e-17,1.0,1.0,0.9109320762910402,0.9109320762910402,2.0816681711721685e-17,0.7372926886504271,0.7305986566335119,0.03404959317858899,0.010484368675890967,0.22486738151200816,0.26940134336648813,0.044533961854479956,0.23535175018789914,0.5292964996242018,0.4821660506188057,0.91093207629104,0.7305986566335119,-0.04993188391871195,6.938893903907228e-17,0.0,0.0,0.0,0.056259516925727206,3.1400794464800427e-16,0.9998426656575663,0.03629681633628171,230.69862418357067,0.0025134661814730785,0.017418513332232988,0.0033935464469933008,0.019386042961711807,0.0020715107246081456,0.013743555283933173,0.003047192703443221,0.0201865796247017,0.0,0.0009572060037902717,0.0005336030018951359,0.0007746048780795957,0.0004252022514213519,0.00038398071295009476
instant_proxy_decoder,30.0,0.046507597412928856,0.9534924025870711,0.04650759741292886,0.04650759741292888,0.04650759741292887,2.0816681711721685e-17,1.0,1.0,0.9069848051741423,0.9069848051741423,2.0816681711721685e-17,0.7286279758435452,0.7209591899939808,0.035162192377096516,0.01134540503583242,0.23253321259309032,0.27904081000601927,0.04650759741292894,0.24387861762892274,0.5122427647421546,0.4646091900596263,0.9069848051741423,0.7209591899939808,-0.07280303126234577,6.938893903907228e-17,0.0,0.0,0.0,0.060278475679582263,9.401534329169652e-19,0.9998032815550444,0.036939968889402874,187.78091143277385,0.0030033315883488676,0.01771864536114487,0.004308720762480567,0.01966401799513393,0.0020715107246081456,0.013743555283933173,0.003047192703443221,0.0201865796247017,0.0,0.0011440385261089667,0.0006270192630544834,0.0009264063024635355,0.0004952644472908626,0.0004061670749754398
instant_proxy_decoder,31.0,0.04870003898651246,0.9512999610134876,0.04870003898651246,0.04870003898651248,0.04870003898651247,1.3877787807814457e-17,1.0,1.0,0.902599922026975,0.902599922026975,1.3877787807814457e-17,0.7191510597788744,0.7109502248676814,0.03639244091900714,0.012307598067505398,0.24034973614580593,0.28904977513231844,0.04870003898651254,0.2526573342133113,0.49468533157337735,0.44651564587037373,0.9025999220269748,0.7109502248676814,-0.0963117360812551,6.938893903907228e-17,0.0,0.0,0.0,0.06467749047567845,1.7405487025589627e-18,0.9997521516667318,0.03750801077092335,151.33452896912394,0.0035956274951485234,0.017840159420325907,0.005563117923804595,0.020029994932782236,0.0020715107246081456,0.013743555283933173,0.003047192703443221,0.0201865796247017,0.0,0.0013699266110914288,0.0007399633055457144,0.001109940371511786,0.0005799724791592857,0.00043299128506710716
instant_proxy_decoder,32.0,0.05119050093620763,0.9488094990637923,0.051190500936207625,0.051190500936207646,0.05119050093620764,2.0816681711721685e-17,1.0,1.0,0.8976189981275847,0.8976189981275847,2.0816681711721685e-17,0.7085672446513398,0.7004914312039081,0.03778981951656687,0.013400681419640835,0.24831806785988425,0.29950856879609195,0.0511905009362077,0.2617187492795251,0.47656250144094997,0.42778422524709775,0.8976189981275846,0.7004914312039081,-0.12076168342747873,6.245004513516506e-17,0.0,0.0,0.0,0.0693559823083349,0.0,0.9996873509746038,0.03788975835113878,121.1894337528337,0.0043037592654456835,0.017654147718479396,0.007266261796271656,0.020496933303416568,0.003814374820914883,0.01809336744363606,0.006903373805523824,0.020385482409514957,1.0,0.0016400996369615038,0.000875049818480752,0.0013294559550312219,0.0006812873638605638,0.0004650743318891786
instant_proxy_decoder,33.0,0.054070902306808985,0.945929097693191,0.054070902306808985,0.05407090230680899,0.054070902306808985,6.938893903907228e-18,1.0,1.0,0.891858195386382,0.891858195386382,6.938893903907228e-18,0.6965555967138327,0.6894956855789808,0.03940937622457857,0.014661526082230508,0.2564334121142102,0.3105043144210193,0.054070902306809075,0.2710949381964407,0.4578101236071186,0.4083144233224225,0.891858195386382,0.6894956855789808,-0.14647582219253152,9.020562075079397e-17,0.0,0.0,0.0,0.07436711686502238,1.6007866774916268e-18,0.9996085440572369,0.03805824276969429,97.22228892747529,0.0051407929642385275,0.017117185724249806,0.009473822540641441,0.021077616705743426,0.003814374820914883,0.01809336744363606,0.006903373805523824,0.020385482409514957,0.0,0.001959721334271696,0.001034860667135848,0.001589148584095753,0.0008011455003518859,0.0005030294084447639
instant_proxy_decoder,34.0,0.05744122543496338,0.9425587745650366,0.05744122543496338,0.0574412254349634,0.05744122543496339,1.3877787807814457e-17,1.0,1.0,0.8851175491300732,0.8851175491300732,1.3877787807814457e-17,0.6827973380179799,0.677877256837412,0.041307647979408925,0.016133577455554552,0.26468151772762455,0.32212274316258804,0.05744122543496348,0.2808150951831791,0.43836980963364175,0.38802166858593307,0.8851175491300731,0.677877256837412,-0.17376172034909176,9.020562075079397e-17,0.0,0.0,0.0,0.0801132781353953,3.1509124126208277e-16,0.9995164014221458,0.03821785914705373,79.02806355765871,0.0061189352489910975,0.016424405665440123,0.012092305155954941,0.021784110531793674,0.003814374820914883,0.01809336744363606,0.006903373805523824,0.020385482409514957,0.0,0.0023336643788149387,0.0012218321894074693,0.0018929773077871373,0.0009413741420556017,0.0005474351449842739
instant_proxy_decoder,35.0,0.0614115996918002,0.9385884003081998,0.0614115996918002,0.06141159969180021,0.061411599691800205,1.3877787807814457e-17,1.0,1.0,0.8771768006163996,0.8771768006163996,1.3877787807814457e-17,0.6669768578175719,0.6655553201585082,0.043543622361154985,0.01786797733064532,0.2730330801496915,0.33444467984149184,0.06141159969180031,0.29090105748033684,0.4181978850393263,0.36684659497830696,0.8771768006163995,0.6655553201585082,-0.20290550072186186,1.0408340855860843e-16,0.0,0.0,0.0,0.08727937515808201,3.0833621920229107e-16,0.9994087028790253,0.03918218959445055,66.26480698884659,0.007249060434141086,0.01601173164814651,0.01487754089023896,0.022627130822622486,0.003814374820914883,0.01809336744363606,0.006903373805523824,0.020385482409514957,0.0,0.0027662468201435295,0.0014381234100717649,0.002244450541366618,0.0011035925575538237,0.0005988043098920442
instant_proxy_decoder,36.0,0.06611291420224757,0.9338870857977524,0.06611291420224757,0.06611291420224759,0.06611291420224757,1.3877787807814457e-17,1.0,1.0,0.8677741715955049,0.8677741715955049,1.3877787807814457e-17,0.6487525612520356,0.6524516827018837,0.046185580053826336,0.019927334148421343,0.28143540309586856,0.34754831729811625,0.06611291420224769,0.3013627372442899,0.3972745255114202,0.3447580337006101,0.8677741715955046,0.6524516827018837,-0.234197763578206,1.1102230246251565e-16,0.0,0.0,0.0,0.0963875372241039,0.0,0.9992778204342425,0.04181845165681092,57.90589160875526,0.008540055805576707,0.016288049991307063,0.01759841032679843,0.023615342779547226,0.009496418874055949,0.01686675252067812,0.018454846274372053,0.023843055554931575,1.0,0.0032609375380118514,0.0016854687690059259,0.0026463867496346297,0.0012891015767544443,0.0006575488326389074
instant_proxy_decoder,37.0,0.07170169999842978,0.9282983000015702,0.07170169999842978,0.07170169999842979,0.07170169999842979,1.3877787807814457e-17,1.0,1.0,0.8565966000031404,0.8565966000031404,1.3877787807814457e-17,0.6277577879171039,0.6384928305166168,0.049313409726052373,0.022388290272377525,0.2898054694849535,0.3615071694833834,0.0717016999984299,0.31219375975733105,0.3756124804853381,0.32176224157798844,0.8565966000031404,0.6384928305166168,-0.26793177971861315,1.1102230246251565e-16,0.0,0.0,0.0,0.1074745914180114,1.0972717303778332e-19,0.9991138860744249,0.04475699814415853,50.509304562738585,0.00999783694424039,0.017395513497470705,0.020180970463558823,0.02475461668320283,0.009496418874055949,0.01686675252067812,0.018454846274372053,0.023843055554931575,0.0,0.0038200416972146295,0.0019650208486073147,0.0031006588789868864,0.0014987656364554857,0.0007239424515442372
instant_proxy_decoder,38.0,0.07835098198179363,0.9216490180182064,0.07835098198179363,0.07835098198179363,0.07835098198179363,0.0,1.0,1.0,0.8432980360364127,0.8432980360364127,0.0,0.6036580471524948,0.6236210641352231,0.05301123344573471,0.025339748536059026,0.29802795388298314,0.3763789358647769,0.07835098198179374,0.32336770241904217,0.3532645951619156,0.29792162534256433,0.8432980360364126,0.6236210641352231,-0.3043481335477569,1.1102230246251565e-16,0.0,0.0,0.0,0.12021979847281704,1.3600549838401528e-19,0.9989085217834107,0.04800166125093196,43.97857925275919,0.011624308733701239,0.019247900888551772,0.022681779452372042,0.02604727788105134,0.009496418874055949,0.01686675252067812,0.018454846274372053,0.023843055554931575,0.0,0.004444380893532214,0.002277190446766107,0.0036079344759949233,0.0017328928350745798,0.0007980827311069502
instant_proxy_decoder,39.0,0.08623406969965838,0.9137659303003416,0.08623406969965838,0.08623406969965838,0.08623406969965838,0.0,1.0,1.0,0.8275318606006832,0.8275318606006832,0.0,0.5762268836555615,0.6078084099906554,0.057356182151976284,0.028877887547682123,0.3059575203096863,0.3921915900093447,0.08623406969965841,0.33483540785736843,0.3303291842852632,0.27337259507667505,0.8275318606006834,0.6078084099906554,-0.34356370599229136,2.7755575615628914e-17,0.0,0.0,0.0,0.1342040468649729,0.0,0.9986553633691856,0.05155009313211448,38.33756417961926,0.013416531791237474,0.021685646100870315,0.025191068961807783,0.02749139516583261,0.009496418874055949,0.01686675252067812,0.018454846274372053,0.023843055554931575,0.0,0.0051329860046538086,0.002621493002326904,0.0041674261287812184,0.001991119751745178,0.0008798545880526396
instant_proxy_decoder,40.0,0.0955081821975679,0.9044918178024322,0.0955081821975679,0.0955081821975679,0.0955081821975679,0.0,1.0,1.0,0.8089836356048642,0.8089836356048642,0.0,0.5454070481008544,0.5910675704040311,0.06240857390894509,0.03309960828862283,0.313424247398401,0.4089324295959689,0.09550818219756792,0.3465238556870239,0.30695228862595236,0.24833435738530785,0.8089836356048643,0.5910675704040311,-0.38551814199430856,1.3877787807814457e-17,0.0,0.0,0.0,0.14903652475290974,1.1591485567715657e-19,0.9983494038738512,0.055387184460666046,33.55586723076578,0.015366093038502449,0.024566340083226446,0.027776185114012253,0.029080157299891475,0.015165462441164753,0.025720229543320556,0.026412690379320897,0.03129650854449696,1.0,0.005882823303554766,0.002996411651777383,0.004776668934138246,0.0022723087388330366,0.0009688977672971284
instant_proxy_decoder,41.0,0.10629894468734144,0.8937010553126585,0.10629894468734144,0.10629894468734143,0.10629894468734144,1.3877787807814457e-17,1.0,1.0,0.7874021106253171,0.7874021106253171,-1.3877787807814457e-17,0.5113494793629669,0.5734586705778467,0.06820430410437142,0.03809464058296992,0.3202423847348119,0.4265413294221533,0.10629894468734134,0.35833702531778183,0.2833259493644362,0.22310662232163336,0.7874021106253173,0.5734586705778467,-0.4299446515402505,9.71445146547012e-17,0.0,0.0,0.0,0.16437331524925108,0.0,0.9979868770475295,0.059483216562041585,29.54773154269828,0.017458642816499448,0.027782487618105645,0.03046980399704413,0.030801389714409055,0.015165462441164753,0.025720229543320556,0.026412690379320897,0.03129650854449696,0.0,0.006688575784685114,0.003399287892342557,0.0054313428250566545,0.0025744659192569173,0.0010645808744313573
instant_proxy_decoder,42.0,0.12600231194275013,0.8739976880572499,0.12600231194275013,0.12600231194275008,0.1260023119427501,5.551115123125783e-17,1.0,1.0,0.7479953761144997,0.7479953761144997,-5.551115123125783e-17,0.45362832202493497,0.5504735684907656,0.07935402411251623,0.04664828783023385,0.32352411956648436,0.44952643150923444,0.12600231194275008,0.3701724073967182,0.25965518520656355,0.19424371264199886,0.7479953761144998,0.5504735684907656,-0.49717605674604615,2.7755575615628914e-17,0.0,0.0,0.0,0.17990452639582358,0.0,0.9835887767392252,0.06397569846890665,3.898289448161841,0.019673629870676557,0.031251236544912464,0.03327562792220451,0.03263726177992182,0.015165462441164753,0.025720229543320556,0.026412690379320897,0.03129650854449696,0.0,0.007542501566580913,0.0038262507832904566,0.0061251575228469905,0.002894688087467842,0.0011659845610314833
instant_proxy_decoder,43.0,0.14435590983518434,0.8556440901648157,0.14435590983518434,0.1443559098351843,0.14435590983518432,5.551115123125783e-17,1.0,1.0,0.7112881803296314,0.7112881803296314,-5.551115123125783e-17,0.40446615960382626,0.5289002646572508,0.08922389620265363,0.05513201363253078,0.3267438255075649,0.4710997353427493,0.1443559098351844,0.3818758391400957,0.23624832171980875,0.16806455657956304,0.7112881803296314,0.5289002646572508,-0.55488994162965,8.326672684688674e-17,0.0,0.0,0.0,0.19534332033517918,6.509273804960474e-18,0.9816377268943794,0.06846923044927691,3.7287992644178134,0.021984295818109234,0.034901397216518415,0.03617625890614973,0.03456422906170106,0.015165462441164753,0.025720229543320556,0.026412690379320897,0.03129650854449696,0.0,0.008434389426794826,0.004272194713397412,0.006849816409270794,0.003229146035048059,0.0012718962444318853
instant_proxy_decoder,44.0,0.16341489412437193,0.8365851058756282,0.1634148941243719,0.16341489412437185,0.16341489412437188,5.551115123125783e-17,1.0,1.0,0.6731702117512562,0.6731702117512562,-5.551115123125783e-17,0.35758316740264373,0.5075452410098705,0.09913445314101817,0.06428044098335377,0.32903986486575754,0.49245475899012947,0.16341489412437193,0.3933203058491113,0.21335938830177748,0.14365136398644862,0.6731702117512561,0.5075452410098705,-0.6093256964835199,5.551115123125783e-17,0.0,0.0,0.0,0.21042260496371823,4.589674489068869e-19,0.9796206789942294,0.07305940456362314,3.5849773671525087,0.024357987652576907,0.03866463390118202,0.03913914908057603,0.03655324460310094,0.02291543609226383,0.04287528919602513,0.03188312872856361,0.036238646765845706,1.0,0.009351627883127645,0.004730813941563822,0.00759507265504121,0.0035731104561728664,0.0013808183111214077
instant_proxy_decoder,45.0,0.18299073211291894,0.8170092678870811,0.1829907321129189,0.18299073211291889,0.18299073211291889,2.7755575615628914e-17,1.0,1.0,0.6340185357741622,0.6340185357741622,-2.7755575615628914e-17,0.3134238738974393,0.486640566471083,0.10898871455113791,0.0740020175617811,0.33036870141599795,0.5133594335289169,0.182990732112919,0.40437071897777904,0.1912585620444418,0.12128516806572825,0.6340185357741619,0.486640566471083,-0.6600260785703189,1.1102230246251565e-16,0.0,0.0,0.0,0.22489702080598983,0.0,0.9775739050970145,0.07766806037506921,3.4632895611589274,0.026756837578974513,0.04247088664542653,0.042120618563136425,0.03857025894810529,0.02291543609226383,0.04287528919602513,0.03188312872856361,0.036238646765845706,0.0,0.010279398806150605,0.005194699403075302,0.008348886529997367,0.003921024552306476,0.0014909911082303842
instant_proxy_decoder,46.0,0.20286414035303174,0.7971358596469683,0.20286414035303169,0.20286414035303166,0.20286414035303169,2.7755575615628914e-17,1.0,1.0,0.5942717192939366,0.5942717192939366,-2.7755575615628914e-17,0.27238047695416034,0.4664076556586739,0.11868960673923937,0.08417453361379247,0.33072820398829417,0.533592344341326,0.20286414035303185,0.4149027376020866,0.17019452479582664,0.10116437854493288,0.5942717192939363,0.4664076556586739,-0.7066227826355052,1.6653345369377348e-16,0.0,0.0,0.0,0.23854709780898634,0.0,0.9755363939399883,0.08220939744345108,3.360477488142303,0.02913885748688727,0.04624675579803772,0.04506866558223199,0.040577011209338175,0.02291543609226383,0.04287528919602513,0.03188312872856361,0.036238646765845706,0.0,0.011200999557977374,0.0056554997789886865,0.009097687140856616,0.004266624834241515,0.001600431197509813
instant_proxy_decoder,47.0,0.2227976592285421,0.7772023407714579,0.22279765922854208,0.22279765922854206,0.22279765922854206,2.7755575615628914e-17,1.0,1.0,0.5544046815429159,0.5544046815429159,-2.7755575615628914e-17,0.23475685570004956,0.4470441084951685,0.12814569212790705,0.09465196710063535,0.3301582322762892,0.5529558915048316,0.2227976592285424,0.42481019937692455,0.15037960124615102,0.08339215119160759,0.5544046815429153,0.4470441084951685,-0.7488685282288883,3.3306690738754696e-16,0.0,0.0,0.0,0.25118338671666085,1.3880176856188233e-17,0.9735495728642033,0.08659230924815253,3.2737584464548313,0.03145951104132805,0.04991576600844483,0.047925091526125785,0.04253209429356395,0.02291543609226383,0.04287528919602513,0.03188312872856361,0.036238646765845706,0.0,0.012098289506702165,0.006104144753351082,0.009826735224195509,0.004603108565013311,0.0017069843789208818
instant_proxy_decoder,48.0,0.24254774248496902,0.7574522575150311,0.242547742484969,0.24254774248496896,0.24254774248496896,2.7755575615628914e-17,1.0,1.0,0.5149045150300621,0.5149045150300621,-2.7755575615628914e-17,0.20074852251644293,0.4287150661748558,0.13727479303459283,0.10527294945037641,0.328737191340175,0.5712849338251442,0.24254774248496924,0.4340101407905514,0.13197971841889716,0.06797603125046436,0.5149045150300615,0.4287150661748558,-0.7866498461642477,2.7755575615628914e-16,0.0,0.0,0.0,0.26264938390343023,8.039449098798328e-19,0.971656424546204,0.09072264029758854,3.2008184869082346,0.033673875207391846,0.0533997888232306,0.050627122601554664,0.04439225796569873,0.0281931581230702,0.04927696825608138,0.04185714943021411,0.04747268214676789,1.0,0.012952248029925022,0.0065311240149625105,0.01052057652431408,0.004923343011221883,0.0018083919535535962
instant_proxy_decoder,49.0,0.26187713343972574,0.7381228665602744,0.26187713343972574,0.26187713343972563,0.2618771334397257,1.1102230246251565e-16,1.0,1.0,0.47624573312054863,0.47624573312054863,-1.1102230246251565e-16,0.17043419781429336,0.41154821357387605,0.14600661555028202,0.11587051788944396,0.32657465298639804,0.5884517864261241,0.26187713343972596,0.442445170875842,0.1151096582483161,0.054837462926639935,0.4762457331205481,0.41154821357387605,-0.8199865585427855,2.7755575615628914e-16,0.0,0.0,0.0,0.272822903287384,2.7673005211840614e-16,0.9699001984949931,0.09450495943029677,3.139720353789592,0.03573960735626125,0.05662115860125516,0.053108383312090335,0.046113895417090524,0.0281931581230702,0.04927696825608138,0.04185714943021411,0.04747268214676789,0.0,0.013743622478337672,0.0069268112391688355,0.011163568263649358,0.0052201084293766265,0.0019023676693025984
instant_proxy_decoder,50.0,0.2805664655081731,0.7194335344918269,0.2805664655081731,0.28056646550817305,0.2805664655081731,5.551115123125783e-17,1.0,1.0,0.4388670689836538,0.4388670689836538,-5.551115123125783e-17,0.1437784881710107,0.39563195559577446,0.15428437289014105,0.12628209261803228,0.3238015788960522,0.6043680444042255,0.2805664655081733,0.45008367151408446,0.09983265697183108,0.04382809642761348,0.43886706898365335,0.39563195559577446,-0.8490201686710988,2.220446049250313e-16,0.0,0.0,0.0,0.28161623981350276,0.0,0.9683228603478273,0.09784324090153454,3.088765020323534,0.037621109920911944,0.05950516239797754,0.05529875250743821,0.047654643971607055,0.0281931581230702,0.04927696825608138,0.04185714943021411,0.04747268214676789,0.0,0.01445363676575988,0.007281818382879939,0.011740454872179902,0.005486363787159955,0.0019866818659339857
instant_proxy_decoder,51.0,0.29842407941234134,0.7015759205876587,0.2984240794123413,0.2984240794123412,0.2984240794123413,5.551115123125783e-17,1.0,1.0,0.40315184117531744,0.40315184117531744,-5.551115123125783e-17,0.12064403359931797,0.38101609695988925,0.1620654150500736,0.13635866436226798,0.3205598236277691,0.6189839030401108,0.2984240794123416,0.4569184879900371,0.08616302401992576,0.03474952264431458,0.40315184117531677,0.38101609695988925,-0.8739939880011929,3.3306690738754696e-16,0.0,0.0,0.0,0.2889760319969425,0.0,0.9669633958553965,0.10063964700219957,3.046307258509162,0.039295471543996374,0.06198266229807248,0.05712234567823671,0.04897501982463787,0.0281931581230702,0.04927696825608138,0.04185714943021411,0.04747268214676789,0.0,0.015064725018562906,0.007587362509281452,0.01223696407758236,0.0057155218819610895,0.002059248595954345
instant_proxy_decoder,52.0,0.3152932880145193,0.6847067119854807,0.3152932880145193,0.3152932880145192,0.3152932880145193,5.551115123125783e-17,1.0,1.0,0.36941342397096144,0.36941342397096144,-5.551115123125783e-17,0.10081054729428462,0.3677144840225291,0.16932097977872193,0.1459723082357976,0.31699222796295146,0.632285515977471,0.3152932880145195,0.46296453619874905,0.07407092760250195,0.027373584516653282,0.369413423970961,0.3677144840225291,-0.8952281508354774,2.220446049250313e-16,0.0,0.0,0.0,0.29488393502686683,2.8317655692066847e-16,0.9658560886638116,0.10279078322858687,3.0105157612578792,0.04076056893682467,0.06399265088841766,0.05849299633385574,0.050040001188596556,0.037220559890060255,0.0638259874148609,0.05499603352736197,0.0494257135717774,1.0,0.015561250700689777,0.007835625350344889,0.012640391194310444,0.005901719012758666,0.002118211020706911
instant_proxy_decoder,53.0,0.33105669578158947,0.6689433042184106,0.3310566957815894,0.33105669578158936,0.33105669578158936,5.551115123125783e-17,1.0,1.0,0.3378866084368213,0.3378866084368213,-5.551115123125783e-17,0.08399764735130266,0.35570916770122674,0.17603531378336246,0.15502138199822696,0.31323413651718385,0.6442908322987733,0.3310566957815894,0.4682555185154108,0.06348896296917839,0.02146109939890739,0.33788660843682117,0.35570916770122674,-0.9130927535357509,5.551115123125783e-17,0.0,0.0,0.0,0.2993580628083745,3.512465674205122e-17,0.9650289518680785,0.10418271485502217,2.9791133071566223,0.042043732162169944,0.06548456623916565,0.05930859153438972,0.050820474375623335,0.037220559890060255,0.0638259874148609,0.05499603352736197,0.0494257135717774,0.0,0.015930170315403062,0.00802008515770153,0.012940138381264987,0.006040063868276147,0.0021620202249541137
instant_proxy_decoder,54.0,0.34563763457206936,0.6543623654279307,0.34563763457206936,0.34563763457206925,0.3456376345720693,1.1102230246251565e-16,1.0,1.0,0.3087247308558614,0.3087247308558614,-1.1102230246251565e-16,0.0698883640151462,0.34495557830974244,0.18220448619669866,0.16343314837537065,0.3094067871181883,0.6550444216902576,0.3456376345720693,0.47283993549355896,0.05432012901288219,0.016777453370226125,0.30872473085586144,0.34495557830974244,-0.9279821248520319,0.0,0.0,0.0,0.0,0.3024501039985789,7.404306710239568e-19,0.9645026730172704,0.10469282615812915,2.9493157670453645,0.04320244837661502,0.06642021659456432,0.05945276974432656,0.05129446317269896,0.037220559890060255,0.0638259874148609,0.05499603352736197,0.0494257135717774,0.0,0.016161602435422168,0.008135801217711083,0.013128176978780512,0.006126850913283312,0.0021895027892063824
instant_proxy_decoder,55.0,0.3589992069426632,0.6410007930573369,0.3589992069426632,0.3589992069426631,0.35899920694266313,1.1102230246251565e-16,1.0,1.0,0.28200158611467374,0.28200158611467374,-1.1102230246251565e-16,0.058150681130952786,0.335388084766757,0.18783520399616696,0.17116400294649634,0.30561270829057985,0.6646119152332431,0.3589992069426633,0.4767767112370762,0.0464465775258478,0.013104175426506548,0.2820015861146736,0.335388084766757,-0.9402926069743731,1.6653345369377348e-16,0.0,0.0,0.0,0.30422202112582514,0.0,0.964290637436529,0.10421936989329422,2.918544673208636,0.044295800625426485,0.06677521482663196,0.05882602544172133,0.05144807291421951,0.037220559890060255,0.0638259874148609,0.05499603352736197,0.0494257135717774,0.0,0.016249267432809984,0.008179633716404991,0.01319940478915811,0.006159725287303743,0.0021999130076461853
instant_proxy_decoder,56.0,0.3711415194819442,0.6288584805180559,0.3711415194819441,0.37114151948194407,0.37114151948194407,5.551115123125783e-17,1.0,1.0,0.25771696103611186,0.25771696103611186,-5.551115123125783e-17,0.04845544908115951,0.32692539357905503,0.19294376352119327,0.17819775596075124,0.3019330869390004,0.673074606420945,0.3711415194819445,0.4801308428997516,0.039738314200496616,0.010246299079612609,0.2577169610361109,0.32692539357905503,-0.9504051467918948,4.440892098500626e-16,0.0,0.0,0.0,0.3046829393753391,1.2602054326363248e-17,0.9644000409764888,0.10275697001725415,2.886435064416523,0.04530880457342301,0.06653993573471395,0.05742573738384671,0.05127609613730572,0.04454827927857671,0.06524481230927555,0.06088079881408041,0.04895596238027014,1.0,0.01619077059927493,0.008150385299637464,0.01315187611191088,0.006137788974728098,0.0021929665086638976
instant_proxy_decoder,57.0,0.3820969317280786,0.6179030682719214,0.3820969317280786,0.3820969317280785,0.38209693172807857,1.1102230246251565e-16,1.0,1.0,0.23580613654384286,0.23580613654384286,-1.1102230246251565e-16,0.040490433666639514,0.3194757924690958,0.19755474422611663,0.1845421875019626,0.2984272758028251,0.6805242075309044,0.38209693172807924,0.4829694633047877,0.03406107339042469,0.0080359599421167,0.23580613654384164,0.3194757924690958,-0.9586725282534667,6.661338147750939e-16,0.0,0.0,0.0,0.30371598745119555,0.0,0.9648320369758446,0.10046729041067567,2.856784464362323,0.04608287844456238,0.06572009756975006,0.05542165633055762,0.05078224556061847,0.04454827927857671,0.06524481230927555,0.06088079881408041,0.04895596238027014,0.0,0.015987710840626047,0.008048855420313023,0.012986890058008661,0.0060616415652347665,0.002168853162324343
instant_proxy_decoder,58.0,0.39192228704473275,0.6080777129552674,0.3919222870447327,0.39192228704473253,0.39192228704473264,1.6653345369377348e-16,1.0,1.0,0.21615542591053472,0.21615542591053472,-1.6653345369377348e-16,0.03397112990016504,0.31294282139272467,0.20169858568883084,0.19022370135590233,0.2951348915625422,0.6870571786072754,0.3919222870447332,0.4853585929184445,0.02928281416311096,0.006333045497253942,0.2161554259105337,0.31294282139272467,-0.9654102382783125,5.551115123125783e-16,0.0,0.0,0.0,0.30110455205473197,1.4904919148251212e-17,0.9655788436850881,0.09761973338052621,2.8360387573102934,0.046379265099058986,0.06433684366897852,0.05309361496472986,0.049979001132277795,0.04454827927857671,0.06524481230927555,0.06088079881408041,0.04895596238027014,0.0,0.01564560805929823,0.007877804029649115,0.012708931548179814,0.005933353022236836,0.002128228457041665
instant_proxy_decoder,59.0,0.40068886645340507,0.599311133546595,0.400688866453405,0.40068886645340485,0.40068886645340496,1.6653345369377348e-16,1.0,1.0,0.19862226709319009,0.19862226709319009,-1.6653345369377348e-16,0.02864787050505213,0.30723113412112424,0.2054081541713635,0.1952807122820417,0.29207999942547064,0.6927688658788758,0.4006888664534052,0.48736071170751233,0.0252785765849754,0.005023692806331803,0.1986222670931897,0.30723113412112424,-0.9708911346784417,2.220446049250313e-16,0.0,0.0,0.0,0.2966799515279237,1.5192767777083348e-17,0.9666210768672259,0.09442243370054534,2.8288040727064003,0.04605072612411165,0.06242590715320828,0.05065152387115135,0.04888707972498993,0.04454827927857671,0.06524481230927555,0.06088079881408041,0.04895596238027014,0.0,0.015173653828243119,0.007641826914121559,0.012325468735447534,0.005756370185591169,0.0020721838921038704
instant_proxy_decoder,60.0,0.4084738551895999,0.5915261448104002,0.40847385518959983,0.40847385518959967,0.4084738551895998,1.6653345369377348e-16,1.0,1.0,0.18305228962080045,0.18305228962080045,-1.6653345369377348e-16,0.024307844303267823,0.3022508303944441,0.20871601869519762,0.19975783649440246,0.2892753144159557,0.6977491696055558,0.4084738551896001,0.48903315091035815,0.021933698179283534,0.004017333777693255,0.18305228962079975,0.3022508303944441,-0.9753450968638855,3.3306690738754696e-16,0.0,0.0,0.0,0.29042027197493125,2.636152609019185e-17,0.9679292248433329,0.0909461997367958,2.835796743063418,0.045114094973346064,0.060035866896636314,0.04815349052054063,0.04753455736091215,0.03465386850140602,0.06496494833702264,0.04633960301461318,0.04799225096309835,1.0,0.014584301074813318,0.0073471505374066584,0.011846619623285821,0.005535362903054994,0.0020021982526340814
instant_proxy_decoder,61.0,0.41166529971235466,0.5883347002876455,0.41166529971235466,0.41166529971235444,0.41166529971235455,2.220446049250313e-16,1.0,1.0,0.1766694005752909,0.1766694005752909,-2.220446049250313e-16,0.022633363649530724,0.29980009885051656,0.20977314061791766,0.2018921590944373,0.28853460143712856,0.7001999011494835,0.411665299712355,0.49042676053156586,0.019146478936868383,0.00338451588990768,0.17666940057529015,0.29980009885051656,-0.9771021830923443,4.440892098500626e-16,0.0,0.0,0.0,0.282416369914838,7.686453707488656e-19,0.9933703873186405,0.10855727400873828,16.374602744737796,0.04368242538252076,0.05722599253064342,0.045570886581141834,0.045955693289461357,0.03465386850140602,0.06496494833702264,0.04633960301461318,0.04799225096309835,0.0,0.013892718338345319,0.007001359169172659,0.011284708649905571,0.0052760193768794945,0.0019200728026785064
instant_proxy_decoder,62.0,0.4154547035256321,0.584545296474368,0.415454703525632,0.41545470352563185,0.41545470352563196,1.6653345369377348e-16,1.0,1.0,0.16909059294873607,0.16909059294873607,-1.6653345369377348e-16,0.020723923294176383,0.2971907298651334,0.21122210457835877,0.2042325989472733,0.28735456660923436,0.7028092701348665,0.4154547035256321,0.49158716555650767,0.0168256688869845,0.0028466576248135644,0.16909059294873569,0.2971907298651334,-0.9790718513237795,1.1102230246251565e-16,0.0,0.0,0.0,0.27280230170317227,2.948106741300973e-20,0.9939950071805619,0.10429389249729545,17.367862982233206,0.04188374590745392,0.05406392413657157,0.042869695164232335,0.04418952156240677,0.03465386850140602,0.06496494833702264,0.04633960301461318,0.04799225096309835,0.0,0.013116141968845052,0.006613070984422526,0.010653740349686604,0.004984803238316894,0.0018278543588003497
instant_proxy_decoder,63.0,0.41933159205664905,0.5806684079433511,0.419331592056649,0.41933159205664877,0.4193315920566489,2.220446049250313e-16,1.0,1.0,0.16133681588670223,0.16133681588670223,-2.220446049250313e-16,0.01885868136251001,0.2946587642395784,0.21278821291333708,0.20654337914331183,0.2860096437037727,0.7053412357604216,0.41933159205664894,0.4925530228470845,0.014893954305830903,0.0024042867657804168,0.16133681588670215,0.2946587642395784,-0.9809812962893629,5.551115123125783e-17,0.0,0.0,0.0,0.2617224863453851,0.0,0.994640260670393,0.09951775986154839,18.56764923469623,0.039827049151367255,0.05062316227495334,0.04004307309534738,0.042278287848717025,0.03465386850140602,0.06496494833702264,0.04633960301461318,0.04799225096309835,0.0,0.012273164823996556,0.006191582411998278,0.009968821419497202,0.004668686808998708,0.0017277508228495909
instant_proxy_decoder,64.0,0.42311558810777394,0.5768844118922263,0.4231155881077739,0.42311558810777367,0.4231155881077738,2.220446049250313e-16,1.0,1.0,0.15376882378445245,0.15376882378445245,-2.220446049250313e-16,0.017124013690295703,0.2922745594957237,0.21436813519121062,0.20874745291656296,0.28460985239650277,0.7077254405042763,0.4231155881077736,0.49335730531306576,0.013285389373868528,0.002044024824573276,0.15376882378445286,0.2922745594957237,-0.9827486635926739,1.6653345369377348e-16,0.0,0.0,0.0,0.24932991321531678,5.208643728052316e-19,0.9952848309779051,0.09436522576833614,20.01311624803869,0.03759922297558671,0.04698040044000262,0.03711112569957242,0.04026581624360144,0.040118989908206164,0.037562731436874955,0.03268165257443309,0.04879534035900299,1.0,0.011383002274534993,0.005746501137267496,0.009245564348059681,0.004334875852950623,0.0016220440201010304
instant_proxy_decoder,65.0,0.4266975626613263,0.5733024373386739,0.42669756266132625,0.426697562661326,0.42669756266132614,2.220446049250313e-16,1.0,1.0,0.14660487467734773,0.14660487467734773,-2.220446049250313e-16,0.015559935141221892,0.2900753569741207,0.21589686748452286,0.21080069517680305,0.28322708036455335,0.7099246430258792,0.4266975626613259,0.4940277755413564,0.011944448917287132,0.0017521043018475235,0.14660487467734812,0.2900753569741207,-0.9843371478610736,2.220446049250313e-16,0.0,0.0,0.0,0.23579372147951658,0.0,0.9959098795231673,0.08896107015349607,21.750232213792014,0.035270565000619425,0.043212832507214416,0.03411135399782339,0.03819589222314315,0.040118989908206164,0.037562731436874955,0.03268165257443309,0.04879534035900299,0.0,0.010464775592871898,0.005287387796435949,0.008499505169208417,0.003990540847326962,0.0015130046016535378
instant_proxy_decoder,66.0,0.4300174209534,0.5699825790466002,0.43001742095339995,0.4300174209533997,0.4300174209533998,2.7755575615628914e-16,1.0,1.0,0.13996515809320043,0.13996515809320043,-2.7755575615628914e-16,0.014177879914573421,0.2880764668422158,0.2173359108668635,0.21268151008653627,0.28190611220438444,0.7119235331577842,0.4300174209533998,0.4945876222909207,0.010824755418158638,0.0015159538575041376,0.13996515809320045,0.2880764668422158,-0.9857375943004538,0.0,0.0,0.0,0.0,0.2213052311253493,9.691281724850196e-18,0.9964999209246475,0.08342160182466905,23.83420489328984,0.03289975264938294,0.03939560067981385,0.031089678183564673,0.03611074356715187,0.040118989908206164,0.037562731436874955,0.03268165257443309,0.04879534035900299,0.0,0.009536849290982084,0.0048234246454910415,0.0077455650489229415,0.0036425684841182807,0.0014028133533041222
instant_proxy_decoder,67.0,0.43304868578565936,0.5669513142143409,0.43304868578565925,0.43304868578565897,0.43304868578565914,2.7755575615628914e-16,1.0,1.0,0.13390262842868172,0.13390262842868172,-2.7755575615628914e-16,0.012972628840905776,0.2862787980722151,0.2186651002896577,0.21438358549600142,0.28067251614212574,0.7137212019277849,0.43304868578565914,0.4950561016381272,0.009887796723745623,0.001324767136433147,0.13390262842868175,0.2862787980722151,-0.9869568449270294,0.0,0.0,0.0,0.0,0.2060796417048228,0.0,0.9970433291908114,0.07785548050756136,26.332143661582425,0.030536634228977566,0.035599549536770914,0.02809403385086806,0.03404969137744292,0.040118989908206164,0.037562731436874955,0.03268165257443309,0.04879534035900299,0.0,0.00861625313595085,0.004363126567975425,0.006997580672960064,0.003297344925981568,0.0012934925598941632
instant_proxy_decoder,68.0,0.4357872117733229,0.5642127882266774,0.4357872117733228,0.43578721177332247,0.43578721177332264,3.3306690738754696e-16,1.0,1.0,0.12842557645335473,0.12842557645335473,-3.3306690738754696e-16,0.011930199052996526,0.2846742177207771,0.21987664075851962,0.21591057101480293,0.27953857050590025,0.7153257822792228,0.4357872117733226,0.4954491415207032,0.00910171695859352,0.0011695774711601992,0.1284255764533548,0.2846742177207771,-0.9880100427901428,5.551115123125783e-17,0.0,0.0,0.0,0.19035361013286822,9.56622348822052e-18,0.9975324629776435,0.07236292662870973,29.32597402717142,0.0282233633655532,0.03188945094268614,0.025170168388229053,0.032048029086712226,0.02790663181459855,0.023485907090223433,0.024559693439320764,0.02906176943153385,1.0,0.007718212024258792,0.003914106012129396,0.0062679222697102676,0.0029605795090970467,0.0011868501778807316
instant_proxy_decoder,69.0,0.4382430999309173,0.561756900069083,0.43824309993091726,0.4382430999309169,0.4382430999309171,3.3306690738754696e-16,1.0,1.0,0.12351380013816582,0.12351380013816582,-3.3306690738754696e-16,0.011032784303327325,0.28324928220371676,0.22097083077736943,0.21727226915354764,0.2785076178653661,0.7167507177962831,0.43824309993091703,0.49577988701891373,0.00844022596217242,0.001043102714528843,0.12351380013816579,0.28324928220371676,-0.9889158281541004,5.551115123125783e-17,0.0,0.0,0.0,0.17437972453285377,0.0,0.9979634525343362,0.06703423338135761,32.91562534709049,0.025994573820945166,0.028322880445261656,0.022358977662142676,0.030136169824609076,0.02790663181459855,0.023485907090223433,0.024559693439320764,0.02906176943153385,0.0,0.006855798360729571,0.0034828991803647854,0.005567211168092776,0.0026371743852735886,0.0010844385553366366
instant_proxy_decoder,70.0,0.4404350315487484,0.5595649684512518,0.44043503154874836,0.44043503154874797,0.4404350315487482,3.885780586188048e-16,1.0,1.0,0.11912993690250362,0.11912993690250362,-3.885780586188048e-16,0.010261675170750273,0.2819877720151163,0.22195305135528304,0.2184819801934651,0.27757719643613554,0.7180122279848837,0.44043503154874813,0.49605917662960064,0.00788164674079872,0.0009395044171628397,0.11912993690250373,0.2819877720151163,-0.9896935140007672,5.551115123125783e-17,0.0,0.0,0.0,0.15841916982790408,0.0,0.9983357230540739,0.06194831955123695,37.22236236155159,0.023877011929598457,0.024949979164486047,0.019694902411722892,0.02833908321227215,0.02790663181459855,0.023485907090223433,0.024559693439320764,0.02906176943153385,0.0,0.006039712813185879,0.0030748564065929394,0.0049041416607135254,0.002331142304944704,0.000987528396565823
instant_proxy_decoder,71.0,0.442386395445798,0.5576136045542022,0.442386395445798,0.44238639544579766,0.44238639544579783,3.3306690738754696e-16,1.0,1.0,0.11522720910840434,0.11522720910840434,-3.3306690738754696e-16,0.009598861837182504,0.28087236175158947,0.22283168977812698,0.2195547056676709,0.2767412428026127,0.7191276382484106,0.4423863954457979,0.4962959484702836,0.007408103059432847,0.0008541348385207037,0.11522720910840428,0.28087236175158947,-0.9903615502551322,5.551115123125783e-17,0.0,0.0,0.0,0.1427341893040517,0.0,0.9986513446235351,0.05717189367309969,42.39177381471553,0.02188872709735168,0.021814459470239633,0.01720508665101994,0.026676023248313058,0.02790663181459855,0.023485907090223433,0.024559693439320764,0.02906176943153385,0.0,0.0052781910005047636,0.0026940955002523817,0.00428540518791012,0.002045571625189286,0.0008970976813099407
instant_proxy_decoder,72.0,0.444122733649814,0.5558772663501861,0.444122733649814,0.44412273364981375,0.4441227336498139,2.7755575615628914e-16,1.0,1.0,0.11175453270037217,0.11175453270037217,-2.7755575615628914e-16,0.009027810284134352,0.2798856691829223,0.2236167501929317,0.22050598345688235,0.2759915971672637,0.7201143308170777,0.444122733649814,0.49649758062414606,0.007004838751707931,0.0007833052796092921,0.11175453270037192,0.2798856691829223,-0.990936794514939,1.1102230246251565e-16,0.0,0.0,0.0,0.12758246028369993,0.0,0.9989142999435799,0.052759728967570016,48.595124091213314,0.02003761331293452,0.018956451092358217,0.014909111815223475,0.025160531020589336,0.021498075801728293,0.018841822123528945,0.014804973077386561,0.02066814420348516,1.0,0.004577026412661906,0.002343513206330953,0.0037157089602877984,0.0017826349047482145,0.0008138343865036013
instant_proxy_decoder,73.0,0.445670166569269,0.5543298334307312,0.445670166569269,0.4456701665692687,0.44567016656926883,2.7755575615628914e-16,1.0,1.0,0.10865966686146233,0.10865966686146233,-2.7755575615628914e-16,0.00853373415323544,0.27901085239631573,0.22431897510539747,0.22135119146387128,0.2753189810344155,0.7209891476036843,0.4456701665692687,0.49667017249828677,0.006659655003426412,0.0007240877203740781,0.10865966686146247,0.27901085239631573,-0.9914342731228123,1.1102230246251565e-16,0.0,0.0,0.0,0.11321628450063584,0.0,0.9991297511139897,0.04875656877006687,56.02600538059264,0.018318778055931295,0.01641814353667881,0.012819176174974745,0.023800680885298894,0.021498075801728293,0.018841822123528945,0.014804973077386561,0.02066814420348516,0.0,0.003939694096210207,0.0020248470481051034,0.003197876453170793,0.0015436352860788275,0.0007381511739249621
instant_proxy_decoder,74.0,0.447054571727181,0.5529454282728191,0.44705457172718105,0.44705457172718077,0.4470545717271809,2.7755575615628914e-16,1.0,1.0,0.10589085654563823,0.10589085654563823,-2.7755575615628914e-16,0.008103562363180439,0.2782318643598238,0.22494936061333234,0.22210521111384826,0.27471356391299556,0.7217681356401762,0.4470545717271806,0.4968187750268438,0.006362449946312243,0.0006741509473441321,0.10589085654563873,0.2782318643598238,-0.9918672367370989,2.7755575615628914e-16,0.0,0.0,0.0,0.09989028821975274,4.8661317886791085e-20,0.9993033751300839,0.04520118140429385,64.88597142640084,0.016709999841308498,0.01425342167270105,0.010940613193671123,0.022599527479753308,0.021498075801728293,0.018841822123528945,0.014804973077386561,0.02066814420348516,0.0,0.003367555629977522,0.001738777814988761,0.0027330139493567367,0.0013290833612415705,0.0006702097310598307
instant_proxy_decoder,75.0,0.4483013554616214,0.5516986445383787,0.4483013554616214,0.4483013554616212,0.4483013554616213,2.220446049250313e-16,1.0,1.0,0.10339728907675738,0.10339728907675738,-2.220446049250313e-16,0.007725726368145391,0.27753344039645805,0.22551898198182943,0.22278237347979157,0.27416520414192097,0.722466559603542,0.448301355461621,0.49694757762171254,0.0061048447565749675,0.0006316277524991976,0.10339728907675802,0.27753344039645805,-0.9922473894705877,3.3306690738754696e-16,0.0,0.0,0.0,0.08788038663941015,3.901825760144391e-18,0.9994408451990675,0.04213257010989192,75.3504575828163,0.01516506944470497,0.012541631838974387,0.009272651349216954,0.021555704004934298,0.021498075801728293,0.018841822123528945,0.014804973077386561,0.02066814420348516,0.0,0.00286012374553277,0.0014850618727663852,0.002320725543245376,0.0011387964045747887,0.0006099521947820164
instant_proxy_decoder,76.0,0.44943559350208306,0.550564406497917,0.4494355935020831,0.44943559350208284,0.44943559350208295,2.7755575615628914e-16,1.0,1.0,0.1011288129958341,0.1011288129958341,-2.7755575615628914e-16,0.007389873937855063,0.2769009259216889,0.22603901469236648,0.22339657880971608,0.27366348057622847,0.723099074078311,0.44943559350208256,0.49706005938594455,0.005879881228110784,0.0005950094628100477,0.10112881299583482,0.2769009259216889,-0.9925851867681583,3.885780586188048e-16,0.0,0.0,0.0,0.07750742488187616,3.337311487025453e-20,0.9995475968628174,0.039595818883192746,87.52330748583452,0.013608165637833292,0.01139958278772868,0.0078093213511361,0.020664119686031605,0.011962146872276612,0.012334454671846271,0.006480669713402878,0.022458663506175328,1.0,0.002415364531785799,0.0012626822658928997,0.0019593586820759617,0.0009720116994196746,0.0005571370381495637
instant_proxy_decoder,77.0,0.45048196445135613,0.549518035548644,0.45048196445135613,0.4504819644513559,0.450481964451356,2.220446049250313e-16,1.0,1.0,0.09903607109728796,0.09903607109728796,-2.220446049250313e-16,0.007086691087092145,0.2763202290657403,0.2265206595339648,0.2239613049173908,0.27319780648290415,0.7236797709342597,0.4504819644513556,0.49715911140029495,0.005681777199410154,0.000563067966262154,0.09903607109728882,0.2763202290657403,-0.9928900218197176,4.440892098500626e-16,0.0,0.0,0.0,0.06912562222826953,0.0,0.9996291167232477,0.03763800719891303,101.48208225644143,0.011942201020711418,0.010968648881175769,0.006540425773289171,0.019916705827631172,0.011962146872276612,0.012334454671846271,0.006480669713402878,0.022458663506175328,0.0,0.002030016284174845,0.0010700081420874225,0.0016462632308920616,0.0008275061065655668,0.0005113769337457628
instant_proxy_decoder,78.0,0.451463301249546,0.5485366987504541,0.45146330124954603,0.45146330124954576,0.4514633012495459,2.7755575615628914e-16,1.0,1.0,0.09707339750090815,0.09707339750090815,-2.7755575615628914e-16,0.006808150147538772,0.27577848427709006,0.22697437974725593,0.22448892150228944,0.27275821447336446,0.7242215157229098,0.45146330124954537,0.4972471359756539,0.005505728048692038,0.0005348115587591185,0.09707339750090915,0.27577848427709006,-0.9931699835046854,5.551115123125783e-16,0.0,0.0,0.0,0.06298135524675791,1.947045284200892e-20,0.9996917575503194,0.03627612817383347,117.68699675018146,0.010096477856036734,0.01133268595638115,0.005452524053625507,0.0193031647295836,0.011962146872276612,0.012334454671846271,0.006480669713402878,0.022458663506175328,0.0,0.0016999064014107802,0.0009049532007053901,0.001378048951146259,0.0007037149005290424,0.00047217638516753007
instant_proxy_decoder,79.0,0.45239693261636876,0.5476030673836313,0.4523969326163688,0.4523969326163686,0.4523969326163687,2.220446049250313e-16,1.0,1.0,0.09520613476726258,0.09520613476726258,-2.220446049250313e-16,0.006548357660094539,0.27526583878401345,0.22740803343329397,0.22498889918307427,0.27233722859961823,0.7247341612159865,0.45239693261636826,0.4973261277826925,0.005347744434614887,0.0005094759341755517,0.09520613476726345,0.27526583878401345,-0.9934310128778172,4.440892098500626e-16,0.0,0.0,0.0,0.058913126553274464,0.0,0.9997427968718235,0.03543623556679544,137.77528997425165,0.008116379349515146,0.012364110872260858,0.004529961936951543,0.018811683016288102,0.011962146872276612,0.012334454671846271,0.006480669713402878,0.022458663506175328,0.0,0.001420250928956776,0.000765125464478388,0.0011508288797773805,0.0005988440983587909,0.00043896729781361715
instant_proxy_decoder,80.0,0.45329105112164525,0.5467089488783548,0.4532910511216453,0.4532910511216451,0.4532910511216452,2.220446049250313e-16,1.0,1.0,0.09341789775670961,0.09341789775670961,-2.220446049250313e-16,0.006304318566489053,0.2747772339938808,0.227825025117512,0.22546602600413274,0.27193171488447443,0.7252227660061191,0.4532910511216447,0.49739774088860716,0.005204518222785615,0.0004865199960271127,0.09341789775671053,0.2747772339938808,-0.9936761421977733,4.996003610813204e-16,0.0,0.0,0.0,0.05621726545178281,2.6837505386422256e-20,0.9997878368870496,0.03493142300331863,164.64418586982075,0.006201996924470321,0.01366362867373816,0.003755967479520339,0.01842957967264765,0.0078003224055614535,0.015045167028890206,0.0024776809056125462,0.016547452347480614,1.0,0.0011859250194919961,0.0006479625097459981,0.0009604390783372468,0.0005109718823094985,0.0004111410960646745
instant_proxy_decoder,81.0,0.4541456291644034,0.5458543708355967,0.45414562916440343,0.4541456291644032,0.4541456291644033,2.220446049250313e-16,1.0,1.0,0.09170874167119336,0.09170874167119336,-2.220446049250313e-16,0.006075421480620458,0.2743119077864056,0.22822474719550176,0.22592088196890095,0.2715424630491917,0.7256880922135944,0.4541456291644027,0.49746334501809264,0.0050733099638147205,0.0004655795106130456,0.09170874167119458,0.2743119077864056,-0.9939060120552707,6.106226635438361e-16,0.0,0.0,0.0,0.05404520667955082,0.0,0.9998280451528002,0.03455264873924741,200.9402427551383,0.004587642029049377,0.014778013479269325,0.003113607707149413,0.018143868326627153,0.0078003224055614535,0.015045167028890206,0.0024776809056125462,0.016547452347480614,0.0,0.0009916963727485094,0.0005508481863742547,0.0008026283028581639,0.00043813613978069103,0.00038807644426388545
instant_proxy_decoder,82.0,0.45495760700956644,0.5450423929904336,0.4549576070095665,0.45495760700956633,0.45495760700956644,1.6653345369377348e-16,1.0,1.0,0.09008478598086711,0.09008478598086711,-1.6653345369377348e-16,0.005861872444410832,0.27387075660178917,0.2286051697338982,0.22635243727566723,0.27117163638864544,0.7261292433982109,0.45495760700956545,0.49752407366431267,0.004951852671374712,0.00044638775491273597,0.09008478598086919,0.27387075660178917,-0.9941204394325822,9.992007221626409e-16,0.0,0.0,0.0,0.0519167089431231,0.0,0.9998619027103867,0.03418460522897928,247.5400156273439,0.0033793762125443605,0.01548338160424112,0.002586347679654044,0.017941722250111845,0.0078003224055614535,0.015045167028890206,0.0024776809056125462,0.016547452347480614,0.0,0.0008324173291417649,0.00047120866457088246,0.0006732140799276839,0.0003784064984281618,0.00036916205783558455
instant_proxy_decoder,83.0,0.45572518774486626,0.5442748122551337,0.4557251877448663,0.4557251877448661,0.4557251877448662,2.220446049250313e-16,1.0,1.0,0.0885496245102676,0.0885496245102676,-2.220446049250313e-16,0.0056635267875204676,0.273454152485611,0.2289649816204665,0.22676020612439862,0.27082065976952385,0.726545847514389,0.45572518774486515,0.4975808658939225,0.00483826821215505,0.00042871722001924795,0.08854962451026974,0.273454152485611,-0.994319587238357,1.0547118733938987e-15,0.0,0.0,0.0,0.049770351213213805,0.0,0.9998886158649317,0.03381498095783644,303.58884536928684,0.0025392756920085136,0.015808233084034562,0.002158345011917029,0.01781083853052893,0.0078003224055614535,0.015045167028890206,0.0024776809056125462,0.016547452347480614,0.0,0.0007031744925165602,0.0004065872462582801,0.0005682042751697052,0.0003299404346937101,0.0003538144709863415
instant_proxy_decoder,84.0,0.456448923441089,0.543551076558911,0.4564489234410891,0.4564489234410889,0.456448923441089,2.220446049250313e-16,1.0,1.0,0.08710215311782199,0.08710215311782199,-2.220446049250313e-16,0.0054796497340954264,0.27306137676412734,0.22930412020462243,0.2271448032364657,0.27048969979478454,0.7269386232358727,0.4564489234410881,0.49763450303125023,0.004730993937499539,0.00041236000118605176,0.08710215311782377,0.27306137676412734,-0.9945042047863879,8.881784197001252e-16,0.0,0.0,0.0,0.047720939772669876,0.0,0.9999088757286342,0.033473490766724,367.33891272880845,0.0019712550815292884,0.01588256153691181,0.001814735038902171,0.017739704470340876,0.002315393215777672,0.013937871656391133,0.0011281829195436376,0.017071277434467635,1.0,0.0005993973937153116,0.00035469869685765586,0.0004838853823936907,0.00029102402264324185,0.0003414909405036932
instant_proxy_decoder,85.0,0.45713100686460517,0.5428689931353948,0.45713100686460534,0.45713100686460506,0.45713100686460517,2.7755575615628914e-16,1.0,1.0,0.08573798627078966,0.08573798627078966,-2.7755575615628914e-16,0.005309143056906995,0.2726909580117802,0.2296234010554935,0.2275076058091106,0.2701780351236156,0.7273090419882198,0.4571310068646041,0.4976856409327262,0.004628718134547516,0.000397127641781736,0.08573798627079171,0.2726909580117802,-0.9946754019944541,1.0547118733938987e-15,0.0,0.0,0.0,0.04587951447052925,4.851258251178431e-19,0.9999239939772,0.03318708207555326,436.63753019783877,0.0015861279807387607,0.015825945016053833,0.0015419146288615515,0.01771777428280437,0.002315393215777672,0.013937871656391133,0.0011281829195436376,0.017071277434467635,0.0,0.00051692970129237,0.00031346485064618506,0.00041688038230005067,0.00026009863798463875,0.0003316979020284689
instant_proxy_decoder,86.0,0.45777433614052687,0.5422256638594731,0.457774336140527,0.45777433614052676,0.45777433614052687,2.220446049250313e-16,1.0,1.0,0.08445132771894626,0.08445132771894626,-2.220446049250313e-16,0.005150802647639452,0.2723411263256889,0.2299240357248996,0.2278503004156264,0.26988453753378505,0.727658873674311,0.457774336140526,0.4977348379494114,0.004530324101177041,0.000382853482630674,0.08445132771894795,0.2723411263256889,-0.9948343924831267,8.881784197001252e-16,0.0,0.0,0.0,0.044300818564648285,0.0,0.9999352264681333,0.03296765688706108,508.96802964038704,0.0013205426915393614,0.0157160527655289,0.0013277423170625635,0.01773556753636116,0.002315393215777672,0.013937871656391133,0.0011281829195436376,0.017071277434467635,0.0,0.0004520678288688712,0.0002810339144344356,0.00036418011095595783,0.00023577543582582668,0.00032399555467817843
instant_proxy_decoder,87.0,0.45838189889741143,0.5416181011025886,0.45838189889741154,0.4583818988974113,0.45838189889741143,2.220446049250313e-16,1.0,1.0,0.08323620220517713,0.08323620220517713,-2.220446049250313e-16,0.005003473972805539,0.2720101098371789,0.23020731244692255,0.22817458645048816,0.26960799126541046,0.7279898901628212,0.4583818988974107,0.4977825777158986,0.004434844568202756,0.0003693925753340266,0.08323620220517863,0.2720101098371789,-0.9949823386284489,7.216449660063518e-16,0.0,0.0,0.0,0.042991145409842176,0.0,0.999943563153434,0.032814838783244676,581.4435210316501,0.0011337964366665565,0.015594887917212419,0.001161635240537695,0.01778470266771654,0.002315393215777672,0.013937871656391133,0.0011281829195436376,0.017071277434467635,0.0,0.00040157252493244516,0.00025578626246622256,0.0003231526765076117,0.00021683969684966692,0.00031799923733572786
instant_proxy_decoder,88.0,0.45895647357325364,0.5410435264267464,0.4589564735732538,0.4589564735732536,0.4589564735732537,2.220446049250313e-16,1.0,1.0,0.0820870528534926,0.0820870528534926,-2.220446049250313e-16,0.004866118133554975,0.2716962758367399,0.23047443944831963,0.22848203412493315,0.26934725059000736,0.7283037241632602,0.45895647357325275,0.4978292847149405,0.004341430570118987,0.00035661992334606873,0.08208705285349446,0.2716962758367399,-0.9951202858516357,9.43689570931383e-16,0.0,0.0,0.0,0.041928092973334455,0.0,0.9999497364106363,0.0327212969847609,650.9940376127523,0.0010003694031966992,0.015481874748257907,0.0010345898959813749,0.01785787944684865,0.0011195557654457655,0.01882426736512687,0.0020747327865635466,0.018865388642997347,1.0,0.00036265924350878793,0.00023632962175439398,0.0002915356353508902,0.00020224721631579548,0.00031337828516666855
instant_proxy_decoder,89.0,0.4595005264027902,0.5404994735972097,0.4595005264027903,0.4595005264027901,0.4595005264027902,2.220446049250313e-16,1.0,1.0,0.08099894719441958,0.08099894719441958,-2.220446049250313e-16,0.004737826687410185,0.27139817915874964,0.2307264911436748,0.2287740352591145,0.2691012944384611,0.7286018208412504,0.45950052640278927,0.4978753296975756,0.0042493406048488835,0.0003444288357282721,0.08099894719442144,0.27139817915874964,-0.9952491479764984,9.43689570931383e-16,0.0,0.0,0.0,0.0410760190673297,0.0,0.9999542804518895,0.03267666709123033,714.7198177080193,0.0009040229454557736,0.015383870428310686,0.0009391659212140135,0.017948823804784225,0.0011195557654457655,0.01882426736512687,0.0020747327865635466,0.018865388642997347,0.0,0.00033297288891951456,0.0002214864444597573,0.0002674154722471056,0.00019111483334481797,0.00030985303055919235
instant_proxy_decoder,90.0,0.46001620658852393,0.5399837934114761,0.460016206588524,0.4600162065885238,0.46001620658852393,1.6653345369377348e-16,1.0,1.0,0.07996758682295213,0.07996758682295213,-1.6653345369377348e-16,0.00461781294457142,0.271114567995142,0.2309644092772444,0.2290517973112787,0.26886922541633507,0.7288854320048581,0.4600162065885231,0.49792102272761374,0.004157954544772635,0.0003327306128412255,0.07996758682295396,0.271114567995142,-0.9953697159408148,8.326672684688674e-16,0.0,0.0,0.0,0.04039515513108923,5.36800894119495e-19,0.9999575847845046,0.03266971782621483,770.2358091224291,0.000834079388079112,0.015301153195197537,0.0008694771874742102,0.018052207214631716,0.0011195557654457655,0.01882426736512687,0.0020747327865635466,0.018865388642997347,0.0,0.0003105520188729621,0.00021027600943648105,0.0002491985153342817,0.0001827070070773608,0.00030719055224116425
instant_proxy_decoder,91.0,0.4605053828535084,0.5394946171464916,0.46050538285350845,0.4605053828535083,0.4605053828535084,1.6653345369377348e-16,1.0,1.0,0.07898923429298321,0.07898923429298321,-1.6653345369377348e-16,0.004505394884781855,0.2708443748089296,0.23118902981344716,0.22931635304006057,0.26865024233756263,0.7291556251910704,0.4605053828535077,0.4979665953776232,0.004066809244753555,0.0003214556979803662,0.07898923429298449,0.2708443748089296,-0.9954826747607881,6.661338147750939e-16,0.0,0.0,0.0,0.039845912900351,0.0,0.9999599309333939,0.03268921304777875,815.8216753361762,0.0007832545043046091,0.015230499443859014,0.0008212479423855834,0.018163551124014018,0.0011195557654457655,0.01882426736512687,0.0020747327865635466,0.018865388642997347,0.0,0.0002937868878737291,0.00020189344393686456,0.0002355768463974049,0.00017642008295264843,0.0003051996929350053
instant_proxy_decoder,92.0,0.4609696929717858,0.5390303070282142,0.46096969297178586,0.46096969297178575,0.4609696929717858,1.1102230246251565e-16,1.0,1.0,0.07806061405642839,0.07806061405642839,-1.1102230246251565e-16,0.004399976762165303,0.2705867022087977,0.23140111760527207,0.2295685753665131,0.26844360481941715,0.7294132977912022,0.46096969297178514,0.49801218018593024,0.003975639628139571,0.0003105551506215609,0.0780606140564297,0.2705867022087977,-0.9955886217977223,6.661338147750939e-16,0.0,0.0,0.0,0.03939003093514329,0.0,0.9999615136643928,0.03272383209648545,850.2714425831829,0.0007464169701991707,0.015166360498281017,0.0007920234098238721,0.01827912501552226,0.0009126700339905627,0.01402048044775223,0.0006392167538904177,0.017568553639701157,1.0,0.00028137491557777975,0.00019568745778888988,0.00022549211890694605,0.0001717655933416674,0.00030372577122486134
instant_proxy_decoder,93.0,0.4614105942096274,0.5385894057903726,0.4614105942096274,0.46141059420962727,0.4614105942096273,1.1102230246251565e-16,1.0,1.0,0.07717881158074535,0.07717881158074535,-1.1102230246251565e-16,0.004301032097664637,0.27034080274614003,0.23160139670933774,0.22980919750028903,0.2682486030442332,0.72965919725386,0.46141059420962677,0.4980578005445222,0.0038843989109555443,0.00030000049285811015,0.07717881158074646,0.27034080274614003,-0.9956880837832693,5.551115123125783e-16,0.0,0.0,0.0,0.038989596726653114,4.804220578058526e-18,0.9999624484207592,0.03276123659483638,872.4329910271514,0.0007198664162116897,0.015100644668821772,0.0007816881178298596,0.018395844718385634,0.0009126700339905627,0.01402048044775223,0.0006392167538904177,0.017568553639701157,0.0,0.0002722763528370378,0.00019113817641851888,0.0002180995366800932,0.00016835363231388917,0.0003026453168993982
instant_proxy_decoder,94.0,0.461829411761037,0.538170588238963,0.46182941176103703,0.46182941176103687,0.461829411761037,1.6653345369377348e-16,1.0,1.0,0.07634117647792604,0.07634117647792604,-1.6653345369377348e-16,0.0042080884912530925,0.2701060485637734,0.23179057007036996,0.2300388416906668,0.26806453967518984,0.7298939514362266,0.46182941176103676,0.49810338136585663,0.003793237268286731,0.0002897805088803995,0.07634117647792649,0.2701060485637734,-0.9957815322675674,2.220446049250313e-16,0.0,0.0,0.0,0.03860426687745563,0.0,0.9999627639685367,0.03278604705798378,880.4925167783579,0.0007008965896094788,0.015021100116120123,0.0007935632090106948,0.018511175755940957,0.0009126700339905627,0.01402048044775223,0.0006392167538904177,0.017568553639701157,0.0,0.0002656721523799118,0.0001878360761899559,0.00021273362380867832,0.00016587705714246693,0.0003018610680951145
instant_proxy_decoder,95.0,0.46222738820485343,0.5377726117951466,0.4622273882048535,0.4622273882048534,0.46222738820485343,1.1102230246251565e-16,1.0,1.0,0.07554522359029314,0.07554522359029314,-1.1102230246251565e-16,0.004120713363411355,0.26988188990932616,0.23196933044697116,0.23025805775788205,0.26789072188582075,0.730118110090674,0.4622273882048532,0.4981487796437028,0.003702440712594457,0.00027989533441630243,0.0755452235902937,0.26988188990932616,-0.9958693983336631,2.220446049250313e-16,0.0,0.0,0.0,0.03818623616872268,2.730608931929059e-24,0.999962375931038,0.03277609780350601,871.1470797216298,0.0006875168518432062,0.014907782370140121,0.0008365483389759509,0.018623044887272813,0.0009126700339905627,0.01402048044775223,0.0006392167538904177,0.017568553639701157,0.0,0.00026092537213252045,0.00018546268606626023,0.00020887686485767287,0.00016409701454969517,0.0003012973879407368
