protocol,round,logical_error,entanglement_fidelity,updated,estimate_l1_error,meas_estimation_error,syndrome_mi_bits,q_star,eta_star,alignment_floor,channel_p0,channel_p1,channel_p2,channel_meas,calib_p0,calib_p1,calib_p2,calib_meas,calibration_fresh,syndrome_rate_01,syndrome_rate_12
uniform_decoder,0.0,0.00078648348199283,0.9992135165180072,0.0,0.032962580233262644,0.002427054196902482,0.193867357680929,0.999213516518007,0.0589751362465919,74.98585488044687,0.028481290117015196,0.003759354941987726,0.003759354941764827,0.014427054196902482,0.027728796793657313,0.003514079133974574,0.004411996862007589,0.015521380396595235,1.0,0.04925,0.02125
uniform_decoder,1.0,0.0024881469326797517,0.9975118530673203,0.0,0.033200029390680424,0.002538291055825712,0.19602416931683342,0.9991939665319006,0.05914122012458281,73.37315690381637,0.028787792827848623,0.004159033286044574,0.0034287301511236267,0.014538291055825712,0.027728796793657313,0.003514079133974574,0.004411996862007589,0.015521380396595235,0.0,0.04475,0.02175
uniform_decoder,2.0,0.004202620911948668,0.9957973790880513,0.0,0.03315172140694904,0.002638429909742083,0.19840521548262735,0.9991706463430885,0.05919768496709611,71.37809603148939,0.0289478477194849,0.004639055896082759,0.0031570704164531056,0.014638429909742083,0.027728796793657313,0.003514079133974574,0.004411996862007589,0.015521380396595235,0.0,0.04575,0.0235
uniform_decoder,3.0,0.005956993101855709,0.9940430068981443,0.0,0.032803605970117805,0.002727033617522122,0.20098510035347256,0.9991435167890064,0.05912483041591292,69.03209503350396,0.028950828656302947,0.005211682030202612,0.0029355406559825265,0.014727033617522122,0.027728796793657313,0.003514079133974574,0.004411996862007589,0.015521380396595235,0.0,0.05375,0.025
uniform_decoder,4.0,0.007754068251069877,0.9922459317489302,0.0,0.03213822138012489,0.0028037158700101837,0.20373173783595733,0.9991126359266387,0.058902604215168165,66.3792979493143,0.028784359322713705,0.005889641327865912,0.002756496614722902,0.014803715870010184,0.027728796793657313,0.003514079133974574,0.004411996862007589,0.015521380396595235,0.0,0.04775,0.02475
uniform_decoder,5.0,0.009597028465491328,0.9904029715345086,0.0,0.031136686496009282,0.0028681430683930188,0.20660400075231256,0.9990782169331441,0.05851153036921965,63.476464770391495,0.02843533474153467,0.006685286770073433,0.002613361475451953,0.014868143068393019,0.027728796793657313,0.003514079133974574,0.004411996862007589,0.015521380396595235,0.0,0.0495,0.02275
uniform_decoder,6.0,0.011488560677752994,0.988511439322247,0.0,0.029781672591276884,0.0029200360537190422,0.2095496117620716,0.9990406990022117,0.05793415924724808,60.39205565387468,0.027891489752301896,0.00760933618582356,0.002500480975201454,0.014920036053719042,0.027728796793657313,0.003514079133974574,0.004411996862007589,0.015521380396595235,0.0,0.0465,0.02375
uniform_decoder,7.0,0.013430560331055354,0.9865694396689446,0.0,0.028061328492494875,0.0029591717103981136,0.21250400560966534,0.9990008181452801,0.05715705625422618,57.20385732009489,0.027143515790454924,0.008669201313165807,0.0024129859847942417,0.014959171710398114,0.027728796793657313,0.003514079133974574,0.004411996862007589,0.015521380396595235,0.0,0.046,0.0275
uniform_decoder,8.0,0.015423758336198704,0.9845762416638013,0.0,0.025973902176106324,0.002985384476120286,0.21539101873563912,0.9989596565739073,0.05617320850871178,53.994870443585235,0.02618760173329754,0.009867015751083296,0.00234668380610792,0.014985384476120286,0.02935777018470402,0.009719428450449041,0.0015850351484080847,0.011745980847308731,1.0,0.04975,0.02675
uniform_decoder,9.0,0.01746733878022936,0.9825326612197707,0.0,0.023532464965461575,0.0029985678018101813,0.21812618727209152,0.9989186432443572,0.054984534800303346,50.84772857188859,0.025028087176918665,0.01119762963168294,0.002297992579774151,0.014998567801810182,0.02935777018470402,0.009719428450449041,0.0015850351484080847,0.011745980847308731,0.0,0.052,0.0265
uniform_decoder,10.0,0.01955862444751785,0.9804413755524821,0.0,0.02206278653357424,0.002998675617827854,0.2206230227842984,0.9988794797403335,0.05360397881929983,47.83847356339229,0.02367971101183441,0.012647000685675489,0.002263925163935657,0.014998675617827854,0.02935777018470402,0.009719428450449041,0.0015850351484080847,0.011745980847308731,0.0,0.05,0.02875
uniform_decoder,11.0,0.021692921180669265,0.9783070788193308,0.0,0.022118189971749025,0.0029857238762377447,0.2228018448755288,0.998843980242029,0.052056541425429696,45.03084057732589,0.022168805398437928,0.014191503162737307,0.0022421185894262088,0.014985723876237745,0.02935777018470402,0.009719428450449041,0.0015850351484080847,0.011745980847308731,0.0,0.04575,0.03075
uniform_decoder,12.0,0.023863597444769055,0.9761364025552309,0.0,0.022100553391238016,0.0029597922528633545,0.22459974457563145,0.99881384215428,0.05037867591522331,42.47215165924656,0.020532838802705875,0.01579860839441686,0.002230893805884716,0.014959792252863355,0.02935777018470402,0.009719428450449041,0.0015850351484080847,0.011745980847308731,0.0,0.04475,0.03
uniform_decoder,13.0,0.026062427644116655,0.9739375723558833,0.0,0.022017816044758415,0.002921026105870951,0.22597943283535776,0.99879039605201,0.04939760971376672,40.83783770369805,0.01881802268685935,0.017429114839960944,0.0022293214820618807,0.014921026105870951,0.02935777018470402,0.009719428450449041,0.0015850351484080847,0.011745980847308731,0.0,0.0495,0.0345
uniform_decoder,14.0,0.028280158558406626,0.9717198414415934,0.0,0.021878621585182702,0.0028696387981159196,0.22693458157028054,0.9987744031641691,0.04925125753865427,40.18552928562688,0.017075216219648828,0.019040673101131878,0.002237267735598002,0.01486963879811592,0.02935777018470402,0.009719428450449041,0.0015850351484080847,0.011745980847308731,0.0,0.0465,0.0375
uniform_decoder,15.0,0.030507194735608516,0.9694928052643915,0.0,0.021691426485852053,0.0028059144962068773,0.2274900534039039,0.9987659608752599,0.049061720523161254,39.757021912490195,0.015354901942002503,0.020591926009745812,0.0022554014658962627,0.014805914496206878,0.02935777018470402,0.009719428450449041,0.0015850351484080847,0.011745980847308731,0.0,0.04575,0.036
uniform_decoder,16.0,0.032734269111652635,0.9672657308883473,0.0,0.021463519553475655,0.0027302115573768007,0.22769691935230027,0.9987645412035625,0.04883613578287969,39.528745048965675,0.013702314547799932,0.02204636542821386,0.002285160422538137,0.014730211557376801,0.013998356835489967,0.02061065295960212,0.002361578408392762,0.012493738917107176,1.0,0.0445,0.0355
uniform_decoder,17.0,0.03495298157072336,0.9650470184292766,0.0,0.021200148628624245,0.002642966602449193,0.22762372612543133,0.9987691409969178,0.04858020065924278,39.46853420058178,0.012153730693665701,0.023375107807654248,0.0023286898726957053,0.014642966602449193,0.013998356835489967,0.02061065295960212,0.002361578408392762,0.012493738917107176,0.0,0.04725,0.0395
uniform_decoder,18.0,0.03715613929648686,0.9628438607035131,0.0,0.02343486392423923,0.0025446993457235827,0.2273463948307334,0.9987784893021335,0.048297750123177344,39.53935909651535,0.010734514131882358,0.024558156640345174,0.002388778584223585,0.014544699345723583,0.013998356835489967,0.02061065295960212,0.002361578408392762,0.012493738917107176,0.0,0.05025,0.0535
uniform_decoder,19.0,0.03933789282954725,0.9606621071704528,0.0,0.025656386665561772,0.00243601820664577,0.2269390939977357,0.9987912509043707,0.04799058603172184,39.70268619455495,0.009458966350115117,0.02558417113238415,0.002468818116707263,0.01443601820664577,0.013998356835489967,0.02061065295960212,0.002361578408392762,0.012493738917107176,0.0,0.045,0.04175
uniform_decoder,20.0,0.04149370706932479,0.9585062929306752,0.0,0.0275447108696361,0.002317626660146125,0.226467634184731,0.9988061822448262,0.04765850346403026,39.92108783563203,0.008331592273536435,0.026449107520372925,0.002572804377200389,0.014317626660146125,0.013998356835489967,0.02061065295960212,0.002361578408392762,0.012493738917107176,0.0,0.04375,0.03975
uniform_decoder,21.0,0.04362022658521048,0.9563797734147895,0.0,0.029099673133795106,0.002190330189855984,0.22598587798136793,0.9988222226813827,0.04729943212356955,40.15991085572681,0.007349183767214034,0.027154246285162557,0.002705389384153416,0.014190330189855984,0.013998356835489967,0.02061065295960212,0.002361578408392762,0.012493738917107176,0.0,0.045,0.0405
uniform_decoder,22.0,0.0457150924920771,0.9542849075079229,0.0,0.030328957038419303,0.002055043589923259,0.22553480286765787,0.9988385266384079,0.04690961585308786,40.38802559258487,0.006503144203096953,0.027704081618727283,0.0028719803772110294,0.01405504358992326,0.013998356835489967,0.02061065295960212,0.002361578408392762,0.012493738917107176,0.0,0.0455,0.0485
uniform_decoder,23.0,0.047776753435601456,0.9522232465643985,0.0,0.031243900922940816,0.0019127982180319573,0.2251434043935727,0.9988544542037026,0.04648377755697325,40.57784307464184,0.005781634367171565,0.028104410051462865,0.0030788747613504845,0.013912798218031958,0.013998356835489967,0.02061065295960212,0.002361578408392762,0.012493738917107176,0.0,0.0495,0.043
uniform_decoder,24.0,0.04980429534565307,0.9501957046543469,0.0,0.031856073592644134,0.0017647486387746877,0.22483055390842735,0.9988695399244408,0.046015247348299364,40.70488497839114,0.005171311865447188,0.028360797880780476,0.0033334124226891554,0.013764748638774688,0.004274686369379073,0.0281420790178051,0.0024532256982590676,0.013097656668957283,1.0,0.04825,0.04725
uniform_decoder,25.0,0.051797299359078265,0.9482027006409217,0.0,0.03217476970806429,0.0016121779208203915,0.2246070805436215,0.9988834560088007,0.045496060836359625,40.74721748087229,0.004658595740629588,0.028477485304477964,0.0036441198557840915,0.013612177920820392,0.004274686369379073,0.0281420790178051,0.0024532256982590676,0.013097656668957283,0.0,0.04825,0.0475
uniform_decoder,26.0,0.053755726777383016,0.946244273222617,0.0,0.03220541517379964,0.001456500675730641,0.22447758121427827,0.998895980814497,0.04491705973941486,40.685035486001986,0.00423049030859634,0.02845671677669016,0.004020811294294178,0.013456500675730641,0.004274686369379073,0.0281420790178051,0.0024532256982590676,0.013097656668957283,0.0,0.047,0.04775
uniform_decoder,27.0,0.055679823902506,0.944320176097494,0.0,0.03194881563256611,0.0012992627675784043,0.22444168109056448,0.9989069787272233,0.044851862116805655,41.034756810236644,0.00387505128835957,0.02829846638211635,0.004474599461190672,0.013299262767578405,0.004274686369379073,0.0281420790178051,0.0024532256982590676,0.013097656668957283,0.0,0.047,0.04575
uniform_decoder,28.0,0.05757003707049452,0.9424299629295054,0.0,0.03140119578061392,0.0011421365014897406,0.2244946386476239,0.998916393999161,0.044936994907442324,41.469865313267626,0.003581589286577117,0.028000538222896255,0.005017753155705217,0.01314213650148974,0.004274686369379073,0.0281420790178051,0.0024532256982590676,0.013097656668957283,0.0,0.045,0.04375
uniform_decoder,29.0,0.05942692832663813,0.9405730716733619,0.0,0.030555025891337708,0.0009869100396146559,0.22462732586645087,0.9989242584857556,0.04497905556159232,41.81214071038809,0.0033406974421031225,0.02755904719132622,0.00566332385788539,0.012986910039614656,0.004274686369379073,0.0281420790178051,0.0024532256982590676,0.013097656668957283,0.0,0.045,0.03725
uniform_decoder,30.0,0.0612510846808574,0.9387489153191426,0.0,0.029400677775935496,0.0008354698198175785,0.22482574701535488,0.998930710694054,0.044988252813267626,42.073041003125006,0.0031441740316305324,0.02696930771302021,0.006424455905454183,0.012835469819817579,0.004274686369379073,0.0281420790178051,0.0024532256982590676,0.013097656668957283,0.0,0.04375,0.0475
uniform_decoder,31.0,0.06304301902277021,0.9369569809772298,0.0,0.027928958909538226,0.0006897748893117776,0.22507041780544432,0.9989360203650933,0.04497456130374544,42.2701335892489,0.002984894412178174,0.026227159601024466,0.007313306279308064,0.012689774889311778,0.004274686369379073,0.0281420790178051,0.0024532256982590676,0.013097656668957283,0.0,0.04325,0.042
uniform_decoder,32.0,0.06480306896580375,0.9351969310341962,0.0,0.026134504652688517,0.0005518223320023254,0.2253361148573524,0.9989406086612671,0.044947993538221674,42.428130092117364,0.00285667295034177,0.025330723502645085,0.008339545899614798,0.012551822332002326,0.002933623358027441,0.022651593924308305,0.007746564207621756,0.011431550087396684,1.0,0.0405,0.0425
uniform_decoder,33.0,0.06653131083620667,0.9334686891637933,0.0,0.024019836964392693,0.0004236033761710091,0.22559268013769349,0.9989450496419958,0.04491883078628038,42.57909431042855,0.0027541447757515694,0.024282489993179977,0.009508508253035711,0.01242360337617101,0.002933623358027441,0.022651593924308305,0.007746564207621756,0.011431550087396684,0.0,0.03675,0.05075
uniform_decoder,34.0,0.06822751762989619,0.9317724823701038,0.0,0.02159962485338303,0.000307050318846102,0.22580762280566116,0.998950036298836,0.044897765209844245,42.76125466058721,0.0026726877712211295,0.023091506782564955,0.0108191941579608,0.012307050318846102,0.002933623358027441,0.022651593924308305,0.007746564207621756,0.011431550087396684,0.0,0.03675,0.0455
uniform_decoder,35.0,0.06989119732162978,0.9301088026783703,0.0,0.01942937852759614,0.0002039750809976395,0.22595105762052337,0.998956297501066,0.04489590990131222,43.01600307287329,0.0026083950523989583,0.021775266700338844,0.012262506879656257,0.01220397508099764,0.002933623358027441,0.022651593924308305,0.007746564207621756,0.011431550087396684,0.0,0.0365,0.045
uniform_decoder,36.0,0.07152174473911717,0.9284782552608828,0.0,0.019622900735759903,0.00011600098344376197,0.22600294443763275,0.9989644639710875,0.04492464984919905,43.38299063952281,0.00255809592988659,0.020360780967414407,0.013820215698232082,0.012116000983443762,0.002933623358027441,0.022651593924308305,0.007746564207621756,0.011431550087396684,0.0,0.03325,0.04325
uniform_decoder,37.0,0.07311872076130027,0.9268812792386998,0.0,0.019830066673157346,4.449015984330125e-05,0.22596168928326985,0.998974901555931,0.044995336705768094,43.89367378918937,0.0025194097953144057,0.018884337256706765,0.015465139211764987,0.012044490159843301,0.002933623358027441,0.022651593924308305,0.007746564207621756,0.011431550087396684,0.0,0.04075,0.04375
uniform_decoder,38.0,0.07468223750338629,0.9253177624966137,0.0,0.020061684071511397,9.530162664672312e-06,0.22585221576421624,0.9989875518520869,0.04511886584654366,44.564125026593615,0.0024908061622917,0.01738965756696774,0.017162832666835357,0.011990469837335328,0.002933623358027441,0.022651593924308305,0.007746564207621756,0.011431550087396684,0.0,0.034,0.04575
uniform_decoder,39.0,0.0762133878072576,0.9237866121927424,0.0,0.02032759923769456,4.543855823663928e-05,0.22573108097420408,0.999001831505227,0.045305199024271256,45.38832798422067,0.002471640441792019,0.01592456948471922,0.01887467019476736,0.011954561441763361,0.002933623358027441,0.022651593924308305,0.007746564207621756,0.011431550087396684,0.0,0.03075,0.04775
uniform_decoder,40.0,0.07771462939673277,0.9222853706032672,0.0,0.02063637360758889,6.308295936287289e-05,0.22568649516839218,0.9990166316738397,0.0455628936847952,46.33349729973679,0.002462142484583575,0.01453675263053994,0.020561763461632524,0.011936917040637127,0.0017839142039045304,0.013445325637216963,0.021159248003065862,0.012218305142829178,1.0,0.0275,0.04525
uniform_decoder,41.0,0.07919003378093573,0.9208099662190643,0.0,0.020994921805076762,6.283205859165635e-05,0.22583224976824368,0.9990304285312707,0.046690449057729164,48.15575804733505,0.0024633520066313953,0.013269419852719995,0.022188853958988165,0.011937167941408344,0.0017839142039045304,0.013445325637216963,0.021159248003065862,0.012218305142829178,0.0,0.025,0.0415
uniform_decoder,42.0,0.08064533980450511,0.9193546601954949,0.0,0.02140808763881549,4.560975667770514e-05,0.22629614496619227,0.9990414782840586,0.04824974620562134,50.33766622411459,0.0024770148299320597,0.012157791074768647,0.023727311393978903,0.011954390243322295,0.0017839142039045304,0.013445325637216963,0.021159248003065862,0.012218305142829178,0.0,0.02775,0.049
uniform_decoder,43.0,0.08208779861666386,0.9179122013833362,0.0,0.023424281061532645,1.2908254737707334e-05,0.227204894695916,0.9990480452160033,0.049741757161883254,52.252226679347025,0.002505467769706029,0.011226920168835782,0.025156669000074457,0.011987091745262293,0.0017839142039045304,0.013445325637216963,0.021159248003065862,0.012218305142829178,0.0,0.023,0.04625
uniform_decoder,44.0,0.08352584055219467,0.9164741594478053,0.0,0.025422040314207965,3.322381486166488e-05,0.22866820080555697,0.9990486097366365,0.051151669814170055,53.76518110804309,0.0025515427431197055,0.010490995583549878,0.026464578640877548,0.012033223814861665,0.0017839142039045304,0.013445325637216963,0.021159248003065862,0.012218305142829178,0.0,0.02475,0.05125
uniform_decoder,45.0,0.08496861988291043,0.9150313801170895,0.0,0.027073106714531087,9.022063602797878e-05,0.2307646418965233,0.9990420216710507,0.05247115338106306,54.772797875932945,0.0026185130079978006,0.009953853538460065,0.02764547326098895,0.012090220636027979,0.0017839142039045304,0.013445325637216963,0.021159248003065862,0.012218305142829178,0.0,0.027,0.04825
uniform_decoder,46.0,0.08642549742156616,0.9135745025784339,0.0,0.028378108296869712,0.00015506672235508952,0.2335314120073224,0.9990275888962695,0.05369650458960233,55.21996240438395,0.0027100914211972264,0.009610247212398797,0.028698446930465735,0.01215506672235509,0.0017839142039045304,0.013445325637216963,0.021159248003065862,0.012218305142829178,0.0,0.025,0.05125
uniform_decoder,47.0,0.08790551032034515,0.9120944896796549,0.0,0.02934698844003359,0.00022439180140191792,0.23695902408582095,0.9990051104638068,0.05482659067444748,55.10821923430159,0.002830477760471472,0.009447418302292504,0.029624884502797568,0.012224391801401918,0.0017839142039045304,0.013445325637216963,0.021159248003065862,0.012218305142829178,0.0,0.0255,0.04875
uniform_decoder,48.0,0.0894168631462157,0.9105831368537843,0.0,0.02999516997874041,0.0002945902631020375,0.24099107653109147,0.9989748712899194,0.055860998940573156,54.491692985731085,0.0029844425705391536,0.009446647174636844,0.03042625972391641,0.012294590263102038,0.0031886584093246003,0.007433003058838792,0.031223350967950304,0.012558399325435031,1.0,0.028,0.0475
uniform_decoder,49.0,0.09096646199420158,0.9090335380057984,0.0,0.030340308364681,0.0003619604742636437,0.24552828822854939,0.9989376140370326,0.05679863474792006,53.46327674480436,0.003177428773036918,0.009584623650033087,0.031102360787751006,0.012361960474263644,0.0031886584093246003,0.007433003058838792,0.031223350967950304,0.012558399325435031,0.0,0.02425,0.052
uniform_decoder,50.0,0.09255950695007958,0.9074404930499205,0.0,0.030399796061877562,0.00042285755304768274,0.25043546581457704,0.9988944977597439,0.05763685719203625,52.136354946404744,0.0034156476506276992,0.009834617147754493,0.03165006086025975,0.012422857553047683,0.0031886584093246003,0.007433003058838792,0.031223350967950304,0.012558399325435031,0.0,0.0245,0.053
uniform_decoder,51.0,0.09419915674817146,0.9058008432518285,0.0,0.030189010537171372,0.0004738518328784823,0.2555499866207037,0.9988470466753121,0.05837113532289012,50.6274920874971,0.0037061406259409624,0.010167505472802065,0.0320626566359144,0.012473851832878483,0.0031886584093246003,0.007433003058838792,0.031223350967950304,0.012558399325435031,0.0,0.02475,0.05325
uniform_decoder,52.0,0.09588628020683637,0.9041137197931637,0.0,0.02972023277467628,0.0005118843656739848,0.26069066390440465,0.9987970885612482,0.05899514983456938,49.04363524532082,0.004056771078286657,0.010552747616546124,0.03232975146950906,0.012511884365673985,0.0031886584093246003,0.007433003058838792,0.031223350967950304,0.012558399325435031,0.0,0.028,0.05275
uniform_decoder,53.0,0.09761930903629108,0.9023806909637089,0.0,0.029002174222928945,0.0005344105256623738,0.26566628041486656,0.9987466814118201,0.059501244225805515,47.474955519661464,0.00447610127425418,0.01095937292589585,0.032437648423078974,0.012534410525662374,0.0031886584093246003,0.007433003058838792,0.031223350967950304,0.012558399325435031,0.0,0.0225,0.048
uniform_decoder,54.0,0.09939420394141542,0.9006057960585846,0.0,0.02804010146951042,0.0005395231351241706,0.27028344065306176,0.9986980284482337,0.05988113107410402,45.99265705373453,0.00497310036089337,0.011357024767308304,0.0323702265977121,0.012539523135124171,0.0031886584093246003,0.007433003058838792,0.031223350967950304,0.012558399325435031,0.0,0.02875,0.05225
uniform_decoder,55.0,0.10120454011836742,0.8987954598816326,0.0,0.026836604399798958,0.0005260475429462556,0.27435363563534254,0.9986533840372963,0.0601267711262818,44.65027356839087,0.005556625015785322,0.011717056318266344,0.03211028573385062,0.012526047542946256,0.0031886584093246003,0.007433003058838792,0.031223350967950304,0.012558399325435031,0.0,0.031,0.051
uniform_decoder,56.0,0.10304171034157839,0.8969582896584216,0.0,0.02542036104125192,0.0004936026869350671,0.2776995706513711,0.998614954982111,0.060231356269472444,43.486930382429776,0.006234622688550082,0.012013639860988709,0.031641343868813294,0.012493602686935067,0.00590706753228016,0.011479988774609136,0.036946943815343344,0.011330269289900316,1.0,0.03175,0.052
uniform_decoder,57.0,0.10489523607426694,0.895104763925733,0.0,0.024161631243653208,0.00044262424638694814,0.2801609346179478,0.9985848017168398,0.06019033513598563,42.531379420259974,0.007013038897172058,0.012224825262775598,0.03094984487804967,0.012442624246386948,0.00590706753228016,0.011479988774609136,0.036946943815343344,0.011330269289900316,0.0,0.03025,0.0515
uniform_decoder,58.0,0.10675317188441912,0.8932468281155809,0.0,0.02246665900650214,0.0003743483813151635,0.28159990973451476,0.9985647417235296,0.060002416818548086,41.806006488328144,0.007894474607731131,0.012333471036486382,0.03002766257774689,0.012374348381315164,0.00590706753228016,0.011479988774609136,0.036946943815343344,0.011330269289900316,0.0,0.03125,0.051
uniform_decoder,59.0,0.10860258732139212,0.8913974126786078,0.0,0.02032590372469945,0.0002907570669472559,0.2819067885880111,0.9985562540087594,0.05967047158875345,41.33031153040803,0.008876739347503384,0.012327972396544843,0.02887467067565799,0.012290757066947256,0.00590706753228016,0.011479988774609136,0.036946943815343344,0.011330269289900316,0.0,0.034,0.04825
uniform_decoder,60.0,0.11043011231876293,0.889569887681237,0.0,0.01775215933763606,0.00019448846249098435,0.2810059858627628,0.9985603814047949,0.059202221332941854,41.123545868415114,0.009951564182095437,0.012202722664952563,0.027501000854778936,0.012194488462490985,0.00590706753228016,0.011479988774609136,0.036946943815343344,0.011330269289900316,0.0,0.03175,0.0505
uniform_decoder,61.0,0.11222253329645424,0.8877774667035457,0.0,0.014866389844802166,8.871790568099232e-05,0.278862407196863,0.9985776302098285,0.0586105894734224,41.206295211285926,0.011103833634201764,0.011958263502948444,0.025928486981952374,0.012088717905680993,0.00590706753228016,0.011479988774609136,0.036946943815343344,0.011330269289900316,0.0,0.03925,0.04825
uniform_decoder,62.0,0.11396742225886913,0.8860325777411309,0.0,0.01290137661125232,2.2983169417048824e-05,0.27548756430208465,0.9986078760106153,0.057913581422576535,41.60087884713,0.012311703883876104,0.011601102125036346,0.024190774852412562,0.011977016830582951,0.00590706753228016,0.011479988774609136,0.036946943815343344,0.011330269289900316,0.0,0.0355,0.04425
uniform_decoder,63.0,0.11565376748283017,0.8843462325171698,0.0,0.0127363860059102,0.00013680195968290843,0.2709441753740839,0.9986502976276848,0.057133612466247916,42.33052681699187,0.01354784086061333,0.011143197845132943,0.022331742990429813,0.011863198040317092,0.00590706753228016,0.011479988774609136,0.036946943815343344,0.011330269289900316,0.0,0.03575,0.041
uniform_decoder,64.0,0.11727255528184559,0.8827274447181545,0.0,0.0125828334699536,0.00024884374190776125,0.26534760167532806,0.9987033699307674,0.056296294723764885,43.41739101969279,0.014781734384414985,0.010601145944983684,0.0204022450305223,0.011751156258092239,0.013919037929535732,0.010738703383788364,0.018471184094154172,0.011729934284812851,1.0,0.0425,0.041
uniform_decoder,65.0,0.11881723800883524,0.8811827619911647,0.0,0.012443242117276916,0.0003552872819319944,0.25886268435018456,0.9987649415870405,0.05542881497016453,44.87950884634324,0.015982706724731566,0.009995114398055898,0.01845564979060125,0.011644712718068006,0.013919037929535732,0.010738703383788364,0.018471184094154172,0.011729934284812851,0.0,0.03875,0.03625
uniform_decoder,66.0,0.12028402563681892,0.879715974363181,0.0,0.01231839583364344,0.0004525282110417299,0.25169544621011225,0.9988324027908623,0.054558134407666575,46.726845508613245,0.017122982074603634,0.009347616747109938,0.016543030506149744,0.01154747178895827,0.013919037929535732,0.010738703383788364,0.018471184094154172,0.011729934284812851,0.0,0.0395,0.039
uniform_decoder,67.0,0.121671961874063,0.878328038125937,0.0,0.01220687678902462,0.0005373036546999325,0.24408040534184766,0.9989029188018315,0.053709275771867036,48.95651831562613,0.018180145553230723,0.008682227104561721,0.014708958340355618,0.011462696345300068,0.013919037929535732,0.010738703383788364,0.018471184094154172,0.011729934284812851,0.0,0.03875,0.0345
uniform_decoder,68.0,0.12298278429360959,0.8770172157063905,0.0,0.012104800650333555,0.0006067930506458499,0.23626535295587864,0.9989736827179447,0.052903918409519815,51.54733271525575,0.01913852023688587,0.008022353563947822,0.012988633977395506,0.01139320694935415,0.013919037929535732,0.010738703383788364,0.018471184094154172,0.011729934284812851,0.0,0.04125,0.03225
uniform_decoder,69.0,0.12422060679865667,0.8757793932013433,0.0,0.013192492513356064,0.0006586919614078729,0.22849591149875934,0.9990421368207109,0.05215942267083897,54.4539385150476,0.01998932926368493,0.007390179224743545,0.011406657525585322,0.011341308038592127,0.013919037929535732,0.010738703383788364,0.018471184094154172,0.011729934284812851,0.0,0.03525,0.03175
uniform_decoder,70.0,0.12539148811657724,0.8746085118834228,0.0,0.015946683524654642,0.0006912576066880963,0.22100190987261142,0.9991061263151738,0.05148829637000056,57.60131128595929,0.020729831951719825,0.006805856007461777,0.009977292419603408,0.011308742393311904,0.013919037929535732,0.010738703383788364,0.018471184094154172,0.011729934284812851,0.0,0.0365,0.025
uniform_decoder,71.0,0.12650295607705153,0.8734970439229485,0.0,0.018369021462223373,0.0007033266604886592,0.21398684960923364,0.9991639728427234,0.050898036374254475,60.88084092872952,0.02136181142095983,0.006287001300981265,0.008705788657755193,0.011296673339511341,0.013919037929535732,0.010738703383788364,0.018471184094154172,0.011729934284812851,0.0,0.043,0.02375
uniform_decoder,72.0,0.1275635471811399,0.8724364528188601,0.0,0.020451061327250913,0.0006943074465974881,0.20762088251358876,0.9992144763132514,0.05039124226649916,64.14986984680093,0.02188981887860036,0.005848509270550971,0.007590248280798474,0.011305692553402512,0.025035203078054635,0.0053950721574223945,0.006232488882015315,0.01174455095041746,1.0,0.037,0.02
uniform_decoder,73.0,0.12858240212176236,0.8714175978782377,0.0,0.02219324451355839,0.0006641499279455444,0.20203707287511655,0.9992568657204469,0.04996589968812577,67.23670413666706,0.02231949296040275,0.005502654052306521,0.00662359439453784,0.011335850072054456,0.025035203078054635,0.0053950721574223945,0.006232488882015315,0.01174455095041746,0.0,0.0365,0.02125
uniform_decoder,74.0,0.12956893799414856,0.8704310620058514,0.0,0.023601352343793458,0.000613297762957897,0.19733038248540857,0.9992907222621874,0.04961575242557949,69.95250207428447,0.022656143109934457,0.005259434581155891,0.005795356184985108,0.011386702237042103,0.025035203078054635,0.0053950721574223945,0.006232488882015315,0.01174455095041746,0.0,0.03975,0.0175
uniform_decoder,75.0,0.13053260153486823,0.8694673984651318,0.0,0.02468344805887076,0.0005426271774193712,0.1935587472582643,0.9993158946205354,0.04933071055170052,72.10981236590611,0.022903670628219578,0.005127090882058244,0.005093131687290578,0.011457372822580629,0.025035203078054635,0.0053950721574223945,0.006232488882015315,0.01174455095041746,0.0,0.04,0.021
uniform_decoder,76.0,0.1314826962858469,0.8685173037141531,0.0,0.02544742003220689,0.00045337749179669845,0.19074568695621533,0.9993324205690131,0.04909726963218693,73.5452102824709,0.023063826805359185,0.005112707773858529,0.00450369899929377,0.011546622508203302,0.025035203078054635,0.0053950721574223945,0.006232488882015315,0.01174455095041746,0.0,0.03825,0.02225
uniform_decoder,77.0,0.13242826947221525,0.8675717305277848,0.0,0.025899156953549468,0.000347077899259151,0.18888397075494578,0.9993404638355858,0.04889894168089044,74.14141076604203,0.02313577716363311,0.0052228118492158235,0.004013808360867819,0.01165292210074085,0.025035203078054635,0.0053950721574223945,0.006232488882015315,0.01174455095041746,0.0,0.04175,0.01725
uniform_decoder,78.0,0.13337804021739355,0.8666219597826065,0.0,0.02604137249338856,0.00022547457768772212,0.18793986333228507,0.9993402714428735,0.04871672345787087,73.84358753554908,0.02311594434615753,0.005463859470426694,0.003610712382342273,0.011774525422312278,0.025035203078054635,0.0053950721574223945,0.006232488882015315,0.01174455095041746,0.0,0.036,0.0165
uniform_decoder,79.0,0.13434034826548405,0.865659651734516,0.0,0.02587312448330315,9.046152019946338e-05,0.1878574066452633,0.9993321544716152,0.048529652674354364,72.66598429089109,0.02299812600644955,0.005842507086306652,0.003282494436839749,0.011909538479800537,0.025035203078054635,0.0053950721574223945,0.006232488882015315,0.01174455095041746,0.0,0.042,0.0175
uniform_decoder,80.0,0.1353231010943019,0.8646768989056981,0.0,0.025390113633109786,5.598233399420685e-05,0.18856215953603053,0.9993164935696927,0.048315525589222905,70.68774110507978,0.02277391479869577,0.006365553084638275,0.0030182480809477067,0.012055982333994207,0.022053310818182233,0.008051930998304703,0.0036520013422801133,0.011655872548730682,1.0,0.042,0.0185
uniform_decoder,81.0,0.13633369755135033,0.8636663024486497,0.0,0.02458587113390459,0.00021184791583780949,0.1899639551375152,0.9992937684773041,0.04805186352985815,68.03981695185513,0.022433471820408918,0.00703944963522114,0.0028081510512831887,0.01221184791583781,0.022053310818182233,0.008051930998304703,0.0036520013422801133,0.011655872548730682,0.0,0.044,0.02325
uniform_decoder,82.0,0.13737890920587265,0.8626210907941274,0.0,0.023453922607553634,0.00037514182716675594,0.19195859897904796,0.9992646072953373,0.04771720878206939,64.8867040419642,0.021966707599430455,0.007869315431534404,0.0026434695603424186,0.012375141827166756,0.022053310818182233,0.008051930998304703,0.0036520013422801133,0.011655872548730682,0.0,0.04075,0.02775
uniform_decoder,83.0,0.13846470831454435,0.8615352916854556,0.0,0.021990915631198447,0.0005439228633735225,0.19442894249939685,0.9992298455833841,0.04729278601745039,61.406888017676934,0.021364889325666832,0.008857450601235706,0.002516523093232679,0.012543922863373523,0.022053310818182233,0.008051930998304703,0.0036520013422801133,0.011655872548730682,0.0,0.03925,0.0265
uniform_decoder,84.0,0.13959604512568186,0.8604039548743181,0.0,0.02020049631088646,0.0007163295721064628,0.19724625107782878,0.9991905781829028,0.04676447035586495,57.775154274411165,0.020622605858673326,0.010001473809532101,0.002420635738254762,0.012716329572106463,0.022053310818182233,0.008051930998304703,0.0036520013422801133,0.011655872548730682,0.0,0.043,0.0235
uniform_decoder,85.0,0.14077659678408935,0.8592234032159106,0.0,0.018097425875622963,0.0008905995984432365,0.20027302928358331,0.9991481803710837,0.04612485834780411,54.14862111886626,0.019739883348473944,0.011292362058388673,0.0023500954144623065,0.012890599598443237,0.022053310818182233,0.008051930998304703,0.0036520013422801133,0.011655872548730682,0.0,0.04175,0.026
uniform_decoder,86.0,0.14200853135741862,0.8579914686425814,0.0,0.01713678494499972,0.0010650818608899937,0.20336828130325127,0.9991042740084275,0.04537507449997029,50.65731588329979,0.018724082951737442,0.012712837289058691,0.0023001352957964134,0.013065081860889994,0.022053310818182233,0.008051930998304703,0.0036520013422801133,0.011655872548730682,0.0,0.05225,0.03225
uniform_decoder,87.0,0.1432923454429106,0.8567076545570894,0.0,0.017560787877574154,0.001238242763787879,0.20639549031517881,0.9990606235513868,0.04452583138078099,47.39934820221935,0.017591093691783067,0.014236635634915064,0.0022669414491239765,0.01323824276378788,0.022053310818182233,0.008051930998304703,0.0036520013422801133,0.011655872548730682,0.0,0.04975,0.028
uniform_decoder,88.0,0.14462683275462768,0.8553731672453724,0.0,0.017946792989580435,0.0014086676984536098,0.20923252396593978,0.999018967611257,0.044183424728110154,45.037681971663694,0.01636534541273903,0.015829126146215233,0.002247678569373827,0.01340866769845361,0.015577163727253582,0.017921294421060018,0.002861562623225204,0.011192171163109197,1.0,0.04025,0.0275
uniform_decoder,89.0,0.14600921833383035,0.8539907816661696,0.0,0.01828732356668842,0.0015750590407947879,0.21178159979941916,0.9989808183941927,0.0446734631009508,43.83268187573484,0.015078371413295225,0.017449467718836785,0.0022405155654435906,0.013575059040794788,0.015577163727253582,0.017921294421060018,0.002861562623225204,0.011192171163109197,0.0,0.0475,0.0305
uniform_decoder,90.0,0.1474354526928556,0.8525645473071444,0.0,0.018575453712726044,0.0017362317421772896,0.21397690580413314,0.9989472810493789,0.04512341384447461,42.86368533391786,0.013766025087980166,0.019054058121602994,0.002244629496857117,0.01373623174217729,0.015577163727253582,0.017921294421060018,0.002861562623225204,0.011192171163109197,0.0,0.0445,0.0345
uniform_decoder,91.0,0.14890061706509816,0.8510993829349018,0.0,0.01880529656966111,0.0018911074571429896,0.2157878495314724,0.998918944733419,0.04552608012347183,42.11262969695886,0.012464868207514853,0.020600601161516293,0.0022601727993700363,0.01389110745714299,0.015577163727253582,0.017921294421060018,0.002861562623225204,0.011192171163109197,0.0,0.0455,0.0395
uniform_decoder,92.0,0.15039936335793516,0.8496006366420649,0.0,0.02055518038568827,0.0020387079776598618,0.2172171400161882,0.9988958740086488,0.045876013051967784,41.54961789806659,0.011208513979674033,0.022051897338628477,0.0022882029732661765,0.014038707977659862,0.015577163727253582,0.017921294421060018,0.002861562623225204,0.011192171163109197,0.0,0.0485,0.0365
uniform_decoder,93.0,0.15192631142664723,0.8480736885733527,0.0,0.023023275657842852,0.002178148566556371,0.21829444650848479,0.998877694042399,0.04616946907131739,41.1380415105414,0.010024696620211904,0.02337856190342361,0.0023305896253688527,0.014178148566556371,0.015577163727253582,0.017921294421060018,0.002861562623225204,0.011192171163109197,0.0,0.04275,0.035
uniform_decoder,94.0,0.15347634926712317,0.8465236507328768,0.0,0.025236750498020263,0.002308631615903679,0.2190675226284079,0.998863734087855,0.04640411629962746,40.83913439947141,0.008933564576477331,0.02456023890340297,0.002389923828905378,0.01430863161590368,0.015577163727253582,0.017921294421060018,0.002861562623225204,0.011192171163109197,0.0,0.052,0.045
uniform_decoder,95.0,0.15504481546035875,0.8449551845396412,0.0,0.027168574447015894,0.0024294409082788286,0.21959300236311852,0.9988531835817799,0.0465785595426785,40.615532532198365,0.007947300050179849,0.025585329980203825,0.00246945548300808,0.014429440908278829,0.015577163727253582,0.017921294421060018,0.002861562623225204,0.011192171163109197,0.0,0.04425,0.04
static_tailored,0.0,0.0007303831694641939,0.9992696168305358,0.0,0.0016504110516137962,0.0010943261996927533,0.193867357680929,0.9992696168305357,0.04547217855283188,62.25797698238981,0.028481290117015196,0.003759354941987726,0.003759354941764827,0.014427054196902482,0.027728796793657313,0.003514079133974574,0.004411996862007589,0.015521380396595235,1.0,0.04925,0.02125
static_tailored,1.0,0.0019079251503174553,0.9980920748496825,0.0,0.0026872168971452714,0.0009830893407695232,0.19602416931683342,0.9992562662963838,0.046262392918693274,62.202899631618614,0.028787792827848623,0.004159033286044574,0.0034287301511236267,0.014538291055825712,0.027728796793657313,0.003514079133974574,0.004411996862007589,0.015521380396595235,0.0,0.04475,0.02175
static_tailored,2.0,0.0032087618584604244,0.9967912381415396,0.0,0.003598954133490256,0.0008829504868531519,0.19840521548262735,0.9992402582176657,0.046973932208513626,61.828812500198836,0.0289478477194849,0.004639055896082759,0.0031570704164531056,0.014638429909742083,0.027728796793657313,0.003514079133974574,0.004411996862007589,0.015521380396595235,0.0,0.04575,0.0235
static_tailored,3.0,0.004619909459246493,0.9953800905407535,0.0,0.004396090964898734,0.0007943467790731129,0.20098510035347256,0.9992217321695767,0.04760816403026526,61.17195413867832,0.028950828656302947,0.005211682030202612,0.0029355406559825265,0.014727033617522122,0.027728796793657313,0.003514079133974574,0.004411996862007589,0.015521380396595235,0.0,0.05375,0.025
static_tailored,4.0,0.006130134821720743,0.9938698651782792,0.0,0.005086624970232417,0.0007176645265850514,0.20373173783595733,0.9992009311285321,0.04816534359541416,60.276836346955214,0.028784359322713705,0.005889641327865912,0.002756496614722902,0.014803715870010184,0.027728796793657313,0.003514079133974574,0.004411996862007589,0.015521380396595235,0.0,0.04775,0.02475
static_tailored,5.0,0.007729638208318734,0.9922703617916813,0.0,0.005676380970531853,0.0006532373282022164,0.20660400075231256,0.9991782465575634,0.04864483271227902,59.196384463008414,0.02843533474153467,0.006685286770073433,0.002613361475451953,0.014868143068393019,0.027728796793657313,0.003514079133974574,0.004411996862007589,0.015521380396595235,0.0,0.0495,0.02275
static_tailored,6.0,0.009409658748323838,0.9905903412516761,0.0,0.006169465897299704,0.0006013443428761929,0.2095496117620716,0.9991542703639333,0.0490454587528444,57.99188849635937,0.027891489752301896,0.00760933618582356,0.002500480975201454,0.014920036053719042,0.027728796793657313,0.003514079133974574,0.004411996862007589,0.015521380396595235,0.0,0.0465,0.02375
static_tailored,7.0,0.011162038895687253,0.9888379611043128,0.0,0.00773941405960697,0.0005622086861971215,0.21250400560966534,0.9991298405402481,0.04936600076969796,56.73213135414751,0.027143515790454924,0.008669201313165807,0.0024129859847942417,0.014959171710398114,0.027728796793657313,0.003514079133974574,0.004411996862007589,0.015521380396595235,0.0,0.046,0.0275
static_tailored,8.0,0.012978779345631044,0.9870212206543689,0.0,0.009959444733368166,0.0005359959204749489,0.21539101873563912,0.9991060607303643,0.04960577038572263,55.491208486612784,0.02618760173329754,0.009867015751083296,0.00234668380610792,0.014985384476120286,0.02935777018470402,0.009719428450449041,0.0015850351484080847,0.011745980847308731,1.0,0.04975,0.02675
static_tailored,9.0,0.014851637247975304,0.9851483627520247,0.0,0.012498264396680451,0.0005228125947850538,0.21812618727209152,0.999084270224656,0.049765220965344636,54.34487586323996,0.025028087176918665,0.01119762963168294,0.002297992579774151,0.014998567801810182,0.02935777018470402,0.009719428450449041,0.0015850351484080847,0.011745980847308731,0.0,0.052,0.0265
static_tailored,10.0,0.016771839090165268,0.9832281609098348,0.0,0.015330079031595749,0.000522704778767381,0.2206230227842984,0.9990659449920537,0.0498464797423782,53.36567902138368,0.02367971101183441,0.012647000685675489,0.002263925163935657,0.014998675617827854,0.02935777018470402,0.009719428450449041,0.0015850351484080847,0.011745980847308731,0.0,0.05,0.02875
static_tailored,11.0,0.018729982700839802,0.9812700172991602,0.0,0.0184072936965635,0.0005356565203574904,0.2228018448755288,0.9990525264727587,0.04985367336601925,52.61748421739349,0.022168805398437928,0.014191503162737307,0.0022421185894262088,0.014985723876237745,0.02935777018470402,0.009719428450449041,0.0015850351484080847,0.011745980847308731,0.0,0.04575,0.03075
static_tailored,12.0,0.02071617932785435,0.9792838206721457,0.0,0.021661590307516597,0.0005615881437318806,0.22459974457563145,0.9990452018785759,0.04979293042624717,52.15021825973171,0.020532838802705875,0.01579860839441686,0.002230893805884716,0.014959792252863355,0.02935777018470402,0.009719428450449041,0.0015850351484080847,0.011745980847308731,0.0,0.04475,0.03
static_tailored,13.0,0.022720435382423784,0.9772795646175763,0.0,0.02500848519273004,0.000600354290724284,0.22597943283535776,0.9990446878352085,0.04967200698259905,51.995576747879205,0.01881802268685935,0.017429114839960944,0.0022293214820618807,0.014921026105870951,0.02935777018470402,0.009719428450449041,0.0015850351484080847,0.011745980847308731,0.0,0.0495,0.0345
static_tailored,14.0,0.024733208871586816,0.9752667911284132,0.0,0.028354903667575378,0.0006517415984793155,0.22693458157028054,0.9990510822019939,0.04949958009181782,52.16424456979113,0.017075216219648828,0.019040673101131878,0.002237267735598002,0.01486963879811592,0.02935777018470402,0.009719428450449041,0.0015850351484080847,0.011745980847308731,0.0,0.0465,0.0375
static_tailored,15.0,0.0267460246276685,0.9732539753723315,0.0,0.031608337123537375,0.0007154659003883578,0.2274900534039039,0.9990638344330474,0.049284351219939154,52.64490914824728,0.015354901942002503,0.020591926009745812,0.0022554014658962627,0.014805914496206878,0.02935777018470402,0.009719428450449041,0.0015850351484080847,0.011745980847308731,0.0,0.04575,0.036
static_tailored,16.0,0.028752019575503635,0.9712479804244963,0.0,0.03468560497956612,0.0007911688392184344,0.22769691935230027,0.9990818455557094,0.049034151470156204,53.40512347902896,0.013702314547799932,0.02204636542821386,0.002285160422538137,0.014730211557376801,0.013998356835489967,0.02061065295960212,0.002361578408392762,0.012493738917107176,1.0,0.0445,0.0355
static_tailored,17.0,0.03074632046402112,0.9692536795359789,0.0,0.03751940176298317,0.0008784137941460421,0.22762372612543133,0.9991036637609819,0.04875522126915249,54.39389723053361,0.012153730693665701,0.023375107807654248,0.0023286898726957053,0.014642966602449193,0.013998356835489967,0.02061065295960212,0.002361578408392762,0.012493738917107176,0.0,0.04725,0.0395
static_tailored,18.0,0.032726215394406635,0.9672737846055933,0.0,0.04006157844592956,0.0009766810508716525,0.2273463948307334,0.9991277137748401,0.0484517626073015,55.54571562610686,0.010734514131882358,0.024558156640345174,0.002388778584223585,0.014544699345723583,0.013998356835489967,0.02061065295960212,0.002361578408392762,0.012493738917107176,0.0,0.05025,0.0535
static_tailored,19.0,0.03469113977378531,0.9653088602262146,0.0,0.0422831011872521,0.0010853621899494653,0.2269390939977357,0.9991524987961399,0.04812577111456961,56.785489973784806,0.009458966350115117,0.02558417113238415,0.002468818116707263,0.01443601820664577,0.013998356835489967,0.02061065295960212,0.002361578408392762,0.012493738917107176,0.0,0.045,0.04175
static_tailored,20.0,0.036642535360170966,0.9633574646398291,0.0,0.04417142539132643,0.0012037537364491101,0.226467634184731,0.9991767366614877,0.047777086040915386,58.03378312369584,0.008331592273536435,0.026449107520372925,0.002572804377200389,0.014317626660146125,0.013998356835489967,0.02061065295960212,0.002361578408392762,0.012493738917107176,0.0,0.04375,0.03975
static_tailored,21.0,0.038583651163814084,0.9614163488361859,0.0,0.04572638765548544,0.001331050206739251,0.22598587798136793,0.9991994212253377,0.04740356640244438,59.21162027114488,0.007349183767214034,0.027154246285162557,0.002705389384153416,0.014190330189855984,0.013998356835489967,0.02061065295960212,0.002361578408392762,0.012493738917107176,0.0,0.045,0.0405
static_tailored,22.0,0.04051934344404611,0.9594806565559539,0.0,0.04695567156010964,0.0014663368066719761,0.22553480286765787,0.9992198221246528,0.047001307486384154,60.24434807955222,0.006503144203096953,0.027704081618727283,0.0028719803772110294,0.01405504358992326,0.013998356835489967,0.02061065295960212,0.002361578408392762,0.012493738917107176,0.0,0.0455,0.0485
static_tailored,23.0,0.042455910236107466,0.9575440897638925,0.0,0.04787061544463115,0.0016085821785632778,0.2251434043935727,0.9992374459639926,0.046564838902255296,61.06431374497457,0.005781634367171565,0.028104410051462865,0.0030788747613504845,0.013912798218031958,0.013998356835489967,0.02061065295960212,0.002361578408392762,0.012493738917107176,0.0,0.0495,0.043
static_tailored,24.0,0.044400973233477026,0.955599026766523,0.0,0.048482788114334464,0.0017566317578205475,0.22483055390842735,0.9992519816184126,0.04608727894143007,61.612495195136255,0.005171311865447188,0.028360797880780476,0.0033334124226891554,0.013764748638774688,0.004274686369379073,0.0281420790178051,0.0024532256982590676,0.013097656668957283,1.0,0.04825,0.04725
static_tailored,25.0,0.04636340130279122,0.9536365986972087,0.0,0.04880148422975461,0.0019092024757748436,0.2246070805436215,0.9992632467754365,0.04556045151057965,61.839500651761924,0.004658595740629588,0.028477485304477964,0.0036441198557840915,0.013612177920820392,0.004274686369379073,0.0281420790178051,0.0024532256982590676,0.013097656668957283,0.0,0.04825,0.0475
static_tailored,26.0,0.04835325632662017,0.9516467436733799,0.0,0.04883212969548997,0.002064879720864594,0.22447758121427827,0.9992711462997603,0.04497499863654671,61.70648323766116,0.00423049030859634,0.02845671677669016,0.004020811294294178,0.013456500675730641,0.004274686369379073,0.0281420790178051,0.0024532256982590676,0.013097656668957283,0.0,0.047,0.04775
static_tailored,27.0,0.050381732380667135,0.9496182676193329,0.0,0.0487007353526226,0.002222117629016831,0.22444168109056448,0.9992756477593704,0.04473683121405031,61.76115528429208,0.00387505128835957,0.02829846638211635,0.004474599461190672,0.013299262767578405,0.004274686369379073,0.0281420790178051,0.0024532256982590676,0.013097656668957283,0.0,0.047,0.04575
static_tailored,28.0,0.052461052272820996,0.947538947727179,0.0,0.049239422889699506,0.0023792438951054946,0.2244946386476239,0.999276775954412,0.044832290480353365,61.98949102128309,0.003581589286577117,0.028000538222896255,0.005017753155705217,0.01314213650148974,0.004274686369379073,0.0281420790178051,0.0024532256982590676,0.013097656668957283,0.0,0.045,0.04375
static_tailored,29.0,0.05460428119355851,0.9453957188064415,0.0,0.04968439440478364,0.0025344703569805793,0.22462732586645087,0.9992746259261353,0.04488570158897073,61.87938500451563,0.0033406974421031225,0.02755904719132622,0.00566332385788539,0.012986910039614656,0.004274686369379073,0.0281420790178051,0.0024532256982590676,0.013097656668957283,0.0,0.045,0.03725
static_tailored,30.0,0.056825017540404046,0.943174982459596,0.0,0.05005231038451901,0.0026859105767776566,0.22482574701535488,0.9992693916561268,0.04490736801286834,61.465720162462055,0.0031441740316305324,0.02696930771302021,0.006424455905454183,0.012835469819817579,0.004274686369379073,0.0281420790178051,0.0024532256982590676,0.013097656668957283,0.0,0.04375,0.0475
static_tailored,31.0,0.059136929817543475,0.9408630701824565,0.0,0.05035829226582951,0.0028316055072834575,0.22507041780544432,0.999261404511408,0.044907349261683986,60.80100671517947,0.002984894412178174,0.026227159601024466,0.007313306279308064,0.012689774889311778,0.004274686369379073,0.0281420790178051,0.0024532256982590676,0.013097656668957283,0.0,0.04325,0.042
static_tailored,32.0,0.06155313107437285,0.9384468689256271,0.0,0.05061631724959327,0.0029695580645929098,0.2253361148573524,0.999251170976317,0.04489571898893938,59.95456582081492,0.00285667295034177,0.025330723502645085,0.008339545899614798,0.012551822332002326,0.002933623358027441,0.022651593924308305,0.007746564207621756,0.011431550087396684,1.0,0.0405,0.0425
static_tailored,33.0,0.06408542277087653,0.9359145772291235,0.0,0.05083957426813927,0.003097777020424226,0.22559268013769349,0.9992393939594963,0.044882778900063106,59.009232782772706,0.0027541447757515694,0.024282489993179977,0.009508508253035711,0.01242360337617101,0.002933623358027441,0.022651593924308305,0.007746564207621756,0.011431550087396684,0.0,0.03675,0.05075
static_tailored,34.0,0.06674349710578215,0.9332565028942179,0.0,0.05104073396697978,0.003214330077749133,0.22580762280566116,0.9992269582543977,0.04487918274915579,58.055315905594746,0.0026726877712211295,0.023091506782564955,0.0108191941579608,0.012307050318846102,0.002933623358027441,0.022651593924308305,0.007746564207621756,0.011431550087396684,0.0,0.03675,0.0455
static_tailored,35.0,0.0695342492716174,0.9304657507283826,0.0,0.051232099325271285,0.0033174053155975956,0.22595105762052337,0.999214862441863,0.0448959306366603,57.18224809317393,0.0026083950523989583,0.021775266700338844,0.012262506879656257,0.01220397508099764,0.002933623358027441,0.022651593924308305,0.007746564207621756,0.011431550087396684,0.0,0.0365,0.045
static_tailored,36.0,0.07246139472508675,0.9275386052749133,0.0,0.05142562153343505,0.003405379413151473,0.22600294443763275,0.9992040905384565,0.044944211264170406,56.4689998495683,0.00255809592988659,0.020360780967414407,0.013820215698232082,0.012116000983443762,0.002933623358027441,0.022651593924308305,0.007746564207621756,0.011431550087396684,0.0,0.03325,0.04325
static_tailored,37.0,0.0755255802086173,0.9244744197913827,0.0,0.0516327874708325,0.003476890236751934,0.22596168928326985,0.9991954375235782,0.045035099524910714,55.97464565486476,0.0025194097953144057,0.018884337256706765,0.015465139211764987,0.012044490159843301,0.002933623358027441,0.022651593924308305,0.007746564207621756,0.011431550087396684,0.0,0.04075,0.04375
static_tailored,38.0,0.0787250986205183,0.9212749013794816,0.0,0.05186440486918655,0.0035309105592599074,0.22585221576421624,0.9991893272481852,0.04517915040827583,55.73044154640306,0.0024908061622917,0.01738965756696774,0.017162832666835357,0.011990469837335328,0.002933623358027441,0.022651593924308305,0.007746564207621756,0.011431550087396684,0.0,0.034,0.04575
static_tailored,39.0,0.08205717353880275,0.9179428264611973,0.0,0.052130320035369715,0.0035668189548318744,0.22573108097420408,0.9991856765122142,0.045385951261665614,55.7345476858038,0.002471640441792019,0.01592456948471922,0.01887467019476736,0.011954561441763361,0.002933623358027441,0.022651593924308305,0.007746564207621756,0.011431550087396684,0.0,0.03075,0.04775
static_tailored,40.0,0.08551961344386183,0.9144803865561382,0.0,0.05243909440526404,0.003584463355958108,0.22568649516839218,0.9991838532238716,0.045663687984280096,55.950338002800606,0.002462142484583575,0.01453675263053994,0.020561763461632524,0.011936917040637127,0.0017839142039045304,0.013445325637216963,0.021159248003065862,0.012218305142829178,1.0,0.0275,0.04525
static_tailored,41.0,0.08911251401323156,0.9108874859867684,0.0,0.05279764260275192,0.0035842124551868915,0.22583224976824368,0.9991827479540445,0.04601874600420849,56.30912303242347,0.0024633520066313953,0.013269419852719995,0.022188853958988165,0.011937167941408344,0.0017839142039045304,0.013445325637216963,0.021159248003065862,0.012218305142829178,0.0,0.025,0.0415
static_tailored,42.0,0.09283966049873536,0.9071603395012646,0.0,0.05321080843649064,0.0035669901532729403,0.22629614496619227,0.9991809397878136,0.04645532215390859,56.71783522471792,0.0024770148299320597,0.012157791074768647,0.023727311393978903,0.011954390243322295,0.0017839142039045304,0.013445325637216963,0.021159248003065862,0.012218305142829178,0.0,0.02775,0.049
static_tailored,43.0,0.09670935794262675,0.9032906420573732,0.0,0.05368084219687936,0.0035342886513329425,0.227204894695916,0.9991769088585813,0.04697499552493289,57.07143858208502,0.002505467769706029,0.011226920168835782,0.025156669000074457,0.011987091745262293,0.0017839142039045304,0.013445325637216963,0.021159248003065862,0.012218305142829178,0.0,0.023,0.04625
static_tailored,44.0,0.10073455618129785,0.8992654438187021,0.0,0.054206752278982875,0.0034881565817335702,0.22866820080555697,0.9991692421036654,0.047576211033004336,57.26844275921707,0.0025515427431197055,0.010490995583549878,0.026464578640877548,0.012033223814861665,0.0017839142039045304,0.013445325637216963,0.021159248003065862,0.012218305142829178,0.0,0.02475,0.05125
static_tailored,45.0,0.10493228208785405,0.895067717912146,0.0,0.05478353458912637,0.0034311597605672563,0.2307646418965233,0.9991567938387866,0.04825366575004314,57.22641504493614,0.0026185130079978006,0.009953853538460065,0.02764547326098895,0.012090220636027979,0.0017839142039045304,0.013445325637216963,0.021159248003065862,0.012218305142829178,0.0,0.027,0.04825
static_tailored,46.0,0.10932249973050999,0.89067750026949,0.0,0.05540132351934246,0.0033663136742401456,0.2335314120073224,0.9991387864976563,0.048997637123718935,56.89371681978682,0.0027100914211972264,0.009610247212398797,0.028698446930465735,0.01215506672235509,0.0017839142039045304,0.013445325637216963,0.021159248003065862,0.012218305142829178,0.0,0.025,0.05125
static_tailored,47.0,0.11392657533708764,0.8860734246629124,0.0,0.05604454584229375,0.003296988595193317,0.23695902408582095,0.9991148566850027,0.04979333443246767,56.25454498587879,0.002830477760471472,0.009447418302292504,0.029624884502797568,0.012224391801401918,0.0017839142039045304,0.013445325637216963,0.021159248003065862,0.012218305142829178,0.0,0.0255,0.04875
static_tailored,48.0,0.11876553719147027,0.8812344628085297,0.0,0.056691185125689256,0.0032267901334931976,0.24099107653109147,0.9990850614087143,0.050620378848939315,55.326531562963176,0.0029844425705391536,0.009446647174636844,0.03042625972391641,0.012294590263102038,0.0031886584093246003,0.007433003058838792,0.031223350967950304,0.012558399325435031,1.0,0.028,0.0475
static_tailored,49.0,0.12385830896745316,0.8761416910325468,0.0,0.057312276462422325,0.0031594199223315914,0.24552828822854939,0.9990498597499758,0.05145252170711442,54.152554536876316,0.003177428773036918,0.009584623650033087,0.031102360787751006,0.012361960474263644,0.0031886584093246003,0.007433003058838792,0.031223350967950304,0.012558399325435031,0.0,0.02425,0.052
static_tailored,50.0,0.1292200733882607,0.8707799266117393,0.0,0.0578717511550617,0.0030985228435475524,0.25043546581457704,0.9990100805019814,0.05225769937029069,52.78984753294263,0.0034156476506276992,0.009834617147754493,0.03165006086025975,0.012422857553047683,0.0031886584093246003,0.007433003058838792,0.031223350967950304,0.012558399325435031,0.0,0.0245,0.053
static_tailored,51.0,0.13486089812278046,0.8651391018772195,0.0,0.05832674228045065,0.003047528563716753,0.2555499866207037,0.9989668806695927,0.05299850255167438,51.29949754282588,0.0037061406259409624,0.010167505472802065,0.0320626566359144,0.012473851832878483,0.0031886584093246003,0.007433003058838792,0.031223350967950304,0.012558399325435031,0.0,0.02475,0.05325
static_tailored,52.0,0.14078472713056828,0.8592152728694318,0.0,0.058628448805443684,0.0030094960309212503,0.26069066390440465,0.998921695751388,0.05363311335025738,49.73838637777283,0.004056771078286657,0.010552747616546124,0.03232975146950906,0.012511884365673985,0.0031886584093246003,0.007433003058838792,0.031223350967950304,0.012558399325435031,0.0,0.028,0.05275
static_tailored,53.0,0.1469888049032646,0.8530111950967354,0.0,0.0587236408723958,0.0029869698709328613,0.26566628041486656,0.9988761812465342,0.054116738244543376,48.15432922582103,0.00447610127425418,0.01095937292589585,0.032437648423078974,0.012534410525662374,0.0031886584093246003,0.007433003058838792,0.031223350967950304,0.012558399325435031,0.0,0.0225,0.048
static_tailored,54.0,0.15346355599862574,0.8465364440013743,0.0,0.05855687180180218,0.0029818572614710645,0.27028344065306176,0.9988321454250394,0.05440354117018403,46.58417437977611,0.00497310036089337,0.011357024767308304,0.0323702265977121,0.012539523135124171,0.0031886584093246003,0.007433003058838792,0.031223350967950304,0.012558399325435031,0.0,0.02875,0.05225
static_tailored,55.0,0.16019288969622786,0.8398071103037721,0.0,0.0580734378340068,0.0029953328536489795,0.27435363563534254,0.9987914749627469,0.054449055648102304,45.054139525202785,0.005556625015785322,0.011717056318266344,0.03211028573385062,0.012526047542946256,0.0031886584093246003,0.007433003058838792,0.031223350967950304,0.012558399325435031,0.0,0.031,0.051
static_tailored,56.0,0.16715484651512885,0.8328451534848711,0.0,0.057223081838927076,0.003027777709660168,0.2776995706513711,0.9987560562186343,0.05421302230681738,43.581569455893884,0.006234622688550082,0.012013639860988709,0.031641343868813294,0.012493602686935067,0.00590706753228016,0.011479988774609136,0.036946943815343344,0.011330269289900316,1.0,0.03175,0.052
static_tailored,57.0,0.17432246139827084,0.8256775386017292,0.0,0.05596435204132836,0.003078756150208287,0.2801609346179478,0.9987276945772245,0.05366254711053908,42.17740972405634,0.007013038897172058,0.012224825262775598,0.03094984487804967,0.012442624246386948,0.00590706753228016,0.011479988774609136,0.036946943815343344,0.011330269289900316,0.0,0.03025,0.0515
static_tailored,58.0,0.1816647014164813,0.8183352985835187,0.0,0.05426937980417729,0.0031470320152800716,0.28159990973451476,0.9987080320313546,0.05277539404537922,40.848840935827084,0.007894474607731131,0.012333471036486382,0.03002766257774689,0.012374348381315164,0.00590706753228016,0.011479988774609136,0.036946943815343344,0.011330269289900316,0.0,0.03125,0.051
static_tailored,59.0,0.1891473551387847,0.8108526448612153,0.0,0.0521286245223746,0.0032306233296479792,0.2819067885880111,0.9986984600652827,0.051543109590601016,39.60163512139774,0.008876739347503384,0.012327972396544843,0.02887467067565799,0.012290757066947256,0.00590706753228016,0.011479988774609136,0.036946943815343344,0.011330269289900316,0.0,0.034,0.04825
static_tailored,60.0,0.1967338085461834,0.8032661914538166,0.0,0.04955488013531121,0.0033268919341042508,0.2810059858627628,0.9987000235277814,0.04997354246561543,38.441882244475636,0.009951564182095437,0.012202722664952563,0.027501000854778936,0.012194488462490985,0.00590706753228016,0.011479988774609136,0.036946943815343344,0.011330269289900316,0.0,0.03175,0.0505
static_tailored,61.0,0.2043857255016236,0.7956142744983764,0.0,0.0465856376483742,0.003432662490914243,0.278862407196863,0.9987133148546994,0.04809222213352428,37.37683792276024,0.011103833634201764,0.011958263502948444,0.025928486981952374,0.012088717905680993,0.00590706753228016,0.011479988774609136,0.036946943815343344,0.011330269289900316,0.0,0.03925,0.04825
static_tailored,62.0,0.2120637297098486,0.7879362702901513,0.0,0.04328289389124795,0.003544363566012284,0.27548756430208465,0.9987383682999621,0.046644164414132494,36.971300271490655,0.012311703883876104,0.011601102125036346,0.024190774852412562,0.011977016830582951,0.00590706753228016,0.011479988774609136,0.036946943815343344,0.011330269289900316,0.0,0.0355,0.04425
static_tailored,63.0,0.21972822200190292,0.7802717779980971,0.0,0.039729820772624574,0.0036581823562781435,0.2709441753740839,0.9987745777606635,0.04595726331204142,37.503206516738096,0.01354784086061333,0.011143197845132943,0.022331742990429813,0.011863198040317092,0.00590706753228016,0.011479988774609136,0.036946943815343344,0.011330269289900316,0.0,0.03575,0.041
static_tailored,64.0,0.22734043436767826,0.7726595656323217,0.0,0.036024377388766154,0.0037702241385029964,0.26534760167532806,0.9988206710985856,0.04520989933703243,38.335276344717975,0.014781734384414985,0.010601145944983684,0.0204022450305223,0.011751156258092239,0.013919037929535732,0.010738703383788364,0.018471184094154172,0.011729934284812851,1.0,0.0425,0.041
static_tailored,65.0,0.23486372378773743,0.7651362762122625,0.0,0.03227077826160073,0.0038766676785272295,0.25886268435018456,0.9988747692561071,0.04442621953476886,39.48187496287997,0.015982706724731566,0.009995114398055898,0.01845564979060125,0.011644712718068006,0.013919037929535732,0.010738703383788364,0.018471184094154172,0.011729934284812851,0.0,0.03875,0.03625
static_tailored,66.0,0.24226498442405286,0.7577350155759471,0.0,0.0285703859763312,0.003973908607636965,0.25169544621011225,0.9989345371220505,0.043630331887706694,40.94964995089611,0.017122982074603634,0.009347616747109938,0.016543030506149744,0.01154747178895827,0.013919037929535732,0.010738703383788364,0.018471184094154172,0.011729934284812851,0.0,0.0395,0.039
static_tailored,67.0,0.24951596436754675,0.7504840356324533,0.0,0.025013760689361765,0.004058684051295168,0.24408040534184766,0.9989974032932677,0.04284467763396275,42.73371071964064,0.018180145553230723,0.008682227104561721,0.014708958340355618,0.011462696345300068,0.013919037929535732,0.010738703383788364,0.018471184094154172,0.011729934284812851,0.0,0.03875,0.0345
static_tailored,68.0,0.2565942565848711,0.7434057434151289,0.0,0.021675188102132606,0.004128173447241085,0.23626535295587864,0.9990608028364764,0.04208869950240648,44.81348660008704,0.01913852023688587,0.008022353563947822,0.012988633977395506,0.01139320694935415,0.013919037929535732,0.010738703383788364,0.018471184094154172,0.011729934284812851,0.0,0.04125,0.03225
static_tailored,69.0,0.263483797669381,0.736516202330619,0.0,0.018610228284319085,0.004180072358003108,0.22849591149875934,0.9991223925295221,0.04137792490076859,47.14855592356633,0.01998932926368493,0.007390179224743545,0.011406657525585322,0.011341308038592127,0.013919037929535732,0.010738703383788364,0.018471184094154172,0.011729934284812851,0.0,0.03525,0.03175
static_tailored,70.0,0.27017481972616164,0.7298251802738384,0.0,0.01585603727302051,0.004212638003283331,0.22100190987261142,0.999180202174936,0.040723474270950036,49.675021116053145,0.020729831951719825,0.006805856007461777,0.009977292419603408,0.011308742393311904,0.013919037929535732,0.010738703383788364,0.018471184094154172,0.011729934284812851,0.0,0.0365,0.025
static_tailored,71.0,0.2766633131355118,0.7233366868644882,0.0,0.013433699335451778,0.004224707057083894,0.21398684960923364,0.9992327089027745,0.040131925611722595,52.30339014337309,0.02136181142095983,0.006287001300981265,0.008705788657755193,0.011296673339511341,0.013919037929535732,0.010738703383788364,0.018471184094154172,0.011729934284812851,0.0,0.043,0.02375
static_tailored,72.0,0.28295013511340783,0.7170498648865922,0.0,0.011351659470424234,0.004215687843192723,0.20762088251358876,0.9992788424160503,0.03960543122007628,54.91924664115574,0.02188981887860036,0.005848509270550971,0.007590248280798474,0.011305692553402512,0.025035203078054635,0.0053950721574223945,0.006232488882015315,0.01174455095041746,1.0,0.037,0.02
static_tailored,73.0,0.28903992814415647,0.7109600718558435,0.0,0.00960947628411676,0.0041855303245407795,0.20203707287511655,0.9993179411849101,0.03914198489975976,57.38799064506234,0.02231949296040275,0.005502654052306521,0.00662359439453784,0.011335850072054456,0.025035203078054635,0.0053950721574223945,0.006232488882015315,0.01174455095041746,0.0,0.0365,0.02125
static_tailored,74.0,0.29494000064029635,0.7050599993597036,0.0,0.008201368453881691,0.004134678159553132,0.19733038248540857,0.9993496822378359,0.03873576084814648,59.56435930528071,0.022656143109934457,0.005259434581155891,0.005795356184985108,0.011386702237042103,0.025035203078054635,0.0053950721574223945,0.006232488882015315,0.01174455095041746,0.0,0.03975,0.0175
static_tailored,75.0,0.3006592861173291,0.6993407138826708,0.0,0.007119272738804395,0.004064007574014606,0.1935587472582643,0.9993740037389114,0.03854097918664578,61.56742712747628,0.022903670628219578,0.005127090882058244,0.005093131687290578,0.011457372822580629,0.025035203078054635,0.0053950721574223945,0.006232488882015315,0.01174455095041746,0.0,0.04,0.021
static_tailored,76.0,0.30620745316380965,0.6937925468361903,0.0,0.006355300765468264,0.003974757888391934,0.19074568695621533,0.9993910338513927,0.03878884713043819,63.69622879555636,0.023063826805359185,0.005112707773858529,0.00450369899929377,0.011546622508203302,0.025035203078054635,0.0053950721574223945,0.006232488882015315,0.01174455095041746,0.0,0.03825,0.02225
static_tailored,77.0,0.31159419796767535,0.6884058020323247,0.0,0.0066999408464052225,0.003868458295854386,0.18888397075494578,0.9994010340990054,0.039082084783941595,65.24926497325379,0.02313577716363311,0.0052228118492158235,0.004013808360867819,0.01165292210074085,0.025035203078054635,0.0053950721574223945,0.006232488882015315,0.01174455095041746,0.0,0.04175,0.01725
static_tailored,78.0,0.3168287198735655,0.6831712801264345,0.0,0.007363917263617219,0.0037468549742829572,0.18793986333228507,0.999404361606544,0.03942217721883738,66.18474841774878,0.02311594434615753,0.005463859470426694,0.003610712382342273,0.011774525422312278,0.025035203078054635,0.0053950721574223945,0.006232488882015315,0.01174455095041746,0.0,0.036,0.0165
static_tailored,79.0,0.3219193598985054,0.6780806401014946,0.0,0.008188601164707682,0.0036118419167946985,0.1878574066452633,0.9994014521312817,0.039808145074238514,66.50787205956263,0.02299812600644955,0.005842507086306652,0.003282494436839749,0.011909538479800537,0.025035203078054635,0.0053950721574223945,0.006232488882015315,0.01174455095041746,0.0,0.042,0.0175
static_tailored,80.0,0.3268733714684021,0.6731266285315979,0.0,0.009200104726685128,0.0034653980626010283,0.18856215953603053,0.9993928239530236,0.04023696926032824,66.26903261533836,0.02277391479869577,0.006365553084638275,0.0030182480809477067,0.012055982333994207,0.022053310818182233,0.008051930998304703,0.0036520013422801133,0.011655872548730682,1.0,0.042,0.0185
static_tailored,81.0,0.3316967900958807,0.6683032099041193,0.0,0.010424541285219363,0.0033095324807574256,0.1899639551375152,0.9993791005024236,0.04070395103943989,65.55642450722532,0.022433471820408918,0.00703944963522114,0.0028081510512831887,0.01221184791583781,0.022053310818182233,0.008051930998304703,0.0036520013422801133,0.011655872548730682,0.0,0.044,0.02325
static_tailored,82.0,0.3363943724468884,0.6636056275531116,0.0,0.011885852793451859,0.003146238569428479,0.19195859897904796,0.9993610461940281,0.04120298603559288,64.48507802988975,0.021966707599430455,0.007869315431534404,0.0026434695603424186,0.012375141827166756,0.022053310818182233,0.008051930998304703,0.0036520013422801133,0.011655872548730682,0.0,0.04075,0.02775
static_tailored,83.0,0.34096958350791,0.6590304164920899,0.0,0.013602752704026524,0.0029774575332217126,0.19442894249939685,0.9993396049300834,0.041726761019565656,63.184543495817174,0.021364889325666832,0.008857450601235706,0.002516523093232679,0.012543922863373523,0.022053310818182233,0.008051930998304703,0.0036520013422801133,0.011655872548730682,0.0,0.03925,0.0265
static_tailored,84.0,0.345424621539812,0.654575378460188,0.0,0.015584946734294343,0.0028050508244887723,0.19724625107782878,0.9993159249251876,0.042266908275596246,61.78694390698042,0.020622605858673326,0.010001473809532101,0.002420635738254762,0.012716329572106463,0.022053310818182233,0.008051930998304703,0.0036520013422801133,0.011655872548730682,0.0,0.043,0.0235
static_tailored,85.0,0.3497604818384931,0.6502395181615068,0.0,0.01782909781714275,0.0026307807981519986,0.20027302928358331,0.9992913493610612,0.042814170116186455,60.41647006810343,0.019739883348473944,0.011292362058388673,0.0023500954144623065,0.012890599598443237,0.022053310818182233,0.008051930998304703,0.0036520013422801133,0.011655872548730682,0.0,0.04175,0.026
static_tailored,86.0,0.35397706889260094,0.6460229311073991,0.0,0.020315333563215163,0.0024562985357052414,0.20336828130325127,0.9992673539848186,0.04335863015010422,59.18087214241917,0.018724082951737442,0.012712837289058691,0.0023001352957964134,0.013065081860889994,0.022053310818182233,0.008051930998304703,0.0036520013422801133,0.011655872548730682,0.0,0.05225,0.03225
static_tailored,87.0,0.3580733688612949,0.6419266311387051,0.0,0.023005315015698347,0.002283137632807356,0.20639549031517881,0.9992454239745716,0.04389005285761084,58.16518333284383,0.017591093691783067,0.014236635634915064,0.0022669414491239765,0.01323824276378788,0.022053310818182233,0.008051930998304703,0.0036520013422801133,0.011655872548730682,0.0,0.04975,0.028
static_tailored,88.0,0.3620476879859322,0.6379523120140678,0.0,0.025842816685792705,0.0021127126981416253,0.20923252396593978,0.9992268833338952,0.04439833762044171,57.427733183057846,0.01636534541273903,0.015829126146215233,0.002247678569373827,0.01340866769845361,0.015577163727253582,0.017921294421060018,0.002861562623225204,0.011192171163109197,1.0,0.04025,0.0275
static_tailored,89.0,0.36589794823978355,0.6341020517602165,0.0,0.028757295261788298,0.0019463213558004473,0.21178159979941916,0.9992127139365822,0.04487404477282097,56.99839849572649,0.015078371413295225,0.017449467718836785,0.0022405155654435906,0.013575059040794788,0.015577163727253582,0.017921294421060018,0.002861562623225204,0.011192171163109197,0.0,0.0475,0.0305
static_tailored,90.0,0.3696220140003263,0.6303779859996737,0.0,0.03167011805845604,0.0017851486544179455,0.21397690580413314,0.9992034154862027,0.0453089061691989,56.87896938042896,0.013766025087980166,0.019054058121602994,0.002244629496857117,0.01373623174217729,0.015577163727253582,0.017921294421060018,0.002861562623225204,0.011192171163109197,0.0,0.0445,0.0345
static_tailored,91.0,0.3732180103836138,0.6267819896163862,0.0,0.03450227467632173,0.0016302729394522455,0.2157878495314724,0.9991989509830445,0.04569621182109253,57.04546270434836,0.012464868207514853,0.020600601161516293,0.0022601727993700363,0.01389110745714299,0.015577163727253582,0.017921294421060018,0.002861562623225204,0.011192171163109197,0.0,0.0455,0.0395
static_tailored,92.0,0.376684591659509,0.623315408340491,0.0,0.037181894907378596,0.0014826724189353734,0.2172171400161882,0.9991987945925186,0.046030980686766275,57.45215928018355,0.011208513979674033,0.022051897338628477,0.0022882029732661765,0.014038707977659862,0.015577163727253582,0.017921294421060018,0.002861562623225204,0.011192171163109197,0.0,0.0485,0.0365
static_tailored,93.0,0.3800211284628135,0.6199788715371866,0.0,0.03964999017953318,0.0013432318300388643,0.21829444650848479,0.9992020632699736,0.04630987399821024,58.037025061723504,0.010024696620211904,0.02337856190342361,0.0023305896253688527,0.014178148566556371,0.015577163727253582,0.017921294421060018,0.002861562623225204,0.011192171163109197,0.0,0.04275,0.035
static_tailored,94.0,0.38322780099760256,0.6167721990023974,0.0,0.0418634650197106,0.0012127487806915561,0.2190675226284079,0.9992076883115032,0.046530872911877935,58.727989991107606,0.008933564576477331,0.02456023890340297,0.002389923828905378,0.01430863161590368,0.015577163727253582,0.017921294421060018,0.002861562623225204,0.011192171163109197,0.0,0.052,0.045
static_tailored,95.0,0.38630560463167896,0.613694395368321,0.0,0.04379528896870622,0.0010919394883164065,0.21959300236311852,0.9992145788234258,0.04669279265856548,59.44936812402569,0.007947300050179849,0.025585329980203825,0.00246945548300808,0.014429440908278829,0.015577163727253582,0.017921294421060018,0.002861562623225204,0.011192171163109197,0.0,0.04425,0.04
adaptive_decoder,0.0,0.0007303831694641939,0.9992696168305358,0.0,0.0016504110516137962,0.0010943261996927533,0.193867357680929,0.9992696168305357,0.04547217855283188,62.25797698238981,0.028481290117015196,0.003759354941987726,0.003759354941764827,0.014427054196902482,0.027728796793657313,0.003514079133974574,0.004411996862007589,0.015521380396595235,1.0,0.04925,0.02125
adaptive_decoder,1.0,0.0019079251503174553,0.9980920748496825,0.0,0.0026872168971452714,0.0009830893407695232,0.19602416931683342,0.9992562662963838,0.046262392918693274,62.202899631618614,0.028787792827848623,0.004159033286044574,0.0034287301511236267,0.014538291055825712,0.027728796793657313,0.003514079133974574,0.004411996862007589,0.015521380396595235,0.0,0.04475,0.02175
adaptive_decoder,2.0,0.0032087618584604244,0.9967912381415396,0.0,0.003598954133490256,0.0008829504868531519,0.19840521548262735,0.9992402582176657,0.046973932208513626,61.828812500198836,0.0289478477194849,0.004639055896082759,0.0031570704164531056,0.014638429909742083,0.027728796793657313,0.003514079133974574,0.004411996862007589,0.015521380396595235,0.0,0.04575,0.0235
adaptive_decoder,3.0,0.004619909459246493,0.9953800905407535,0.0,0.004396090964898734,0.0007943467790731129,0.20098510035347256,0.9992217321695767,0.04760816403026526,61.17195413867832,0.028950828656302947,0.005211682030202612,0.0029355406559825265,0.014727033617522122,0.027728796793657313,0.003514079133974574,0.004411996862007589,0.015521380396595235,0.0,0.05375,0.025
adaptive_decoder,4.0,0.006130134821720743,0.9938698651782792,0.0,0.005086624970232417,0.0007176645265850514,0.20373173783595733,0.9992009311285321,0.04816534359541416,60.276836346955214,0.028784359322713705,0.005889641327865912,0.002756496614722902,0.014803715870010184,0.027728796793657313,0.003514079133974574,0.004411996862007589,0.015521380396595235,0.0,0.04775,0.02475
adaptive_decoder,5.0,0.007729638208318734,0.9922703617916813,0.0,0.005676380970531853,0.0006532373282022164,0.20660400075231256,0.9991782465575634,0.04864483271227902,59.196384463008414,0.02843533474153467,0.006685286770073433,0.002613361475451953,0.014868143068393019,0.027728796793657313,0.003514079133974574,0.004411996862007589,0.015521380396595235,0.0,0.0495,0.02275
adaptive_decoder,6.0,0.009409658748323838,0.9905903412516761,0.0,0.006169465897299704,0.0006013443428761929,0.2095496117620716,0.9991542703639333,0.0490454587528444,57.99188849635937,0.027891489752301896,0.00760933618582356,0.002500480975201454,0.014920036053719042,0.027728796793657313,0.003514079133974574,0.004411996862007589,0.015521380396595235,0.0,0.0465,0.02375
adaptive_decoder,7.0,0.011162038895687253,0.9888379611043128,0.0,0.00773941405960697,0.0005622086861971215,0.21250400560966534,0.9991298405402481,0.04936600076969796,56.73213135414751,0.027143515790454924,0.008669201313165807,0.0024129859847942417,0.014959171710398114,0.027728796793657313,0.003514079133974574,0.004411996862007589,0.015521380396595235,0.0,0.046,0.0275
adaptive_decoder,8.0,0.012978779345631044,0.9870212206543689,0.0,0.009959444733368166,0.0005359959204749489,0.21539101873563912,0.9991060607303643,0.04960577038572263,55.491208486612784,0.02618760173329754,0.009867015751083296,0.00234668380610792,0.014985384476120286,0.02935777018470402,0.009719428450449041,0.0015850351484080847,0.011745980847308731,1.0,0.04975,0.02675
adaptive_decoder,9.0,0.014851637247975304,0.9851483627520247,0.0,0.012498264396680451,0.0005228125947850538,0.21812618727209152,0.999084270224656,0.049765220965344636,54.34487586323996,0.025028087176918665,0.01119762963168294,0.002297992579774151,0.014998567801810182,0.02935777018470402,0.009719428450449041,0.0015850351484080847,0.011745980847308731,0.0,0.052,0.0265
adaptive_decoder,10.0,0.016771839090165268,0.9832281609098348,0.0,0.015330079031595749,0.000522704778767381,0.2206230227842984,0.9990659449920537,0.0498464797423782,53.36567902138368,0.02367971101183441,0.012647000685675489,0.002263925163935657,0.014998675617827854,0.02935777018470402,0.009719428450449041,0.0015850351484080847,0.011745980847308731,0.0,0.05,0.02875
adaptive_decoder,11.0,0.018729982700839802,0.9812700172991602,0.0,0.0184072936965635,0.0005356565203574904,0.2228018448755288,0.9990525264727587,0.04985367336601925,52.61748421739349,0.022168805398437928,0.014191503162737307,0.0022421185894262088,0.014985723876237745,0.02935777018470402,0.009719428450449041,0.0015850351484080847,0.011745980847308731,0.0,0.04575,0.03075
adaptive_decoder,12.0,0.02071617932785435,0.9792838206721457,0.0,0.021661590307516597,0.0005615881437318806,0.22459974457563145,0.9990452018785759,0.04979293042624717,52.15021825973171,0.020532838802705875,0.01579860839441686,0.002230893805884716,0.014959792252863355,0.02935777018470402,0.009719428450449041,0.0015850351484080847,0.011745980847308731,0.0,0.04475,0.03
adaptive_decoder,13.0,0.022720435382423784,0.9772795646175763,0.0,0.02500848519273004,0.000600354290724284,0.22597943283535776,0.9990446878352085,0.04967200698259905,51.995576747879205,0.01881802268685935,0.017429114839960944,0.0022293214820618807,0.014921026105870951,0.02935777018470402,0.009719428450449041,0.0015850351484080847,0.011745980847308731,0.0,0.0495,0.0345
adaptive_decoder,14.0,0.024733208871586816,0.9752667911284132,0.0,0.028354903667575378,0.0006517415984793155,0.22693458157028054,0.9990510822019939,0.04949958009181782,52.16424456979113,0.017075216219648828,0.019040673101131878,0.002237267735598002,0.01486963879811592,0.02935777018470402,0.009719428450449041,0.0015850351484080847,0.011745980847308731,0.0,0.0465,0.0375
adaptive_decoder,15.0,0.0267460246276685,0.9732539753723315,0.0,0.031608337123537375,0.0007154659003883578,0.2274900534039039,0.9990638344330474,0.049284351219939154,52.64490914824728,0.015354901942002503,0.020591926009745812,0.0022554014658962627,0.014805914496206878,0.02935777018470402,0.009719428450449041,0.0015850351484080847,0.011745980847308731,0.0,0.04575,0.036
adaptive_decoder,16.0,0.028752019575503635,0.9712479804244963,0.0,0.03468560497956612,0.0007911688392184344,0.22769691935230027,0.9990818455557094,0.049034151470156204,53.40512347902896,0.013702314547799932,0.02204636542821386,0.002285160422538137,0.014730211557376801,0.013998356835489967,0.02061065295960212,0.002361578408392762,0.012493738917107176,1.0,0.0445,0.0355
adaptive_decoder,17.0,0.03074632046402112,0.9692536795359789,0.0,0.03751940176298317,0.0008784137941460421,0.22762372612543133,0.9991036637609819,0.04875522126915249,54.39389723053361,0.012153730693665701,0.023375107807654248,0.0023286898726957053,0.014642966602449193,0.013998356835489967,0.02061065295960212,0.002361578408392762,0.012493738917107176,0.0,0.04725,0.0395
adaptive_decoder,18.0,0.032726215394406635,0.9672737846055933,0.0,0.04006157844592956,0.0009766810508716525,0.2273463948307334,0.9991277137748401,0.0484517626073015,55.54571562610686,0.010734514131882358,0.024558156640345174,0.002388778584223585,0.014544699345723583,0.013998356835489967,0.02061065295960212,0.002361578408392762,0.012493738917107176,0.0,0.05025,0.0535
adaptive_decoder,19.0,0.03469113977378531,0.9653088602262146,0.0,0.0422831011872521,0.0010853621899494653,0.2269390939977357,0.9991524987961399,0.04812577111456961,56.785489973784806,0.009458966350115117,0.02558417113238415,0.002468818116707263,0.01443601820664577,0.013998356835489967,0.02061065295960212,0.002361578408392762,0.012493738917107176,0.0,0.045,0.04175
adaptive_decoder,20.0,0.036642535360170966,0.9633574646398291,0.0,0.04417142539132643,0.0012037537364491101,0.226467634184731,0.9991767366614877,0.047777086040915386,58.03378312369584,0.008331592273536435,0.026449107520372925,0.002572804377200389,0.014317626660146125,0.013998356835489967,0.02061065295960212,0.002361578408392762,0.012493738917107176,0.0,0.04375,0.03975
adaptive_decoder,21.0,0.038583651163814084,0.9614163488361859,0.0,0.04572638765548544,0.001331050206739251,0.22598587798136793,0.9991994212253377,0.04740356640244438,59.21162027114488,0.007349183767214034,0.027154246285162557,0.002705389384153416,0.014190330189855984,0.013998356835489967,0.02061065295960212,0.002361578408392762,0.012493738917107176,0.0,0.045,0.0405
adaptive_decoder,22.0,0.04051934344404611,0.9594806565559539,0.0,0.04695567156010964,0.0014663368066719761,0.22553480286765787,0.9992198221246528,0.047001307486384154,60.24434807955222,0.006503144203096953,0.027704081618727283,0.0028719803772110294,0.01405504358992326,0.013998356835489967,0.02061065295960212,0.002361578408392762,0.012493738917107176,0.0,0.0455,0.0485
adaptive_decoder,23.0,0.042455910236107466,0.9575440897638925,0.0,0.04787061544463115,0.0016085821785632778,0.2251434043935727,0.9992374459639926,0.046564838902255296,61.06431374497457,0.005781634367171565,0.028104410051462865,0.0030788747613504845,0.013912798218031958,0.013998356835489967,0.02061065295960212,0.002361578408392762,0.012493738917107176,0.0,0.0495,0.043
adaptive_decoder,24.0,0.044180264564912725,0.9558197354350872,1.0,0.001995531083473578,0.0006670919698174051,0.22483055390842735,0.9995444528180703,0.047598424053217014,104.4862660582921,0.005171311865447188,0.028360797880780476,0.0033334124226891554,0.013764748638774688,0.004274686369379073,0.0281420790178051,0.0024532256982590676,0.013097656668957283,1.0,0.04825,0.04725
adaptive_decoder,25.0,0.046019584402657375,0.9539804155973426,0.0,0.001910209815448401,0.0005145212518631089,0.2246070805436215,0.9996428495684277,0.04544108921874656,127.23235141759568,0.004658595740629588,0.028477485304477964,0.0036441198557840915,0.013612177920820392,0.004274686369379073,0.0281420790178051,0.0024532256982590676,0.013097656668957283,0.0,0.04825,0.0475
adaptive_decoder,26.0,0.048007238210744124,0.9519927617892558,0.0,0.0019264194157029013,0.00035884400677335844,0.22447758121427827,0.9996462738168906,0.0448533542475696,126.80247148598137,0.00423049030859634,0.02845671677669016,0.004020811294294178,0.013456500675730641,0.004274686369379073,0.0281420790178051,0.0024532256982590676,0.013097656668957283,0.0,0.047,0.04775
adaptive_decoder,27.0,0.050126520222649226,0.9498734797773508,0.0,0.0025773962082623557,0.0002016060986211217,0.22444168109056448,0.9996444228338367,0.044797193895470294,125.98445051698536,0.00387505128835957,0.02829846638211635,0.004474599461190672,0.013299262767578405,0.004274686369379073,0.0281420790178051,0.0024532256982590676,0.013097656668957283,0.0,0.047,0.04575
adaptive_decoder,28.0,0.05236649317827974,0.9476335068217203,0.0,0.0033991653351569512,4.447983253245795e-05,0.2244946386476239,0.9996374059577854,0.04489881656319308,123.82668035294984,0.003581589286577117,0.028000538222896255,0.005017753155705217,0.01314213650148974,0.004274686369379073,0.0281420790178051,0.0024532256982590676,0.013097656668957283,0.0,0.045,0.04375
adaptive_decoder,29.0,0.05472112677863723,0.9452788732213627,0.0,0.004727118913381156,0.00011074662934262673,0.22462732586645087,0.9996253851002969,0.04495948883200299,120.01521794149306,0.0033406974421031225,0.02755904719132622,0.00566332385788539,0.012986910039614656,0.004274686369379073,0.0281420790178051,0.0024532256982590676,0.013097656668957283,0.0,0.045,0.03725
adaptive_decoder,30.0,0.05718829925570111,0.9428117007442989,0.0,0.006274513849728547,0.00026218684913970405,0.22482574701535488,0.9996086130422945,0.04498965607301921,114.94929809816482,0.0031441740316305324,0.02696930771302021,0.006424455905454183,0.012835469819817579,0.004274686369379073,0.0281420790178051,0.0024532256982590676,0.013097656668957283,0.0,0.04375,0.0475
adaptive_decoder,31.0,0.05976871604993032,0.9402312839500697,0.0,0.00806479195503053,0.00040788177964550497,0.22507041780544432,0.9995874856635596,0.04499950928312386,109.08592819203685,0.002984894412178174,0.026227159601024466,0.007313306279308064,0.012689774889311778,0.004274686369379073,0.0281420790178051,0.0024532256982590676,0.013097656668957283,0.0,0.04325,0.042
adaptive_decoder,32.0,0.062464739912982584,0.9375352600870174,0.0,0.01011568913555305,0.0005458343369549572,0.2253361148573524,0.9995625971083713,0.04499922873889362,102.87821502809707,0.00285667295034177,0.025330723502645085,0.008339545899614798,0.012551822332002326,0.002933623358027441,0.022651593924308305,0.007746564207621756,0.011431550087396684,1.0,0.0405,0.0425
adaptive_decoder,33.0,0.06527915986001115,0.9347208401399889,0.0,0.01243541317302927,0.0006740532927862735,0.22559268013769349,0.9995347807854474,0.04499918024422046,96.72683078556848,0.0027541447757515694,0.024282489993179977,0.009508508253035711,0.01242360337617101,0.002933623358027441,0.022651593924308305,0.007746564207621756,0.011431550087396684,0.0,0.03675,0.05075
adaptive_decoder,34.0,0.06821398129247999,0.93178601870752,0.0,0.015018539293099823,0.0007906063501111806,0.22580762280566116,0.9995051141082278,0.04501002024852732,90.95029985063658,0.0026726877712211295,0.023091506782564955,0.0108191941579608,0.012307050318846102,0.002933623358027441,0.022651593924308305,0.007746564207621756,0.011431550087396684,0.0,0.03675,0.0455
adaptive_decoder,35.0,0.0712693824632788,0.9287306175367211,0.0,0.017842384815843562,0.0008936815879596431,0.22595105762052337,0.9994748652371883,0.04504267355214929,85.77355136609324,0.0026083950523989583,0.021775266700338844,0.012262506879656257,0.01220397508099764,0.002933623358027441,0.022651593924308305,0.007746564207621756,0.011431550087396684,0.0,0.0365,0.045
adaptive_decoder,36.0,0.074443028275317,0.925556971724683,0.0,0.020864878489856194,0.0009816556855135206,0.22600294443763275,0.9994453703566252,0.04510816586410167,81.33024695475379,0.00255809592988659,0.020360780967414407,0.013820215698232082,0.012116000983443762,0.002933623358027441,0.022651593924308305,0.007746564207621756,0.011431550087396684,0.0,0.03325,0.04325
adaptive_decoder,37.0,0.07772992873477538,0.9222700712652246,0.0,0.024024931848668923,0.0010531665091139814,0.22596168928326985,0.9994178515248671,0.045217323073357685,77.673179618021,0.0025194097953144057,0.018884337256706765,0.015465139211764987,0.012044490159843301,0.002933623358027441,0.022651593924308305,0.007746564207621756,0.011431550087396684,0.0,0.04075,0.04375
adaptive_decoder,38.0,0.08112295230386679,0.9188770476961332,0.0,0.027245908626501024,0.001107186831621955,0.22585221576421624,0.9993932120615896,0.04538038070640863,74.78787535772588,0.0024908061622917,0.01738965756696774,0.017162832666835357,0.011990469837335328,0.002933623358027441,0.022651593924308305,0.007746564207621756,0.011431550087396684,0.0,0.034,0.04575
adaptive_decoder,39.0,0.08461395929175361,0.9153860407082464,0.0,0.030441999957181227,0.0011430952271939219,0.22573108097420408,0.9993718657014321,0.045606564404214164,72.60639087563621,0.002471640441792019,0.01592456948471922,0.01887467019476736,0.011954561441763361,0.002933623358027441,0.022651593924308305,0.007746564207621756,0.011431550087396684,0.0,0.03075,0.04775
adaptive_decoder,40.0,0.08855685990326989,0.9114431400967301,1.0,0.0023671398154353597,0.00028138810219205043,0.22568649516839218,0.9990898789990057,0.04742243441986925,52.10563690768648,0.002462142484583575,0.01453675263053994,0.020561763461632524,0.011936917040637127,0.0017839142039045304,0.013445325637216963,0.021159248003065862,0.012218305142829178,1.0,0.0275,0.04525
adaptive_decoder,41.0,0.0900715569934507,0.9099284430065493,0.0,0.0018849495431461354,0.0002811372014208339,0.22583224976824368,0.9991855587587458,0.04615772914245957,56.67410588316956,0.0024633520066313953,0.013269419852719995,0.022188853958988165,0.011937167941408344,0.0017839142039045304,0.013445325637216963,0.021159248003065862,0.012218305142829178,0.0,0.025,0.0415
adaptive_decoder,42.0,0.0916006070018219,0.9083993929981781,0.0,0.004548698579388885,0.0002639148995068827,0.22629614496619227,0.9991839766134243,0.04659448480666108,57.09944785061353,0.0024770148299320597,0.012157791074768647,0.023727311393978903,0.011954390243322295,0.0017839142039045304,0.013445325637216963,0.021159248003065862,0.012218305142829178,0.0,0.02775,0.049
adaptive_decoder,43.0,0.0931487951154753,0.9068512048845248,0.0,0.006937380031191274,0.00023121339756688487,0.227204894695916,0.9991801636180333,0.04711471111081602,57.46843168607976,0.002505467769706029,0.011226920168835782,0.025156669000074457,0.011987091745262293,0.0017839142039045304,0.013445325637216963,0.021159248003065862,0.012218305142829178,0.0,0.023,0.04625
adaptive_decoder,44.0,0.09472258302909656,0.9052774169709035,0.0,0.009027289230693946,0.00018508132796751266,0.22866820080555697,0.9991727046748051,0.047716808018245085,57.67808249974696,0.0025515427431197055,0.010490995583549878,0.026464578640877548,0.012033223814861665,0.0017839142039045304,0.013445325637216963,0.021159248003065862,0.012218305142829178,0.0,0.02475,0.05125
adaptive_decoder,45.0,0.09632960492674114,0.9036703950732589,0.0,0.010812296160773255,0.00012808450680119876,0.2307646418965233,0.9991604521155351,0.04839541539424039,57.644615976947655,0.0026185130079978006,0.009953853538460065,0.02764547326098895,0.012090220636027979,0.0017839142039045304,0.013445325637216963,0.021159248003065862,0.012218305142829178,0.0,0.027,0.04825
adaptive_decoder,46.0,0.09797827424848433,0.9020217257515156,0.0,0.012300454569510734,6.323842047408802e-05,0.2335314120073224,0.9991426261640561,0.04914074229592297,57.31542092350531,0.0027100914211972264,0.009610247212398797,0.028698446930465735,0.01215506672235509,0.0017839142039045304,0.013445325637216963,0.021159248003065862,0.012218305142829178,0.0,0.025,0.05125
adaptive_decoder,47.0,0.09967739549869609,0.900322604501304,0.0,0.013510107391223106,6.086658572740378e-06,0.23695902408582095,0.9991188607274016,0.04993792019582102,56.67426449914175,0.002830477760471472,0.009447418302292504,0.029624884502797568,0.012224391801401918,0.0017839142039045304,0.013445325637216963,0.021159248003065862,0.012218305142829178,0.0,0.0255,0.04875
adaptive_decoder,48.0,0.1014358128179923,0.8985641871820077,0.0,0.01446621855006529,7.628512027285997e-05,0.24099107653109147,0.9990892094300905,0.05076648553882947,55.73892310267734,0.0029844425705391536,0.009446647174636844,0.03042625972391641,0.012294590263102038,0.0031886584093246003,0.007433003058838792,0.031223350967950304,0.012558399325435031,1.0,0.028,0.0475
adaptive_decoder,49.0,0.10326211539853963,0.8967378846014604,0.0,0.015197329341001407,0.00014365533143446615,0.24552828822854939,0.9990541271841009,0.0516001012027118,54.55289583902898,0.003177428773036918,0.009584623650033087,0.031102360787751006,0.012361960474263644,0.0031886584093246003,0.007433003058838792,0.031223350967950304,0.012558399325435031,0.0,0.02425,0.052
adaptive_decoder,50.0,0.10516440927344628,0.8948355907265537,0.0,0.01573325479337953,0.0002045524102185052,0.25043546581457704,0.9990144378452741,0.05240661516080861,53.17433802577779,0.0034156476506276992,0.009834617147754493,0.03165006086025975,0.012422857553047683,0.0031886584093246003,0.007433003058838792,0.031223350967950304,0.012558399325435031,0.0,0.0245,0.053
adaptive_decoder,51.0,0.10715015698953043,0.8928498430104695,0.0,0.016103455219299866,0.00025554669004930475,0.2555499866207037,0.9989712928578344,0.05314853401440696,51.66536892367528,0.0037061406259409624,0.010167505472802065,0.0320626566359144,0.012473851832878483,0.0031886584093246003,0.007433003058838792,0.031223350967950304,0.012558399325435031,0.0,0.02475,0.05325
adaptive_decoder,52.0,0.10922607887826855,0.8907739211217315,0.0,0.016335938361496164,0.00029357922284480725,0.26069066390440465,0.9989261218087283,0.053783964390581626,50.08385944302521,0.004056771078286657,0.010552747616546124,0.03232975146950906,0.012511884365673985,0.0031886584093246003,0.007433003058838792,0.031223350967950304,0.012558399325435031,0.0,0.028,0.05275
adaptive_decoder,53.0,0.11139810003969311,0.8886018999603069,0.0,0.016456540201683873,0.00031610538283319625,0.26566628041486656,0.9988805743256735,0.054268050119131724,48.47847549305114,0.00447610127425418,0.01095937292589585,0.032437648423078974,0.012534410525662374,0.0031886584093246003,0.007433003058838792,0.031223350967950304,0.012558399325435031,0.0,0.0225,0.048
adaptive_decoder,54.0,0.11367131530939933,0.8863286846906007,0.0,0.016488465621543734,0.0003212179922949931,0.27028344065306176,0.9988364533393185,0.05455490895933593,46.88673931424585,0.00497310036089337,0.011357024767308304,0.0323702265977121,0.012539523135124171,0.0031886584093246003,0.007433003058838792,0.031223350967950304,0.012558399325435031,0.0,0.02875,0.05225
adaptive_decoder,55.0,0.11604993228762102,0.8839500677123789,0.0,0.01645201786161617,0.0003077424001170781,0.27435363563534254,0.9987956412816904,0.054600047506527895,45.33536950117572,0.005556625015785322,0.011717056318266344,0.03211028573385062,0.012526047542946256,0.0031886584093246003,0.007433003058838792,0.031223350967950304,0.012558399325435031,0.0,0.031,0.051
adaptive_decoder,56.0,0.11853714440519748,0.8814628555948025,0.0,0.016364490126621237,0.00027529754410588955,0.2776995706513711,0.9987600219564897,0.05436320035120208,43.84206691055923,0.006234622688550082,0.012013639860988709,0.031641343868813294,0.012493602686935067,0.00590706753228016,0.011479988774609136,0.036946943815343344,0.011330269289900316,1.0,0.03175,0.052
adaptive_decoder,57.0,0.12113488839856876,0.8788651116014312,0.0,0.016240221942692697,0.0002243191035577706,0.2801609346179478,0.9987314004471514,0.05381148863683968,42.418025858519435,0.007013038897172058,0.012224825262775598,0.03094984487804967,0.012442624246386948,0.00590706753228016,0.011479988774609136,0.036946943815343344,0.011330269289900316,0.0,0.03025,0.0515
adaptive_decoder,58.0,0.12384346012763518,0.8761565398723649,0.0,0.016090829579238207,0.00015604323848598597,0.28159990973451476,0.9987114211646486,0.05292271173502699,41.07060451648303,0.007894474607731131,0.012333471036486382,0.03002766257774689,0.012374348381315164,0.00590706753228016,0.011479988774609136,0.036946943815343344,0.011330269289900316,0.0,0.03125,0.051
adaptive_decoder,59.0,0.12666100305390807,0.873338996946092,0.0,0.0159256010568631,7.245192411807835e-05,0.2819067885880111,0.9987014810069691,0.05168846946960254,39.80570923260443,0.008876739347503384,0.012327972396544843,0.02887467067565799,0.012290757066947256,0.00590706753228016,0.011479988774609136,0.036946943815343344,0.011330269289900316,0.0,0.034,0.04825
adaptive_decoder,60.0,0.1295829411831902,0.8704170588168099,0.0,0.01575200580216838,2.381668033819319e-05,0.2810059858627628,0.9987026332263941,0.05011667861023717,38.62953763718028,0.009951564182095437,0.012202722664952563,0.027501000854778936,0.012194488462490985,0.00590706753228016,0.011479988774609136,0.036946943815343344,0.011330269289900316,0.0,0.03175,0.0505
adaptive_decoder,61.0,0.1326014882724004,0.8673985117275996,0.0,0.015576220543452266,0.00012958723714818522,0.278862407196863,0.9987154812865571,0.04823294743816396,37.54943149787516,0.011103833634201764,0.011958263502948444,0.025928486981952374,0.012088717905680993,0.00590706753228016,0.011479988774609136,0.036946943815343344,0.011330269289900316,0.0,0.03925,0.04825
adaptive_decoder,62.0,0.1357054031393342,0.8642945968606658,0.0,0.015403540041498891,0.00024128831224622636,0.27548756430208465,0.9987400723400075,0.04664246037408701,37.019951109228515,0.012311703883876104,0.011601102125036346,0.024190774852412562,0.011977016830582951,0.00590706753228016,0.011479988774609136,0.036946943815343344,0.011330269289900316,0.0,0.0355,0.04425
adaptive_decoder,63.0,0.13888015136711598,0.861119848632884,0.0,0.015238549436156771,0.00035510710251208596,0.2709441753740839,0.9987758139672382,0.045956027105466556,37.5400681559731,0.01354784086061333,0.011143197845132943,0.022331742990429813,0.011863198040317092,0.00590706753228016,0.011479988774609136,0.036946943815343344,0.011330269289900316,0.0,0.03575,0.041
adaptive_decoder,64.0,0.14235116037004544,0.8576488396299545,1.0,0.002931314830052061,2.1221973279387726e-05,0.26534760167532806,0.9985852698576122,0.05787452738598251,40.90852781881156,0.014781734384414985,0.010601145944983684,0.0204022450305223,0.011751156258092239,0.013919037929535732,0.010738703383788364,0.018471184094154172,0.011729934284812851,1.0,0.0425,0.041
adaptive_decoder,65.0,0.1437625096927129,0.8562374903072871,0.0,0.0028227920844812234,8.52215667448454e-05,0.25886268435018456,0.9987649415870405,0.05542881497016453,44.87950884634324,0.015982706724731566,0.009995114398055898,0.01845564979060125,0.011644712718068006,0.013919037929535732,0.010738703383788364,0.018471184094154172,0.011729934284812851,0.0,0.03875,0.03625
adaptive_decoder,66.0,0.14513395273747648,0.8548660472625236,0.0,0.006523184369750757,0.0001824624958545809,0.25169544621011225,0.9988324027908623,0.054558134407666575,46.726845508613245,0.017122982074603634,0.009347616747109938,0.016543030506149744,0.01154747178895827,0.013919037929535732,0.010738703383788364,0.018471184094154172,0.011729934284812851,0.0,0.0395,0.039
adaptive_decoder,67.0,0.1464310441435524,0.8535689558564477,0.0,0.010079809656720189,0.0002672379395127836,0.24408040534184766,0.9989029188018315,0.053709275771867036,48.95651831562613,0.018180145553230723,0.008682227104561721,0.014708958340355618,0.011462696345300068,0.013919037929535732,0.010738703383788364,0.018471184094154172,0.011729934284812851,0.0,0.03875,0.0345
adaptive_decoder,68.0,0.1476560820647868,0.8523439179352132,0.0,0.013418382243949348,0.00033672733545870095,0.23626535295587864,0.9989736827179447,0.052903918409519815,51.54733271525575,0.01913852023688587,0.008022353563947822,0.012988633977395506,0.01139320694935415,0.013919037929535732,0.010738703383788364,0.018471184094154172,0.011729934284812851,0.0,0.04125,0.03225
adaptive_decoder,69.0,0.14881289722016894,0.851187102779831,0.0,0.01648334206176287,0.0003886262462207239,0.22849591149875934,0.9990421368207109,0.05215942267083897,54.4539385150476,0.01998932926368493,0.007390179224743545,0.011406657525585322,0.011341308038592127,0.013919037929535732,0.010738703383788364,0.018471184094154172,0.011729934284812851,0.0,0.03525,0.03175
adaptive_decoder,70.0,0.1499071520547941,0.8500928479452059,0.0,0.019237533073061447,0.0004211918915009473,0.22100190987261142,0.9991061263151738,0.05148829637000056,57.60131128595929,0.020729831951719825,0.006805856007461777,0.009977292419603408,0.011308742393311904,0.013919037929535732,0.010738703383788364,0.018471184094154172,0.011729934284812851,0.0,0.0365,0.025
adaptive_decoder,71.0,0.15094588174549167,0.8490541182545084,0.0,0.021659871010630178,0.00043326094530151023,0.21398684960923364,0.9991639728427234,0.050898036374254475,60.88084092872952,0.02136181142095983,0.006287001300981265,0.008705788657755193,0.011296673339511341,0.013919037929535732,0.010738703383788364,0.018471184094154172,0.011729934284812851,0.0,0.043,0.02375
adaptive_decoder,72.0,0.15193706413552557,0.8480629358644745,0.0,0.023741910875657718,0.0004242417314103391,0.20762088251358876,0.9992144763132514,0.05039124226649916,64.14986984680093,0.02188981887860036,0.005848509270550971,0.007590248280798474,0.011305692553402512,0.025035203078054635,0.0053950721574223945,0.006232488882015315,0.01174455095041746,1.0,0.037,0.02
adaptive_decoder,73.0,0.15288924171956444,0.8471107582804356,0.0,0.025484094061965196,0.0003940842127583954,0.20203707287511655,0.9992568657204469,0.04996589968812577,67.23670413666706,0.02231949296040275,0.005502654052306521,0.00662359439453784,0.011335850072054456,0.025035203078054635,0.0053950721574223945,0.006232488882015315,0.01174455095041746,0.0,0.0365,0.02125
adaptive_decoder,74.0,0.15381121530587546,0.8461887846941245,0.0,0.026892201892200263,0.00034323204777074803,0.19733038248540857,0.9992907222621874,0.04961575242557949,69.95250207428447,0.022656143109934457,0.005259434581155891,0.005795356184985108,0.011386702237042103,0.025035203078054635,0.0053950721574223945,0.006232488882015315,0.01174455095041746,0.0,0.03975,0.0175
adaptive_decoder,75.0,0.154711813404235,0.845288186595765,0.0,0.027974297607277564,0.0002725614622322223,0.1935587472582643,0.9993158946205354,0.04933071055170052,72.10981236590611,0.022903670628219578,0.005127090882058244,0.005093131687290578,0.011457372822580629,0.025035203078054635,0.0053950721574223945,0.006232488882015315,0.01174455095041746,0.0,0.04,0.021
adaptive_decoder,76.0,0.15559973070092323,0.8444002692990767,0.0,0.028738269580613693,0.00018331177660954948,0.19074568695621533,0.9993324205690131,0.04909726963218693,73.5452102824709,0.023063826805359185,0.005112707773858529,0.00450369899929377,0.011546622508203302,0.025035203078054635,0.0053950721574223945,0.006232488882015315,0.01174455095041746,0.0,0.03825,0.02225
adaptive_decoder,77.0,0.15648342233967413,0.8435165776603258,0.0,0.029190006501956273,7.7012184072002e-05,0.18888397075494578,0.9993404638355858,0.04889894168089044,74.14141076604203,0.02313577716363311,0.0052228118492158235,0.004013808360867819,0.01165292210074085,0.025035203078054635,0.0053950721574223945,0.006232488882015315,0.01174455095041746,0.0,0.04175,0.01725
adaptive_decoder,78.0,0.15737103683461118,0.8426289631653888,0.0,0.029332222041795367,4.459113749942685e-05,0.18793986333228507,0.9993402714428735,0.04871672345787087,73.84358753554908,0.02311594434615753,0.005463859470426694,0.003610712382342273,0.011774525422312278,0.025035203078054635,0.0053950721574223945,0.006232488882015315,0.01174455095041746,0.0,0.036,0.0165
adaptive_decoder,79.0,0.15827036814842135,0.8417296318515787,0.0,0.029163974031709953,0.0001796041949876856,0.1878574066452633,0.9993321544716152,0.048529652674354364,72.66598429089109,0.02299812600644955,0.005842507086306652,0.003282494436839749,0.011909538479800537,0.025035203078054635,0.0053950721574223945,0.006232488882015315,0.01174455095041746,0.0,0.042,0.0175
adaptive_decoder,80.0,0.15922231576636606,0.840777684233634,1.0,0.00304073515551237,0.00040010978526352527,0.18856215953603053,0.9993044325577045,0.041875058403456115,60.2027292497498,0.02277391479869577,0.006365553084638275,0.0030182480809477067,0.012055982333994207,0.022053310818182233,0.008051930998304703,0.0036520013422801133,0.011655872548730682,1.0,0.042,0.0185
adaptive_decoder,81.0,0.16017676576482018,0.8398232342351798,0.0,0.0022364926563071723,0.0005559753671071279,0.1899639551375152,0.9993791005024236,0.04070395103943989,65.55642450722532,0.022433471820408918,0.00703944963522114,0.0028081510512831887,0.01221184791583781,0.022053310818182233,0.008051930998304703,0.0036520013422801133,0.011655872548730682,0.0,0.044,0.02325
adaptive_decoder,82.0,0.16119081676453087,0.8388091832354692,0.0,0.0012777505674597726,0.0007192692784360744,0.19195859897904796,0.9993610461940281,0.04120298603559288,64.48507802988975,0.021966707599430455,0.007869315431534404,0.0026434695603424186,0.012375141827166756,0.022053310818182233,0.008051930998304703,0.0036520013422801133,0.011655872548730682,0.0,0.04075,0.02775
adaptive_decoder,83.0,0.162262225601984,0.837737774398016,0.0,0.002629419344493839,0.0008880503146428409,0.19442894249939685,0.9993396049300834,0.041726761019565656,63.184543495817174,0.021364889325666832,0.008857450601235706,0.002516523093232679,0.012543922863373523,0.022053310818182233,0.008051930998304703,0.0036520013422801133,0.011655872548730682,0.0,0.03925,0.0265
adaptive_decoder,84.0,0.1633886799879884,0.8366113200120116,0.0,0.004611613374761657,0.0010604570233757812,0.19724625107782878,0.9993159249251876,0.042266908275596246,61.78694390698042,0.020622605858673326,0.010001473809532101,0.002420635738254762,0.012716329572106463,0.022053310818182233,0.008051930998304703,0.0036520013422801133,0.011655872548730682,0.0,0.043,0.0235
adaptive_decoder,85.0,0.16456753159417759,0.8354324684058224,0.0,0.006855764457610066,0.001234727049712555,0.20027302928358331,0.9992913493610612,0.042814170116186455,60.41647006810343,0.019739883348473944,0.011292362058388673,0.0023500954144623065,0.012890599598443237,0.022053310818182233,0.008051930998304703,0.0036520013422801133,0.011655872548730682,0.0,0.04175,0.026
adaptive_decoder,86.0,0.16579551728146813,0.8342044827185319,0.0,0.00934200020368248,0.001409209312159312,0.20336828130325127,0.9992673539848186,0.04335863015010422,59.18087214241917,0.018724082951737442,0.012712837289058691,0.0023001352957964134,0.013065081860889994,0.022053310818182233,0.008051930998304703,0.0036520013422801133,0.011655872548730682,0.0,0.05225,0.03225
adaptive_decoder,87.0,0.1670686010132998,0.8329313989867002,0.0,0.012031981656165664,0.0015823702150571974,0.20639549031517881,0.9992454239745716,0.04389005285761084,58.16518333284383,0.017591093691783067,0.014236635634915064,0.0022669414491239765,0.01323824276378788,0.022053310818182233,0.008051930998304703,0.0036520013422801133,0.011655872548730682,0.0,0.04975,0.028
adaptive_decoder,88.0,0.16838197366987567,0.8316180263301243,0.0,0.014869483326260018,0.0017527951497229282,0.20923252396593978,0.9992268833338952,0.04439833762044171,57.427733183057846,0.01636534541273903,0.015829126146215233,0.002247678569373827,0.01340866769845361,0.015577163727253582,0.017921294421060018,0.002861562623225204,0.011192171163109197,1.0,0.04025,0.0275
adaptive_decoder,89.0,0.16973022201135424,0.8302697779886458,0.0,0.01778396190225561,0.0019191864920641063,0.21178159979941916,0.9992127139365822,0.04487404477282097,56.99839849572649,0.015078371413295225,0.017449467718836785,0.0022405155654435906,0.013575059040794788,0.015577163727253582,0.017921294421060018,0.002861562623225204,0.011192171163109197,0.0,0.0475,0.0305
adaptive_decoder,90.0,0.17110764064719297,0.828892359352807,0.0,0.020696784698923356,0.002080359193446608,0.21397690580413314,0.9992034154862027,0.0453089061691989,56.87896938042896,0.013766025087980166,0.019054058121602994,0.002244629496857117,0.01373623174217729,0.015577163727253582,0.017921294421060018,0.002861562623225204,0.011192171163109197,0.0,0.0445,0.0345
adaptive_decoder,91.0,0.1725086258870978,0.8274913741129022,0.0,0.023528941316789044,0.002235234908412308,0.2157878495314724,0.9991989509830445,0.04569621182109253,57.04546270434836,0.012464868207514853,0.020600601161516293,0.0022601727993700363,0.01389110745714299,0.015577163727253582,0.017921294421060018,0.002861562623225204,0.011192171163109197,0.0,0.0455,0.0395
adaptive_decoder,92.0,0.17392807367840757,0.8260719263215924,0.0,0.026208561547845913,0.00238283542892918,0.2172171400161882,0.9991987945925186,0.046030980686766275,57.45215928018355,0.011208513979674033,0.022051897338628477,0.0022882029732661765,0.014038707977659862,0.015577163727253582,0.017921294421060018,0.002861562623225204,0.011192171163109197,0.0,0.0485,0.0365
adaptive_decoder,93.0,0.17536171272621903,0.824638287273781,0.0,0.028676656820000496,0.0025222760178256892,0.21829444650848479,0.9992020632699736,0.04630987399821024,58.037025061723504,0.010024696620211904,0.02337856190342361,0.0023305896253688527,0.014178148566556371,0.015577163727253582,0.017921294421060018,0.002861562623225204,0.011192171163109197,0.0,0.04275,0.035
adaptive_decoder,94.0,0.1768063326070696,0.8231936673929304,0.0,0.030890131660177903,0.0026527590671729974,0.2190675226284079,0.9992076883115032,0.046530872911877935,58.727989991107606,0.008933564576477331,0.02456023890340297,0.002389923828905378,0.01430863161590368,0.015577163727253582,0.017921294421060018,0.002861562623225204,0.011192171163109197,0.0,0.052,0.045
adaptive_decoder,95.0,0.17825990104919637,0.8217400989508037,0.0,0.032821955609173545,0.002773568359548147,0.21959300236311852,0.9992145788234258,0.04669279265856548,59.44936812402569,0.007947300050179849,0.025585329980203825,0.00246945548300808,0.014429440908278829,0.015577163727253582,0.017921294421060018,0.002861562623225204,0.011192171163109197,0.0,0.04425,0.04
overactive_decoder,0.0,0.0008310446365757679,0.9991689553634242,1.0,0.0016504110516137962,0.0010943261996927533,0.193867357680929,0.999168955363424,0.04708835247462016,56.661640545119994,0.028481290117015196,0.003759354941987726,0.003759354941764827,0.014427054196902482,0.027728796793657313,0.003514079133974574,0.004411996862007589,0.015521380396595235,1.0,0.04925,0.02125
overactive_decoder,1.0,0.0021736653985698854,0.9978263346014301,1.0,0.0026872168971452714,0.0009830893407695232,0.19602416931683342,0.9991547260676751,0.04787624166206451,56.639912614341824,0.028787792827848623,0.004159033286044574,0.0034287301511236267,0.014538291055825712,0.027728796793657313,0.003514079133974574,0.004411996862007589,0.015521380396595235,0.0,0.04475,0.02175
overactive_decoder,2.0,0.0036772442159017336,0.9963227557840982,1.0,0.003598954133490256,0.0008829504868531519,0.19840521548262735,0.9991378949074524,0.048585648285116884,56.3569902383279,0.0289478477194849,0.004639055896082759,0.0031570704164531056,0.014638429909742083,0.027728796793657313,0.003514079133974574,0.004411996862007589,0.015521380396595235,0.0,0.04575,0.0235
overactive_decoder,3.0,0.005326356913750336,0.9946736430862496,1.0,0.004396090964898734,0.0007943467790731129,0.20098510035347256,0.9991186145351256,0.04921795081846502,55.84157304600003,0.028950828656302947,0.005211682030202612,0.0029355406559825265,0.014727033617522122,0.027728796793657313,0.003514079133974574,0.004411996862007589,0.015521380396595235,0.0,0.05375,0.025
overactive_decoder,4.0,0.007107338326702137,0.9928926616732978,1.0,0.005086624970232417,0.0007176645265850514,0.20373173783595733,0.9990971404698055,0.049773416994247144,55.128638874225324,0.028784359322713705,0.005889641327865912,0.002756496614722902,0.014803715870010184,0.027728796793657313,0.003514079133974574,0.004411996862007589,0.015521380396595235,0.0,0.04775,0.02475
overactive_decoder,5.0,0.00900796598709999,0.9909920340129,1.0,0.005676380970531853,0.0006532373282022164,0.20660400075231256,0.999073875846515,0.05025142214615235,54.25991964150256,0.02843533474153467,0.006685286770073433,0.002613361475451953,0.014868143068393019,0.027728796793657313,0.003514079133974574,0.004411996862007589,0.015521380396595235,0.0,0.0495,0.02275
overactive_decoder,6.0,0.01101706625968401,0.988982933740316,1.0,0.006169465897299704,0.0006013443428761929,0.2095496117620716,0.9990494227994402,0.050650807049251345,53.28426457043454,0.027891489752301896,0.00760933618582356,0.002500480975201454,0.014920036053719042,0.027728796793657313,0.003514079133974574,0.004411996862007589,0.015521380396595235,0.0,0.0465,0.02375
overactive_decoder,7.0,0.013124085550238206,0.9868759144497617,1.0,0.00773941405960697,0.0005622086861971215,0.21250400560966534,0.9990246273097216,0.05097036245075856,52.25731964692592,0.027143515790454924,0.008669201313165807,0.0024129859847942417,0.014959171710398114,0.027728796793657313,0.003514079133974574,0.004411996862007589,0.015521380396595235,0.0,0.046,0.0275
overactive_decoder,8.0,0.015318659961515364,0.9846813400384846,1.0,0.004079404409740573,0.003239403628811555,0.21539101873563912,0.9990005978506534,0.05120940802863223,51.24004192117642,0.02618760173329754,0.009867015751083296,0.00234668380610792,0.014985384476120286,0.02935777018470402,0.009719428450449041,0.0015850351484080847,0.011745980847308731,1.0,0.04975,0.02675
overactive_decoder,9.0,0.017590236921284124,0.9824097630787159,1.0,0.006520841620385321,0.00325258695450145,0.21812618727209152,0.9989786745132224,0.051368399542578005,50.29581676714271,0.025028087176918665,0.01119762963168294,0.002297992579774151,0.014998567801810182,0.02935777018470402,0.009719428450449041,0.0015850351484080847,0.011745980847308731,0.0,0.052,0.0265
overactive_decoder,10.0,0.019927818921027896,0.9800721810789721,1.0,0.00928452142362363,0.003252694770519123,0.2206230227842984,0.998960329466922,0.05144945925469605,49.48631092042111,0.02367971101183441,0.012647000685675489,0.002263925163935657,0.014998675617827854,0.02935777018470402,0.009719428450449041,0.0015850351484080847,0.011745980847308731,0.0,0.05,0.02875
overactive_decoder,11.0,0.022319900206630994,0.977680099793369,1.0,0.012318122939572483,0.0032397430289290135,0.2228018448755288,0.9989469957308983,0.05145670055975114,48.86656404883099,0.022168805398437928,0.014191503162737307,0.0022421185894262088,0.014985723876237745,0.02935777018470402,0.009719428450449041,0.0015850351484080847,0.011745980847308731,0.0,0.04575,0.03075
overactive_decoder,12.0,0.024754641689356194,0.9752453583106439,1.0,0.015549969983442595,0.0032138114055546233,0.22459974457563145,0.9989398481529754,0.0513962307892609,48.48006531659583,0.020532838802705875,0.01579860839441686,0.002230893805884716,0.014959792252863355,0.02935777018470402,0.009719428450449041,0.0015850351484080847,0.011745980847308731,0.0,0.04475,0.03
overactive_decoder,13.0,0.027220277180125596,0.9727797228198745,1.0,0.01889372022101037,0.00317504525856222,0.22597943283535776,0.9989395883842042,0.051275778357129535,48.3545989060549,0.01881802268685935,0.017429114839960944,0.0022293214820618807,0.014921026105870951,0.02935777018470402,0.009719428450449041,0.0015850351484080847,0.011745980847308731,0.0,0.0495,0.0345
overactive_decoder,14.0,0.02970568061835487,0.9702943193816451,1.0,0.022256031202927948,0.0031236579508071884,0.22693458157028054,0.9989462984166483,0.05110398901027055,48.49948962562429,0.017075216219648828,0.019040673101131878,0.002237267735598002,0.01486963879811592,0.02935777018470402,0.009719428450449041,0.0015850351484080847,0.011745980847308731,0.0,0.0465,0.0375
overactive_decoder,15.0,0.03220097596650823,0.9677990240334917,1.0,0.025545732119486467,0.003059933648898146,0.2274900534039039,0.9989594126449169,0.05088953250159248,48.90462319478278,0.015354901942002503,0.020591926009745812,0.0022554014658962627,0.014805914496206878,0.02935777018470402,0.009719428450449041,0.0015850351484080847,0.011745980847308731,0.0,0.04575,0.036
overactive_decoder,16.0,0.034698062195317195,0.9653019378046828,1.0,0.0018081727421563982,0.0022364726402696253,0.22769691935230027,0.9989778191479867,0.05064021091178747,49.5413417420648,0.013702314547799932,0.02204636542821386,0.002285160422538137,0.014730211557376801,0.013998356835489967,0.02061065295960212,0.002361578408392762,0.012493738917107176,1.0,0.0445,0.0355
overactive_decoder,17.0,0.03719095988336163,0.9628090401166384,1.0,0.00464196952557345,0.0021492276853420176,0.22762372612543133,0.9990000559737654,0.050362240678421426,50.36505980046303,0.012153730693665701,0.023375107807654248,0.0023286898726957053,0.014642966602449193,0.013998356835489967,0.02061065295960212,0.002361578408392762,0.012493738917107176,0.0,0.04725,0.0395
overactive_decoder,18.0,0.03967594609839273,0.9603240539016072,1.0,0.0072385465601814865,0.0020509604286164072,0.2273463948307334,0.9990245405977565,0.05005980614231953,51.319210237948845,0.010734514131882358,0.024558156640345174,0.002388778584223585,0.014544699345723583,0.013998356835489967,0.02061065295960212,0.002361578408392762,0.012493738917107176,0.0,0.05025,0.0535
overactive_decoder,19.0,0.04215150301787382,0.9578484969821262,1.0,0.009620148366471383,0.0019422792895385944,0.2269390939977357,0.9990497715025666,0.04973489193082323,52.339928833072854,0.009458966350115117,0.02558417113238415,0.002468818116707263,0.01443601820664577,0.013998356835489967,0.02061065295960212,0.002361578408392762,0.012493738917107176,0.0,0.045,0.04175
overactive_decoder,20.0,0.044618142189456304,0.9553818578105437,1.0,0.011716445091531963,0.0018238877430389495,0.226467634184731,0.9990744637541518,0.04938733250469661,53.36077622701218,0.008331592273536435,0.026449107520372925,0.002572804377200389,0.014317626660146125,0.013998356835489967,0.02061065295960212,0.002361578408392762,0.012493738917107176,0.0,0.04375,0.03975
overactive_decoder,21.0,0.0470781746146441,0.9529218253853559,1.0,0.013536577369597024,0.0016965912727488087,0.22598587798136793,0.9990976097461912,0.04901498746197925,54.316840474615304,0.007349183767214034,0.027154246285162557,0.002705389384153416,0.014190330189855984,0.013998356835489967,0.02061065295960212,0.002361578408392762,0.012493738917107176,0.0,0.045,0.0405
overactive_decoder,22.0,0.049535483902594935,0.950464516097405,1.0,0.015099043260336445,0.0015613046728160836,0.22553480286765787,0.9991184783938752,0.04861395708195561,55.14777714373515,0.006503144203096953,0.027704081618727283,0.0028719803772110294,0.01405504358992326,0.013998356835489967,0.02061065295960212,0.002361578408392762,0.012493738917107176,0.0,0.0455,0.0485
overactive_decoder,23.0,0.051995337188908475,0.9480046628110915,1.0,0.016427775913136867,0.001419059300924782,0.2251434043935727,0.9991365758564272,0.04817877948740115,55.799666764056404,0.005781634367171565,0.028104410051462865,0.0030788747613504845,0.013912798218031958,0.013998356835489967,0.02061065295960212,0.002361578408392762,0.012493738917107176,0.0,0.0495,0.043
overactive_decoder,24.0,0.054118291571435606,0.9458817084285644,1.0,0.001995531083473578,0.0006670919698174051,0.22483055390842735,0.9995444528180703,0.047598424053217014,104.4862660582921,0.005171311865447188,0.028360797880780476,0.0033334124226891554,0.013764748638774688,0.004274686369379073,0.0281420790178051,0.0024532256982590676,0.013097656668957283,1.0,0.04825,0.04725
overactive_decoder,25.0,0.056436619495100045,0.9435633805049,1.0,0.001910209815448401,0.0005145212518631089,0.2246070805436215,0.999553590067921,0.04706939288686947,105.43984240596843,0.004658595740629588,0.028477485304477964,0.0036441198557840915,0.013612177920820392,0.004274686369379073,0.0281420790178051,0.0024532256982590676,0.013097656668957283,0.0,0.04825,0.0475
overactive_decoder,26.0,0.058918480745852556,0.9410815192541474,1.0,0.0019264194157029013,0.00035884400677335844,0.22447758121427827,0.999557380859024,0.04648308854492789,105.01825213078571,0.00423049030859634,0.02845671677669016,0.004020811294294178,0.013456500675730641,0.004274686369379073,0.0281420790178051,0.0024532256982590676,0.013097656668957283,0.0,0.047,0.04775
overactive_decoder,27.0,0.06154272128105994,0.93845727871894,1.0,0.0025773962082623557,0.0002016060986211217,0.22444168109056448,0.9995558990064191,0.04642739508014181,104.5424255995948,0.00387505128835957,0.02829846638211635,0.004474599461190672,0.013299262767578405,0.004274686369379073,0.0281420790178051,0.0024532256982590676,0.013097656668957283,0.0,0.047,0.04575
overactive_decoder,28.0,0.06429449342479837,0.9357055065752016,1.0,0.0033991653351569512,4.447983253245795e-05,0.2244946386476239,0.9995492517360615,0.04652919180237958,103.22655798120618,0.003581589286577117,0.028000538222896255,0.005017753155705217,0.01314213650148974,0.004274686369379073,0.0281420790178051,0.0024532256982590676,0.013097656668957283,0.0,0.045,0.04375
overactive_decoder,29.0,0.06716416529529794,0.9328358347047021,1.0,0.004727118913381156,0.00011074662934262673,0.22462732586645087,0.9995375976151682,0.04659009996015738,100.75661693896677,0.0033406974421031225,0.02755904719132622,0.00566332385788539,0.012986910039614656,0.004274686369379073,0.0281420790178051,0.0024532256982590676,0.013097656668957283,0.0,0.045,0.03725
overactive_decoder,30.0,0.07014627909096456,0.9298537209090354,1.0,0.006274513849728547,0.00026218684913970405,0.22482574701535488,0.9995211844882106,0.04662054164148001,97.36639789979152,0.0031441740316305324,0.02696930771302021,0.006424455905454183,0.012835469819817579,0.004274686369379073,0.0281420790178051,0.0024532256982590676,0.013097656668957283,0.0,0.04375,0.0475
overactive_decoder,31.0,0.07323846218852811,0.9267615378114719,1.0,0.00806479195503053,0.00040788177964550497,0.22507041780544432,0.9995004013071819,0.04663068328423094,93.33627960713332,0.002984894412178174,0.026227159601024466,0.007313306279308064,0.012689774889311778,0.004274686369379073,0.0281420790178051,0.0024532256982590676,0.013097656668957283,0.0,0.04325,0.042
overactive_decoder,32.0,0.07644028498855077,0.9235597150114492,1.0,0.003349061678015493,0.0011202722446056416,0.2253361148573524,0.9994758329093723,0.046630678602959726,88.96147704945459,0.00285667295034177,0.025330723502645085,0.008339545899614798,0.012551822332002326,0.002933623358027441,0.022651593924308305,0.007746564207621756,0.011431550087396684,1.0,0.0405,0.0425
overactive_decoder,33.0,0.07975209291134056,0.9202479070886594,1.0,0.0035723186965614987,0.0009920532887743253,0.22559268013769349,0.9994483007298859,0.046630864269633206,84.52225115321977,0.0027541447757515694,0.024282489993179977,0.009508508253035711,0.01242360337617101,0.002933623358027441,0.022651593924308305,0.007746564207621756,0.011431550087396684,0.0,0.03675,0.05075
overactive_decoder,34.0,0.08317388864251646,0.9168261113574836,1.0,0.0037734783954020057,0.0008755002314494182,0.22580762280566116,0.9994188674762183,0.04664186478546546,80.26028982502582,0.0026726877712211295,0.023091506782564955,0.0108191941579608,0.012307050318846102,0.002933623358027441,0.022651593924308305,0.007746564207621756,0.011431550087396684,0.0,0.03675,0.0455
overactive_decoder,35.0,0.08670439475395439,0.9132956052460456,1.0,0.005717498201632445,0.0007724249936009557,0.22595105762052337,0.9993887841514654,0.04667457041145954,76.3634819407257,0.0026083950523989583,0.021775266700338844,0.012262506879656257,0.01220397508099764,0.002933623358027441,0.022651593924308305,0.007746564207621756,0.011431550087396684,0.0,0.0365,0.045
overactive_decoder,36.0,0.09034046335010168,0.9096595366498983,1.0,0.008739991875645075,0.0006844508960470782,0.22600294443763275,0.9993593680352668,0.04673997051082992,72.9591607722798,0.00255809592988659,0.020360780967414407,0.013820215698232082,0.012116000983443762,0.002933623358027441,0.022651593924308305,0.007746564207621756,0.011431550087396684,0.0,0.03325,0.04325
overactive_decoder,37.0,0.09407698977214907,0.9059230102278509,1.0,0.011900045234457805,0.0006129400724466175,0.22596168928326985,0.9993318216319913,0.04684885413169465,70.11429339042112,0.0025194097953144057,0.018884337256706765,0.015465139211764987,0.012044490159843301,0.002933623358027441,0.022651593924308305,0.007746564207621756,0.011431550087396684,0.0,0.04075,0.04375
overactive_decoder,38.0,0.09790741203013131,0.9020925879698687,1.0,0.015121022012289907,0.0005589197499386439,0.22585221576421624,0.9993070293869599,0.047011421128218385,67.84042532767471,0.0024908061622917,0.01738965756696774,0.017162832666835357,0.011990469837335328,0.002933623358027441,0.022651593924308305,0.007746564207621756,0.011431550087396684,0.0,0.034,0.04575
overactive_decoder,39.0,0.10182474420859844,0.8981752557914016,1.0,0.018317113342970114,0.0005230113543666769,0.22573108097420408,0.9992853881431625,0.04723686438827964,66.10142825970449,0.002471640441792019,0.01592456948471922,0.01887467019476736,0.011954561441763361,0.002933623358027441,0.022651593924308305,0.007746564207621756,0.011431550087396684,0.0,0.03075,0.04775
overactive_decoder,40.0,0.10594351427801224,0.8940564857219877,1.0,0.0023671398154353597,0.00028138810219205043,0.22568649516839218,0.9990898789990057,0.04742243441986925,52.10563690768648,0.002462142484583575,0.01453675263053994,0.020561763461632524,0.011936917040637127,0.0017839142039045304,0.013445325637216963,0.021159248003065862,0.012218305142829178,1.0,0.0275,0.04525
overactive_decoder,41.0,0.10757996247708179,0.8924200375229182,1.0,0.0018849495431461354,0.0002811372014208339,0.22583224976824368,0.9990883693261495,0.047775989803172644,52.40717669292574,0.0024633520066313953,0.013269419852719995,0.022188853958988165,0.011937167941408344,0.0017839142039045304,0.013445325637216963,0.021159248003065862,0.012218305142829178,0.0,0.025,0.0415
overactive_decoder,42.0,0.1092541666293812,0.8907458333706189,1.0,0.004548698579388885,0.0002639148995068827,0.22629614496619227,0.9990859699424169,0.048211139220906044,52.74568250894201,0.0024770148299320597,0.012157791074768647,0.023727311393978903,0.011954390243322295,0.0017839142039045304,0.013445325637216963,0.021159248003065862,0.012218305142829178,0.0,0.02775,0.049
overactive_decoder,43.0,0.11096981495230511,0.8890301850476949,1.0,0.006937380031191274,0.00023121339756688487,0.227204894695916,0.9990811584871893,0.04872942379448505,53.03354617209386,0.002505467769706029,0.011226920168835782,0.025156669000074457,0.011987091745262293,0.0017839142039045304,0.013445325637216963,0.021159248003065862,0.012218305142829178,0.0,0.023,0.04625
overactive_decoder,44.0,0.11273236348983529,0.8872676365101647,1.0,0.009027289230693946,0.00018508132796751266,0.22866820080555697,0.999072524549997,0.049329248507419,53.18658138849606,0.0025515427431197055,0.010490995583549878,0.026464578640877548,0.012033223814861665,0.0017839142039045304,0.013445325637216963,0.021159248003065862,0.012218305142829178,0.0,0.02475,0.05125
overactive_decoder,45.0,0.11454841827254211,0.8854515817274579,1.0,0.010812296160773255,0.00012808450680119876,0.2307646418965233,0.9990589305983637,0.05000527094316747,53.13664524233831,0.0026185130079978006,0.009953853538460065,0.02764547326098895,0.012090220636027979,0.0017839142039045304,0.013445325637216963,0.021159248003065862,0.012218305142829178,0.0,0.027,0.04825
overactive_decoder,46.0,0.11642530768220002,0.8835746923178,1.0,0.012300454569510734,6.323842047408802e-05,0.2335314120073224,0.9990396132271354,0.0507477327499651,52.8409326157187,0.0027100914211972264,0.009610247212398797,0.028698446930465735,0.01215506672235509,0.0017839142039045304,0.013445325637216963,0.021159248003065862,0.012218305142829178,0.0,0.025,0.05125
overactive_decoder,47.0,0.1183706568073969,0.8816293431926031,1.0,0.013510107391223106,6.086658572740378e-06,0.23695902408582095,0.9990142297795055,0.05154181494088179,52.28583078420243,0.002830477760471472,0.009447418302292504,0.029624884502797568,0.012224391801401918,0.0017839142039045304,0.013445325637216963,0.021159248003065862,0.012218305142829178,0.0,0.0255,0.04875
overactive_decoder,48.0,0.12039199439913065,0.8796080056008694,1.0,0.003014951198617392,0.0002638090623329932,0.24099107653109147,0.9989828650361833,0.052367122047926574,51.48492964141437,0.0029844425705391536,0.009446647174636844,0.03042625972391641,0.012294590263102038,0.0031886584093246003,0.007433003058838792,0.031223350967950304,0.012558399325435031,1.0,0.028,0.0475
overactive_decoder,49.0,0.12249641429831665,0.8775035857016833,1.0,0.002283840407681275,0.000196438851171387,0.24552828822854939,0.9989460130510814,0.05319740431645887,50.4725455766239,0.003177428773036918,0.009584623650033087,0.031102360787751006,0.012361960474263644,0.0031886584093246003,0.007433003058838792,0.031223350967950304,0.012558399325435031,0.0,0.02425,0.052
overactive_decoder,50.0,0.12469030421601451,0.8753096957839854,1.0,0.0030553132225282493,0.00013554177238734796,0.25043546581457704,0.998904544516937,0.05400061591330369,49.29512586153903,0.0034156476506276992,0.009834617147754493,0.03165006086025975,0.012422857553047683,0.0031886584093246003,0.007433003058838792,0.031223350967950304,0.012558399325435031,0.0,0.0245,0.053
overactive_decoder,51.0,0.12697914787893227,0.8730208521210677,1.0,0.004091290298543731,8.454749255654842e-05,0.2555499866207037,0.9988596644628425,0.054739386585333276,48.002877049486564,0.0037061406259409624,0.010167505472802065,0.0320626566359144,0.012473851832878483,0.0031886584093246003,0.007433003058838792,0.031223350967950304,0.012558399325435031,0.0,0.02475,0.05325
overactive_decoder,52.0,0.1293673994640499,0.8706326005359502,1.0,0.005094257728228146,4.6514959761045915e-05,0.26069066390440465,0.9988128611776523,0.05537195964285857,46.6432051589012,0.004056771078286657,0.010552747616546124,0.03232975146950906,0.012511884365673985,0.0031886584093246003,0.007433003058838792,0.031223350967950304,0.012558399325435031,0.0,0.028,0.05275
overactive_decoder,53.0,0.13185841995001768,0.8681415800499823,1.0,0.006028110187115307,2.3988799772656916e-05,0.26566628041486656,0.9987658458322557,0.05585362416928581,45.25660215641525,0.00447610127425418,0.01095937292589585,0.032437648423078974,0.012534410525662374,0.0031886584093246003,0.007433003058838792,0.031223350967950304,0.012558399325435031,0.0,0.0225,0.048
overactive_decoder,54.0,0.1344544531465908,0.8655455468534092,1.0,0.006855339289800075,1.887619031086009e-05,0.27028344065306176,0.9987204829173547,0.05613864531725628,43.87486972912831,0.00497310036089337,0.011357024767308304,0.0323702265977121,0.012539523135124171,0.0031886584093246003,0.007433003058838792,0.031223350967950304,0.012558399325435031,0.0,0.02875,0.05225
overactive_decoder,55.0,0.13715660664310222,0.8628433933568977,1.0,0.007538954631788591,3.235178248877507e-05,0.27435363563534254,0.9986787132117461,0.05618267150537894,42.52117860016106,0.005556625015785322,0.011717056318266344,0.03211028573385062,0.012526047542946256,0.0031886584093246003,0.007433003058838792,0.031223350967950304,0.012558399325435031,0.0,0.031,0.051
overactive_decoder,56.0,0.1399647940368843,0.8600352059631157,1.0,0.006166806189179545,0.0011633333970347513,0.2776995706513711,0.9986424721978386,0.05594556487144067,41.21135845790266,0.006234622688550082,0.012013639860988709,0.031641343868813294,0.012493602686935067,0.00590706753228016,0.011479988774609136,0.036946943815343344,0.011330269289900316,1.0,0.03175,0.052
overactive_decoder,57.0,0.14287759560423832,0.8571224043957617,1.0,0.007847906790352036,0.0011123549564866324,0.2801609346179478,0.998613606506893,0.05539455053783996,39.955864488153125,0.007013038897172058,0.012224825262775598,0.03094984487804967,0.012442624246386948,0.00590706753228016,0.011479988774609136,0.036946943815343344,0.011330269289900316,0.0,0.03025,0.0515
overactive_decoder,58.0,0.14589201114505307,0.854107988854947,1.0,0.009760170574924672,0.0010440790914148478,0.28159990973451476,0.9985937887505317,0.05450749899788362,38.76195629816965,0.007894474607731131,0.012333471036486382,0.03002766257774689,0.012374348381315164,0.00590706753228016,0.011479988774609136,0.036946943815343344,0.011330269289900316,0.0,0.03125,0.051
overactive_decoder,59.0,0.14900311417452633,0.8509968858254737,1.0,0.011889928576844285,0.0009604877770469401,0.2819067885880111,0.9985844280062102,0.05327603988961094,37.63569788278867,0.008876739347503384,0.012327972396544843,0.02887467067565799,0.012290757066947256,0.00590706753228016,0.011479988774609136,0.036946943815343344,0.011330269289900316,0.0,0.034,0.04825
overactive_decoder,60.0,0.15220366719391068,0.8477963328060893,1.0,0.014213173500723111,0.0008642191725906686,0.2810059858627628,0.9985865718808581,0.05170807198301035,36.58344650338648,0.009951564182095437,0.012202722664952563,0.027501000854778936,0.012194488462490985,0.00590706753228016,0.011479988774609136,0.036946943815343344,0.011330269289900316,0.0,0.03175,0.0505
overactive_decoder,61.0,0.1554838099225424,0.8445161900774576,1.0,0.01669349766365188,0.0007584486157806766,0.278862407196863,0.9986007997576729,0.049829134470207107,35.612582790389844,0.011103833634201764,0.011958263502948444,0.025928486981952374,0.012088717905680993,0.00590706753228016,0.011479988774609136,0.036946943815343344,0.011330269289900316,0.0,0.03925,0.04825
overactive_decoder,62.0,0.1588309641276178,0.8411690358723822,1.0,0.019281918664953938,0.0006467475406826354,0.27548756430208465,0.9986271170999234,0.04824328083554158,35.14012799842455,0.012311703883876104,0.011601102125036346,0.024190774852412562,0.011977016830582951,0.00590706753228016,0.011479988774609136,0.036946943815343344,0.011330269289900316,0.0,0.0355,0.04425
overactive_decoder,63.0,0.16223008774193481,0.8377699122580652,1.0,0.022592765082722895,0.0005329287504167758,0.2709441753740839,0.9986648745188969,0.047560163273476466,35.62224221365305,0.01354784086061333,0.011143197845132943,0.022331742990429813,0.011863198040317092,0.00590706753228016,0.011479988774609136,0.036946943815343344,0.011330269289900316,0.0,0.03575,0.041
overactive_decoder,64.0,0.1657304135435914,0.8342695864564086,1.0,0.002931314830052061,2.1221973279387726e-05,0.26534760167532806,0.9985852698576122,0.05787452738598251,40.90852781881156,0.014781734384414985,0.010601145944983684,0.0204022450305223,0.011751156258092239,0.013919037929535732,0.010738703383788364,0.018471184094154172,0.011729934284812851,1.0,0.0425,0.041
overactive_decoder,65.0,0.16714291716972143,0.8328570828302786,1.0,0.0028227920844812234,8.52215667448454e-05,0.25886268435018456,0.9986492693990432,0.05701114781007768,42.2076376811876,0.015982706724731566,0.009995114398055898,0.01845564979060125,0.011644712718068006,0.013919037929535732,0.010738703383788364,0.018471184094154172,0.011729934284812851,0.0,0.03875,0.03625
overactive_decoder,66.0,0.16851973071861676,0.8314802692813832,1.0,0.006523184369750757,0.0001824624958545809,0.25169544621011225,0.9987192170746054,0.056144642374499655,43.83618899135699,0.017122982074603634,0.009347616747109938,0.016543030506149744,0.01154747178895827,0.013919037929535732,0.010738703383788364,0.018471184094154172,0.011729934284812851,0.0,0.0395,0.039
overactive_decoder,67.0,0.16982463104973577,0.8301753689502642,1.0,0.010079809656720189,0.0002672379395127836,0.24408040534184766,0.9987922009849302,0.05529990651241978,45.78568604746042,0.018180145553230723,0.008682227104561721,0.014708958340355618,0.011462696345300068,0.013919037929535732,0.010738703383788364,0.018471184094154172,0.011729934284812851,0.0,0.03875,0.0345
overactive_decoder,68.0,0.1710599962916996,0.8289400037083003,1.0,0.013418382243949348,0.00033672733545870095,0.23626535295587864,0.9988653432876162,0.05449850455494674,48.03083078797644,0.01913852023688587,0.008022353563947822,0.012988633977395506,0.01139320694935415,0.013919037929535732,0.010738703383788364,0.018471184094154172,0.011729934284812851,0.0,0.04125,0.03225
overactive_decoder,69.0,0.17222959098882648,0.8277704090111735,1.0,0.01648334206176287,0.0003886262462207239,0.22849591149875934,0.9989360243997977,0.05375769913539574,50.525311976302,0.01998932926368493,0.007390179224743545,0.011406657525585322,0.011341308038592127,0.013919037929535732,0.010738703383788364,0.018471184094154172,0.011729934284812851,0.0,0.03525,0.03175
overactive_decoder,70.0,0.17333891722233188,0.8266610827776681,1.0,0.019237533073061447,0.0004211918915009473,0.22100190987261142,0.9990020385904486,0.05308992073917679,53.19837042901233,0.020729831951719825,0.006805856007461777,0.009977292419603408,0.011308742393311904,0.013919037929535732,0.010738703383788364,0.018471184094154172,0.011729934284812851,0.0,0.0365,0.025
overactive_decoder,71.0,0.17439477439399803,0.825605225606002,1.0,0.021659871010630178,0.00043326094530151023,0.21398684960923364,0.9990616684162348,0.05250261063340918,55.95315295978144,0.02136181142095983,0.006287001300981265,0.008705788657755193,0.011296673339511341,0.013919037929535732,0.010738703383788364,0.018471184094154172,0.011729934284812851,0.0,0.043,0.02375
overactive_decoder,72.0,0.17535852469848545,0.8246414753015145,1.0,0.004956580711366009,0.00043885839701494726,0.20762088251358876,0.999187381249853,0.04124138219403183,50.75120674556086,0.02188981887860036,0.005848509270550971,0.007590248280798474,0.011305692553402512,0.025035203078054635,0.0053950721574223945,0.006232488882015315,0.01174455095041746,1.0,0.037,0.02
overactive_decoder,73.0,0.17646397694836746,0.8235360230516325,1.0,0.0032143975250585356,0.00040870087836300355,0.20203707287511655,0.9992277584750971,0.040780118911260176,52.80746708925088,0.02231949296040275,0.005502654052306521,0.00662359439453784,0.011335850072054456,0.025035203078054635,0.0053950721574223945,0.006232488882015315,0.01174455095041746,0.0,0.0365,0.02125
overactive_decoder,74.0,0.17768158979182228,0.8223184102081778,1.0,0.002951830241416888,0.0003578487133753562,0.19733038248540857,0.9992605011456187,0.04037568481443079,54.59871178328111,0.022656143109934457,0.005259434581155891,0.005795356184985108,0.011386702237042103,0.025035203078054635,0.0053950721574223945,0.006232488882015315,0.01174455095041746,0.0,0.03975,0.0175
overactive_decoder,75.0,0.17899324466692496,0.8210067553330751,1.0,0.0035388709199239447,0.00028717812783683044,0.1935587472582643,0.999285550471187,0.04018202536311562,56.24193696351332,0.022903670628219578,0.005127090882058244,0.005093131687290578,0.011457372822580629,0.025035203078054635,0.0053950721574223945,0.006232488882015315,0.01174455095041746,0.0,0.04,0.021
overactive_decoder,76.0,0.18038506436530558,0.8196149356346945,1.0,0.003982530538980861,0.00019792844221415765,0.19074568695621533,0.9993030449360861,0.04042994215122946,58.009395791154795,0.023063826805359185,0.005112707773858529,0.00450369899929377,0.011546622508203302,0.025035203078054635,0.0053950721574223945,0.006232488882015315,0.01174455095041746,0.0,0.03825,0.02225
overactive_decoder,77.0,0.1818466021320315,0.8181533978679685,1.0,0.004290366743775592,9.162884967661017e-05,0.18888397075494578,0.99931326207763,0.040722886871333554,59.299021569680875,0.02313577716363311,0.0052228118492158235,0.004013808360867819,0.01165292210074085,0.025035203078054635,0.0053950721574223945,0.006232488882015315,0.01174455095041746,0.0,0.04175,0.01725
overactive_decoder,78.0,0.183370123995209,0.816629876004791,1.0,0.004609822544574448,2.997447189481868e-05,0.18793986333228507,0.9993165792046634,0.041062362748854817,60.08357227209163,0.02311594434615753,0.005463859470426694,0.003610712382342273,0.011774525422312278,0.025035203078054635,0.0053950721574223945,0.006232488882015315,0.01174455095041746,0.0,0.036,0.0165
overactive_decoder,79.0,0.18494998102191232,0.8150500189780877,1.0,0.005434506445664909,0.00016498752938307742,0.1878574066452633,0.9993134550601549,0.04144741595581452,60.3710165938531,0.02299812600644955,0.005842507086306652,0.003282494436839749,0.011909538479800537,0.025035203078054635,0.0053950721574223945,0.006232488882015315,0.01174455095041746,0.0,0.042,0.0175
overactive_decoder,80.0,0.18658206281941564,0.8134179371805843,1.0,0.00304073515551237,0.00040010978526352527,0.18856215953603053,0.9993044325577045,0.041875058403456115,60.2027292497498,0.02277391479869577,0.006365553084638275,0.0030182480809477067,0.012055982333994207,0.022053310818182233,0.008051930998304703,0.0036520013422801133,0.011655872548730682,1.0,0.042,0.0185
overactive_decoder,81.0,0.18826331618247727,0.8117366838175227,1.0,0.0022364926563071723,0.0005559753671071279,0.1899639551375152,0.9992901604999578,0.04234062630600759,59.64816878109665,0.022433471820408918,0.00703944963522114,0.0028081510512831887,0.01221184791583781,0.022053310818182233,0.008051930998304703,0.0036520013422801133,0.011655872548730682,0.0,0.044,0.02325
overactive_decoder,82.0,0.18999131158533591,0.8100086884146641,1.0,0.0012777505674597726,0.0007192692784360744,0.19195859897904796,0.9992714287412451,0.04283805309109516,58.7973414766631,0.021966707599430455,0.007869315431534404,0.0026434695603424186,0.012375141827166756,0.022053310818182233,0.008051930998304703,0.0036520013422801133,0.011655872548730682,0.0,0.04075,0.02775
overactive_decoder,83.0,0.1917638454645606,0.8082361545354394,1.0,0.002629419344493839,0.0008880503146428409,0.19442894249939685,0.9992492062290326,0.04336006543755383,57.75229778702428,0.021364889325666832,0.008857450601235706,0.002516523093232679,0.012543922863373523,0.022053310818182233,0.008051930998304703,0.0036520013422801133,0.011655872548730682,0.0,0.03925,0.0265
overactive_decoder,84.0,0.193578577556025,0.806421422443975,1.0,0.004611613374761657,0.0010604570233757812,0.19724625107782878,0.9992246655239878,0.04389833710436593,56.61858006127889,0.020622605858673326,0.010001473809532101,0.002420635738254762,0.012716329572106463,0.022053310818182233,0.008051930998304703,0.0036520013422801133,0.011655872548730682,0.0,0.043,0.0235
overactive_decoder,85.0,0.19543271799744263,0.8045672820025573,1.0,0.006855764457610066,0.001234727049712555,0.20027302928358331,0.9991991732485683,0.04444365292633449,55.49721315737857,0.019739883348473944,0.011292362058388673,0.0023500954144623065,0.012890599598443237,0.022053310818182233,0.008051930998304703,0.0036520013422801133,0.011655872548730682,0.0,0.04175,0.026
overactive_decoder,86.0,0.19732279396441527,0.8026772060355847,1.0,0.00934200020368248,0.001409209312159312,0.20336828130325127,0.9991742275174234,0.04498613938561173,54.47764406636806,0.018724082951737442,0.012712837289058691,0.0023001352957964134,0.013065081860889994,0.022053310818182233,0.008051930998304703,0.0036520013422801133,0.011655872548730682,0.0,0.05225,0.03225
overactive_decoder,87.0,0.19924453328946923,0.8007554667105308,1.0,0.012031981656165664,0.0015823702150571974,0.20639549031517881,0.9991513346181837,0.04551560316923356,53.63197809697778,0.017591093691783067,0.014236635634915064,0.0022669414491239765,0.01323824276378788,0.022053310818182233,0.008051930998304703,0.0036520013422801133,0.011655872548730682,0.0,0.04975,0.028
overactive_decoder,88.0,0.2011928958216153,0.7988071041783847,1.0,0.0034942340141816096,0.002216496535344413,0.20923252396593978,0.9991318381586606,0.0460219838274914,53.01083465784165,0.01636534541273903,0.015829126146215233,0.002247678569373827,0.01340866769845361,0.015577163727253582,0.017921294421060018,0.002861562623225204,0.011192171163109197,1.0,0.04025,0.0275
overactive_decoder,89.0,0.20316225976510427,0.7968377402348957,1.0,0.001591666073963203,0.002382887877685591,0.21178159979941916,0.9991167377757886,0.04649587821652222,52.641080917995524,0.015078371413295225,0.017449467718836785,0.0022405155654435906,0.013575059040794788,0.015577163727253582,0.017921294421060018,0.002861562623225204,0.011192171163109197,0.0,0.0475,0.0305
overactive_decoder,90.0,0.2051467358972401,0.7948532641027599,1.0,0.003560835466184479,0.002544060579068093,0.21397690580413314,0.9991065486806142,0.04692904948038119,52.52558081468074,0.013766025087980166,0.019054058121602994,0.002244629496857117,0.01373623174217729,0.015577163727253582,0.017921294421060018,0.002861562623225204,0.011192171163109197,0.0,0.0445,0.0345
overactive_decoder,91.0,0.20714055106141557,0.7928594489385844,1.0,0.0063929920840501715,0.002698936294033793,0.2157878495314724,0.9991012466919857,0.04731481246052546,52.64493831468045,0.012464868207514853,0.020600601161516293,0.0022601727993700363,0.01389110745714299,0.015577163727253582,0.017921294421060018,0.002861562623225204,0.011192171163109197,0.0,0.0455,0.0395
overactive_decoder,92.0,0.20913842803886587,0.7908615719611342,1.0,0.009072612315107035,0.002846536814550665,0.2172171400161882,0.9991003157579427,0.04764820391722081,52.96102975891017,0.011208513979674033,0.022051897338628477,0.0022882029732661765,0.014038707977659862,0.015577163727253582,0.017921294421060018,0.002861562623225204,0.011192171163109197,0.0,0.0485,0.0365
overactive_decoder,93.0,0.21113589810186872,0.7888641018981313,1.0,0.01154070758726162,0.002985977403447174,0.21829444650848479,0.9991028794344915,0.04792589610341738,53.42191222230226,0.010024696620211904,0.02337856190342361,0.0023305896253688527,0.014178148566556371,0.015577163727253582,0.017921294421060018,0.002861562623225204,0.011192171163109197,0.0,0.04275,0.035
overactive_decoder,94.0,0.2131295096981951,0.7868704903018049,1.0,0.013754182427439029,0.003116460452794482,0.2190675226284079,0.9991078725651952,0.04814587543328948,53.9674866560097,0.008933564576477331,0.02456023890340297,0.002389923828905378,0.01430863161590368,0.015577163727253582,0.017921294421060018,0.002861562623225204,0.011192171163109197,0.0,0.052,0.045
overactive_decoder,95.0,0.21511692873162805,0.784883071268372,1.0,0.015686006376434664,0.003237269745169632,0.21959300236311852,0.9991142051515841,0.04830695820182071,54.53515369637843,0.007947300050179849,0.025585329980203825,0.00246945548300808,0.014429440908278829,0.015577163727253582,0.017921294421060018,0.002861562623225204,0.011192171163109197,0.0,0.04425,0.04
oracle_decoder,0.0,0.0007303831694641939,0.9992696168305358,0.0,0.0,0.0,0.193867357680929,0.9992696168305357,0.04547217855283188,62.25797698238981,0.028481290117015196,0.003759354941987726,0.003759354941764827,0.014427054196902482,0.027728796793657313,0.003514079133974574,0.004411996862007589,0.015521380396595235,1.0,0.04925,0.02125
oracle_decoder,1.0,0.0019079251503174553,0.9980920748496825,0.0,0.0,0.0,0.19602416931683342,0.9992562662963838,0.046262392918693274,62.202899631618614,0.028787792827848623,0.004159033286044574,0.0034287301511236267,0.014538291055825712,0.027728796793657313,0.003514079133974574,0.004411996862007589,0.015521380396595235,0.0,0.04475,0.02175
oracle_decoder,2.0,0.0032087618584604244,0.9967912381415396,0.0,0.0,0.0,0.19840521548262735,0.9992402582176657,0.046973932208513626,61.828812500198836,0.0289478477194849,0.004639055896082759,0.0031570704164531056,0.014638429909742083,0.027728796793657313,0.003514079133974574,0.004411996862007589,0.015521380396595235,0.0,0.04575,0.0235
oracle_decoder,3.0,0.004619909459246493,0.9953800905407535,0.0,0.0,0.0,0.20098510035347256,0.9992217321695767,0.04760816403026526,61.17195413867832,0.028950828656302947,0.005211682030202612,0.0029355406559825265,0.014727033617522122,0.027728796793657313,0.003514079133974574,0.004411996862007589,0.015521380396595235,0.0,0.05375,0.025
oracle_decoder,4.0,0.006130134821720743,0.9938698651782792,0.0,0.0,0.0,0.20373173783595733,0.9992009311285321,0.04816534359541416,60.276836346955214,0.028784359322713705,0.005889641327865912,0.002756496614722902,0.014803715870010184,0.027728796793657313,0.003514079133974574,0.004411996862007589,0.015521380396595235,0.0,0.04775,0.02475
oracle_decoder,5.0,0.007729638208318734,0.9922703617916813,0.0,0.0,0.0,0.20660400075231256,0.9991782465575634,0.04864483271227902,59.196384463008414,0.02843533474153467,0.006685286770073433,0.002613361475451953,0.014868143068393019,0.027728796793657313,0.003514079133974574,0.004411996862007589,0.015521380396595235,0.0,0.0495,0.02275
oracle_decoder,6.0,0.009409658748323838,0.9905903412516761,0.0,0.0,0.0,0.2095496117620716,0.9991542703639333,0.0490454587528444,57.99188849635937,0.027891489752301896,0.00760933618582356,0.002500480975201454,0.014920036053719042,0.027728796793657313,0.003514079133974574,0.004411996862007589,0.015521380396595235,0.0,0.0465,0.02375
oracle_decoder,7.0,0.011162038895687253,0.9888379611043128,0.0,0.0,0.0,0.21250400560966534,0.9991298405402481,0.04936600076969796,56.73213135414751,0.027143515790454924,0.008669201313165807,0.0024129859847942417,0.014959171710398114,0.027728796793657313,0.003514079133974574,0.004411996862007589,0.015521380396595235,0.0,0.046,0.0275
oracle_decoder,8.0,0.012978779345631044,0.9870212206543689,0.0,0.0,0.0,0.21539101873563912,0.9991060607303643,0.04960577038572263,55.491208486612784,0.02618760173329754,0.009867015751083296,0.00234668380610792,0.014985384476120286,0.02935777018470402,0.009719428450449041,0.0015850351484080847,0.011745980847308731,1.0,0.04975,0.02675
oracle_decoder,9.0,0.014851637247975304,0.9851483627520247,0.0,0.0,0.0,0.21812618727209152,0.999084270224656,0.049765220965344636,54.34487586323996,0.025028087176918665,0.01119762963168294,0.002297992579774151,0.014998567801810182,0.02935777018470402,0.009719428450449041,0.0015850351484080847,0.011745980847308731,0.0,0.052,0.0265
oracle_decoder,10.0,0.016771839090165268,0.9832281609098348,0.0,0.0,0.0,0.2206230227842984,0.9990659449920537,0.0498464797423782,53.36567902138368,0.02367971101183441,0.012647000685675489,0.002263925163935657,0.014998675617827854,0.02935777018470402,0.009719428450449041,0.0015850351484080847,0.011745980847308731,0.0,0.05,0.02875
oracle_decoder,11.0,0.018729982700839802,0.9812700172991602,0.0,0.0,0.0,0.2228018448755288,0.9990525264727587,0.04985367336601925,52.61748421739349,0.022168805398437928,0.014191503162737307,0.0022421185894262088,0.014985723876237745,0.02935777018470402,0.009719428450449041,0.0015850351484080847,0.011745980847308731,0.0,0.04575,0.03075
oracle_decoder,12.0,0.02071617932785435,0.9792838206721457,0.0,0.0,0.0,0.22459974457563145,0.9990452018785759,0.04979293042624717,52.15021825973171,0.020532838802705875,0.01579860839441686,0.002230893805884716,0.014959792252863355,0.02935777018470402,0.009719428450449041,0.0015850351484080847,0.011745980847308731,0.0,0.04475,0.03
oracle_decoder,13.0,0.022720435382423784,0.9772795646175763,0.0,0.0,0.0,0.22597943283535776,0.9990446878352085,0.04967200698259905,51.995576747879205,0.01881802268685935,0.017429114839960944,0.0022293214820618807,0.014921026105870951,0.02935777018470402,0.009719428450449041,0.0015850351484080847,0.011745980847308731,0.0,0.0495,0.0345
oracle_decoder,14.0,0.024733208871586816,0.9752667911284132,0.0,0.0,0.0,0.22693458157028054,0.9990510822019939,0.04949958009181782,52.16424456979113,0.017075216219648828,0.019040673101131878,0.002237267735598002,0.01486963879811592,0.02935777018470402,0.009719428450449041,0.0015850351484080847,0.011745980847308731,0.0,0.0465,0.0375
oracle_decoder,15.0,0.0267460246276685,0.9732539753723315,0.0,0.0,0.0,0.2274900534039039,0.9990638344330474,0.049284351219939154,52.64490914824728,0.015354901942002503,0.020591926009745812,0.0022554014658962627,0.014805914496206878,0.02935777018470402,0.009719428450449041,0.0015850351484080847,0.011745980847308731,0.0,0.04575,0.036
oracle_decoder,16.0,0.028456159968525317,0.9715438400314746,0.0,0.0,0.0,0.22769691935230027,0.9993966726236584,0.049018656973357985,81.24719496501518,0.013702314547799932,0.02204636542821386,0.002285160422538137,0.014730211557376801,0.013998356835489967,0.02061065295960212,0.002361578408392762,0.012493738917107176,1.0,0.0445,0.0355
oracle_decoder,17.0,0.030581209540289245,0.9694187904597108,0.0,0.0,0.0,0.22762372612543133,0.9994360798744666,0.04871893067764999,86.39331790396152,0.012153730693665701,0.023375107807654248,0.0023286898726957053,0.014642966602449193,0.013998356835489967,0.02061065295960212,0.002361578408392762,0.012493738917107176,0.0,0.04725,0.0395
oracle_decoder,18.0,0.03303765460341499,0.966962345396585,0.0,0.0,0.0,0.2273463948307334,0.9994751727215541,0.048397003022357825,92.21510582617918,0.010734514131882358,0.024558156640345174,0.002388778584223585,0.014544699345723583,0.013998356835489967,0.02061065295960212,0.002361578408392762,0.012493738917107176,0.0,0.05025,0.0535
oracle_decoder,19.0,0.03575377489229877,0.9642462251077012,0.0,0.0,0.0,0.2269390939977357,0.999512289950652,0.048055043309597145,98.53199328953747,0.009458966350115117,0.02558417113238415,0.002468818116707263,0.01443601820664577,0.013998356835489967,0.02061065295960212,0.002361578408392762,0.012493738917107176,0.0,0.045,0.04175
oracle_decoder,20.0,0.038666673526999706,0.9613333264730003,0.0,0.0,0.0,0.226467634184731,0.9995461105586886,0.04769290952523176,105.07604976981453,0.008331592273536435,0.026449107520372925,0.002572804377200389,0.014317626660146125,0.013998356835489967,0.02061065295960212,0.002361578408392762,0.012493738917107176,0.0,0.04375,0.03975
oracle_decoder,21.0,0.04172297035647992,0.9582770296435201,0.0,0.0,0.0,0.22598587798136793,0.99957568466945,0.04730835985427936,111.49340230757086,0.007349183767214034,0.027154246285162557,0.002705389384153416,0.014190330189855984,0.013998356835489967,0.02061065295960212,0.002361578408392762,0.012493738917107176,0.0,0.045,0.0405
oracle_decoder,22.0,0.04487902107083543,0.9551209789291646,0.0,0.0,0.0,0.22553480286765787,0.9996004002953618,0.046897306871322625,117.3607145525361,0.006503144203096953,0.027704081618727283,0.0028719803772110294,0.01405504358992326,0.013998356835489967,0.02061065295960212,0.002361578408392762,0.012493738917107176,0.0,0.0455,0.0485
oracle_decoder,23.0,0.048100661866942104,0.9518993381330579,0.0,0.0,0.0,0.2251434043935727,0.9996199145620404,0.046454049386186316,122.2200188346041,0.005781634367171565,0.028104410051462865,0.0030788747613504845,0.013912798218031958,0.013998356835489967,0.02061065295960212,0.002361578408392762,0.012493738917107176,0.0,0.0495,0.043
oracle_decoder,24.0,0.051362616153219104,0.9486373838467809,0.0,0.0,0.0,0.22483055390842735,0.999634075088692,0.04597145360516824,125.6308389632104,0.005171311865447188,0.028360797880780476,0.0033334124226891554,0.013764748638774688,0.004274686369379073,0.0281420790178051,0.0024532256982590676,0.013097656668957283,1.0,0.04825,0.04725
oracle_decoder,25.0,0.054647696956567515,0.9453523030434325,0.0,0.0,0.0,0.2246070805436215,0.9996428495684277,0.04544108921874656,127.23235141759568,0.004658595740629588,0.028477485304477964,0.0036441198557840915,0.013612177920820392,0.004274686369379073,0.0281420790178051,0.0024532256982590676,0.013097656668957283,0.0,0.04825,0.0475
oracle_decoder,26.0,0.05794590914617803,0.942054090853822,0.0,0.0,0.0,0.22447758121427827,0.9996462738168906,0.0448533542475696,126.80247148598137,0.00423049030859634,0.02845671677669016,0.004020811294294178,0.013456500675730641,0.004274686369379073,0.0281420790178051,0.0024532256982590676,0.013097656668957283,0.0,0.047,0.04775
oracle_decoder,27.0,0.061253516484222295,0.9387464835157777,0.0,0.0,0.0,0.22444168109056448,0.9996444228338367,0.044797193895470294,125.98445051698536,0.00387505128835957,0.02829846638211635,0.004474599461190672,0.013299262767578405,0.004274686369379073,0.0281420790178051,0.0024532256982590676,0.013097656668957283,0.0,0.047,0.04575
oracle_decoder,28.0,0.06457209981625162,0.9354279001837484,0.0,0.0,0.0,0.2244946386476239,0.9996374059577854,0.04489881656319308,123.82668035294984,0.003581589286577117,0.028000538222896255,0.005017753155705217,0.01314213650148974,0.004274686369379073,0.0281420790178051,0.0024532256982590676,0.013097656668957283,0.0,0.045,0.04375
oracle_decoder,29.0,0.06790760036709464,0.9320923996329054,0.0,0.0,0.0,0.22462732586645087,0.9996253851002969,0.04495948883200299,120.01521794149306,0.0033406974421031225,0.02755904719132622,0.00566332385788539,0.012986910039614656,0.004274686369379073,0.0281420790178051,0.0024532256982590676,0.013097656668957283,0.0,0.045,0.03725
oracle_decoder,30.0,0.07126932022425743,0.9287306797757425,0.0,0.0,0.0,0.22482574701535488,0.9996086130422945,0.04498965607301921,114.94929809816482,0.0031441740316305324,0.02696930771302021,0.006424455905454183,0.012835469819817579,0.004274686369379073,0.0281420790178051,0.0024532256982590676,0.013097656668957283,0.0,0.04375,0.0475
oracle_decoder,31.0,0.07466884483646093,0.925331155163539,0.0,0.0,0.0,0.22507041780544432,0.9995874856635596,0.04499950928312386,109.08592819203685,0.002984894412178174,0.026227159601024466,0.007313306279308064,0.012689774889311778,0.004274686369379073,0.0281420790178051,0.0024532256982590676,0.013097656668957283,0.0,0.04325,0.042
oracle_decoder,32.0,0.07811886456550693,0.9218811354344931,0.0,0.0,0.0,0.2253361148573524,0.9995625971083713,0.04499922873889362,102.87821502809707,0.00285667295034177,0.025330723502645085,0.008339545899614798,0.012551822332002326,0.002933623358027441,0.022651593924308305,0.007746564207621756,0.011431550087396684,1.0,0.0405,0.0425
oracle_decoder,33.0,0.08163190802229901,0.918368091977701,0.0,0.0,0.0,0.22559268013769349,0.9995347807854474,0.04499918024422046,96.72683078556848,0.0027541447757515694,0.024282489993179977,0.009508508253035711,0.01242360337617101,0.002933623358027441,0.022651593924308305,0.007746564207621756,0.011431550087396684,0.0,0.03675,0.05075
oracle_decoder,34.0,0.08521905828371029,0.9147809417162898,0.0,0.0,0.0,0.22580762280566116,0.9995051141082278,0.04501002024852732,90.95029985063658,0.0026726877712211295,0.023091506782564955,0.0108191941579608,0.012307050318846102,0.002933623358027441,0.022651593924308305,0.007746564207621756,0.011431550087396684,0.0,0.03675,0.0455
oracle_decoder,35.0,0.08908796976155164,0.9109120302384484,0.0,0.0,0.0,0.22595105762052337,0.9992163002963914,0.0450426528168012,57.474377761532786,0.0026083950523989583,0.021775266700338844,0.012262506879656257,0.01220397508099764,0.002933623358027441,0.022651593924308305,0.007746564207621756,0.011431550087396684,0.0,0.0365,0.045
oracle_decoder,36.0,0.09209894703912636,0.9079010529608736,0.0,0.0,0.0,0.22600294443763275,0.9992057437892561,0.04508860444913032,56.76833726852381,0.00255809592988659,0.020360780967414407,0.013820215698232082,0.012116000983443762,0.002933623358027441,0.022651593924308305,0.007746564207621756,0.011431550087396684,0.0,0.03325,0.04325
oracle_decoder,37.0,0.09504831123932234,0.9049516887606777,0.0,0.0,0.0,0.22596168928326985,0.9991973155572201,0.04517756025421506,56.28308940155311,0.0025194097953144057,0.018884337256706765,0.015465139211764987,0.012044490159843301,0.002933623358027441,0.022651593924308305,0.007746564207621756,0.011431550087396684,0.0,0.04075,0.04375
oracle_decoder,38.0,0.09793818113640991,0.90206181886359,0.0,0.0,0.0,0.22585221576421624,0.9991914366654913,0.045320096144676456,56.05014995171867,0.0024908061622917,0.01738965756696774,0.017162832666835357,0.011990469837335328,0.002933623358027441,0.022651593924308305,0.007746564207621756,0.011431550087396684,0.0,0.034,0.04575
oracle_decoder,39.0,0.10077155808483516,0.8992284419151648,0.0,0.0,0.0,0.22573108097420408,0.999188020694445,0.04552581216681981,56.06770006989634,0.002471640441792019,0.01592456948471922,0.01887467019476736,0.011954561441763361,0.002933623358027441,0.022651593924308305,0.007746564207621756,0.011431550087396684,0.0,0.03075,0.04775
oracle_decoder,40.0,0.10355260749078365,0.8964473925092163,0.0,0.0,0.0,0.22568649516839218,0.9991864322386553,0.04580289729662314,56.29881058821686,0.002462142484583575,0.01453675263053994,0.020561763461632524,0.011936917040637127,0.0017839142039045304,0.013445325637216963,0.021159248003065862,0.012218305142829178,1.0,0.0275,0.04525
oracle_decoder,41.0,0.10628681416629229,0.8937131858337077,0.0,0.0,0.0,0.22583224976824368,0.9991855587587458,0.04615772914245957,56.67410588316956,0.0024633520066313953,0.013269419852719995,0.022188853958988165,0.011937167941408344,0.0017839142039045304,0.013445325637216963,0.021159248003065862,0.012218305142829178,0.0,0.025,0.0415
oracle_decoder,42.0,0.10898099772065835,0.8910190022793416,0.0,0.0,0.0,0.22629614496619227,0.9991839766134243,0.04659448480666108,57.09944785061353,0.0024770148299320597,0.012157791074768647,0.023727311393978903,0.011954390243322295,0.0017839142039045304,0.013445325637216963,0.021159248003065862,0.012218305142829178,0.0,0.02775,0.049
oracle_decoder,43.0,0.11164317034523923,0.8883568296547608,0.0,0.0,0.0,0.227204894695916,0.9991801636180333,0.04711471111081602,57.46843168607976,0.002505467769706029,0.011226920168835782,0.025156669000074457,0.011987091745262293,0.0017839142039045304,0.013445325637216963,0.021159248003065862,0.012218305142829178,0.0,0.023,0.04625
oracle_decoder,44.0,0.11428225889584397,0.885717741104156,0.0,0.0,0.0,0.22866820080555697,0.9991727046748051,0.047716808018245085,57.67808249974696,0.0025515427431197055,0.010490995583549878,0.026464578640877548,0.012033223814861665,0.0017839142039045304,0.013445325637216963,0.021159248003065862,0.012218305142829178,0.0,0.02475,0.05125
oracle_decoder,45.0,0.11690773878244548,0.8830922612175545,0.0,0.0,0.0,0.2307646418965233,0.9991604521155351,0.04839541539424039,57.644615976947655,0.0026185130079978006,0.009953853538460065,0.02764547326098895,0.012090220636027979,0.0017839142039045304,0.013445325637216963,0.021159248003065862,0.012218305142829178,0.0,0.027,0.04825
oracle_decoder,46.0,0.11952923453691555,0.8804707654630844,0.0,0.0,0.0,0.2335314120073224,0.9991426261640561,0.04914074229592297,57.31542092350531,0.0027100914211972264,0.009610247212398797,0.028698446930465735,0.01215506672235509,0.0017839142039045304,0.013445325637216963,0.021159248003065862,0.012218305142829178,0.0,0.025,0.05125
oracle_decoder,47.0,0.12215613557925706,0.8778438644207429,0.0,0.0,0.0,0.23695902408582095,0.9991188607274016,0.04993792019582102,56.67426449914175,0.002830477760471472,0.009447418302292504,0.029624884502797568,0.012224391801401918,0.0017839142039045304,0.013445325637216963,0.021159248003065862,0.012218305142829178,0.0,0.0255,0.04875
oracle_decoder,48.0,0.12479726326332667,0.8752027367366734,0.0,0.0,0.0,0.24099107653109147,0.9990892094300905,0.05076648553882947,55.73892310267734,0.0029844425705391536,0.009446647174636844,0.03042625972391641,0.012294590263102038,0.0031886584093246003,0.007433003058838792,0.031223350967950304,0.012558399325435031,1.0,0.028,0.0475
oracle_decoder,49.0,0.12746061261212743,0.8725393873878726,0.0,0.0,0.0,0.24552828822854939,0.9990541271841009,0.0516001012027118,54.55289583902898,0.003177428773036918,0.009584623650033087,0.031102360787751006,0.012361960474263644,0.0031886584093246003,0.007433003058838792,0.031223350967950304,0.012558399325435031,0.0,0.02425,0.052
oracle_decoder,50.0,0.1301531815054145,0.8698468184945856,0.0,0.0,0.0,0.25043546581457704,0.9990144378452741,0.05240661516080861,53.17433802577779,0.0034156476506276992,0.009834617147754493,0.03165006086025975,0.012422857553047683,0.0031886584093246003,0.007433003058838792,0.031223350967950304,0.012558399325435031,0.0,0.0245,0.053
oracle_decoder,51.0,0.1328808908143184,0.8671191091856816,0.0,0.0,0.0,0.2555499866207037,0.9989712928578344,0.05314853401440696,51.66536892367528,0.0037061406259409624,0.010167505472802065,0.0320626566359144,0.012473851832878483,0.0031886584093246003,0.007433003058838792,0.031223350967950304,0.012558399325435031,0.0,0.02475,0.05325
oracle_decoder,52.0,0.13564858926203732,0.8643514107379626,0.0,0.0,0.0,0.26069066390440465,0.9989261218087283,0.053783964390581626,50.08385944302521,0.004056771078286657,0.010552747616546124,0.03232975146950906,0.012511884365673985,0.0031886584093246003,0.007433003058838792,0.031223350967950304,0.012558399325435031,0.0,0.028,0.05275
oracle_decoder,53.0,0.13846012521757592,0.8615398747824241,0.0,0.0,0.0,0.26566628041486656,0.9988805743256735,0.054268050119131724,48.47847549305114,0.00447610127425418,0.01095937292589585,0.032437648423078974,0.012534410525662374,0.0031886584093246003,0.007433003058838792,0.031223350967950304,0.012558399325435031,0.0,0.0225,0.048
oracle_decoder,54.0,0.1413184542880463,0.8586815457119537,0.0,0.0,0.0,0.27028344065306176,0.9988364533393185,0.05455490895933593,46.88673931424585,0.00497310036089337,0.011357024767308304,0.0323702265977121,0.012539523135124171,0.0031886584093246003,0.007433003058838792,0.031223350967950304,0.012558399325435031,0.0,0.02875,0.05225
oracle_decoder,55.0,0.14422573860117205,0.855774261398828,0.0,0.0,0.0,0.27435363563534254,0.9987956412816904,0.054600047506527895,45.33536950117572,0.005556625015785322,0.011717056318266344,0.03211028573385062,0.012526047542946256,0.0031886584093246003,0.007433003058838792,0.031223350967950304,0.012558399325435031,0.0,0.031,0.051
oracle_decoder,56.0,0.1471833853102204,0.8528166146897795,0.0,0.0,0.0,0.2776995706513711,0.9987600219564897,0.05436320035120208,43.84206691055923,0.006234622688550082,0.012013639860988709,0.031641343868813294,0.012493602686935067,0.00590706753228016,0.011479988774609136,0.036946943815343344,0.011330269289900316,1.0,0.03175,0.052
oracle_decoder,57.0,0.15019197388388927,0.8498080261161107,0.0,0.0,0.0,0.2801609346179478,0.9987314004471514,0.05381148863683968,42.418025858519435,0.007013038897172058,0.012224825262775598,0.03094984487804967,0.012442624246386948,0.00590706753228016,0.011479988774609136,0.036946943815343344,0.011330269289900316,0.0,0.03025,0.0515
oracle_decoder,58.0,0.1532510399117138,0.8467489600882863,0.0,0.0,0.0,0.28159990973451476,0.9987114211646486,0.05292271173502699,41.07060451648303,0.007894474607731131,0.012333471036486382,0.03002766257774689,0.012374348381315164,0.00590706753228016,0.011479988774609136,0.036946943815343344,0.011330269289900316,0.0,0.03125,0.051
oracle_decoder,59.0,0.1563587203771094,0.8436412796228906,0.0,0.0,0.0,0.2819067885880111,0.9987014810069691,0.05168846946960254,39.80570923260443,0.008876739347503384,0.012327972396544843,0.02887467067565799,0.012290757066947256,0.00590706753228016,0.011479988774609136,0.036946943815343344,0.011330269289900316,0.0,0.034,0.04825
oracle_decoder,60.0,0.1595113180048508,0.8404886819951491,0.0,0.0,0.0,0.2810059858627628,0.9987026332263941,0.05011667861023717,38.62953763718028,0.009951564182095437,0.012202722664952563,0.027501000854778936,0.012194488462490985,0.00590706753228016,0.011479988774609136,0.036946943815343344,0.011330269289900316,0.0,0.03175,0.0505
oracle_decoder,61.0,0.162702897311299,0.8372971026887011,0.0,0.0,0.0,0.278862407196863,0.9987154812865571,0.04823294743816396,37.54943149787516,0.011103833634201764,0.011958263502948444,0.025928486981952374,0.012088717905680993,0.00590706753228016,0.011479988774609136,0.036946943815343344,0.011330269289900316,0.0,0.03925,0.04825
oracle_decoder,62.0,0.16599539188183138,0.8340046081181687,0.0,0.0,0.0,0.27548756430208465,0.9986078760106153,0.057913581422576535,41.60087884713,0.012311703883876104,0.011601102125036346,0.024190774852412562,0.011977016830582951,0.00590706753228016,0.011479988774609136,0.036946943815343344,0.011330269289900316,0.0,0.0355,0.04425
oracle_decoder,63.0,0.167428568021916,0.832571431978084,0.0,0.0,0.0,0.2709441753740839,0.9986502976276848,0.057133612466247916,42.33052681699187,0.01354784086061333,0.011143197845132943,0.022331742990429813,0.011863198040317092,0.00590706753228016,0.011479988774609136,0.036946943815343344,0.011330269289900316,0.0,0.03575,0.041
oracle_decoder,64.0,0.16882994679395144,0.8311700532060485,0.0,0.0,0.0,0.26534760167532806,0.9987033699307674,0.056296294723764885,43.41739101969279,0.014781734384414985,0.010601145944983684,0.0204022450305223,0.011751156258092239,0.013919037929535732,0.010738703383788364,0.018471184094154172,0.011729934284812851,1.0,0.0425,0.041
oracle_decoder,65.0,0.1701665335711641,0.8298334664288359,0.0,0.0,0.0,0.25886268435018456,0.9987649415870405,0.05542881497016453,44.87950884634324,0.015982706724731566,0.009995114398055898,0.01845564979060125,0.011644712718068006,0.013919037929535732,0.010738703383788364,0.018471184094154172,0.011729934284812851,0.0,0.03875,0.03625
oracle_decoder,66.0,0.17143572982378408,0.8285642701762159,0.0,0.0,0.0,0.25169544621011225,0.9988324027908623,0.054558134407666575,46.726845508613245,0.017122982074603634,0.009347616747109938,0.016543030506149744,0.01154747178895827,0.013919037929535732,0.010738703383788364,0.018471184094154172,0.011729934284812851,0.0,0.0395,0.039
oracle_decoder,67.0,0.17263669656158487,0.8273633034384151,0.0,0.0,0.0,0.24408040534184766,0.9989029188018315,0.053709275771867036,48.95651831562613,0.018180145553230723,0.008682227104561721,0.014708958340355618,0.011462696345300068,0.013919037929535732,0.010738703383788364,0.018471184094154172,0.011729934284812851,0.0,0.03875,0.0345
oracle_decoder,68.0,0.1737709375225129,0.8262290624774871,0.0,0.0,0.0,0.23626535295587864,0.9989736827179447,0.052903918409519815,51.54733271525575,0.01913852023688587,0.008022353563947822,0.012988633977395506,0.01139320694935415,0.013919037929535732,0.010738703383788364,0.018471184094154172,0.011729934284812851,0.0,0.04125,0.03225
oracle_decoder,69.0,0.17484201241912642,0.8251579875808736,0.0,0.0,0.0,0.22849591149875934,0.9990421368207109,0.05215942267083897,54.4539385150476,0.01998932926368493,0.007390179224743545,0.011406657525585322,0.011341308038592127,0.013919037929535732,0.010738703383788364,0.018471184094154172,0.011729934284812851,0.0,0.03525,0.03175
oracle_decoder,70.0,0.17580863200041058,0.8241913679995894,0.0,0.0,0.0,0.22100190987261142,0.999180202174936,0.040723474270950036,49.675021116053145,0.020729831951719825,0.006805856007461777,0.009977292419603408,0.011308742393311904,0.013919037929535732,0.010738703383788364,0.018471184094154172,0.011729934284812851,0.0,0.0365,0.025
oracle_decoder,71.0,0.17693184578582113,0.8230681542141789,0.0,0.0,0.0,0.21398684960923364,0.9992327089027745,0.040131925611722595,52.30339014337309,0.02136181142095983,0.006287001300981265,0.008705788657755193,0.011296673339511341,0.013919037929535732,0.010738703383788364,0.018471184094154172,0.011729934284812851,0.0,0.043,0.02375
oracle_decoder,72.0,0.1781734167308571,0.8218265832691429,0.0,0.0,0.0,0.20762088251358876,0.9992788424160503,0.03960543122007628,54.91924664115574,0.02188981887860036,0.005848509270550971,0.007590248280798474,0.011305692553402512,0.025035203078054635,0.0053950721574223945,0.006232488882015315,0.01174455095041746,1.0,0.037,0.02
oracle_decoder,73.0,0.179508644140995,0.820491355859005,0.0,0.0,0.0,0.20203707287511655,0.9993179411849101,0.03914198489975976,57.38799064506234,0.02231949296040275,0.005502654052306521,0.00662359439453784,0.011335850072054456,0.025035203078054635,0.0053950721574223945,0.006232488882015315,0.01174455095041746,0.0,0.0365,0.02125
oracle_decoder,74.0,0.180918216185816,0.819081783814184,0.0,0.0,0.0,0.19733038248540857,0.9993496822378359,0.03873576084814648,59.56435930528071,0.022656143109934457,0.005259434581155891,0.005795356184985108,0.011386702237042103,0.025035203078054635,0.0053950721574223945,0.006232488882015315,0.01174455095041746,0.0,0.03975,0.0175
oracle_decoder,75.0,0.1823873708632784,0.8176126291367216,0.0,0.0,0.0,0.1935587472582643,0.9993740037389114,0.03854097918664578,61.56742712747628,0.022903670628219578,0.005127090882058244,0.005093131687290578,0.011457372822580629,0.025035203078054635,0.0053950721574223945,0.006232488882015315,0.01174455095041746,0.0,0.04,0.021
oracle_decoder,76.0,0.18390508402045228,0.8160949159795478,0.0,0.0,0.0,0.19074568695621533,0.9993910338513927,0.03878884713043819,63.69622879555636,0.023063826805359185,0.005112707773858529,0.00450369899929377,0.011546622508203302,0.025035203078054635,0.0053950721574223945,0.006232488882015315,0.01174455095041746,0.0,0.03825,0.02225
oracle_decoder,77.0,0.1854633228760981,0.8145366771239019,0.0,0.0,0.0,0.18888397075494578,0.9994010340990054,0.039082084783941595,65.24926497325379,0.02313577716363311,0.0052228118492158235,0.004013808360867819,0.01165292210074085,0.025035203078054635,0.0053950721574223945,0.006232488882015315,0.01174455095041746,0.0,0.04175,0.01725
oracle_decoder,78.0,0.18705638681555137,0.8129436131844486,0.0,0.0,0.0,0.18793986333228507,0.999404361606544,0.03942217721883738,66.18474841774878,0.02311594434615753,0.005463859470426694,0.003610712382342273,0.011774525422312278,0.025035203078054635,0.0053950721574223945,0.006232488882015315,0.01174455095041746,0.0,0.036,0.0165
oracle_decoder,79.0,0.18868033808791312,0.8113196619120868,0.0,0.0,0.0,0.1878574066452633,0.9994014521312817,0.039808145074238514,66.50787205956263,0.02299812600644955,0.005842507086306652,0.003282494436839749,0.011909538479800537,0.025035203078054635,0.0053950721574223945,0.006232488882015315,0.01174455095041746,0.0,0.042,0.0175
oracle_decoder,80.0,0.1903325118384252,0.8096674881615749,0.0,0.0,0.0,0.18856215953603053,0.9993928239530236,0.04023696926032824,66.26903261533836,0.02277391479869577,0.006365553084638275,0.0030182480809477067,0.012055982333994207,0.022053310818182233,0.008051930998304703,0.0036520013422801133,0.011655872548730682,1.0,0.042,0.0185
oracle_decoder,81.0,0.1920110879373027,0.8079889120626973,0.0,0.0,0.0,0.1899639551375152,0.9993791005024236,0.04070395103943989,65.55642450722532,0.022433471820408918,0.00703944963522114,0.0028081510512831887,0.01221184791583781,0.022053310818182233,0.008051930998304703,0.0036520013422801133,0.011655872548730682,0.0,0.044,0.02325
oracle_decoder,82.0,0.1937147063577936,0.8062852936422065,0.0,0.0,0.0,0.19195859897904796,0.9993610461940281,0.04120298603559288,64.48507802988975,0.021966707599430455,0.007869315431534404,0.0026434695603424186,0.012375141827166756,0.022053310818182233,0.008051930998304703,0.0036520013422801133,0.011655872548730682,0.0,0.04075,0.02775
oracle_decoder,83.0,0.1954421134545778,0.8045578865454222,0.0,0.0,0.0,0.19442894249939685,0.9993396049300834,0.041726761019565656,63.184543495817174,0.021364889325666832,0.008857450601235706,0.002516523093232679,0.012543922863373523,0.022053310818182233,0.008051930998304703,0.0036520013422801133,0.011655872548730682,0.0,0.03925,0.0265
oracle_decoder,84.0,0.19719183797508055,0.8028081620249194,0.0,0.0,0.0,0.19724625107782878,0.9993159249251876,0.042266908275596246,61.78694390698042,0.020622605858673326,0.010001473809532101,0.002420635738254762,0.012716329572106463,0.022053310818182233,0.008051930998304703,0.0036520013422801133,0.011655872548730682,0.0,0.043,0.0235
oracle_decoder,85.0,0.1989619110876257,0.8010380889123743,0.0,0.0,0.0,0.20027302928358331,0.9992913493610612,0.042814170116186455,60.41647006810343,0.019739883348473944,0.011292362058388673,0.0023500954144623065,0.012890599598443237,0.022053310818182233,0.008051930998304703,0.0036520013422801133,0.011655872548730682,0.0,0.04175,0.026
oracle_decoder,86.0,0.20074965970715514,0.7992503402928448,0.0,0.0,0.0,0.20336828130325127,0.9992673539848186,0.04335863015010422,59.18087214241917,0.018724082951737442,0.012712837289058691,0.0023001352957964134,0.013065081860889994,0.022053310818182233,0.008051930998304703,0.0036520013422801133,0.011655872548730682,0.0,0.05225,0.03225
oracle_decoder,87.0,0.20255161010567468,0.7974483898943253,0.0,0.0,0.0,0.20639549031517881,0.9992454239745716,0.04389005285761084,58.16518333284383,0.017591093691783067,0.014236635634915064,0.0022669414491239765,0.01323824276378788,0.022053310818182233,0.008051930998304703,0.0036520013422801133,0.011655872548730682,0.0,0.04975,0.028
oracle_decoder,88.0,0.20436353234581264,0.7956364676541874,0.0,0.0,0.0,0.20923252396593978,0.9992268833338952,0.04439833762044171,57.427733183057846,0.01636534541273903,0.015829126146215233,0.002247678569373827,0.01340866769845361,0.015577163727253582,0.017921294421060018,0.002861562623225204,0.011192171163109197,1.0,0.04025,0.0275
oracle_decoder,89.0,0.2061806330552978,0.7938193669447022,0.0,0.0,0.0,0.21178159979941916,0.9992127139365822,0.04487404477282097,56.99839849572649,0.015078371413295225,0.017449467718836785,0.0022405155654435906,0.013575059040794788,0.015577163727253582,0.017921294421060018,0.002861562623225204,0.011192171163109197,0.0,0.0475,0.0305
oracle_decoder,90.0,0.20799787036732398,0.792002129632676,0.0,0.0,0.0,0.21397690580413314,0.9992034154862027,0.0453089061691989,56.87896938042896,0.013766025087980166,0.019054058121602994,0.002244629496857117,0.01373623174217729,0.015577163727253582,0.017921294421060018,0.002861562623225204,0.011192171163109197,0.0,0.0445,0.0345
oracle_decoder,91.0,0.20965335706329605,0.790346642936704,0.0,0.0,0.0,0.2157878495314724,0.9994769881053935,0.04567622203844768,87.33304635990457,0.012464868207514853,0.020600601161516293,0.0022601727993700363,0.01389110745714299,0.015577163727253582,0.017921294421060018,0.002861562623225204,0.011192171163109197,0.0,0.0455,0.0395
oracle_decoder,92.0,0.2114943433077712,0.7885056566922288,0.0,0.0,0.0,0.2172171400161882,0.9994999571140242,0.04599152300468507,91.9751571206403,0.011208513979674033,0.022051897338628477,0.0022882029732661765,0.014038707977659862,0.015577163727253582,0.017921294421060018,0.002861562623225204,0.011192171163109197,0.0,0.0485,0.0365
oracle_decoder,93.0,0.21348333710661305,0.786516662893387,0.0,0.0,0.0,0.21829444650848479,0.9995248858289542,0.04625174268669345,97.34869112592878,0.010024696620211904,0.02337856190342361,0.0023305896253688527,0.014178148566556371,0.015577163727253582,0.017921294421060018,0.002861562623225204,0.011192171163109197,0.0,0.04275,0.035
oracle_decoder,94.0,0.21558610610409973,0.7844138938959002,0.0,0.0,0.0,0.2190675226284079,0.9995503028101764,0.046455210921760526,103.30331603803457,0.008933564576477331,0.02456023890340297,0.002389923828905378,0.01430863161590368,0.015577163727253582,0.017921294421060018,0.002861562623225204,0.011192171163109197,0.0,0.052,0.045
oracle_decoder,95.0,0.21777097196918926,0.7822290280308107,0.0,0.0,0.0,0.21959300236311852,0.9995748335298199,0.046600985869331035,109.60644626936734,0.007947300050179849,0.025585329980203825,0.00246945548300808,0.014429440908278829,0.015577163727253582,0.017921294421060018,0.002861562623225204,0.011192171163109197,0.0,0.04425,0.04
