protocol,anisotropy,drift_cycles,logical_error,entanglement_fidelity,updates,avg_l1_estimation_error,worst_q_star,worst_eta_star,worst_alignment_floor,best_static_logical_error,adaptive_benefit_log10,overactive_penalty_log10,oracle_gap_log10,best_protocol
uniform_decoder,0.0,0.0,0.07621119644798043,0.9237888035520195,0.0,0.0,0.999019358691328,0.046162270691328,47.07355307501777,0.07621119644798043,-0.002448028509766442,0.027585091376011422,0.0024480285097664735,uniform_decoder
static_tailored,0.0,0.0,0.07621119644798043,0.9237888035520195,0.0,0.0,0.999019358691328,0.046162270691328,47.07355307501777,0.07621119644798043,-0.002448028509766442,0.027585091376011422,0.0024480285097664735,uniform_decoder
adaptive_decoder,0.0,0.0,0.07664199628361998,0.92335800371638,4.0,0.0,0.999019358691328,0.047773848568606,47.07355307501777,0.07621119644798043,-0.002448028509766442,0.027585091376011422,0.0024480285097664735,uniform_decoder
overactive_decoder,0.0,0.0,0.08166799614385913,0.9183320038561409,48.0,0.0,0.998915793810206,0.047773848568606,44.063434629241044,0.07621119644798043,-0.002448028509766442,0.027585091376011422,0.0024480285097664735,uniform_decoder
oracle_decoder,0.0,0.0,0.07621119644798043,0.9237888035520195,0.0,0.0,0.999019358691328,0.046162270691328,47.07355307501777,0.07621119644798043,-0.002448028509766442,0.027585091376011422,0.0024480285097664735,uniform_decoder
uniform_decoder,0.0,0.08333333333333333,0.07621119644798043,0.9237888035520195,0.0,0.0,0.999019358691328,0.046162270691328,47.07355307501777,0.07621119644798043,-0.002448028509766442,0.027585091376011422,0.0024480285097664735,uniform_decoder
static_tailored,0.0,0.08333333333333333,0.07621119644798043,0.9237888035520195,0.0,0.0,0.999019358691328,0.046162270691328,47.07355307501777,0.07621119644798043,-0.002448028509766442,0.027585091376011422,0.0024480285097664735,uniform_decoder
adaptive_decoder,0.0,0.08333333333333333,0.07664199628361998,0.92335800371638,4.0,0.0,0.999019358691328,0.047773848568606,47.07355307501777,0.07621119644798043,-0.002448028509766442,0.027585091376011422,0.0024480285097664735,uniform_decoder
overactive_decoder,0.0,0.08333333333333333,0.08166799614385913,0.9183320038561409,48.0,0.0,0.998915793810206,0.047773848568606,44.063434629241044,0.07621119644798043,-0.002448028509766442,0.027585091376011422,0.0024480285097664735,uniform_decoder
oracle_decoder,0.0,0.08333333333333333,0.07621119644798043,0.9237888035520195,0.0,0.0,0.999019358691328,0.046162270691328,47.07355307501777,0.07621119644798043,-0.002448028509766442,0.027585091376011422,0.0024480285097664735,uniform_decoder
uniform_decoder,0.0,0.16666666666666666,0.07621119644798043,0.9237888035520195,0.0,0.0,0.999019358691328,0.046162270691328,47.07355307501777,0.07621119644798043,-0.002448028509766442,0.027585091376011422,0.0024480285097664735,uniform_decoder
static_tailored,0.0,0.16666666666666666,0.07621119644798043,0.9237888035520195,0.0,0.0,0.999019358691328,0.046162270691328,47.07355307501777,0.07621119644798043,-0.002448028509766442,0.027585091376011422,0.0024480285097664735,uniform_decoder
adaptive_decoder,0.0,0.16666666666666666,0.07664199628361998,0.92335800371638,4.0,0.0,0.999019358691328,0.047773848568606,47.07355307501777,0.07621119644798043,-0.002448028509766442,0.027585091376011422,0.0024480285097664735,uniform_decoder
overactive_decoder,0.0,0.16666666666666666,0.08166799614385913,0.9183320038561409,48.0,0.0,0.998915793810206,0.047773848568606,44.063434629241044,0.07621119644798043,-0.002448028509766442,0.027585091376011422,0.0024480285097664735,uniform_decoder
oracle_decoder,0.0,0.16666666666666666,0.07621119644798043,0.9237888035520195,0.0,0.0,0.999019358691328,0.046162270691328,47.07355307501777,0.07621119644798043,-0.002448028509766442,0.027585091376011422,0.0024480285097664735,uniform_decoder
uniform_decoder,0.0,0.25,0.07621119644798043,0.9237888035520195,0.0,0.0,0.999019358691328,0.046162270691328,47.07355307501777,0.07621119644798043,-0.002448028509766442,0.027585091376011422,0.0024480285097664735,uniform_decoder
static_tailored,0.0,0.25,0.07621119644798043,0.9237888035520195,0.0,0.0,0.999019358691328,0.046162270691328,47.07355307501777,0.07621119644798043,-0.002448028509766442,0.027585091376011422,0.0024480285097664735,uniform_decoder
adaptive_decoder,0.0,0.25,0.07664199628361998,0.92335800371638,4.0,0.0,0.999019358691328,0.047773848568606,47.07355307501777,0.07621119644798043,-0.002448028509766442,0.027585091376011422,0.0024480285097664735,uniform_decoder
overactive_decoder,0.0,0.25,0.08166799614385913,0.9183320038561409,48.0,0.0,0.998915793810206,0.047773848568606,44.063434629241044,0.07621119644798043,-0.002448028509766442,0.027585091376011422,0.0024480285097664735,uniform_decoder
oracle_decoder,0.0,0.25,0.07621119644798043,0.9237888035520195,0.0,0.0,0.999019358691328,0.046162270691328,47.07355307501777,0.07621119644798043,-0.002448028509766442,0.027585091376011422,0.0024480285097664735,uniform_decoder
uniform_decoder,0.0,0.3333333333333333,0.07621119644798043,0.9237888035520195,0.0,0.0,0.999019358691328,0.046162270691328,47.07355307501777,0.07621119644798043,-0.002448028509766442,0.027585091376011422,0.0024480285097664735,uniform_decoder
static_tailored,0.0,0.3333333333333333,0.07621119644798043,0.9237888035520195,0.0,0.0,0.999019358691328,0.046162270691328,47.07355307501777,0.07621119644798043,-0.002448028509766442,0.027585091376011422,0.0024480285097664735,uniform_decoder
adaptive_decoder,0.0,0.3333333333333333,0.07664199628361998,0.92335800371638,4.0,0.0,0.999019358691328,0.047773848568606,47.07355307501777,0.07621119644798043,-0.002448028509766442,0.027585091376011422,0.0024480285097664735,uniform_decoder
overactive_decoder,0.0,0.3333333333333333,0.08166799614385913,0.9183320038561409,48.0,0.0,0.998915793810206,0.047773848568606,44.063434629241044,0.07621119644798043,-0.002448028509766442,0.027585091376011422,0.0024480285097664735,uniform_decoder
oracle_decoder,0.0,0.3333333333333333,0.07621119644798043,0.9237888035520195,0.0,0.0,0.999019358691328,0.046162270691328,47.07355307501777,0.07621119644798043,-0.002448028509766442,0.027585091376011422,0.0024480285097664735,uniform_decoder
uniform_decoder,0.0,0.41666666666666663,0.07621119644798043,0.9237888035520195,0.0,0.0,0.999019358691328,0.046162270691328,47.07355307501777,0.07621119644798043,-0.002448028509766442,0.027585091376011422,0.0024480285097664735,uniform_decoder
static_tailored,0.0,0.41666666666666663,0.07621119644798043,0.9237888035520195,0.0,0.0,0.999019358691328,0.046162270691328,47.07355307501777,0.07621119644798043,-0.002448028509766442,0.027585091376011422,0.0024480285097664735,uniform_decoder
adaptive_decoder,0.0,0.41666666666666663,0.07664199628361998,0.92335800371638,4.0,0.0,0.999019358691328,0.047773848568606,47.07355307501777,0.07621119644798043,-0.002448028509766442,0.027585091376011422,0.0024480285097664735,uniform_decoder
overactive_decoder,0.0,0.41666666666666663,0.08166799614385913,0.9183320038561409,48.0,0.0,0.998915793810206,0.047773848568606,44.063434629241044,0.07621119644798043,-0.002448028509766442,0.027585091376011422,0.0024480285097664735,uniform_decoder
oracle_decoder,0.0,0.41666666666666663,0.07621119644798043,0.9237888035520195,0.0,0.0,0.999019358691328,0.046162270691328,47.07355307501777,0.07621119644798043,-0.002448028509766442,0.027585091376011422,0.0024480285097664735,uniform_decoder
uniform_decoder,0.0,0.5,0.07621119644798043,0.9237888035520195,0.0,0.0,0.999019358691328,0.046162270691328,47.07355307501777,0.07621119644798043,-0.002448028509766442,0.027585091376011422,0.0024480285097664735,uniform_decoder
static_tailored,0.0,0.5,0.07621119644798043,0.9237888035520195,0.0,0.0,0.999019358691328,0.046162270691328,47.07355307501777,0.07621119644798043,-0.002448028509766442,0.027585091376011422,0.0024480285097664735,uniform_decoder
adaptive_decoder,0.0,0.5,0.07664199628361998,0.92335800371638,4.0,0.0,0.999019358691328,0.047773848568606,47.07355307501777,0.07621119644798043,-0.002448028509766442,0.027585091376011422,0.0024480285097664735,uniform_decoder
overactive_decoder,0.0,0.5,0.08166799614385913,0.9183320038561409,48.0,0.0,0.998915793810206,0.047773848568606,44.063434629241044,0.07621119644798043,-0.002448028509766442,0.027585091376011422,0.0024480285097664735,uniform_decoder
oracle_decoder,0.0,0.5,0.07621119644798043,0.9237888035520195,0.0,0.0,0.999019358691328,0.046162270691328,47.07355307501777,0.07621119644798043,-0.002448028509766442,0.027585091376011422,0.0024480285097664735,uniform_decoder
uniform_decoder,0.0,0.5833333333333333,0.07621119644798043,0.9237888035520195,0.0,0.0,0.999019358691328,0.046162270691328,47.07355307501777,0.07621119644798043,-0.002448028509766442,0.027585091376011422,0.0024480285097664735,uniform_decoder
static_tailored,0.0,0.5833333333333333,0.07621119644798043,0.9237888035520195,0.0,0.0,0.999019358691328,0.046162270691328,47.07355307501777,0.07621119644798043,-0.002448028509766442,0.027585091376011422,0.0024480285097664735,uniform_decoder
adaptive_decoder,0.0,0.5833333333333333,0.07664199628361998,0.92335800371638,4.0,0.0,0.999019358691328,0.047773848568606,47.07355307501777,0.07621119644798043,-0.002448028509766442,0.027585091376011422,0.0024480285097664735,uniform_decoder
overactive_decoder,0.0,0.5833333333333333,0.08166799614385913,0.9183320038561409,48.0,0.0,0.998915793810206,0.047773848568606,44.063434629241044,0.07621119644798043,-0.002448028509766442,0.027585091376011422,0.0024480285097664735,uniform_decoder
oracle_decoder,0.0,0.5833333333333333,0.07621119644798043,0.9237888035520195,0.0,0.0,0.999019358691328,0.046162270691328,47.07355307501777,0.07621119644798043,-0.002448028509766442,0.027585091376011422,0.0024480285097664735,uniform_decoder
uniform_decoder,0.0,0.6666666666666666,0.07621119644798043,0.9237888035520195,0.0,0.0,0.999019358691328,0.046162270691328,47.07355307501777,0.07621119644798043,-0.002448028509766442,0.027585091376011422,0.0024480285097664735,uniform_decoder
static_tailored,0.0,0.6666666666666666,0.07621119644798043,0.9237888035520195,0.0,0.0,0.999019358691328,0.046162270691328,47.07355307501777,0.07621119644798043,-0.002448028509766442,0.027585091376011422,0.0024480285097664735,uniform_decoder
adaptive_decoder,0.0,0.6666666666666666,0.07664199628361998,0.92335800371638,4.0,0.0,0.999019358691328,0.047773848568606,47.07355307501777,0.07621119644798043,-0.002448028509766442,0.027585091376011422,0.0024480285097664735,uniform_decoder
overactive_decoder,0.0,0.6666666666666666,0.08166799614385913,0.9183320038561409,48.0,0.0,0.998915793810206,0.047773848568606,44.063434629241044,0.07621119644798043,-0.002448028509766442,0.027585091376011422,0.0024480285097664735,uniform_decoder
oracle_decoder,0.0,0.6666666666666666,0.07621119644798043,0.9237888035520195,0.0,0.0,0.999019358691328,0.046162270691328,47.07355307501777,0.07621119644798043,-0.002448028509766442,0.027585091376011422,0.0024480285097664735,uniform_decoder
uniform_decoder,0.0,0.75,0.07621119644798043,0.9237888035520195,0.0,0.0,0.999019358691328,0.046162270691328,47.07355307501777,0.07621119644798043,-0.002448028509766442,0.027585091376011422,0.0024480285097664735,uniform_decoder
static_tailored,0.0,0.75,0.07621119644798043,0.9237888035520195,0.0,0.0,0.999019358691328,0.046162270691328,47.07355307501777,0.07621119644798043,-0.002448028509766442,0.027585091376011422,0.0024480285097664735,uniform_decoder
adaptive_decoder,0.0,0.75,0.07664199628361998,0.92335800371638,4.0,0.0,0.999019358691328,0.047773848568606,47.07355307501777,0.07621119644798043,-0.002448028509766442,0.027585091376011422,0.0024480285097664735,uniform_decoder
overactive_decoder,0.0,0.75,0.08166799614385913,0.9183320038561409,48.0,0.0,0.998915793810206,0.047773848568606,44.063434629241044,0.07621119644798043,-0.002448028509766442,0.027585091376011422,0.0024480285097664735,uniform_decoder
oracle_decoder,0.0,0.75,0.07621119644798043,0.9237888035520195,0.0,0.0,0.999019358691328,0.046162270691328,47.07355307501777,0.07621119644798043,-0.002448028509766442,0.027585091376011422,0.0024480285097664735,uniform_decoder
uniform_decoder,0.0,0.8333333333333333,0.07621119644798043,0.9237888035520195,0.0,0.0,0.999019358691328,0.046162270691328,47.07355307501777,0.07621119644798043,-0.002448028509766442,0.027585091376011422,0.0024480285097664735,uniform_decoder
static_tailored,0.0,0.8333333333333333,0.07621119644798043,0.9237888035520195,0.0,0.0,0.999019358691328,0.046162270691328,47.07355307501777,0.07621119644798043,-0.002448028509766442,0.027585091376011422,0.0024480285097664735,uniform_decoder
adaptive_decoder,0.0,0.8333333333333333,0.07664199628361998,0.92335800371638,4.0,0.0,0.999019358691328,0.047773848568606,47.07355307501777,0.07621119644798043,-0.002448028509766442,0.027585091376011422,0.0024480285097664735,uniform_decoder
overactive_decoder,0.0,0.8333333333333333,0.08166799614385913,0.9183320038561409,48.0,0.0,0.998915793810206,0.047773848568606,44.063434629241044,0.07621119644798043,-0.002448028509766442,0.027585091376011422,0.0024480285097664735,uniform_decoder
oracle_decoder,0.0,0.8333333333333333,0.07621119644798043,0.9237888035520195,0.0,0.0,0.999019358691328,0.046162270691328,47.07355307501777,0.07621119644798043,-0.002448028509766442,0.027585091376011422,0.0024480285097664735,uniform_decoder
uniform_decoder,0.0,0.9166666666666666,0.07621119644798043,0.9237888035520195,0.0,0.0,0.999019358691328,0.046162270691328,47.07355307501777,0.07621119644798043,-0.002448028509766442,0.027585091376011422,0.0024480285097664735,uniform_decoder
static_tailored,0.0,0.9166666666666666,0.07621119644798043,0.9237888035520195,0.0,0.0,0.999019358691328,0.046162270691328,47.07355307501777,0.07621119644798043,-0.002448028509766442,0.027585091376011422,0.0024480285097664735,uniform_decoder
adaptive_decoder,0.0,0.9166666666666666,0.07664199628361998,0.92335800371638,4.0,0.0,0.999019358691328,0.047773848568606,47.07355307501777,0.07621119644798043,-0.002448028509766442,0.027585091376011422,0.0024480285097664735,uniform_decoder
overactive_decoder,0.0,0.9166666666666666,0.08166799614385913,0.9183320038561409,48.0,0.0,0.998915793810206,0.047773848568606,44.063434629241044,0.07621119644798043,-0.002448028509766442,0.027585091376011422,0.0024480285097664735,uniform_decoder
oracle_decoder,0.0,0.9166666666666666,0.07621119644798043,0.9237888035520195,0.0,0.0,0.999019358691328,0.046162270691328,47.07355307501777,0.07621119644798043,-0.002448028509766442,0.027585091376011422,0.0024480285097664735,uniform_decoder
uniform_decoder,0.0,1.0,0.07621119644798043,0.9237888035520195,0.0,0.0,0.999019358691328,0.046162270691328,47.07355307501777,0.07621119644798043,-0.002448028509766442,0.027585091376011422,0.0024480285097664735,uniform_decoder
static_tailored,0.0,1.0,0.07621119644798043,0.9237888035520195,0.0,0.0,0.999019358691328,0.046162270691328,47.07355307501777,0.07621119644798043,-0.002448028509766442,0.027585091376011422,0.0024480285097664735,uniform_decoder
adaptive_decoder,0.0,1.0,0.07664199628361998,0.92335800371638,4.0,0.0,0.999019358691328,0.047773848568606,47.07355307501777,0.07621119644798043,-0.002448028509766442,0.027585091376011422,0.0024480285097664735,uniform_decoder
overactive_decoder,0.0,1.0,0.08166799614385913,0.9183320038561409,48.0,0.0,0.998915793810206,0.047773848568606,44.063434629241044,0.07621119644798043,-0.002448028509766442,0.027585091376011422,0.0024480285097664735,uniform_decoder
oracle_decoder,0.0,1.0,0.07621119644798043,0.9237888035520195,0.0,0.0,0.999019358691328,0.046162270691328,47.07355307501777,0.07621119644798043,-0.002448028509766442,0.027585091376011422,0.0024480285097664735,uniform_decoder
uniform_decoder,0.0,1.0833333333333333,0.07621119644798043,0.9237888035520195,0.0,0.0,0.999019358691328,0.046162270691328,47.07355307501777,0.07621119644798043,-0.002448028509766442,0.027585091376011422,0.0024480285097664735,uniform_decoder
static_tailored,0.0,1.0833333333333333,0.07621119644798043,0.9237888035520195,0.0,0.0,0.999019358691328,0.046162270691328,47.07355307501777,0.07621119644798043,-0.002448028509766442,0.027585091376011422,0.0024480285097664735,uniform_decoder
adaptive_decoder,0.0,1.0833333333333333,0.07664199628361998,0.92335800371638,4.0,0.0,0.999019358691328,0.047773848568606,47.07355307501777,0.07621119644798043,-0.002448028509766442,0.027585091376011422,0.0024480285097664735,uniform_decoder
overactive_decoder,0.0,1.0833333333333333,0.08166799614385913,0.9183320038561409,48.0,0.0,0.998915793810206,0.047773848568606,44.063434629241044,0.07621119644798043,-0.002448028509766442,0.027585091376011422,0.0024480285097664735,uniform_decoder
oracle_decoder,0.0,1.0833333333333333,0.07621119644798043,0.9237888035520195,0.0,0.0,0.999019358691328,0.046162270691328,47.07355307501777,0.07621119644798043,-0.002448028509766442,0.027585091376011422,0.0024480285097664735,uniform_decoder
uniform_decoder,0.0,1.1666666666666665,0.07621119644798043,0.9237888035520195,0.0,0.0,0.999019358691328,0.046162270691328,47.07355307501777,0.07621119644798043,-0.002448028509766442,0.027585091376011422,0.0024480285097664735,uniform_decoder
static_tailored,0.0,1.1666666666666665,0.07621119644798043,0.9237888035520195,0.0,0.0,0.999019358691328,0.046162270691328,47.07355307501777,0.07621119644798043,-0.002448028509766442,0.027585091376011422,0.0024480285097664735,uniform_decoder
adaptive_decoder,0.0,1.1666666666666665,0.07664199628361998,0.92335800371638,4.0,0.0,0.999019358691328,0.047773848568606,47.07355307501777,0.07621119644798043,-0.002448028509766442,0.027585091376011422,0.0024480285097664735,uniform_decoder
overactive_decoder,0.0,1.1666666666666665,0.08166799614385913,0.9183320038561409,48.0,0.0,0.998915793810206,0.047773848568606,44.063434629241044,0.07621119644798043,-0.002448028509766442,0.027585091376011422,0.0024480285097664735,uniform_decoder
oracle_decoder,0.0,1.1666666666666665,0.07621119644798043,0.9237888035520195,0.0,0.0,0.999019358691328,0.046162270691328,47.07355307501777,0.07621119644798043,-0.002448028509766442,0.027585091376011422,0.0024480285097664735,uniform_decoder
uniform_decoder,0.0,1.25,0.07621119644798043,0.9237888035520195,0.0,0.0,0.999019358691328,0.046162270691328,47.07355307501777,0.07621119644798043,-0.002448028509766442,0.027585091376011422,0.0024480285097664735,uniform_decoder
static_tailored,0.0,1.25,0.07621119644798043,0.9237888035520195,0.0,0.0,0.999019358691328,0.046162270691328,47.07355307501777,0.07621119644798043,-0.002448028509766442,0.027585091376011422,0.0024480285097664735,uniform_decoder
adaptive_decoder,0.0,1.25,0.07664199628361998,0.92335800371638,4.0,0.0,0.999019358691328,0.047773848568606,47.07355307501777,0.07621119644798043,-0.002448028509766442,0.027585091376011422,0.0024480285097664735,uniform_decoder
overactive_decoder,0.0,1.25,0.08166799614385913,0.9183320038561409,48.0,0.0,0.998915793810206,0.047773848568606,44.063434629241044,0.07621119644798043,-0.002448028509766442,0.027585091376011422,0.0024480285097664735,uniform_decoder
oracle_decoder,0.0,1.25,0.07621119644798043,0.9237888035520195,0.0,0.0,0.999019358691328,0.046162270691328,47.07355307501777,0.07621119644798043,-0.002448028509766442,0.027585091376011422,0.0024480285097664735,uniform_decoder
uniform_decoder,0.0,1.3333333333333333,0.07621119644798043,0.9237888035520195,0.0,0.0,0.999019358691328,0.046162270691328,47.07355307501777,0.07621119644798043,-0.002448028509766442,0.027585091376011422,0.0024480285097664735,uniform_decoder
static_tailored,0.0,1.3333333333333333,0.07621119644798043,0.9237888035520195,0.0,0.0,0.999019358691328,0.046162270691328,47.07355307501777,0.07621119644798043,-0.002448028509766442,0.027585091376011422,0.0024480285097664735,uniform_decoder
adaptive_decoder,0.0,1.3333333333333333,0.07664199628361998,0.92335800371638,4.0,0.0,0.999019358691328,0.047773848568606,47.07355307501777,0.07621119644798043,-0.002448028509766442,0.027585091376011422,0.0024480285097664735,uniform_decoder
overactive_decoder,0.0,1.3333333333333333,0.08166799614385913,0.9183320038561409,48.0,0.0,0.998915793810206,0.047773848568606,44.063434629241044,0.07621119644798043,-0.002448028509766442,0.027585091376011422,0.0024480285097664735,uniform_decoder
oracle_decoder,0.0,1.3333333333333333,0.07621119644798043,0.9237888035520195,0.0,0.0,0.999019358691328,0.046162270691328,47.07355307501777,0.07621119644798043,-0.002448028509766442,0.027585091376011422,0.0024480285097664735,uniform_decoder
uniform_decoder,0.0,1.4166666666666665,0.07621119644798043,0.9237888035520195,0.0,0.0,0.999019358691328,0.046162270691328,47.07355307501777,0.07621119644798043,-0.002448028509766442,0.027585091376011422,0.0024480285097664735,uniform_decoder
static_tailored,0.0,1.4166666666666665,0.07621119644798043,0.9237888035520195,0.0,0.0,0.999019358691328,0.046162270691328,47.07355307501777,0.07621119644798043,-0.002448028509766442,0.027585091376011422,0.0024480285097664735,uniform_decoder
adaptive_decoder,0.0,1.4166666666666665,0.07664199628361998,0.92335800371638,4.0,0.0,0.999019358691328,0.047773848568606,47.07355307501777,0.07621119644798043,-0.002448028509766442,0.027585091376011422,0.0024480285097664735,uniform_decoder
overactive_decoder,0.0,1.4166666666666665,0.08166799614385913,0.9183320038561409,48.0,0.0,0.998915793810206,0.047773848568606,44.063434629241044,0.07621119644798043,-0.002448028509766442,0.027585091376011422,0.0024480285097664735,uniform_decoder
oracle_decoder,0.0,1.4166666666666665,0.07621119644798043,0.9237888035520195,0.0,0.0,0.999019358691328,0.046162270691328,47.07355307501777,0.07621119644798043,-0.002448028509766442,0.027585091376011422,0.0024480285097664735,uniform_decoder
uniform_decoder,0.0,1.5,0.07621119644798043,0.9237888035520195,0.0,0.0,0.999019358691328,0.046162270691328,47.07355307501777,0.07621119644798043,-0.002448028509766442,0.027585091376011422,0.0024480285097664735,uniform_decoder
static_tailored,0.0,1.5,0.07621119644798043,0.9237888035520195,0.0,0.0,0.999019358691328,0.046162270691328,47.07355307501777,0.07621119644798043,-0.002448028509766442,0.027585091376011422,0.0024480285097664735,uniform_decoder
adaptive_decoder,0.0,1.5,0.07664199628361998,0.92335800371638,4.0,0.0,0.999019358691328,0.047773848568606,47.07355307501777,0.07621119644798043,-0.002448028509766442,0.027585091376011422,0.0024480285097664735,uniform_decoder
overactive_decoder,0.0,1.5,0.08166799614385913,0.9183320038561409,48.0,0.0,0.998915793810206,0.047773848568606,44.063434629241044,0.07621119644798043,-0.002448028509766442,0.027585091376011422,0.0024480285097664735,uniform_decoder
oracle_decoder,0.0,1.5,0.07621119644798043,0.9237888035520195,0.0,0.0,0.999019358691328,0.046162270691328,47.07355307501777,0.07621119644798043,-0.002448028509766442,0.027585091376011422,0.0024480285097664735,uniform_decoder
uniform_decoder,0.0,1.5833333333333333,0.07621119644798043,0.9237888035520195,0.0,0.0,0.999019358691328,0.046162270691328,47.07355307501777,0.07621119644798043,-0.002448028509766442,0.027585091376011422,0.0024480285097664735,uniform_decoder
static_tailored,0.0,1.5833333333333333,0.07621119644798043,0.9237888035520195,0.0,0.0,0.999019358691328,0.046162270691328,47.07355307501777,0.07621119644798043,-0.002448028509766442,0.027585091376011422,0.0024480285097664735,uniform_decoder
adaptive_decoder,0.0,1.5833333333333333,0.07664199628361998,0.92335800371638,4.0,0.0,0.999019358691328,0.047773848568606,47.07355307501777,0.07621119644798043,-0.002448028509766442,0.027585091376011422,0.0024480285097664735,uniform_decoder
overactive_decoder,0.0,1.5833333333333333,0.08166799614385913,0.9183320038561409,48.0,0.0,0.998915793810206,0.047773848568606,44.063434629241044,0.07621119644798043,-0.002448028509766442,0.027585091376011422,0.0024480285097664735,uniform_decoder
oracle_decoder,0.0,1.5833333333333333,0.07621119644798043,0.9237888035520195,0.0,0.0,0.999019358691328,0.046162270691328,47.07355307501777,0.07621119644798043,-0.002448028509766442,0.027585091376011422,0.0024480285097664735,uniform_decoder
uniform_decoder,0.0,1.6666666666666665,0.07621119644798043,0.9237888035520195,0.0,0.0,0.999019358691328,0.046162270691328,47.07355307501777,0.07621119644798043,-0.002448028509766442,0.027585091376011422,0.0024480285097664735,uniform_decoder
static_tailored,0.0,1.6666666666666665,0.07621119644798043,0.9237888035520195,0.0,0.0,0.999019358691328,0.046162270691328,47.07355307501777,0.07621119644798043,-0.002448028509766442,0.027585091376011422,0.0024480285097664735,uniform_decoder
adaptive_decoder,0.0,1.6666666666666665,0.07664199628361998,0.92335800371638,4.0,0.0,0.999019358691328,0.047773848568606,47.07355307501777,0.07621119644798043,-0.002448028509766442,0.027585091376011422,0.0024480285097664735,uniform_decoder
overactive_decoder,0.0,1.6666666666666665,0.08166799614385913,0.9183320038561409,48.0,0.0,0.998915793810206,0.047773848568606,44.063434629241044,0.07621119644798043,-0.002448028509766442,0.027585091376011422,0.0024480285097664735,uniform_decoder
oracle_decoder,0.0,1.6666666666666665,0.07621119644798043,0.9237888035520195,0.0,0.0,0.999019358691328,0.046162270691328,47.07355307501777,0.07621119644798043,-0.002448028509766442,0.027585091376011422,0.0024480285097664735,uniform_decoder
uniform_decoder,0.0,1.75,0.07621119644798043,0.9237888035520195,0.0,0.0,0.999019358691328,0.046162270691328,47.07355307501777,0.07621119644798043,-0.002448028509766442,0.027585091376011422,0.0024480285097664735,uniform_decoder
static_tailored,0.0,1.75,0.07621119644798043,0.9237888035520195,0.0,0.0,0.999019358691328,0.046162270691328,47.07355307501777,0.07621119644798043,-0.002448028509766442,0.027585091376011422,0.0024480285097664735,uniform_decoder
adaptive_decoder,0.0,1.75,0.07664199628361998,0.92335800371638,4.0,0.0,0.999019358691328,0.047773848568606,47.07355307501777,0.07621119644798043,-0.002448028509766442,0.027585091376011422,0.0024480285097664735,uniform_decoder
overactive_decoder,0.0,1.75,0.08166799614385913,0.9183320038561409,48.0,0.0,0.998915793810206,0.047773848568606,44.063434629241044,0.07621119644798043,-0.002448028509766442,0.027585091376011422,0.0024480285097664735,uniform_decoder
oracle_decoder,0.0,1.75,0.07621119644798043,0.9237888035520195,0.0,0.0,0.999019358691328,0.046162270691328,47.07355307501777,0.07621119644798043,-0.002448028509766442,0.027585091376011422,0.0024480285097664735,uniform_decoder
uniform_decoder,0.0,1.8333333333333333,0.07621119644798043,0.9237888035520195,0.0,0.0,0.999019358691328,0.046162270691328,47.07355307501777,0.07621119644798043,-0.002448028509766442,0.027585091376011422,0.0024480285097664735,uniform_decoder
static_tailored,0.0,1.8333333333333333,0.07621119644798043,0.9237888035520195,0.0,0.0,0.999019358691328,0.046162270691328,47.07355307501777,0.07621119644798043,-0.002448028509766442,0.027585091376011422,0.0024480285097664735,uniform_decoder
adaptive_decoder,0.0,1.8333333333333333,0.07664199628361998,0.92335800371638,4.0,0.0,0.999019358691328,0.047773848568606,47.07355307501777,0.07621119644798043,-0.002448028509766442,0.027585091376011422,0.0024480285097664735,uniform_decoder
overactive_decoder,0.0,1.8333333333333333,0.08166799614385913,0.9183320038561409,48.0,0.0,0.998915793810206,0.047773848568606,44.063434629241044,0.07621119644798043,-0.002448028509766442,0.027585091376011422,0.0024480285097664735,uniform_decoder
oracle_decoder,0.0,1.8333333333333333,0.07621119644798043,0.9237888035520195,0.0,0.0,0.999019358691328,0.046162270691328,47.07355307501777,0.07621119644798043,-0.002448028509766442,0.027585091376011422,0.0024480285097664735,uniform_decoder
uniform_decoder,0.0,1.9166666666666665,0.07621119644798043,0.9237888035520195,0.0,0.0,0.999019358691328,0.046162270691328,47.07355307501777,0.07621119644798043,-0.002448028509766442,0.027585091376011422,0.0024480285097664735,uniform_decoder
static_tailored,0.0,1.9166666666666665,0.07621119644798043,0.9237888035520195,0.0,0.0,0.999019358691328,0.046162270691328,47.07355307501777,0.07621119644798043,-0.002448028509766442,0.027585091376011422,0.0024480285097664735,uniform_decoder
adaptive_decoder,0.0,1.9166666666666665,0.07664199628361998,0.92335800371638,4.0,0.0,0.999019358691328,0.047773848568606,47.07355307501777,0.07621119644798043,-0.002448028509766442,0.027585091376011422,0.0024480285097664735,uniform_decoder
overactive_decoder,0.0,1.9166666666666665,0.08166799614385913,0.9183320038561409,48.0,0.0,0.998915793810206,0.047773848568606,44.063434629241044,0.07621119644798043,-0.002448028509766442,0.027585091376011422,0.0024480285097664735,uniform_decoder
oracle_decoder,0.0,1.9166666666666665,0.07621119644798043,0.9237888035520195,0.0,0.0,0.999019358691328,0.046162270691328,47.07355307501777,0.07621119644798043,-0.002448028509766442,0.027585091376011422,0.0024480285097664735,uniform_decoder
uniform_decoder,0.0,2.0,0.07621119644798043,0.9237888035520195,0.0,0.0,0.999019358691328,0.046162270691328,47.07355307501777,0.07621119644798043,-0.002448028509766442,0.027585091376011422,0.0024480285097664735,uniform_decoder
static_tailored,0.0,2.0,0.07621119644798043,0.9237888035520195,0.0,0.0,0.999019358691328,0.046162270691328,47.07355307501777,0.07621119644798043,-0.002448028509766442,0.027585091376011422,0.0024480285097664735,uniform_decoder
adaptive_decoder,0.0,2.0,0.07664199628361998,0.92335800371638,4.0,0.0,0.999019358691328,0.047773848568606,47.07355307501777,0.07621119644798043,-0.002448028509766442,0.027585091376011422,0.0024480285097664735,uniform_decoder
overactive_decoder,0.0,2.0,0.08166799614385913,0.9183320038561409,48.0,0.0,0.998915793810206,0.047773848568606,44.063434629241044,0.07621119644798043,-0.002448028509766442,0.027585091376011422,0.0024480285097664735,uniform_decoder
oracle_decoder,0.0,2.0,0.07621119644798043,0.9237888035520195,0.0,0.0,0.999019358691328,0.046162270691328,47.07355307501777,0.07621119644798043,-0.002448028509766442,0.027585091376011422,0.0024480285097664735,uniform_decoder
uniform_decoder,0.075,0.0,0.07578571054740661,0.9242142894525934,0.0,0.0018324257538908557,0.9990253095568342,0.046615465375437766,47.825918169497314,0.07578571054740661,-0.4547732958660299,0.026794478752882135,0.0026809582446691046,uniform_decoder
static_tailored,0.075,0.0,0.2146246818653605,0.7853753181346395,0.0,0.0,0.9991588750318625,0.03532348419307355,41.99552448346745,0.07578571054740661,-0.4547732958660299,0.026794478752882135,0.0026809582446691046,uniform_decoder
adaptive_decoder,0.075,0.0,0.21595368673366483,0.7840463132663351,4.0,0.0,0.9991588750318625,0.036964583576265315,41.99552448346745,0.07578571054740661,-0.4547732958660299,0.026794478752882135,0.0026809582446691046,uniform_decoder
overactive_decoder,0.075,0.0,0.22969688278086528,0.7703031172191347,48.0,0.0,0.9990650707115443,0.036964583576265315,39.537304085661376,0.07578571054740661,-0.4547732958660299,0.026794478752882135,0.0026809582446691046,uniform_decoder
oracle_decoder,0.075,0.0,0.2146246818653605,0.7853753181346395,0.0,0.0,0.9991588750318625,0.03532348419307355,41.99552448346745,0.07578571054740661,-0.4547732958660299,0.026794478752882135,0.0026809582446691046,uniform_decoder
uniform_decoder,0.075,0.08333333333333333,0.07597576823031253,0.9240242317696875,0.0,0.0017446386780832265,0.9990253095568342,0.046615465375437766,47.825918169497314,0.07597576823031253,-0.4522875641526839,0.026951070712431375,0.0027020398316123166,uniform_decoder
static_tailored,0.075,0.08333333333333333,0.21392454870322913,0.7860754512967709,0.0,0.00042836917944349967,0.9991588983638859,0.03563209963226812,42.36360286355479,0.07597576823031253,-0.4522875641526839,0.026951070712431375,0.0027020398316123166,uniform_decoder
adaptive_decoder,0.075,0.08333333333333333,0.21525966710065142,0.7847403328993485,4.0,0.0001300707281049855,0.9991588983638859,0.03721641023957092,42.36360286355479,0.07597576823031253,-0.4522875641526839,0.026951070712431375,0.0027020398316123166,uniform_decoder
overactive_decoder,0.075,0.08333333333333333,0.22904126572638184,0.7709587342736182,48.0,3.2314866750969835e-06,0.9990650940710581,0.03727264358571593,39.86779745486414,0.07597576823031253,-0.4522875641526839,0.026951070712431375,0.0027020398316123166,uniform_decoder
oracle_decoder,0.075,0.08333333333333333,0.21392454870322913,0.7860754512967709,0.0,0.0,0.9991588983638859,0.03563209963226812,42.36360286355479,0.07597576823031253,-0.4522875641526839,0.026951070712431375,0.0027020398316123166,uniform_decoder
uniform_decoder,0.075,0.16666666666666666,0.07618018985538329,0.9238198101446167,0.0,0.0017196740838308817,0.9990253095568342,0.046615465375437766,47.825918169497314,0.07618018985538329,-0.44986232197837217,0.02708311986665822,0.0027188669329481917,uniform_decoder
static_tailored,0.075,0.16666666666666666,0.21329737254030157,0.7867026274596984,0.0,0.0008885704957077279,0.9991588983631383,0.03574282452592409,42.49496259051996,0.07618018985538329,-0.44986232197837217,0.02708311986665822,0.0027188669329481917,uniform_decoder
adaptive_decoder,0.075,0.16666666666666666,0.21463689281049764,0.7853631071895024,4.0,0.00026693252904614787,0.9991588983631383,0.03735861909645288,42.49496259051996,0.07618018985538329,-0.44986232197837217,0.02708311986665822,0.0027188669329481917,uniform_decoder
overactive_decoder,0.075,0.16666666666666666,0.22844806955916414,0.7715519304408358,48.0,6.58945730023745e-06,0.9990650940710581,0.037383169252614416,39.985782837668616,0.07618018985538329,-0.44986232197837217,0.02708311986665822,0.0027188669329481917,uniform_decoder
oracle_decoder,0.075,0.16666666666666666,0.21329737254030157,0.7867026274596984,0.0,0.0,0.9991588983631383,0.03574282452592409,42.49496259051996,0.07618018985538329,-0.44986232197837217,0.02708311986665822,0.0027188669329481917,uniform_decoder
uniform_decoder,0.075,0.25,0.07636935529957685,0.9236306447004231,0.0,0.0017087802255450208,0.9990253095568342,0.046615465375437766,47.825918169497314,0.07636935529957685,-0.4477337422348268,0.027052721242738782,0.0028709346303329164,uniform_decoder
static_tailored,0.075,0.25,0.21277602244133972,0.7872239775586602,0.0,0.0013152531051490678,0.9991588983483563,0.035742773518141854,42.49490218464496,0.07636935529957685,-0.4477337422348268,0.027052721242738782,0.0028709346303329164,uniform_decoder
adaptive_decoder,0.075,0.25,0.2141178463999602,0.7858821536000398,4.0,0.00039733919577516797,0.9991588983483563,0.03737320494591429,42.49490218464496,0.07636935529957685,-0.4477337422348268,0.027052721242738782,0.0028709346303329164,uniform_decoder
overactive_decoder,0.075,0.25,0.22787967313126373,0.7721203268687362,48.0,9.940930468943452e-06,0.9992229291326357,0.037383118336602614,47.97603802706265,0.07636935529957685,-0.4477337422348268,0.027052721242738782,0.0028709346303329164,uniform_decoder
oracle_decoder,0.075,0.25,0.21270707325914767,0.7872929267408524,0.0,0.0,0.999306986181594,0.035742773518141854,51.41343420079568,0.07636935529957685,-0.4477337422348268,0.027052721242738782,0.0028709346303329164,uniform_decoder
uniform_decoder,0.075,0.3333333333333333,0.07651605719533422,0.9234839428046657,0.0,0.0017203094423426906,0.9990253095568342,0.046615465375437766,47.825918169497314,0.07651605719533422,-0.44610973079806626,0.034820444700435944,-0.0066583116995833904,uniform_decoder
static_tailored,0.075,0.3333333333333333,0.2123864985169333,0.7876135014830667,0.0,0.001647092610814742,0.9991588983631383,0.035742620499585,42.49472097206554,0.07651605719533422,-0.44610973079806626,0.034820444700435944,-0.0066583116995833904,uniform_decoder
adaptive_decoder,0.075,0.3333333333333333,0.2137284390441876,0.7862715609558124,4.0,0.0005258524215751764,0.9991588983631383,0.037382965593348444,42.49472097205992,0.07651605719533422,-0.44610973079806626,0.034820444700435944,-0.0066583116995833904,uniform_decoder
overactive_decoder,0.075,0.3333333333333333,0.2315702468605168,0.7684297531394833,48.0,1.3179935123585146e-05,0.9992244766161014,0.037382965593348444,47.96871147653906,0.07651605719533422,-0.44610973079806626,0.034820444700435944,-0.0066583116995833904,uniform_decoder
oracle_decoder,0.075,0.3333333333333333,0.21703042737405492,0.7829695726259451,0.0,0.0,0.9993085365347132,0.035742620499585,51.415427208390106,0.07651605719533422,-0.44610973079806626,0.034820444700435944,-0.0066583116995833904,uniform_decoder
uniform_decoder,0.075,0.41666666666666663,0.07660201169514222,0.9233979883048578,0.0,0.0017229493065007548,0.9990253095568342,0.046615465375437766,47.825918169497314,0.07660201169514222,-0.452405873880256,0.03904950009002738,-0.012107590712516932,uniform_decoder
static_tailored,0.075,0.41666666666666663,0.2121477671138002,0.7878522328861998,0.0,0.0019350928086423816,0.9991588983638859,0.03574277351814186,42.494902184644964,0.07660201169514222,-0.452405873880256,0.03904950009002738,-0.012107590712516932,uniform_decoder
adaptive_decoder,0.075,0.41666666666666663,0.2170931143562581,0.7829068856437419,4.0,0.0006383376667464369,0.9993085336409191,0.03734893197108578,51.41343420078745,0.07660201169514222,-0.452405873880256,0.03904950009002738,-0.012107590712516932,uniform_decoder
overactive_decoder,0.075,0.41666666666666663,0.23751746478696223,0.7624825352130378,48.0,1.6400913047429474e-05,0.9992244737276924,0.037383118336602614,47.97603802705579,0.07660201169514222,-0.452405873880256,0.03904950009002738,-0.012107590712516932,uniform_decoder
oracle_decoder,0.075,0.41666666666666663,0.22323055533653208,0.7767694446634679,0.0,0.0,0.9993085336409191,0.03574277351814186,51.415427208390106,0.07660201169514222,-0.452405873880256,0.03904950009002738,-0.012107590712516932,uniform_decoder
uniform_decoder,0.075,0.5,0.07662166939305673,0.9233783306069433,0.0,0.0017196740838308815,0.9990253095568342,0.046615465375437766,47.825918169497314,0.07662166939305673,-0.4517068879490191,0.006326455728944641,0.023868045588122586,uniform_decoder
static_tailored,0.075,0.5,0.21207799308233022,0.7879220069176698,0.0,0.0021954608092646165,0.9991588983631383,0.035742620499585,42.49472097206554,0.07662166939305673,-0.4517068879490191,0.006326455728944641,0.023868045588122586,uniform_decoder
adaptive_decoder,0.075,0.5,0.2167996106314708,0.7832003893685292,4.0,0.0007636915347258924,0.9993077134222427,0.03735861909645288,51.4232567435504,0.07662166939305673,-0.4517068879490191,0.006326455728944641,0.023868045588122586,uniform_decoder
overactive_decoder,0.075,0.5,0.21998088940459942,0.7800191105954006,48.0,1.975711964878251e-05,0.9992244737276925,0.03738316925261441,47.97378719415524,0.07662166939305673,-0.4517068879490191,0.006326455728944641,0.023868045588122586,uniform_decoder
oracle_decoder,0.075,0.5,0.20520618775911087,0.7947938122408891,0.0,0.0,0.9993085336409191,0.03574282452592408,51.411220382380144,0.07662166939305673,-0.4517068879490191,0.006326455728944641,0.023868045588122586,uniform_decoder
uniform_decoder,0.075,0.5833333333333333,0.07658258755999045,0.9234174124400095,0.0,0.001713647395848889,0.9990253095568342,0.046615465375437766,47.825918169497314,0.07658258755999045,-0.40515336335505076,0.029076236645930353,-0.0026503527172113813,uniform_decoder
static_tailored,0.075,0.5833333333333333,0.2121990603188656,0.7878009396811344,0.0,0.002377261445063705,0.9991588983483563,0.0357423654846232,42.494418967901815,0.07658258755999045,-0.40515336335505076,0.029076236645930353,-0.0026503527172113813,uniform_decoder
adaptive_decoder,0.075,0.5833333333333333,0.1946629943408539,0.8053370056591461,4.0,0.0008573376018114644,0.9993085358112345,0.03737808159640303,51.42345968761468,0.07658258755999045,-0.40515336335505076,0.029076236645930353,-0.0026503527172113813,uniform_decoder
overactive_decoder,0.075,0.5833333333333333,0.20814195822079412,0.7918580417792058,48.0,2.309725853380608e-05,0.999224475893969,0.037382965593348444,47.96588657772938,0.07658258755999045,-0.40515336335505076,0.029076236645930353,-0.0026503527172113813,uniform_decoder
oracle_decoder,0.075,0.5833333333333333,0.19585458917978096,0.8041454108202191,0.0,0.0,0.9993085358112345,0.03574262049958501,51.415427208390106,0.07658258755999045,-0.40515336335505076,0.029076236645930353,-0.0026503527172113813,uniform_decoder
uniform_decoder,0.075,0.6666666666666666,0.07650241039431167,0.9234975896056883,0.0,0.0017203094423426902,0.9990253095568342,0.046615465375437766,47.825918169497314,0.07650241039431167,-0.4043498912851814,0.023197721503935842,0.008024736605436037,uniform_decoder
static_tailored,0.075,0.6666666666666666,0.21253072975976067,0.7874692702402393,0.0,0.0024561490729176857,0.9991588983631383,0.035742620499585,42.49472097206554,0.07650241039431167,-0.4043498912851814,0.023197721503935842,0.008024736605436037,uniform_decoder
adaptive_decoder,0.075,0.6666666666666666,0.19409976525764971,0.8059002347423503,4.0,0.0009768441742501236,0.9993084325599559,0.037382965593348444,51.42219795864017,0.07650241039431167,-0.4043498912851814,0.023197721503935842,0.008024736605436037,uniform_decoder
overactive_decoder,0.075,0.6666666666666666,0.2047494442639484,0.7952505557360516,48.0,2.6338733327201976e-05,0.9992244650643869,0.037382965593348444,47.96871147653906,0.07650241039431167,-0.4043498912851814,0.023197721503935842,0.008024736605436037,uniform_decoder
oracle_decoder,0.075,0.6666666666666666,0.1905461918168,0.8094538081832,0.0,0.0,0.9993085249614618,0.03574262049958501,51.40612990969339,0.07650241039431167,-0.4043498912851814,0.023197721503935842,0.008024736605436037,uniform_decoder
uniform_decoder,0.075,0.75,0.07640343060520921,0.9235965693947907,0.0,0.0017210000863308627,0.9990289462184926,0.04692403610815146,48.32279838847752,0.07640343060520921,-0.40444786751529527,0.01998156302801267,0.011349942319844347,uniform_decoder
static_tailored,0.075,0.75,0.21307347412779787,0.7869265258722021,0.0,0.0024731125656034625,0.9991588983631383,0.03574200849720643,42.493996197354726,0.07640343060520921,-0.40444786751529527,0.01998156302801267,0.011349942319844347,uniform_decoder
adaptive_decoder,0.075,0.75,0.1938923734346087,0.8061076265653913,4.0,0.0010927046244545784,0.9993075646075701,0.03737320494591429,51.423210626919406,0.07640343060520921,-0.40444786751529527,0.01998156302801267,0.011349942319844347,uniform_decoder
overactive_decoder,0.075,0.75,0.20302162047446648,0.7969783795255335,48.0,2.954090442649788e-05,0.999224475893969,0.03738271103719588,47.97378719415524,0.07640343060520921,-0.40444786751529527,0.01998156302801267,0.011349942319844347,uniform_decoder
oracle_decoder,0.075,0.75,0.18889079068992745,0.8111092093100726,0.0,0.0,0.9993085358112345,0.0357423654846232,51.411220382380144,0.07640343060520921,-0.40444786751529527,0.01998156302801267,0.011349942319844347,uniform_decoder
uniform_decoder,0.075,0.8333333333333333,0.07630703932243785,0.9236929606775621,0.0,0.0017196740838308817,0.9990302373765783,0.04703474513348561,48.501297119006914,0.07630703932243785,-0.40536918810715983,-0.016994498417706002,0.04265668101150283,uniform_decoder
static_tailored,0.075,0.8333333333333333,0.21379080768779535,0.7862091923122047,0.0,0.0024340064496147363,0.9991588982655534,0.03574200849720643,42.493996197354726,0.07630703932243785,-0.40536918810715983,-0.016994498417706002,0.04265668101150283,uniform_decoder
adaptive_decoder,0.075,0.8333333333333333,0.1940590011015778,0.8059409988984222,4.0,0.0011666861588445281,0.9993058979425627,0.03734893197108578,51.4202716806507,0.07630703932243785,-0.40536918810715983,-0.016994498417706002,0.04265668101150283,uniform_decoder
overactive_decoder,0.075,0.8333333333333333,0.18661188214862767,0.8133881178513723,48.0,3.289585111535667e-05,0.9992244737276924,0.04864475060872832,47.962870351518134,0.07630703932243785,-0.40536918810715983,-0.016994498417706002,0.04265668101150283,uniform_decoder
oracle_decoder,0.075,0.8333333333333333,0.17590456513173394,0.8240954348682661,0.0,0.0,0.9993085336409191,0.04703474513348561,51.415427208390106,0.07630703932243785,-0.40536918810715983,-0.016994498417706002,0.04265668101150283,uniform_decoder
uniform_decoder,0.075,0.9166666666666666,0.076230169278304,0.9237698307216959,0.0,0.0017160358320423286,0.9990302320423109,0.047034286157736985,48.50055705059248,0.076230169278304,-0.3426145395354127,0.018164411534934186,0.014768176025180909,uniform_decoder
static_tailored,0.075,0.9166666666666666,0.21460602122200215,0.7853939787779979,0.0,0.002324482343316278,0.9991588983631383,0.03574154957086583,42.493452695735215,0.076230169278304,-0.3426145395354127,0.018164411534934186,0.014768176025180909,uniform_decoder
adaptive_decoder,0.075,0.9166666666666666,0.16778047659362993,0.8322195234063701,4.0,0.0012604379159252396,0.9991588983631383,0.03736671417713246,42.49399619735473,0.076230169278304,-0.3426145395354127,0.018164411534934186,0.014768176025180909,uniform_decoder
overactive_decoder,0.075,0.9166666666666666,0.1749467323862198,0.8250532676137802,48.0,3.622361996189939e-05,0.999224475893969,0.048644292458748906,47.97134501716775,0.076230169278304,-0.3426145395354127,0.018164411534934186,0.014768176025180909,uniform_decoder
oracle_decoder,0.075,0.9166666666666666,0.16217101977733595,0.837828980222664,0.0,0.0,0.9993085358112345,0.047034286157736985,51.408785645017765,0.076230169278304,-0.3426145395354127,0.018164411534934186,0.014768176025180909,uniform_decoder
uniform_decoder,0.075,1.0,0.07618374716815345,0.9238162528318465,0.0,0.0017203094423426902,0.9990302350057202,0.04703454113628175,48.500968186845824,0.07618374716815345,-0.3440081667559543,-0.008256118301342954,0.03919153278615024,uniform_decoder
static_tailored,0.075,1.0,0.2154186469582346,0.7845813530417654,0.0,0.00215763408951513,0.9991588983631383,0.035742620499585,42.49472097206554,0.07618374716815345,-0.3440081667559543,-0.008256118301342954,0.03919153278615024,uniform_decoder
adaptive_decoder,0.075,1.0,0.16821723756302093,0.8317827624369791,4.0,0.0013258976834598982,0.9991588982655533,0.03738133677824002,42.49472097206554,0.07618374716815345,-0.3440081667559543,-0.008256118301342954,0.03919153278615024,uniform_decoder
overactive_decoder,0.075,1.0,0.16504956288228595,0.8349504371177141,48.0,3.945198190658327e-05,0.9992244650643869,0.04864454697854729,47.96871147653906,0.07618374716815345,-0.3440081667559543,-0.008256118301342954,0.03919153278615024,uniform_decoder
oracle_decoder,0.075,1.0,0.15370180369808345,0.8462981963019165,0.0,0.0,0.9993085249614618,0.04703454113628175,51.40612990969339,0.07618374716815345,-0.3440081667559543,-0.008256118301342954,0.03919153278615024,uniform_decoder
uniform_decoder,0.075,1.0833333333333333,0.07617180374941815,0.9238281962505819,0.0,0.001719924413524249,0.9990302350057202,0.04703454113628175,48.500968186845824,0.07617180374941815,-0.32534507255285205,-0.000505532912785513,0.03403844359341361,uniform_decoder
static_tailored,0.075,1.0833333333333333,0.21613130597650146,0.7838686940234986,0.0,0.0020338951005252908,0.9991588983468478,0.0357423654846232,42.494418967901815,0.07617180374941815,-0.32534507255285205,-0.000505532912785513,0.03403844359341361,uniform_decoder
adaptive_decoder,0.075,1.0833333333333333,0.16111623786753015,0.8388837621324698,4.0,0.0013977189516805844,0.9993085105021129,0.04864454697854729,51.42283602178681,0.07617180374941815,-0.32534507255285205,-0.000505532912785513,0.03403844359341361,uniform_decoder
overactive_decoder,0.075,1.0833333333333333,0.16092880243411709,0.8390711975658829,48.0,4.2626450807745844e-05,0.9992244506319431,0.04864454697854729,47.97378719415524,0.07617180374941815,-0.32534507255285205,-0.000505532912785513,0.03403844359341361,uniform_decoder
oracle_decoder,0.075,1.0833333333333333,0.14897070353042813,0.8510292964695718,0.0,0.0,0.9993085105021129,0.04703454113628175,51.411220382380144,0.07617180374941815,-0.32534507255285205,-0.000505532912785513,0.03403844359341361,uniform_decoder
uniform_decoder,0.075,1.1666666666666665,0.07619085560538245,0.9238091443946176,0.0,0.0017196740838308813,0.9990302160430363,0.04703290961844224,48.49833747064539,0.07619085560538245,-0.3250466213517514,-0.00792190844855558,0.03943509508531678,uniform_decoder
static_tailored,0.075,1.1666666666666665,0.21667210469472686,0.7833278953052731,0.0,0.0019931022939644293,0.9991588983483563,0.03574282452592409,42.49496259051996,0.07619085560538245,-0.3250466213517514,-0.00792190844855558,0.03943509508531678,uniform_decoder
adaptive_decoder,0.075,1.1666666666666665,0.16104582553955876,0.8389541744604412,4.0,0.0014491116005988347,0.9993085105021129,0.04858643269532649,51.41875136748649,0.07619085560538245,-0.3250466213517514,-0.00792190844855558,0.03943509508531678,uniform_decoder
overactive_decoder,0.075,1.1666666666666665,0.15813484001090813,0.8418651599890918,48.0,4.5975525745332e-05,0.9992244506319431,0.04864291839606742,47.981643028832906,0.07619085560538245,-0.3250466213517514,-0.00792190844855558,0.03943509508531678,uniform_decoder
oracle_decoder,0.075,1.1666666666666665,0.1470667099586632,0.8529332900413368,0.0,0.0,0.9993085105021129,0.04703290961844224,51.415427208390106,0.07619085560538245,-0.3250466213517514,-0.00792190844855558,0.03943509508531678,uniform_decoder
uniform_decoder,0.075,1.25,0.0762306216733494,0.9237693783266506,0.0,0.0017163005441251584,0.9990302225606204,0.04703347036049922,48.49924163072487,0.0762306216733494,-0.3518494033732373,-0.04290938959712911,0.07723752613528535,uniform_decoder
static_tailored,0.075,1.25,0.21700479674960993,0.7829952032503901,0.0,0.002010460403780144,0.9991588983468477,0.035742620499585,42.49472097206554,0.0762306216733494,-0.3518494033732373,-0.04290938959712911,0.07723752613528535,uniform_decoder
adaptive_decoder,0.075,1.25,0.17138738991825747,0.8286126100817426,4.0,0.001536696285043322,0.9993085011078331,0.03708821915917281,51.42119429626137,0.0762306216733494,-0.3518494033732373,-0.04290938959712911,0.07723752613528535,uniform_decoder
overactive_decoder,0.075,1.25,0.15526353695186862,0.8447364630481313,48.0,4.92763921192094e-05,0.9992244412551422,0.04864347812925957,47.94889368244422,0.0762306216733494,-0.3518494033732373,-0.04290938959712911,0.07723752613528535,uniform_decoder
oracle_decoder,0.075,1.25,0.14346347254699662,0.8565365274530033,0.0,0.0,0.9993085011078331,0.04703347036049922,51.41343420079568,0.0762306216733494,-0.3518494033732373,-0.04290938959712911,0.07723752613528535,uniform_decoder
uniform_decoder,0.075,1.3333333333333333,0.0762768035403498,0.9237231964596502,0.0,0.0017203094423426915,0.9990302160430363,0.04703290961844224,48.49833747064539,0.0762768035403498,-0.3514491519604517,-0.04239316274264017,0.0751527109430916,uniform_decoder
static_tailored,0.075,1.3333333333333333,0.21712878534525082,0.7828712146547492,0.0,0.002051789855110346,0.9991588983631383,0.035742620499585,42.49472097206554,0.0762768035403498,-0.3514491519604517,-0.04239316274264017,0.0751527109430916,uniform_decoder
adaptive_decoder,0.075,1.3333333333333333,0.17133324372967862,0.8286667562703214,4.0,0.0016005619553501364,0.9993082487369037,0.03705892231681134,51.42119429626137,0.0762768035403498,-0.3514491519604517,-0.04239316274264017,0.0751527109430916,uniform_decoder
overactive_decoder,0.075,1.3333333333333333,0.1553990911144864,0.8446009088855135,48.0,5.250386974984579e-05,0.9992244766161014,0.04864291839606743,47.96871147653906,0.0762768035403498,-0.3514491519604517,-0.04239316274264017,0.0751527109430916,uniform_decoder
oracle_decoder,0.075,1.3333333333333333,0.1441082771813677,0.8558917228186322,0.0,0.0,0.9993085365347132,0.04703290961844224,51.415427208390106,0.0762768035403498,-0.3514491519604517,-0.04239316274264017,0.0751527109430916,uniform_decoder
uniform_decoder,0.075,1.4166666666666665,0.07631514769638184,0.9236848523036182,0.0,0.0017178974558727488,0.9990302160430363,0.04703290961844224,48.49833747064539,0.07631514769638184,-0.3517046791006249,-0.03120485334300907,0.07751731569554916,uniform_decoder
static_tailored,0.075,1.4166666666666665,0.21707471327865768,0.7829252867213423,0.0,0.0021164999068004875,0.9991588982121226,0.035741549570865824,42.4934526957352,0.07631514769638184,-0.3517046791006249,-0.03120485334300907,0.07751731569554916,uniform_decoder
adaptive_decoder,0.075,1.4166666666666665,0.17152026072227128,0.8284797392777288,4.0,0.0016386508777968718,0.99930776041373,0.03727721802924646,51.41875136748649,0.07631514769638184,-0.3517046791006249,-0.03120485334300907,0.07751731569554916,uniform_decoder
overactive_decoder,0.075,1.4166666666666665,0.15962855224825478,0.8403714477517452,48.0,5.56617957561209e-05,0.999224475893969,0.04864291839606742,47.981643028832906,0.07631514769638184,-0.3517046791006249,-0.03120485334300907,0.07751731569554916,uniform_decoder
oracle_decoder,0.075,1.4166666666666665,0.14348222822108636,0.8565177717789136,0.0,0.0,0.9993085358112345,0.04703290961844224,51.413434200787435,0.07631514769638184,-0.3517046791006249,-0.03120485334300907,0.07751731569554916,uniform_decoder
uniform_decoder,0.075,1.5,0.07633526979705216,0.9236647302029478,0.0,0.0017196740838308815,0.9990302350057202,0.04703454113628175,48.500968186845824,0.07633526979705216,-0.3526485827196819,-0.039627222747650806,0.07371785407568712,uniform_decoder
static_tailored,0.075,1.5,0.2168987643504384,0.7831012356495616,0.0,0.0021954608092646173,0.9991588983631383,0.03574200849720643,42.493996197354726,0.07633526979705216,-0.3526485827196819,-0.039627222747650806,0.07371785407568712,uniform_decoder
adaptive_decoder,0.075,1.5,0.17193877475549207,0.8280612252445079,4.0,0.001690836283012238,0.9993070495644558,0.03737808159640303,51.41748190537658,0.07633526979705216,-0.3526485827196819,-0.039627222747650806,0.07371785407568712,uniform_decoder
overactive_decoder,0.075,1.5,0.1569446821621972,0.8430553178378029,48.0,5.897953665129341e-05,0.9992244650643869,0.04864454697854729,47.97378719415524,0.07633526979705216,-0.3526485827196819,-0.039627222747650806,0.07371785407568712,uniform_decoder
oracle_decoder,0.075,1.5,0.14509617825391202,0.854903821746088,0.0,0.0,0.9993085249614618,0.04703454113628175,51.411220382380144,0.07633526979705216,-0.3526485827196819,-0.039627222747650806,0.07371785407568712,uniform_decoder
uniform_decoder,0.075,1.5833333333333333,0.07633303561407932,0.9236669643859207,0.0,0.0017164565005894881,0.9990302225606204,0.047033470360499215,48.49924163072486,0.07633303561407932,-0.2883631065833296,0.01194377676966041,0.022330647275725896,uniform_decoder
static_tailored,0.075,1.5833333333333333,0.2166745768019735,0.7833254231980264,0.0,0.002260653913282944,0.9991588983631383,0.03574277351814186,42.494902184644964,0.07633303561407932,-0.2883631065833296,0.01194377676966041,0.022330647275725896,uniform_decoder
adaptive_decoder,0.075,1.5833333333333333,0.14827763153239149,0.8517223684676085,4.0,0.001723522032295507,0.9993061353480251,0.04863478772552134,51.42283602178681,0.07633303561407932,-0.2883631065833296,0.01194377676966041,0.022330647275725896,uniform_decoder
overactive_decoder,0.075,1.5833333333333333,0.15241208950370022,0.8475879104962998,48.0,6.233413357711183e-05,0.9992244737276924,0.04864347812925956,47.97378719415524,0.07633303561407932,-0.2883631065833296,0.01194377676966041,0.022330647275725896,uniform_decoder
oracle_decoder,0.075,1.5833333333333333,0.14084615419369925,0.8591538458063007,0.0,0.0,0.9993085336409191,0.047033470360499215,51.411220382380144,0.07633303561407932,-0.2883631065833296,0.01194377676966041,0.022330647275725896,uniform_decoder
uniform_decoder,0.075,1.6666666666666665,0.07631083670960978,0.9236891632903902,0.0,0.0017203094423426908,0.99903017814,0.04702964903526078,48.49307999229695,0.07631083670960978,-0.318985084277299,-0.01598752407620078,0.04815959091746202,uniform_decoder
static_tailored,0.075,1.6666666666666665,0.2164801771009568,0.7835198228990432,0.0,0.0022939277099676687,0.9991588982655534,0.035742620499585,42.49472097206554,0.07631083670960978,-0.318985084277299,-0.01598752407620078,0.04815959091746202,uniform_decoder
adaptive_decoder,0.075,1.6666666666666665,0.15906378030777996,0.8409362196922201,4.0,0.001769604475390289,0.999308490272484,0.04863966367921528,51.415427208390106,0.07631083670960978,-0.318985084277299,-0.01598752407620078,0.04815959091746202,uniform_decoder
overactive_decoder,0.075,1.6666666666666665,0.15331469225690386,0.8466853077430961,48.0,6.546529844039292e-05,0.9992244304399518,0.04863966367921528,47.98442444478709,0.07631083670960978,-0.318985084277299,-0.01598752407620078,0.04815959091746202,uniform_decoder
oracle_decoder,0.075,1.6666666666666665,0.14236777862417013,0.8576322213758298,0.0,0.0,0.9993084902724841,0.04702964903526078,51.415427208390106,0.07631083670960978,-0.318985084277299,-0.01598752407620078,0.04815959091746202,uniform_decoder
uniform_decoder,0.075,1.75,0.07627584946423911,0.9237241505357608,0.0,0.0017203097811844122,0.9990301994567916,0.04703148271091029,48.49603667504268,0.07627584946423911,-0.2326679994881751,0.06972394713579655,-0.03548766540672904,uniform_decoder
static_tailored,0.075,1.75,0.21638030957804222,0.7836196904219578,0.0,0.0023061077960142653,0.9991588983483563,0.03574032608345043,42.492003690969945,0.07627584946423911,-0.2326679994881751,0.06972394713579655,-0.03548766540672904,uniform_decoder
adaptive_decoder,0.075,1.75,0.13033319822007775,0.8696668017799223,4.0,0.001808770209218335,0.9993080882457702,0.04858643269532649,51.41168789465252,0.07627584946423911,-0.2326679994881751,0.06972394713579655,-0.03548766540672904,uniform_decoder
overactive_decoder,0.075,1.75,0.15303085319647036,0.8469691468035296,48.0,6.857872796506448e-05,0.999224475893969,0.04864149405577485,47.97378719415524,0.07627584946423911,-0.2326679994881751,0.06972394713579655,-0.03548766540672904,uniform_decoder
oracle_decoder,0.075,1.75,0.14143038312878978,0.8585696168712103,0.0,0.0,0.9993085358112345,0.04703148271091029,51.411220382380144,0.07627584946423911,-0.2326679994881751,0.06972394713579655,-0.03548766540672904,uniform_decoder
uniform_decoder,0.075,1.8333333333333333,0.07623733740912533,0.9237626625908747,0.0,0.0017196740838308813,0.9990302373765783,0.04703474513348561,48.501297119006914,0.07623733740912533,-0.31756237881363975,-0.03279633345390549,0.06735556827049509,uniform_decoder
static_tailored,0.075,1.8333333333333333,0.21640967845509673,0.7835903215449033,0.0,0.002293176198926931,0.9991588983631383,0.035742620499585,42.49472097206554,0.07623733740912533,-0.31756237881363975,-0.03279633345390549,0.06735556827049509,uniform_decoder
adaptive_decoder,0.075,1.8333333333333333,0.15839085347240606,0.8416091465275939,4.0,0.001850591329713851,0.9993058979425627,0.03736671417713246,51.4202716806507,0.07623733740912533,-0.31756237881363975,-0.03279633345390549,0.06735556827049509,uniform_decoder
overactive_decoder,0.075,1.8333333333333333,0.14687022679708833,0.8531297732029117,48.0,7.189420810363868e-05,0.9992244650643868,0.04864475060872832,47.95626416731073,0.07623733740912533,-0.31756237881363975,-0.03279633345390549,0.06735556827049509,uniform_decoder
oracle_decoder,0.075,1.8333333333333333,0.13563586165907923,0.8643641383409207,0.0,0.0,0.9993085249614617,0.04703474513348561,51.415427208390106,0.07623733740912533,-0.31756237881363975,-0.03279633345390549,0.06735556827049509,uniform_decoder
uniform_decoder,0.075,1.9166666666666665,0.07620428938171822,0.9237957106182818,0.0,0.0017165593111684845,0.9990302367838528,0.04703469413298732,48.501214884035655,0.07620428938171822,-0.23745158190037396,0.03422650182634474,0.0073962611235980176,uniform_decoder
static_tailored,0.075,1.9166666666666665,0.21656492205562833,0.7834350779443717,0.0,0.0022422154483923615,0.9991588983157538,0.035742620499585,42.49472097205992,0.07620428938171822,-0.23745158190037396,0.03422650182634474,0.0073962611235980176,uniform_decoder
adaptive_decoder,0.075,1.9166666666666665,0.1316530726226209,0.8683469273773791,4.0,0.0018712852698911167,0.9991588983638858,0.037381336778240015,42.49472097205992,0.07620428938171822,-0.23745158190037396,0.03422650182634474,0.0073962611235980176,uniform_decoder
overactive_decoder,0.075,1.9166666666666665,0.14244837564413357,0.8575516243558664,48.0,7.512924245633957e-05,0.9992244650643868,0.04864469969998787,47.962870351518134,0.07620428938171822,-0.23745158190037396,0.03422650182634474,0.0073962611235980176,uniform_decoder
oracle_decoder,0.075,1.9166666666666665,0.12942993657118823,0.8705700634288118,0.0,0.0,0.9993085249614617,0.04703469413298732,51.400155275577355,0.07620428938171822,-0.23745158190037396,0.03422650182634474,0.0073962611235980176,uniform_decoder
uniform_decoder,0.075,2.0,0.07618378888036027,0.9238162111196397,0.0,0.0017203094423426906,0.9990302350057202,0.04703454113628175,48.500968186845824,0.07618378888036027,-0.23807518850157416,0.02693575363699997,0.011186272618050842,uniform_decoder
static_tailored,0.075,2.0,0.21680944656809928,0.7831905534319007,0.0,0.0021576340895151295,0.9991588983631383,0.035742620499585,42.49472097206554,0.07618378888036027,-0.23807518850157416,0.02693575363699997,0.011186272618050842,uniform_decoder
adaptive_decoder,0.075,2.0,0.13180678177136163,0.8681932182286384,4.0,0.0019206989154522966,0.9991588983631383,0.03738133677824002,42.49472097206554,0.07618378888036027,-0.23807518850157416,0.02693575363699997,0.011186272618050842,uniform_decoder
overactive_decoder,0.075,2.0,0.14024051888092398,0.8597594811190761,48.0,7.831566862716039e-05,0.9992244650643869,0.04864454697854729,47.98442444478709,0.07618378888036027,-0.23807518850157416,0.02693575363699997,0.011186272618050842,uniform_decoder
oracle_decoder,0.075,2.0,0.1284551390828968,0.8715448609171033,0.0,0.0,0.9993085249614618,0.04703454113628175,51.40612990969339,0.07618378888036027,-0.23807518850157416,0.02693575363699997,0.011186272618050842,uniform_decoder
uniform_decoder,0.15,0.0,0.07529576164468896,0.924704238355311,0.0,0.003723950983373137,0.9990326822189358,0.04708450638334959,48.675323978383034,0.07529576164468896,-0.4493540850863911,0.0276421863606233,0.0027826401666282727,uniform_decoder
static_tailored,0.15,0.0,0.210543566613284,0.789456433386716,0.0,0.0,0.999160800517137,0.03579261641003008,42.65090379693614,0.07529576164468896,-0.4493540850863911,0.0276421863606233,0.0027826401666282727,uniform_decoder
adaptive_decoder,0.15,0.0,0.2118969061733012,0.7881030938266989,4.0,0.0,0.999160800517137,0.037432864686669,42.65090379693614,0.07529576164468896,-0.4493540850863911,0.0276421863606233,0.0027826401666282727,uniform_decoder
overactive_decoder,0.15,0.0,0.2258222874005983,0.7741777125994017,48.0,0.0,0.999066986062383,0.037432864686669,40.12037031544776,0.07529576164468896,-0.4493540850863911,0.0276421863606233,0.0027826401666282727,uniform_decoder
oracle_decoder,0.15,0.0,0.210543566613284,0.789456433386716,0.0,0.0,0.999160800517137,0.03579261641003008,42.65090379693614,0.07529576164468896,-0.4493540850863911,0.0276421863606233,0.0027826401666282727,uniform_decoder
uniform_decoder,0.15,0.08333333333333333,0.0756673602736093,0.9243326397263907,0.0,0.003537151911709963,0.9990326822189358,0.04708450638334959,48.675323978383034,0.0756673602736093,-0.4441255886167233,0.027995286474322856,0.0028290885318843864,uniform_decoder
static_tailored,0.15,0.08333333333333333,0.209028297611213,0.790971702388787,0.0,0.0008329953363000685,0.9991608131993867,0.03637533168936544,43.34074679204328,0.0756673602736093,-0.4441255886167233,0.027995286474322856,0.0028290885318843864,uniform_decoder
adaptive_decoder,0.15,0.08333333333333333,0.21039439802422327,0.7896056019757767,4.0,0.00025405669318865335,0.9991608131993867,0.03790975509349652,43.34074679204328,0.0756673602736093,-0.4441255886167233,0.027995286474322856,0.0028290885318843864,uniform_decoder
overactive_decoder,0.15,0.08333333333333333,0.22440341333178446,0.7755965866682155,48.0,6.325344185129494e-06,0.9990669987632039,0.038014531698207434,40.74000444817615,0.0756673602736093,-0.4441255886167233,0.027995286474322856,0.0028290885318843864,uniform_decoder
oracle_decoder,0.15,0.08333333333333333,0.209028297611213,0.790971702388787,0.0,0.0,0.9991608131993867,0.03637533168936544,43.34074679204328,0.0756673602736093,-0.4441255886167233,0.027995286474322856,0.0028290885318843864,uniform_decoder
uniform_decoder,0.15,0.16666666666666666,0.07607899730856471,0.9239210026914353,0.0,0.003433805890757244,0.9990326822189358,0.04708450638334959,48.675323978383034,0.07607899730856471,-0.43904700142448855,0.028289412912131145,0.0028660106203643996,uniform_decoder
static_tailored,0.15,0.16666666666666666,0.207704435502857,0.792295564497143,0.0,0.0017518145710607406,0.9991608131182725,0.036579754450613504,43.57689588619349,0.07607899730856471,-0.43904700142448855,0.028289412912131145,0.0028660106203643996,uniform_decoder
adaptive_decoder,0.15,0.16666666666666666,0.20907965825359703,0.790920341746403,4.0,0.0005306374200578722,0.9991608131182725,0.038173479643385494,43.57689588619349,0.07607899730856471,-0.43904700142448855,0.028289412912131145,0.0028660106203643996,uniform_decoder
overactive_decoder,0.15,0.16666666666666666,0.22315221113837172,0.7768477888616283,48.0,1.314950873115163e-05,0.9990669986899997,0.03821858711847714,40.95245784065836,0.07607899730856471,-0.43904700142448855,0.028289412912131145,0.0028660106203643996,uniform_decoder
oracle_decoder,0.15,0.16666666666666666,0.207704435502857,0.792295564497143,0.0,0.0,0.9991608131182725,0.036579754450613504,43.57689588619349,0.07607899730856471,-0.43904700142448855,0.028289412912131145,0.0028660106203643996,uniform_decoder
uniform_decoder,0.15,0.25,0.07646613977406054,0.9235338602259394,0.0,0.003395525467776276,0.9990326822189358,0.04708450638334959,48.675323978383034,0.07646613977406054,-0.43469547172211115,0.028351398845505034,0.00301622245728061,uniform_decoder
static_tailored,0.15,0.25,0.2066686698511173,0.7933313301488827,0.0,0.0026222346868649067,0.9991608131182725,0.03657966086112939,43.576788693014954,0.07646613977406054,-0.43469547172211115,0.028351398845505034,0.00301622245728061,uniform_decoder
adaptive_decoder,0.15,0.25,0.2080485235298112,0.7919514764701888,4.0,0.0007969506862918943,0.9991608131182725,0.03820029419773018,43.576788693014954,0.07646613977406054,-0.43469547172211115,0.028351398845505034,0.00301622245728061,uniform_decoder
overactive_decoder,0.15,0.25,0.22208336891787817,0.7779166310821218,48.0,1.996414442870293e-05,0.9992341245567775,0.038218493697107794,49.645272048342534,0.07646613977406054,-0.43469547172211115,0.028351398845505034,0.00301622245728061,uniform_decoder
oracle_decoder,0.15,0.25,0.2066086098506416,0.7933913901493583,0.0,0.0,0.9993182080081724,0.03657966086112939,53.35299848728346,0.07646613977406054,-0.43469547172211115,0.028351398845505034,0.00301622245728061,uniform_decoder
uniform_decoder,0.15,0.3333333333333333,0.07676810184247643,0.9232318981575236,0.0,0.003436869522219684,0.9990326822189358,0.04708450638334959,48.675323978383034,0.07676810184247643,-0.4315176730612227,0.03840687532585945,-0.007326631079102236,uniform_decoder
static_tailored,0.15,0.3333333333333333,0.205967548320319,0.7940324516796811,0.0,0.003307441478319855,0.9991608131182725,0.036579380098219885,43.576467114428475,0.07676810184247643,-0.4315176730612227,0.03840687532585945,-0.007326631079102236,uniform_decoder
adaptive_decoder,0.15,0.3333333333333333,0.2073473434374023,0.7926526565625978,4.0,0.0010515079912603467,0.9991608131182725,0.038218213438533,43.576467114428475,0.07676810184247643,-0.4315176730612227,0.03840687532585945,-0.007326631079102236,uniform_decoder
overactive_decoder,0.15,0.3333333333333333,0.22651937299023134,0.7734806270097687,48.0,2.630791206855513e-05,0.9992375397623766,0.038218213438533,49.64755532796282,0.07676810184247643,-0.4315176730612227,0.03840687532585945,-0.007326631079102236,uniform_decoder
oracle_decoder,0.15,0.3333333333333333,0.21087500533003656,0.7891249946699634,0.0,0.0,0.999321630000776,0.036579380098219885,53.350737367577274,0.07676810184247643,-0.4315176730612227,0.03840687532585945,-0.007326631079102236,uniform_decoder
uniform_decoder,0.15,0.41666666666666663,0.07694492347219443,0.9230550765278056,0.0,0.003451931837393119,0.9990326822189358,0.04708450638334959,48.675323978383034,0.07694492347219443,-0.4370106819191553,0.04365164602187069,-0.013167763539483391,uniform_decoder
static_tailored,0.15,0.41666666666666663,0.20560427527495254,0.7943957247250475,0.0,0.0038907496975170773,0.9991608130800164,0.03657966086112939,43.576788693014954,0.07694492347219443,-0.4370106819191553,0.04365164602187069,-0.013167763539483391,uniform_decoder
adaptive_decoder,0.15,0.41666666666666663,0.21047021948926753,0.7895297805107324,4.0,0.001268472291771347,0.9993216235432912,0.03815564651359341,53.348934902072195,0.07694492347219443,-0.4370106819191553,0.04365164602187069,-0.013167763539483391,uniform_decoder
overactive_decoder,0.15,0.41666666666666663,0.23272460399910272,0.7672753960008973,48.0,3.260901529286228e-05,0.9992375333179161,0.038218493697107794,49.64755532796282,0.07694492347219443,-0.4370106819191553,0.04365164602187069,-0.013167763539483391,uniform_decoder
oracle_decoder,0.15,0.41666666666666663,0.2169493820824247,0.7830506179175754,0.0,0.0,0.9993216235432912,0.03657966086112939,53.350737367577274,0.07694492347219443,-0.4370106819191553,0.04365164602187069,-0.013167763539483391,uniform_decoder
uniform_decoder,0.15,0.5,0.07698450240325842,0.9230154975967416,0.0,0.0034338058907572434,0.9990326822189358,0.04708450638334959,48.675323978383034,0.07698450240325842,-0.4357810077073859,0.009503474702038129,0.018083312127354166,uniform_decoder
static_tailored,0.15,0.5,0.20556935586304778,0.7944306441369522,0.0,0.004407204481906337,0.9991608131182725,0.036579380098219885,43.57646711442271,0.07698450240325842,-0.4357810077073859,0.009503474702038129,0.018083312127354166,uniform_decoder
adaptive_decoder,0.15,0.5,0.20998308634582047,0.7900169136541795,4.0,0.001521361641829153,0.9993198038859326,0.038173479643385494,53.35347938465794,0.07698450240325842,-0.4357810077073859,0.009503474702038129,0.018083312127354166,uniform_decoder
overactive_decoder,0.15,0.5,0.2146286972106838,0.7853713027893162,48.0,3.942580267058901e-05,0.9992375333179161,0.03821858711847715,49.64260062037276,0.07698450240325842,-0.4357810077073859,0.009503474702038129,0.018083312127354166,uniform_decoder
oracle_decoder,0.15,0.5,0.2014192630271342,0.7985807369728658,0.0,0.0,0.9993216235432912,0.036579754450613504,53.35299848728346,0.07698450240325842,-0.4357810077073859,0.009503474702038129,0.018083312127354166,uniform_decoder
uniform_decoder,0.15,0.5833333333333333,0.07690329442857306,0.923096705571427,0.0,0.003416031745503994,0.9990326822189358,0.04708450638334959,48.675323978383034,0.07690329442857306,-0.3903176082614244,0.041194480481978706,-0.009346383857881585,uniform_decoder
static_tailored,0.15,0.5833333333333333,0.2058767659457562,0.7941232340542438,0.0,0.004768375614456127,0.9991608128389055,0.036578912178515666,43.57593115316338,0.07690329442857306,-0.3903176082614244,0.041194480481978706,-0.009346383857881585,uniform_decoder
adaptive_decoder,0.15,0.5833333333333333,0.18891330806307655,0.8110866919369235,4.0,0.0017139566457156808,0.9993216283863128,0.0382092495522082,53.35299848728345,0.07690329442857306,-0.3903176082614244,0.041194480481978706,-0.009346383857881585,uniform_decoder
overactive_decoder,0.15,0.5833333333333333,0.20770982197533006,0.7922901780246699,48.0,4.6222271449448774e-05,0.9992375381511697,0.038218213438532996,49.65096255160419,0.07690329442857306,-0.3903176082614244,0.041194480481978706,-0.009346383857881585,uniform_decoder
oracle_decoder,0.15,0.5833333333333333,0.19302294473538395,0.806977055264616,0.0,0.0,0.9993216283863128,0.036579380098219885,53.35299848728345,0.07690329442857306,-0.3903176082614244,0.041194480481978706,-0.009346383857881585,uniform_decoder
uniform_decoder,0.15,0.6666666666666666,0.07674040571780857,0.9232595942821914,0.0,0.0034368695222196832,0.9990326822189358,0.0470845063833496,48.67532397838304,0.07674040571780857,-0.38878666212873864,0.026827611800479136,0.005617788416792502,uniform_decoder
static_tailored,0.15,0.6666666666666666,0.2065707147152974,0.7934292852847026,0.0,0.004931735082580233,0.9991608131182724,0.036579380098219885,43.57646711442271,0.07674040571780857,-0.38878666212873864,0.026827611800479136,0.005617788416792502,uniform_decoder
adaptive_decoder,0.15,0.6666666666666666,0.18784980694135203,0.812150193058648,4.0,0.0019516300807950117,0.9993213981486235,0.038218213438533,53.35347938465794,0.07674040571780857,-0.38878666212873864,0.026827611800479136,0.005617788416792502,uniform_decoder
overactive_decoder,0.15,0.6666666666666666,0.19981972864448327,0.8001802713555167,48.0,5.257385887286604e-05,0.9992375139904088,0.038218213438533,49.63608851999132,0.07674040571780857,-0.38878666212873864,0.026827611800479136,0.005617788416792502,uniform_decoder
oracle_decoder,0.15,0.6666666666666666,0.18543553629711018,0.8145644637028898,0.0,0.0,0.999321604176728,0.036579380098219885,53.34082056067594,0.07674040571780857,-0.38878666212873864,0.026827611800479136,0.005617788416792502,uniform_decoder
uniform_decoder,0.15,0.75,0.07654366144479818,0.9234563385552018,0.0,0.0034430480748792827,0.9990394204530149,0.047667138867730094,49.62331231946109,0.07654366144479818,-0.38908554089086494,0.023752308849523226,0.008805599877410062,uniform_decoder
static_tailored,0.15,0.75,0.20768093086812717,0.7923190691318729,0.0,0.004971689729433271,0.9991608127581335,0.03657825712974182,43.575180813899635,0.07654366144479818,-0.38908554089086494,0.023752308849523226,0.008805599877410062,uniform_decoder
adaptive_decoder,0.15,0.75,0.18749719442257753,0.8125028055774225,4.0,0.0021755955400047764,0.9993194759962194,0.03820029419773018,53.35089502896563,0.07654366144479818,-0.38908554089086494,0.023752308849523226,0.008805599877410062,uniform_decoder
overactive_decoder,0.15,0.75,0.1980373391537846,0.8019626608462154,48.0,5.883641186543294e-05,0.9992375381511697,0.03821774635935466,49.64260062037276,0.07654366144479818,-0.38908554089086494,0.023752308849523226,0.008805599877410062,uniform_decoder
oracle_decoder,0.15,0.75,0.1837338492894106,0.8162661507105894,0.0,0.0,0.9993216283863128,0.036578912178515666,53.346682311742114,0.07654366144479818,-0.38908554089086494,0.023752308849523226,0.008805599877410062,uniform_decoder
uniform_decoder,0.15,0.8333333333333333,0.07635488735013603,0.9236451126498639,0.0,0.003433805890757244,0.9990416748883989,0.047871533962719856,49.95333356415925,0.07635488735013603,-0.391028862177151,-0.002804709278268147,0.040144200948019355,uniform_decoder
static_tailored,0.15,0.8333333333333333,0.20915592449764805,0.7908440755023519,0.0,0.004892695484913347,0.9991608130800164,0.03657825712974182,43.575180813899635,0.07635488735013603,-0.391028862177151,-0.002804709278268147,0.040144200948019355,uniform_decoder
adaptive_decoder,0.15,0.8333333333333333,0.18787357647028294,0.8121264235297171,4.0,0.0023239261520894604,0.9993158498476642,0.03815564651359341,53.32972112300503,0.07635488735013603,-0.391028862177151,-0.002804709278268147,0.040144200948019355,uniform_decoder
overactive_decoder,0.15,0.8333333333333333,0.18666418293470546,0.8133358170652946,48.0,6.564723636211754e-05,0.9992375333179161,0.049480027702609286,49.65283300643641,0.07635488735013603,-0.391028862177151,-0.002804709278268147,0.040144200948019355,uniform_decoder
oracle_decoder,0.15,0.8333333333333333,0.17128585583537628,0.8287141441646237,0.0,0.0,0.9993216235432912,0.047871533962719856,53.350737367577274,0.07635488735013603,-0.391028862177151,-0.002804709278268147,0.040144200948019355,uniform_decoder
uniform_decoder,0.15,0.9166666666666666,0.07620399382620702,0.923796006173793,0.0,0.003423287999938938,0.9990416657517319,0.04787069180269582,49.95197853902097,0.07620399382620702,-0.3299318630965661,0.020432662959350374,0.013380898603063705,uniform_decoder
static_tailored,0.15,0.9166666666666666,0.2108363884954788,0.7891636115045212,0.0,0.004668666268182835,0.9991608131993867,0.036577414990728696,43.57421610317913,0.07620399382620702,-0.3299318630965661,0.020432662959350374,0.013380898603063705,uniform_decoder
adaptive_decoder,0.15,0.9166666666666666,0.1628956909933584,0.8371043090066416,4.0,0.0025171917345047337,0.9991608131993867,0.038188367051921024,43.57518081391117,0.07620399382620702,-0.3299318630965661,0.020432662959350374,0.013380898603063705,uniform_decoder
overactive_decoder,0.15,0.9166666666666666,0.1707427450030111,0.8292572549969889,48.0,7.241796115437138e-05,0.9992375381511697,0.04947918705539761,49.63953983098045,0.07620399382620702,-0.3299318630965661,0.020432662959350374,0.013380898603063705,uniform_decoder
oracle_decoder,0.15,0.9166666666666666,0.15795329779414446,0.8420467022058555,0.0,0.0,0.9993216283863128,0.04787069180269582,53.34397803190806,0.07620399382620702,-0.3299318630965661,0.020432662959350374,0.013380898603063705,uniform_decoder
uniform_decoder,0.15,1.0,0.07611066658691067,0.9238893334130893,0.0,0.003436869522219684,0.9990416708277239,0.04787115966013595,49.95273132136597,0.07611066658691067,-0.33278910613409396,0.0007614271724385962,0.0384471517451551,uniform_decoder
static_tailored,0.15,1.0,0.21249915300266609,0.7875008469973339,0.0,0.004331736735931475,0.9991608131182725,0.036579380098219885,43.57646711442271,0.07611066658691067,-0.33278910613409396,0.0007614271724385962,0.0384471517451551,uniform_decoder
adaptive_decoder,0.15,1.0,0.16377010659439223,0.8362298934056078,4.0,0.0026473780827000973,0.9991608131182725,0.03821522453041499,43.57646711442271,0.07611066658691067,-0.33278910613409396,0.0007614271724385962,0.0384471517451551,uniform_decoder
overactive_decoder,0.15,1.0,0.16405748852676832,0.8359425114732317,48.0,7.874802663275782e-05,0.9992375139904088,0.04947965407240243,49.65283300643641,0.07611066658691067,-0.33278910613409396,0.0007614271724385962,0.0384471517451551,uniform_decoder
oracle_decoder,0.15,1.0,0.14989511510169423,0.8501048848983057,0.0,0.0,0.999321604176728,0.04787115966013595,53.34082056067594,0.07611066658691067,-0.33278910613409396,0.0007614271724385962,0.0384471517451551,uniform_decoder
uniform_decoder,0.15,1.0833333333333333,0.0760845843670319,0.9239154156329681,0.0,0.0034387648608509807,0.9990416708277239,0.04787115966013595,49.95273132136597,0.0760845843670319,-0.3133714367514997,0.0025858414593805533,0.03191794746165746,uniform_decoder
static_tailored,0.15,1.0833333333333333,0.21393650460587602,0.786063495394124,0.0,0.004080776609180048,0.9991608128389055,0.036578912178515666,43.57593115316338,0.0760845843670319,-0.3133714367514997,0.0025858414593805533,0.03191794746165746,uniform_decoder
adaptive_decoder,0.15,1.0833333333333333,0.1565554205865078,0.8434445794134922,4.0,0.002774248918263588,0.9993215719187499,0.04947965407240243,53.346682311742114,0.0760845843670319,-0.3133714367514997,0.0025858414593805533,0.03191794746165746,uniform_decoder
overactive_decoder,0.15,1.0833333333333333,0.15749035092855845,0.8425096490714415,48.0,8.495127923396027e-05,0.9992374817974677,0.04947965407240243,49.64260062037276,0.0760845843670319,-0.3133714367514997,0.0025858414593805533,0.03191794746165746,uniform_decoder
oracle_decoder,0.15,1.0833333333333333,0.14546220340047916,0.8545377965995209,0.0,0.0,0.9993215719187499,0.04787115966013595,53.346682311742114,0.0760845843670319,-0.3133714367514997,0.0025858414593805533,0.03191794746165746,uniform_decoder
uniform_decoder,0.15,1.1666666666666665,0.07612146875114052,0.9238785312488594,0.0,0.003433805890757244,0.9990416383385433,0.04786816577187059,49.947913921256166,0.07612146875114052,-0.31282929308811874,-0.0046888043798753165,0.03139015097404218,uniform_decoder
static_tailored,0.15,1.1666666666666665,0.21501174320121186,0.7849882567987881,0.0,0.0039966434124768715,0.9991608130800164,0.036579754450613504,43.57689588619349,0.07612146875114052,-0.31282929308811874,-0.0046888043798753165,0.03139015097404218,uniform_decoder
adaptive_decoder,0.15,1.1666666666666665,0.1564359098479839,0.843564090152016,4.0,0.0028680455364723362,0.9993215719187499,0.04937267185388594,53.35299848728345,0.07612146875114052,-0.31282929308811874,-0.0046888043798753165,0.03139015097404218,uniform_decoder
overactive_decoder,0.15,1.1666666666666665,0.15475605420635685,0.8452439457936431,48.0,9.174519977724906e-05,0.9992374817974677,0.04947666556223179,49.65096255160419,0.07612146875114052,-0.31282929308811874,-0.0046888043798753165,0.03139015097404218,uniform_decoder
oracle_decoder,0.15,1.1666666666666665,0.14552791307696372,0.8544720869230362,0.0,0.0,0.9993215719187499,0.04786816577187059,53.35299848728345,0.07612146875114052,-0.31282929308811874,-0.0046888043798753165,0.03139015097404218,uniform_decoder
uniform_decoder,0.15,1.25,0.07620157705125671,0.9237984229487433,0.0,0.003424339282797154,0.9990416495074551,0.0478691948141684,49.94956979366935,0.07620157705125671,-0.3395917699557041,-0.03470023967540201,0.07477709750409382,uniform_decoder
static_tailored,0.15,1.25,0.21566939168285887,0.7843306083171411,0.0,0.00403292047663667,0.9991608122319167,0.036579380098219885,43.57646711442271,0.07620157705125671,-0.3395917699557041,-0.03470023967540201,0.07477709750409382,uniform_decoder
adaptive_decoder,0.15,1.25,0.1665542539500027,0.8334457460499973,4.0,0.0030609350792387916,0.9993215509642107,0.03766854260855862,53.35347938465794,0.07620157705125671,-0.3395917699557041,-0.03470023967540201,0.07477709750409382,uniform_decoder
overactive_decoder,0.15,1.25,0.15376429089730861,0.8462357091026914,48.0,9.847213720567078e-05,0.9992374608851651,0.049477692755994424,49.65283300643641,0.07620157705125671,-0.3395917699557041,-0.03470023967540201,0.07477709750409382,uniform_decoder
oracle_decoder,0.15,1.25,0.14020988462815076,0.8597901153718492,0.0,0.0,0.9993215509642107,0.0478691948141684,53.348934902072195,0.07620157705125671,-0.3395917699557041,-0.03470023967540201,0.07477709750409382,uniform_decoder
uniform_decoder,0.15,1.3333333333333333,0.07629538435337889,0.9237046156466211,0.0,0.0034368695222196832,0.9990416383385433,0.04786816577187059,49.947913921256166,0.07629538435337889,-0.33882819287195065,-0.03382173718829397,0.07241803958149456,uniform_decoder
static_tailored,0.15,1.3333333333333333,0.2159196170929493,0.7840803829070507,0.0,0.004119911374011805,0.9991608131182725,0.036579380098219885,43.576467114428475,0.07629538435337889,-0.33882819287195065,-0.03382173718829397,0.07241803958149456,uniform_decoder
adaptive_decoder,0.15,1.3333333333333333,0.16646635035923993,0.83353364964076,4.0,0.003219180025551034,0.9993209890818823,0.037612962436882336,53.35347938465794,0.07629538435337889,-0.33882819287195065,-0.03382173718829397,0.07241803958149456,uniform_decoder
overactive_decoder,0.15,1.3333333333333333,0.15399432655485648,0.8460056734451435,48.0,0.00010480154180802961,0.9992375397623766,0.04947666556223179,49.65283300643641,0.07629538435337889,-0.33882819287195065,-0.03382173718829397,0.07241803958149456,uniform_decoder
oracle_decoder,0.15,1.3333333333333333,0.14089916471095332,0.8591008352890467,0.0,0.0,0.999321630000776,0.04786816577187059,53.350737367577274,0.07629538435337889,-0.33882819287195065,-0.03382173718829397,0.07241803958149456,uniform_decoder
uniform_decoder,0.15,1.4166666666666665,0.07637313630246739,0.9236268636975327,0.0,0.0034329441176734706,0.9990416383385433,0.04786816577187059,49.947913921256166,0.07637313630246739,-0.3394316717602984,-0.02877167693429467,0.06382326421867525,uniform_decoder
static_tailored,0.15,1.4166666666666665,0.21582214432880498,0.784177855671195,0.0,0.0042508393663554,0.9991608123637177,0.036577414990728696,43.57421610317913,0.07637313630246739,-0.3394316717602984,-0.02877167693429467,0.06382326421867525,uniform_decoder
adaptive_decoder,0.15,1.4166666666666665,0.16686770665274014,0.8331322933472598,4.0,0.0033068101048990372,0.9993199075671825,0.038023026845347876,53.35299848728345,0.07637313630246739,-0.3394316717602984,-0.02877167693429467,0.06382326421867525,uniform_decoder
overactive_decoder,0.15,1.4166666666666665,0.15617108239280825,0.8438289176071918,48.0,0.00011096543518983011,0.9992375381511697,0.04947666556223179,49.65096255160419,0.07637313630246739,-0.3394316717602984,-0.02877167693429467,0.06382326421867525,uniform_decoder
oracle_decoder,0.15,1.4166666666666665,0.1440618650863468,0.8559381349136532,0.0,0.0,0.9993216283863128,0.04786816577187059,53.35299848728345,0.07637313630246739,-0.3394316717602984,-0.02877167693429467,0.06382326421867525,uniform_decoder
uniform_decoder,0.15,1.5,0.0764132050043609,0.9235867949956391,0.0,0.003433805890757244,0.9990416708277239,0.04787115966013595,49.95273132136597,0.0764132050043609,-0.34143898172611753,-0.03777717925222761,0.06900028265366596,uniform_decoder
static_tailored,0.15,1.5,0.21547916775428175,0.7845208322457182,0.0,0.004407204481906338,0.9991608131182725,0.03657825712974182,43.575180813899635,0.0764132050043609,-0.34143898172611753,-0.03777717925222761,0.06900028265366596,uniform_decoder
adaptive_decoder,0.15,1.5,0.16772870636916204,0.832271293630838,4.0,0.0033967389385305673,0.9993183464523526,0.0382092495522082,53.346682311742114,0.0764132050043609,-0.34143898172611753,-0.03777717925222761,0.06900028265366596,uniform_decoder
overactive_decoder,0.15,1.5,0.15375534361414078,0.8462446563858592,48.0,0.00011769737044091341,0.9992375139904088,0.04947965407240243,49.64260062037276,0.0764132050043609,-0.34143898172611753,-0.03777717925222761,0.06900028265366596,uniform_decoder
oracle_decoder,0.15,1.5,0.14308928540013563,0.8569107145998643,0.0,0.0,0.999321604176728,0.04787115966013595,53.35299848728346,0.0764132050043609,-0.34143898172611753,-0.03777717925222761,0.06900028265366596,uniform_decoder
uniform_decoder,0.15,1.5833333333333333,0.07640741873098486,0.9235925812690151,0.0,0.0034260903533873794,0.9990416495074551,0.047869194814168396,49.94956979366934,0.07640741873098486,-0.2775384584546733,0.013120599925365989,0.01714826227689614,uniform_decoder
static_tailored,0.15,1.5833333333333333,0.21503005308771664,0.7849699469122834,0.0,0.00453696167122277,0.9991608131993868,0.03657966086112939,43.576788693014954,0.07640741873098486,-0.2775384584546733,0.013120599925365989,0.01714826227689614,uniform_decoder
adaptive_decoder,0.15,1.5833333333333333,0.14476847069706492,0.8552315293029351,4.0,0.0034446155435135495,0.9993163612915512,0.04946173722056254,53.34136192898208,0.07640741873098486,-0.2775384584546733,0.013120599925365989,0.01714826227689614,uniform_decoder
overactive_decoder,0.15,1.5833333333333333,0.14920885117458338,0.8507911488254166,48.0,0.00012453050865747506,0.9992375333179161,0.04947769275599441,49.642600620379966,0.07640741873098486,-0.2775384584546733,0.013120599925365989,0.01714826227689614,uniform_decoder
oracle_decoder,0.15,1.5833333333333333,0.1391636222516764,0.8608363777483237,0.0,0.0,0.9993216235432912,0.047869194814168396,53.35209133414043,0.07640741873098486,-0.2775384584546733,0.013120599925365989,0.01714826227689614,uniform_decoder
uniform_decoder,0.15,1.6666666666666665,0.07636192686298382,0.9236380731370162,0.0,0.0034368695222196832,0.9990415733402584,0.047862180838550705,49.93828202927617,0.07636192686298382,-0.3092384836183756,-0.015836475054673897,0.048299741203513956,uniform_decoder
static_tailored,0.15,1.6666666666666665,0.21463300323442253,0.7853669967655774,0.0,0.004606091687649611,0.9991608131182724,0.036579380098219885,43.57646711442271,0.07636192686298382,-0.3092384836183756,-0.015836475054673897,0.048299741203513956,uniform_decoder
adaptive_decoder,0.15,1.6666666666666665,0.15563789995022434,0.8443621000497756,4.0,0.00353302493089431,0.9993215267987563,0.04947069138017844,53.350737367585964,0.07636192686298382,-0.3092384836183756,-0.015836475054673897,0.048299741203513956,uniform_decoder
overactive_decoder,0.15,1.6666666666666665,0.15006481843283848,0.8499351815671615,48.0,0.00013067374045286202,0.9992374367684084,0.04947069138017844,49.65283300643641,0.07636192686298382,-0.3092384836183756,-0.015836475054673897,0.048299741203513956,uniform_decoder
oracle_decoder,0.15,1.6666666666666665,0.1392565465932684,0.8607434534067316,0.0,0.0,0.9993215267987565,0.047862180838550705,53.350737367585964,0.07636192686298382,-0.3092384836183756,-0.015836475054673897,0.048299741203513956,uniform_decoder
uniform_decoder,0.15,1.75,0.07629246147804265,0.9237075385219573,0.0,0.0034403067151581664,0.9990416099050384,0.047865546896713684,49.94369948975008,0.07629246147804265,-0.22386745097169533,0.06931476558266648,-0.03418707441603022,uniform_decoder
static_tailored,0.15,1.75,0.21442735298632684,0.7855726470136731,0.0,0.004632942046469625,0.99916080979051,0.03657516965292831,43.57164360363997,0.07629246147804265,-0.22386745097169533,0.06931476558266648,-0.03418707441603022,uniform_decoder
adaptive_decoder,0.15,1.75,0.12774651996689396,0.8722534800331061,4.0,0.003619186952474892,0.9993206328084687,0.04937267185388594,53.346682311742114,0.07629246147804265,-0.22386745097169533,0.06931476558266648,-0.03418707441603022,uniform_decoder
overactive_decoder,0.15,1.75,0.149852448560235,0.850147551439765,48.0,0.00013677483786678972,0.9992375381511697,0.04947405139156239,49.64260062037276,0.07629246147804265,-0.22386745097169533,0.06931476558266648,-0.03418707441603022,uniform_decoder
oracle_decoder,0.15,1.75,0.13820894519313037,0.8617910548068697,0.0,0.0,0.9993216283863128,0.047865546896713684,53.346682311742114,0.07629246147804265,-0.22386745097169533,0.06931476558266648,-0.03418707441603022,uniform_decoder
uniform_decoder,0.15,1.8333333333333333,0.07621716690823953,0.9237828330917605,0.0,0.003433805890757245,0.9990416748883989,0.047871533962719856,49.95333356415925,0.07621716690823953,-0.3067945562856089,-0.026524852183833297,0.059596806762515,uniform_decoder
static_tailored,0.15,1.8333333333333333,0.21448985547301286,0.7855101445269872,0.0,0.004606456904436869,0.9991608131182724,0.036579380098219885,43.57646711442271,0.07621716690823953,-0.3067945562856089,-0.026524852183833297,0.059596806762515,uniform_decoder
adaptive_decoder,0.15,1.8333333333333333,0.1544711421581364,0.8455288578418636,4.0,0.0037051488737988164,0.9993158498476642,0.038188367051921024,53.32972112300504,0.07621716690823953,-0.3067945562856089,-0.026524852183833297,0.059596806762515,uniform_decoder
overactive_decoder,0.15,1.8333333333333333,0.14531903510143532,0.8546809648985647,48.0,0.00014347891305620266,0.9992375139904086,0.049480027702609286,49.65317817367985,0.07621716690823953,-0.3067945562856089,-0.026524852183833297,0.059596806762515,uniform_decoder
oracle_decoder,0.15,1.8333333333333333,0.1346637024986891,0.8653362975013109,0.0,0.0,0.999321604176728,0.047871533962719856,53.350737367577274,0.07621716690823953,-0.3067945562856089,-0.026524852183833297,0.059596806762515,uniform_decoder
uniform_decoder,0.15,1.9166666666666665,0.07615222029984814,0.9238477797001519,0.0,0.003426794001754827,0.99904167387324,0.04787144038568804,49.953183002052846,0.07615222029984814,-0.22675618368123113,0.04178801527826445,-0.007985379599844787,uniform_decoder
static_tailored,0.15,1.9166666666666665,0.21481096941208083,0.7851890305879192,0.0,0.00450219610085197,0.9991608131993867,0.036579380098219885,43.576467114428475,0.07615222029984814,-0.22675618368123113,0.04178801527826445,-0.007985379599844787,uniform_decoder
adaptive_decoder,0.15,1.9166666666666665,0.1283626734955723,0.8716373265044277,4.0,0.0037388501280404738,0.9991608131993867,0.03821522453041499,43.576467114428475,0.07615222029984814,-0.22675618368123113,0.04178801527826445,-0.007985379599844787,uniform_decoder
overactive_decoder,0.15,1.9166666666666665,0.1413275301095787,0.8586724698904213,48.0,0.00015006531191411013,0.9992375139904086,0.04947993429367412,49.653195504605165,0.07615222029984814,-0.22675618368123113,0.04178801527826445,-0.007985379599844787,uniform_decoder
oracle_decoder,0.15,1.9166666666666665,0.13074471221257086,0.8692552877874291,0.0,0.0,0.999321604176728,0.04787144038568804,53.35299848728346,0.07615222029984814,-0.22675618368123113,0.04178801527826445,-0.007985379599844787,uniform_decoder
uniform_decoder,0.15,2.0,0.07611079010797009,0.9238892098920299,0.0,0.0034368695222196845,0.9990416708277239,0.04787115966013595,49.95273132136597,0.07611079010797009,-0.22803230136519084,0.028624371450179466,0.009976303504049704,uniform_decoder
static_tailored,0.15,2.0,0.21530787131723184,0.7846921286827682,0.0,0.004331736735931474,0.9991608131182725,0.036579380098219885,43.57646711442271,0.07611079010797009,-0.22803230136519084,0.028624371450179466,0.009976303504049704,uniform_decoder
adaptive_decoder,0.15,2.0,0.12867036465198067,0.8713296353480193,4.0,0.003832909081945709,0.9991608122319167,0.03821522453041499,43.57646711442271,0.07611079010797009,-0.22803230136519084,0.028624371450179466,0.009976303504049704,uniform_decoder
overactive_decoder,0.15,2.0,0.13743675837341027,0.8625632416265897,48.0,0.00015632213586688583,0.9992375139904088,0.04947965407240243,49.65283300643641,0.07611079010797009,-0.22803230136519084,0.028624371450179466,0.009976303504049704,uniform_decoder
oracle_decoder,0.15,2.0,0.12574833061579363,0.8742516693842064,0.0,0.0,0.999321604176728,0.04787115966013595,53.34082056067594,0.07611079010797009,-0.22803230136519084,0.028624371450179466,0.009976303504049704,uniform_decoder
uniform_decoder,0.22499999999999998,0.0,0.07473912964570067,0.9252608703542993,0.0,0.005664984071824861,0.9990415492241271,0.04756712521650562,49.6291791022716,0.07473912964570067,-0.44336253665894226,0.028615217132453234,0.002898850129381382,uniform_decoder
static_tailored,0.22499999999999998,0.0,0.20606855351941278,0.7939314464805872,0.0,0.0,0.9991640941726718,0.03627534523841269,43.396449758414015,0.07473912964570067,-0.44336253665894226,0.028615217132453234,0.002898850129381382,uniform_decoder
adaptive_decoder,0.22499999999999998,0.0,0.20744863079716142,0.7925513692028385,4.0,0.0,0.9991640941726718,0.03791471302887482,43.396449758414015,0.07473912964570067,-0.44336253665894226,0.028615217132453234,0.002898850129381382,uniform_decoder
overactive_decoder,0.22499999999999998,0.0,0.2215775672662041,0.7784224327337959,48.0,0.0,0.9990702622150521,0.03791471302887482,40.78000662412646,0.07473912964570067,-0.44336253665894226,0.028615217132453234,0.002898850129381382,uniform_decoder
oracle_decoder,0.22499999999999998,0.0,0.20606855351941278,0.7939314464805872,0.0,0.0,0.9991640941726718,0.03627534523841269,43.396449758414015,0.07473912964570067,-0.44336253665894226,0.028615217132453234,0.002898850129381382,uniform_decoder
uniform_decoder,0.22499999999999998,0.08333333333333333,0.07528490844283635,0.9247150915571637,0.0,0.005368856751783983,0.9990415492241271,0.04756712521650562,49.6291791022716,0.07528490844283635,-0.43513902601286875,0.029206211418927472,0.0029752099320452773,uniform_decoder
static_tailored,0.22499999999999998,0.08333333333333333,0.20364405802326394,0.7963559419767361,0.0,0.001212232555076242,0.9991641023373429,0.037097027767619216,44.35527052770306,0.07528490844283635,-0.43513902601286875,0.029206211418927472,0.0029752099320452773,uniform_decoder
adaptive_decoder,0.22499999999999998,0.08333333333333333,0.20504394670014617,0.7949560532998539,4.0,0.0003714438855562424,0.9991641023373429,0.03858932650263427,44.35527052770306,0.07528490844283635,-0.43513902601286875,0.029206211418927472,0.0029752099320452773,uniform_decoder
overactive_decoder,0.22499999999999998,0.08333333333333333,0.2193073383224512,0.7806926616775488,48.0,9.268638558367128e-06,0.999070270393772,0.038734918594694655,41.641929910113845,0.07528490844283635,-0.43513902601286875,0.029206211418927472,0.0029752099320452773,uniform_decoder
oracle_decoder,0.22499999999999998,0.08333333333333333,0.20364405802326394,0.7963559419767361,0.0,0.0,0.9991641023373429,0.037097027767619216,44.35527052770306,0.07528490844283635,-0.43513902601286875,0.029206211418927472,0.0029752099320452773,uniform_decoder
uniform_decoder,0.22499999999999998,0.16666666666666666,0.07590893435701017,0.9240910656429898,0.0,0.005136870070692687,0.9990415492241271,0.04756712521650562,49.6291791022716,0.07590893435701017,-0.4271938928653566,0.029691509065408236,0.003035483444272672,uniform_decoder
static_tailored,0.22499999999999998,0.16666666666666666,0.20158179313503663,0.7984182068649633,0.0,0.0025861485000579893,0.9991641020411313,0.03737819034128831,44.66287204124562,0.07590893435701017,-0.4271938928653566,0.029691509065408236,0.003035483444272672,uniform_decoder
adaptive_decoder,0.22499999999999998,0.16666666666666666,0.20299567618171643,0.7970043238182836,4.0,0.000790018498453228,0.9991641020411313,0.03895387138490188,44.66287204124562,0.07590893435701017,-0.4271938928653566,0.029691509065408236,0.003035483444272672,uniform_decoder
overactive_decoder,0.22499999999999998,0.16666666666666666,0.21735933493634543,0.7826406650636546,48.0,1.965269431114297e-05,0.9990702700877606,0.03901557714409873,41.919676046879204,0.07590893435701017,-0.4271938928653566,0.029691509065408236,0.003035483444272672,uniform_decoder
oracle_decoder,0.22499999999999998,0.16666666666666666,0.20158179313503663,0.7984182068649633,0.0,0.0,0.9991641020411313,0.03737819034128831,44.66287204124562,0.07590893435701017,-0.4271938928653566,0.029691509065408236,0.003035483444272672,uniform_decoder
uniform_decoder,0.22499999999999998,0.25,0.07650303690252756,0.9234969630974724,0.0,0.00505645099703937,0.9990415492241271,0.04756712521650562,49.6291791022716,0.07650303690252756,-0.4205377656467133,0.02989928248138557,0.0032171524651035907,uniform_decoder
static_tailored,0.22499999999999998,0.25,0.20005201667181582,0.7999479833281842,0.0,0.003915335044927142,0.9991641019700674,0.03737806251434719,44.66273548766835,0.07650303690252756,-0.4205377656467133,0.02989928248138557,0.0032171524651035907,uniform_decoder
adaptive_decoder,0.22499999999999998,0.25,0.20147280879507598,0.798527191204924,4.0,0.0011971491539579688,0.9991641019700674,0.038990576214053066,44.66273548766835,0.07650303690252756,-0.4205377656467133,0.02989928248138557,0.0032171524651035907,uniform_decoder
overactive_decoder,0.22499999999999998,0.25,0.21583194457186416,0.7841680554281358,48.0,3.0027649293856923e-05,0.9992465601549985,0.03901544954609016,51.419541733976416,0.07650303690252756,-0.4205377656467133,0.02989928248138557,0.0032171524651035907,uniform_decoder
oracle_decoder,0.22499999999999998,0.25,0.19998585939589103,0.800014140604109,0.0,0.0,0.9993306763041993,0.03737806251434719,55.419554449480394,0.07650303690252756,-0.4205377656467133,0.02989928248138557,0.0032171524651035907,uniform_decoder
uniform_decoder,0.22499999999999998,0.3333333333333333,0.07696694178283797,0.923033058217162,0.0,0.005142472680989119,0.9990415492241271,0.04756712521650562,49.6291791022716,0.07696694178283797,-0.4158805885122775,0.040772932551669305,-0.010087849700732829,uniform_decoder
static_tailored,0.22499999999999998,0.3333333333333333,0.19911220785058326,0.8008877921494167,0.0,0.004973481204870435,0.9991641020411313,0.037377679036091196,44.6623258101545,0.07696694178283797,-0.4158805885122775,0.040772932551669305,-0.010087849700732829,uniform_decoder
adaptive_decoder,0.22499999999999998,0.3333333333333333,0.20053252353666667,0.7994674764633334,4.0,0.0015747240969820244,0.9991641020411313,0.03901506675462848,44.6623258101545,0.07696694178283797,-0.4158805885122775,0.040772932551669305,-0.010087849700732829,uniform_decoder
overactive_decoder,0.22499999999999998,0.3333333333333333,0.22027121718006615,0.7797287828199339,48.0,3.9328930537845204e-05,0.9992522717979702,0.03901506675462848,51.41977542816093,0.07696694178283797,-0.4158805885122775,0.040772932551669305,-0.010087849700732829,uniform_decoder
oracle_decoder,0.22499999999999998,0.3333333333333333,0.20524503911682626,0.7947549608831738,0.0,0.0,0.9993364003413036,0.037377679036091196,55.4187990823085,0.07696694178283797,-0.4158805885122775,0.040772932551669305,-0.010087849700732829,uniform_decoder
uniform_decoder,0.22499999999999998,0.41666666666666663,0.0772385095391147,0.9227614904608853,0.0,0.005181099817825153,0.9990415492241271,0.04756712521650562,49.6291791022716,0.0772385095391147,-0.4207260605256771,0.04635139009383111,-0.014285892353566396,uniform_decoder
static_tailored,0.22499999999999998,0.41666666666666663,0.19872776845921025,0.8012722315407897,0.0,0.005857915043794508,0.9991641023373429,0.03737806251434719,44.662735487662424,0.0772385095391147,-0.4207260605256771,0.04635139009383111,-0.014285892353566396,uniform_decoder
adaptive_decoder,0.22499999999999998,0.41666666666666663,0.20349790624038974,0.7965020937596102,4.0,0.0018877957675872746,0.9993363894057896,0.03892942309997874,55.41955444948959,0.0772385095391147,-0.4207260605256771,0.04635139009383111,-0.014285892353566396,uniform_decoder
overactive_decoder,0.22499999999999998,0.41666666666666663,0.22641820094273857,0.7735817990572614,48.0,4.8556476214276726e-05,0.9992522608868057,0.03901544954609016,51.41977542816093,0.0772385095391147,-0.4207260605256771,0.04635139009383111,-0.014285892353566396,uniform_decoder
oracle_decoder,0.22499999999999998,0.41666666666666663,0.2103031789502649,0.789696821049735,0.0,0.0,0.9993363894057896,0.03737806251434719,55.41955444948959,0.0772385095391147,-0.4207260605256771,0.04635139009383111,-0.014285892353566396,uniform_decoder
uniform_decoder,0.22499999999999998,0.5,0.07729889652624983,0.9227011034737502,0.0,0.005136870070692687,0.9990415492241271,0.04756712521650562,49.6291791022716,0.07729889652624983,-0.41914140755529067,0.022460804125205562,0.010070794554270056,uniform_decoder
static_tailored,0.22499999999999998,0.5,0.1988266006913707,0.8011733993086293,0.0,0.0066251872763846975,0.9991641019700674,0.037377679036091196,44.6623258101545,0.07729889652624983,-0.41914140755529067,0.022460804125205562,0.010070794554270056,uniform_decoder
adaptive_decoder,0.22499999999999998,0.5,0.2029152566941362,0.7970847433058638,4.0,0.0022698094128668464,0.9993333280121539,0.03895387138490188,55.41999783945669,0.07729889652624983,-0.41914140755529067,0.022460804125205562,0.010070794554270056,uniform_decoder
overactive_decoder,0.22499999999999998,0.5,0.21368572266811958,0.7863142773318804,48.0,5.892373720804718e-05,0.9992522608868059,0.03901557714409872,51.418717124935085,0.07729889652624983,-0.41914140755529067,0.022460804125205562,0.010070794554270056,uniform_decoder
oracle_decoder,0.22499999999999998,0.5,0.19826401979290284,0.8017359802070971,0.0,0.0,0.9993363894057896,0.03737819034128831,55.41999783945669,0.07729889652624983,-0.41914140755529067,0.022460804125205562,0.010070794554270056,uniform_decoder
uniform_decoder,0.22499999999999998,0.5833333333333333,0.07717312440603297,0.922826875593967,0.0,0.005102202849755952,0.9990415492241271,0.04756712521650562,49.6291791022716,0.07717312440603297,-0.3747257812918601,0.0439973819889423,-0.010774248675276816,uniform_decoder
static_tailored,0.22499999999999998,0.5833333333333333,0.19938379749161125,0.8006162025083887,0.0,0.007162586381517111,0.9991641019700673,0.037377039914227944,44.6616429583899,0.07717312440603297,-0.3747257812918601,0.0439973819889423,-0.010774248675276816,uniform_decoder
adaptive_decoder,0.22499999999999998,0.5833333333333333,0.18289080210440345,0.8171091978955966,4.0,0.00256623993544984,0.999336397607222,0.03900281947323754,55.41714729664078,0.07717312440603297,-0.3747257812918601,0.0439973819889423,-0.010774248675276816,uniform_decoder
overactive_decoder,0.22499999999999998,0.5833333333333333,0.2023900914292283,0.7976099085707717,48.0,6.927813599140085e-05,0.9992522690699768,0.03901506675462847,51.41977542816093,0.07717312440603297,-0.3747257812918601,0.0439973819889423,-0.010774248675276816,uniform_decoder
oracle_decoder,0.22499999999999998,0.5833333333333333,0.1874848213465422,0.8125151786534578,0.0,0.0,0.999336397607222,0.03737767903609119,55.418422475808505,0.07717312440603297,-0.3747257812918601,0.0439973819889423,-0.010774248675276816,uniform_decoder
uniform_decoder,0.22499999999999998,0.6666666666666666,0.07692486017959442,0.9230751398204056,0.0,0.0051424726809891205,0.9990415492241271,0.04756712521650562,49.6291791022716,0.07692486017959442,-0.3725486877285988,0.034828079613950035,-0.0074466996776397214,uniform_decoder
static_tailored,0.22499999999999998,0.6666666666666666,0.20046740108944444,0.7995325989105555,0.0,0.00741548542702734,0.9991641020411313,0.037377679036091196,44.6623258101545,0.07692486017959442,-0.3725486877285988,0.034828079613950035,-0.0074466996776397214,uniform_decoder
adaptive_decoder,0.22499999999999998,0.6666666666666666,0.1813908614222696,0.8186091385777304,4.0,0.0029201925823682377,0.9993360080237512,0.03901506675462848,55.4187990823085,0.07692486017959442,-0.3725486877285988,0.034828079613950035,-0.0074466996776397214,uniform_decoder
overactive_decoder,0.22499999999999998,0.6666666666666666,0.19653662000635386,0.8034633799936461,48.0,7.859546110874098e-05,0.9992522281662644,0.03901506675462848,51.41527934191723,0.07692486017959442,-0.3725486877285988,0.034828079613950035,-0.0074466996776397214,uniform_decoder
oracle_decoder,0.22499999999999998,0.6666666666666666,0.18452792702862875,0.8154720729713713,0.0,0.0,0.9993363566122438,0.037377679036091196,55.4187990823085,0.07692486017959442,-0.3725486877285988,0.034828079613950035,-0.0074466996776397214,uniform_decoder
uniform_decoder,0.22499999999999998,0.75,0.07663163526183789,0.9233683647381621,0.0,0.00515880083053443,0.9990507270021309,0.04838869507808699,50.97447750721892,0.07663163526183789,-0.3731575354467943,0.027602760603356095,0.006323452521555269,uniform_decoder
static_tailored,0.22499999999999998,0.75,0.20216500842221125,0.7978349915777887,0.0,0.007484255419980876,0.9991640992604877,0.037376145161622076,44.66068684859446,0.07663163526183789,-0.3731575354467943,0.027602760603356095,0.006323452521555269,uniform_decoder
adaptive_decoder,0.22499999999999998,0.75,0.18095293375007243,0.8190470662499276,4.0,0.0032441085120987084,0.9993327806518264,0.038990576214053066,55.41999783945669,0.07663163526183789,-0.3731575354467943,0.027602760603356095,0.006323452521555269,uniform_decoder
overactive_decoder,0.22499999999999998,0.75,0.1928272418334479,0.8071727581665521,48.0,8.776383527380755e-05,0.9992522690699768,0.03901442877741134,51.418717124935085,0.07663163526183789,-0.3731575354467943,0.027602760603356095,0.006323452521555269,uniform_decoder
oracle_decoder,0.22499999999999998,0.75,0.1783372954412404,0.8216627045587596,0.0,0.0,0.999336397607222,0.03737703991422795,55.41999783945669,0.07663163526183789,-0.3731575354467943,0.027602760603356095,0.006323452521555269,uniform_decoder
uniform_decoder,0.22499999999999998,0.8333333333333333,0.07635514710592885,0.9236448528940712,0.0,0.005136870070692688,0.9990534973845511,0.048669823763854446,51.42069654056916,0.07635514710592885,-0.3762279797659547,0.0006916783036355688,0.03363018402348019,uniform_decoder
static_tailored,0.22499999999999998,0.8333333333333333,0.2044348776609256,0.7955651223390744,0.0,0.007364826713742862,0.9991640992604877,0.037376145161622076,44.66068684859446,0.07635514710592885,-0.3762279797659547,0.0006916783036355688,0.03363018402348019,uniform_decoder
adaptive_decoder,0.22499999999999998,0.8333333333333333,0.1815792834578792,0.8184207165421208,4.0,0.0034668599763823574,0.9993268150356915,0.03892942309997874,55.33325620692345,0.07635514710592885,-0.3762279797659547,0.0006916783036355688,0.03363018402348019,uniform_decoder
overactive_decoder,0.22499999999999998,0.8333333333333333,0.18186870578074257,0.8181312942192575,48.0,9.811699723346701e-05,0.9992522608868057,0.05027687200967494,51.41977542816093,0.07635514710592885,-0.3762279797659547,0.0006916783036355688,0.03363018402348019,uniform_decoder
oracle_decoder,0.22499999999999998,0.8333333333333333,0.16804907021662036,0.8319509297833796,0.0,0.0,0.9993363894057896,0.048669823763854446,55.418422475808505,0.07635514710592885,-0.3762279797659547,0.0006916783036355688,0.03363018402348019,uniform_decoder
uniform_decoder,0.22499999999999998,0.9166666666666666,0.07613353482716737,0.9238664651728327,0.0,0.005114694475696731,0.9990534865742524,0.04866867346883218,51.41889395852164,0.07613353482716737,-0.3168521928360531,0.03060059968363678,0.012149934082687058,uniform_decoder
static_tailored,0.22499999999999998,0.9166666666666666,0.20702917711316685,0.7929708228868332,0.0,0.007021877775802897,0.9991640971454164,0.03737499479632305,44.659457363741076,0.07613353482716737,-0.3168521928360531,0.03060059968363678,0.012149934082687058,uniform_decoder
adaptive_decoder,0.22499999999999998,0.9166666666666666,0.15791674623773821,0.8420832537622618,4.0,0.0037649527179179584,0.9991640994470701,0.038974258266309625,44.66068684858853,0.07613353482716737,-0.3168521928360531,0.03060059968363678,0.012149934082687058,uniform_decoder
overactive_decoder,0.22499999999999998,0.9166666666666666,0.1694450111644458,0.8305549888355542,48.0,0.00010843145020746655,0.9992522690699769,0.05027572377491733,51.417297625092246,0.07613353482716737,-0.3168521928360531,0.03060059968363678,0.012149934082687058,uniform_decoder
oracle_decoder,0.22499999999999998,0.9166666666666666,0.15356005288243116,0.8464399471175689,0.0,0.0,0.999336397607222,0.04866867346883218,55.419747674246295,0.07613353482716737,-0.3168521928360531,0.03060059968363678,0.012149934082687058,uniform_decoder
uniform_decoder,0.22499999999999998,1.0,0.07599268827708025,0.9240073117229197,0.0,0.0051424726809891205,0.9990534925805103,0.04866931251733414,51.41989541252223,0.07599268827708025,-0.321243254160186,0.002262226518007174,0.033061874568313825,uniform_decoder
static_tailored,0.22499999999999998,1.0,0.2095771273735809,0.7904228726264191,0.0,0.006512421613980172,0.9991640992604877,0.037377679036091196,44.6623258101545,0.07599268827708025,-0.321243254160186,0.002262226518007174,0.033061874568313825,uniform_decoder
adaptive_decoder,0.22499999999999998,1.0,0.159226394940406,0.840773605059594,4.0,0.00395885138788041,0.9991641020411313,0.03901098388563598,44.6623258101545,0.07599268827708025,-0.321243254160186,0.002262226518007174,0.033061874568313825,uniform_decoder
overactive_decoder,0.22499999999999998,1.0,0.16005796423385008,0.8399420357661499,48.0,0.0001177235507164087,0.9992522281662642,0.05027636167883341,51.41527934191722,0.07599268827708025,-0.321243254160186,0.002262226518007174,0.033061874568313825,uniform_decoder
oracle_decoder,0.22499999999999998,1.0,0.14755474766220614,0.8524452523377939,0.0,0.0,0.9993363566122437,0.04866931251733414,55.4187990823085,0.07599268827708025,-0.321243254160186,0.002262226518007174,0.033061874568313825,uniform_decoder
uniform_decoder,0.22499999999999998,1.0833333333333333,0.07595017067975032,0.9240498293202497,0.0,0.005150499653192122,0.9990534925805103,0.04866931251733414,51.41989541252223,0.07595017067975032,-0.30099121685353003,0.01359488076200787,0.029854602508789043,uniform_decoder
static_tailored,0.22499999999999998,1.0833333333333333,0.21174800297645827,0.7882519970235418,0.0,0.006131355021666188,0.9991641019700673,0.037377039914227944,44.6616429583899,0.07595017067975032,-0.30099121685353003,0.01359488076200787,0.029854602508789043,uniform_decoder
adaptive_decoder,0.22499999999999998,1.0833333333333333,0.15188677855405086,0.8481132214459491,4.0,0.00412395868274376,0.9993363019996215,0.05027636167883341,55.41999783945669,0.07595017067975032,-0.30099121685353003,0.01359488076200787,0.029854602508789043,uniform_decoder
overactive_decoder,0.22499999999999998,1.0833333333333333,0.15671654616439173,0.8432834538356082,48.0,0.00012679740440977596,0.9992521736751689,0.05027636167883341,51.418717124935085,0.07595017067975032,-0.30099121685353003,0.01359488076200787,0.029854602508789043,uniform_decoder
oracle_decoder,0.22499999999999998,1.0833333333333333,0.14179645342229738,0.8582035465777026,0.0,0.0,0.9993363019996215,0.04866931251733414,55.41999783945669,0.07595017067975032,-0.30099121685353003,0.01359488076200787,0.029854602508789043,uniform_decoder
uniform_decoder,0.22499999999999998,1.1666666666666665,0.07600390807508021,0.9239960919249198,0.0,0.005136870070692687,0.9990534541173194,0.0486652227926516,51.4134852658508,0.07600390807508021,-0.3002660243015694,0.006855453221295495,0.028749255108261065,uniform_decoder
static_tailored,0.22499999999999998,1.1666666666666665,0.21334945511745299,0.786650544882547,0.0,0.006001567431372122,0.9991641019700673,0.03737819034128831,44.66287204124562,0.07600390807508021,-0.3002660243015694,0.006855453221295495,0.028749255108261065,uniform_decoder
adaptive_decoder,0.22499999999999998,1.1666666666666665,0.15174065287553887,0.8482593471244612,4.0,0.0042522095854457135,0.9993363019996215,0.050129694915904854,55.414113135500116,0.07600390807508021,-0.3002660243015694,0.006855453221295495,0.028749255108261065,uniform_decoder
overactive_decoder,0.22499999999999998,1.1666666666666665,0.1541549240235103,0.8458450759764897,48.0,0.00013711756392375488,0.9992521736751689,0.0502722792792584,51.41977542816093,0.07600390807508021,-0.3002660243015694,0.006855453221295495,0.028749255108261065,uniform_decoder
oracle_decoder,0.22499999999999998,1.1666666666666665,0.1420210415065328,0.8579789584934672,0.0,0.0,0.9993363019996215,0.0486652227926516,55.418422475808505,0.07600390807508021,-0.3002660243015694,0.006855453221295495,0.028749255108261065,uniform_decoder
uniform_decoder,0.22499999999999998,1.25,0.07612493539330951,0.9238750646066904,0.0,0.005118301470916857,0.999053467345223,0.048666628585797095,51.41568897827948,0.07612493539330951,-0.3269330312397789,-0.03151957987530259,0.06749790625891909,uniform_decoder
static_tailored,0.22499999999999998,1.25,0.21432375551795949,0.7856762444820405,0.0,0.00605824724590755,0.9991641019700674,0.037377679036091196,44.6623258101545,0.07612493539330951,-0.3269330312397789,-0.03151957987530259,0.06749790625891909,uniform_decoder
adaptive_decoder,0.22499999999999998,1.25,0.16160692557952347,0.8383930744204765,4.0,0.004566255200798709,0.9993362665304062,0.038256540515453415,55.40711141515308,0.07612493539330951,-0.3269330312397789,-0.03151957987530259,0.06749790625891909,uniform_decoder
overactive_decoder,0.22499999999999998,1.25,0.1502935657887714,0.8497064342112286,48.0,0.0001473810698717804,0.9992521382848476,0.05027368255446306,51.419541733976416,0.07612493539330951,-0.3269330312397789,-0.03151957987530259,0.06749790625891909,uniform_decoder
oracle_decoder,0.22499999999999998,1.25,0.13834455222800351,0.8616554477719964,0.0,0.0,0.9993362665304062,0.048666628585797095,55.419554449480394,0.07612493539330951,-0.3269330312397789,-0.03151957987530259,0.06749790625891909,uniform_decoder
uniform_decoder,0.22499999999999998,1.3333333333333333,0.07626733885215102,0.923732661147849,0.0,0.005142472680989119,0.9990534541173194,0.0486652227926516,51.4134852658508,0.07626733885215102,-0.3258511270272143,-0.029046884422745865,0.05652886703168513,uniform_decoder
static_tailored,0.22499999999999998,1.3333333333333333,0.2147019717549507,0.7852980282450492,0.0,0.006194945053536732,0.9991640941726719,0.037377679036091196,44.6623258101545,0.07626733885215102,-0.3258511270272143,-0.029046884422745865,0.05652886703168513,uniform_decoder
adaptive_decoder,0.22499999999999998,1.3333333333333333,0.16150639381224396,0.838493606187756,4.0,0.004848519690954043,0.9993353174263246,0.03817171244841382,55.40711141515308,0.07626733885215102,-0.3258511270272143,-0.029046884422745865,0.05652886703168513,uniform_decoder
overactive_decoder,0.22499999999999998,1.3333333333333333,0.15105768881368326,0.8489423111863168,48.0,0.00015667394061200614,0.9992522717979702,0.0502722792792584,51.41977542815336,0.07626733885215102,-0.3258511270272143,-0.029046884422745865,0.05652886703168513,uniform_decoder
oracle_decoder,0.22499999999999998,1.3333333333333333,0.14179497914922765,0.8582050208507723,0.0,0.0,0.9993364003413036,0.0486652227926516,55.4187990823085,0.07626733885215102,-0.3258511270272143,-0.029046884422745865,0.05652886703168513,uniform_decoder
uniform_decoder,0.22499999999999998,1.4166666666666665,0.0763852606381351,0.9236147393618649,0.0,0.005141199392281899,0.9990534541173194,0.0486652227926516,51.4134852658508,0.0763852606381351,-0.3268984071168762,-0.02643449122339942,0.054414589470622256,uniform_decoder
static_tailored,0.22499999999999998,1.4166666666666665,0.21457131127905738,0.7854286887209426,0.0,0.006393265710661334,0.9991641020411313,0.03737499479632305,44.659457363741076,0.0763852606381351,-0.3268984071168762,-0.02643449122339942,0.054414589470622256,uniform_decoder
adaptive_decoder,0.22499999999999998,1.4166666666666665,0.1621466468331864,0.8378533531668136,4.0,0.004996839836919789,0.9993335013644948,0.03874667961140031,55.414113135500116,0.0763852606381351,-0.3268984071168762,-0.02643449122339942,0.054414589470622256,uniform_decoder
overactive_decoder,0.22499999999999998,1.4166666666666665,0.1525715227430935,0.8474284772569065,48.0,0.0001656796581169026,0.9992522690699769,0.0502722792792584,51.41954173398399,0.0763852606381351,-0.3268984071168762,-0.02643449122339942,0.054414589470622256,uniform_decoder
oracle_decoder,0.22499999999999998,1.4166666666666665,0.14305181833068728,0.8569481816693127,0.0,0.0,0.999336397607222,0.0486652227926516,55.41955444948959,0.0763852606381351,-0.3268984071168762,-0.02643449122339942,0.054414589470622256,uniform_decoder
uniform_decoder,0.22499999999999998,1.5,0.07644526607982903,0.923554733920171,0.0,0.005136870070692687,0.9990534925805103,0.04866931251733414,51.41989541252223,0.07644526607982903,-0.3300894608255453,-0.03612841733573403,0.06813930711667213,uniform_decoder
static_tailored,0.22499999999999998,1.5,0.21407050455169394,0.785929495448306,0.0,0.006625187276384697,0.9991640992604877,0.037376145161622076,44.66068684859446,0.07644526607982903,-0.3300894608255453,-0.03612841733573403,0.06813930711667213,uniform_decoder
adaptive_decoder,0.22499999999999998,1.5,0.1634707508627368,0.8365292491372632,4.0,0.005110657980837991,0.9993309051092958,0.03900281947323755,55.41999783945669,0.07644526607982903,-0.3300894608255453,-0.03612841733573403,0.06813930711667213,uniform_decoder
overactive_decoder,0.22499999999999998,1.5,0.15042209746193155,0.8495779025380684,48.0,0.0001759078799837702,0.9992522281662642,0.05027636167883341,51.418717124935085,0.07644526607982903,-0.3300894608255453,-0.03612841733573403,0.06813930711667213,uniform_decoder
oracle_decoder,0.22499999999999998,1.5,0.13973356855720054,0.8602664314427995,0.0,0.0,0.9993363566122437,0.04866931251733414,55.41999783945669,0.07644526607982903,-0.3300894608255453,-0.03612841733573403,0.06813930711667213,uniform_decoder
uniform_decoder,0.22499999999999998,1.5833333333333333,0.0764347514651367,0.9235652485348633,0.0,0.005123444660581892,0.999053467345223,0.048666628585797095,51.41568897827948,0.0764347514651367,-0.2666160483656037,0.014061298471666955,0.008428194484089047,uniform_decoder
static_tailored,0.22499999999999998,1.5833333333333333,0.21339671892078477,0.7866032810792152,0.0,0.006818614496828802,0.9991641019700674,0.03737806251434719,44.662735487662424,0.0764347514651367,-0.2666160483656037,0.014061298471666955,0.008428194484089047,uniform_decoder
adaptive_decoder,0.22499999999999998,1.5833333333333333,0.14122347903915797,0.858776520960842,4.0,0.005156068802056118,0.9993276466990194,0.050251873965004655,55.362032365818955,0.0764347514651367,-0.2666160483656037,0.014061298471666955,0.008428194484089047,uniform_decoder
overactive_decoder,0.22499999999999998,1.5833333333333333,0.14587074620480764,0.8541292537951923,48.0,0.00018632858510666262,0.9992522608868057,0.05027368255446306,51.41871712493508,0.0764347514651367,-0.2666160483656037,0.014061298471666955,0.008428194484089047,uniform_decoder
oracle_decoder,0.22499999999999998,1.5833333333333333,0.13850922894687817,0.8614907710531219,0.0,0.0,0.9993363894057896,0.048666628585797095,55.41999783945669,0.0764347514651367,-0.2666160483656037,0.014061298471666955,0.008428194484089047,uniform_decoder
uniform_decoder,0.22499999999999998,1.6666666666666665,0.07636477406871808,0.9236352259312819,0.0,0.005142472680989119,0.9990533770271177,0.048657044672671346,51.40065904435016,0.07636477406871808,-0.2993403206091884,-0.008406267121364353,0.038511305404277905,uniform_decoder
static_tailored,0.22499999999999998,1.6666666666666665,0.2127896242256927,0.7872103757743073,0.0,0.006925962029667936,0.9991640992604877,0.03737767903609119,44.66232581015449,0.07636477406871808,-0.2993403206091884,-0.008406267121364353,0.038511305404277905,uniform_decoder
adaptive_decoder,0.22499999999999998,1.6666666666666665,0.15213648984276512,0.8478635101572349,4.0,0.005283881843061357,0.9993362256327412,0.05026411580775278,55.41842247581771,0.07636477406871808,-0.2993403206091884,-0.008406267121364353,0.038511305404277905,uniform_decoder
overactive_decoder,0.22499999999999998,1.6666666666666665,0.14922003059144137,0.8507799694085586,48.0,0.00019535221897384249,0.999252097478118,0.05026411580775278,51.41977542817608,0.07636477406871808,-0.2993403206091884,-0.008406267121364353,0.038511305404277905,uniform_decoder
oracle_decoder,0.22499999999999998,1.6666666666666665,0.1392265579646394,0.8607734420353605,0.0,0.0,0.9993362256327412,0.048657044672671346,55.41842247581771,0.07636477406871808,-0.2993403206091884,-0.008406267121364353,0.038511305404277905,uniform_decoder
uniform_decoder,0.22499999999999998,1.75,0.07626137506786408,0.9237386249321359,0.0,0.005152700465401851,0.9990534204171545,0.04866164464612411,51.40787476087658,0.07626137506786408,-0.21485138350769867,0.06882532165895407,-0.032714209992711185,uniform_decoder
static_tailored,0.22499999999999998,1.75,0.21247238878654323,0.7875276112134568,0.0,0.006969871226438252,0.9991641010784603,0.03737192732601266,44.65617763541259,0.07626137506786408,-0.21485138350769867,0.06882532165895407,-0.032714209992711185,uniform_decoder
adaptive_decoder,0.22499999999999998,1.75,0.1250708252010951,0.8749291747989049,4.0,0.005423911755627627,0.9993347176080946,0.05012969491590485,55.41999783945669,0.07626137506786408,-0.21485138350769867,0.06882532165895407,-0.032714209992711185,uniform_decoder
overactive_decoder,0.22499999999999998,1.75,0.14654848628825212,0.8534515137117479,48.0,0.0002043020101378379,0.9992522690699768,0.050268707541726014,51.41871712493508,0.07626137506786408,-0.21485138350769867,0.06882532165895407,-0.032714209992711185,uniform_decoder
oracle_decoder,0.22499999999999998,1.75,0.1348559849275861,0.8651440150724139,0.0,0.0,0.999336397607222,0.04866164464612411,55.41999783945669,0.07626137506786408,-0.21485138350769867,0.06882532165895407,-0.032714209992711185,uniform_decoder
uniform_decoder,0.22499999999999998,1.8333333333333333,0.0761513241727198,0.9238486758272801,0.0,0.005136870070692687,0.9990534973845511,0.04866982376385444,51.42069654056915,0.0761513241727198,-0.295853679294689,-0.01824827270266249,0.05872278506668275,uniform_decoder
static_tailored,0.22499999999999998,1.8333333333333333,0.21257154189500904,0.787428458104991,0.0,0.006929299422565006,0.9991641020411313,0.03737767903609119,44.66232581015449,0.0761513241727198,-0.295853679294689,-0.01824827270266249,0.05872278506668275,uniform_decoder
adaptive_decoder,0.22499999999999998,1.8333333333333333,0.15049814218789162,0.8495018578121084,4.0,0.005555692483224924,0.9993268150356915,0.038974258266309625,55.33325620692344,0.0761513241727198,-0.295853679294689,-0.01824827270266249,0.05872278506668275,uniform_decoder
overactive_decoder,0.22499999999999998,1.8333333333333333,0.14430549409164473,0.8556945059083553,48.0,0.00021445433577351063,0.9992522281662644,0.05027687200967493,51.41977542815336,0.0761513241727198,-0.295853679294689,-0.01824827270266249,0.05872278506668275,uniform_decoder
oracle_decoder,0.22499999999999998,1.8333333333333333,0.13146445755514985,0.8685355424448502,0.0,0.0,0.9993363566122438,0.04866982376385444,55.41842247579932,0.0761513241727198,-0.295853679294689,-0.01824827270266249,0.05872278506668275,uniform_decoder
uniform_decoder,0.22499999999999998,1.9166666666666665,0.07605580898046374,0.9239441910195363,0.0,0.005125607883293456,0.9990534961836215,0.048669695951581514,51.42049626149469,0.07605580898046374,-0.21587252119823663,0.04319063211810262,-0.009338036283986311,uniform_decoder
static_tailored,0.22499999999999998,1.9166666666666665,0.213068719654758,0.786931280345242,0.0,0.0067696603518131145,0.9991641020411313,0.037377679036091196,44.6623258101545,0.07605580898046374,-0.21587252119823663,0.04319063211810262,-0.009338036283986311,uniform_decoder
adaptive_decoder,0.22499999999999998,1.9166666666666665,0.12502731692005364,0.8749726830799464,4.0,0.005596243705454219,0.9991641020411313,0.03901098388563598,44.6623258101545,0.07605580898046374,-0.21587252119823663,0.04319063211810262,-0.009338036283986311,uniform_decoder
overactive_decoder,0.22499999999999998,1.9166666666666665,0.1381005930087833,0.8618994069912167,48.0,0.00022449448642804118,0.9992522281662644,0.05027674442632253,51.41222470540785,0.07605580898046374,-0.21587252119823663,0.04319063211810262,-0.009338036283986311,uniform_decoder
oracle_decoder,0.22499999999999998,1.9166666666666665,0.12774471673319657,0.8722552832668035,0.0,0.0,0.9993363566122438,0.048669695951581514,55.414787659306825,0.07605580898046374,-0.21587252119823663,0.04319063211810262,-0.009338036283986311,uniform_decoder
uniform_decoder,0.22499999999999998,2.0,0.07599293358743951,0.9240070664125605,0.0,0.00514247268098912,0.9990534925805103,0.04866931251733414,51.41989541252223,0.07599293358743951,-0.21783077472164616,0.036747119816040376,0.004466048271065297,uniform_decoder
static_tailored,0.22499999999999998,2.0,0.21382482011046047,0.7861751798895396,0.0,0.0065124216139801705,0.9991640992604877,0.037377679036091196,44.6623258101545,0.07599293358743951,-0.21783077472164616,0.036747119816040376,0.004466048271065297,uniform_decoder
adaptive_decoder,0.22499999999999998,2.0,0.12548851639045294,0.8745114836095471,4.0,0.005729934251740028,0.9991641020411313,0.03901098388563598,44.6623258101545,0.07599293358743951,-0.21783077472164616,0.036747119816040376,0.004466048271065297,uniform_decoder
overactive_decoder,0.22499999999999998,2.0,0.13656867775325487,0.8634313222467451,48.0,0.00023369284656564611,0.9992522281662642,0.05027636167883341,51.41527934191722,0.07599293358743951,-0.21783077472164616,0.036747119816040376,0.004466048271065297,uniform_decoder
oracle_decoder,0.22499999999999998,2.0,0.1242046732181577,0.8757953267818424,0.0,0.0,0.9993363566122437,0.04866931251733414,55.4187990823085,0.07599293358743951,-0.21783077472164616,0.036747119816040376,0.004466048271065297,uniform_decoder
uniform_decoder,0.3,0.0,0.07411486600671642,0.9258851339932835,0.0,0.007644786522449653,0.9990519539620757,0.04806074429818291,50.694525767344594,0.07411486600671642,-0.4367421824581286,0.02972863377724914,0.0030313968577856893,uniform_decoder
static_tailored,0.3,0.0,0.20119450418081608,0.7988054958191839,0.0,0.0,0.9991688313868426,0.03676909365788764,44.23782741050973,0.07411486600671642,-0.4367421824581286,0.02972863377724914,0.0030313968577856893,uniform_decoder
adaptive_decoder,0.3,0.0,0.20260376435288385,0.7973962356471161,4.0,0.0,0.9991688313868426,0.03840755594913184,44.23782741050973,0.07411486600671642,-0.4367421824581286,0.02972863377724914,0.0030313968577856893,uniform_decoder
overactive_decoder,0.3,0.0,0.21695823744192205,0.7830417625580779,48.0,0.0,0.9990749741501747,0.03840755594913184,41.52052178475186,0.07411486600671642,-0.4367421824581286,0.02972863377724914,0.0030313968577856893,uniform_decoder
oracle_decoder,0.3,0.0,0.20119450418081608,0.7988054958191839,0.0,0.0,0.9991688313868426,0.03676909365788764,44.23782741050973,0.07411486600671642,-0.4367421824581286,0.02972863377724914,0.0030313968577856893,uniform_decoder
uniform_decoder,0.3,0.08333333333333333,0.07482850706547198,0.925171492934528,0.0,0.007230290999729542,0.9990519539620757,0.04806074429818291,50.694525767344594,0.07482850706547198,-0.4252809265226193,0.03060046587395266,0.003142501627014394,uniform_decoder
static_tailored,0.3,0.08333333333333333,0.19779053510743275,0.8022094648925673,0.0,0.0015646137427922724,0.9991688371024139,0.037794602933478985,45.40665808224591,0.07482850706547198,-0.4252809265226193,0.03060046587395266,0.003142501627014394,uniform_decoder
adaptive_decoder,0.3,0.08333333333333333,0.19922691363287448,0.8007730863671255,4.0,0.0004817584775993385,0.9991688371024139,0.0392524149563422,45.40665808224591,0.07482850706547198,-0.4252809265226193,0.03060046587395266,0.003142501627014394,uniform_decoder
overactive_decoder,0.3,0.08333333333333333,0.21377084449829334,0.7862291555017067,48.0,1.2049273029055254e-05,0.9990749798795613,0.0394312241161361,42.57273155241611,0.07482850706547198,-0.4252809265226193,0.03060046587395266,0.003142501627014394,uniform_decoder
oracle_decoder,0.3,0.08333333333333333,0.19779053510743275,0.8022094648925673,0.0,0.0,0.9991688371024139,0.037794602933478985,45.40665808224591,0.07482850706547198,-0.4252809265226193,0.03060046587395266,0.003142501627014394,uniform_decoder
uniform_decoder,0.3,0.16666666666666666,0.07567217958838873,0.9243278204116112,0.0,0.006824005139593106,0.9990519539620757,0.04806074429818291,50.694525767344594,0.07567217958838873,-0.4142755850036102,0.031304921148763896,0.003229362662464188,uniform_decoder
static_tailored,0.3,0.16666666666666666,0.1949765876943801,0.8050234123056199,0.0,0.003388178168743532,0.9991688367291344,0.03813603253898588,45.74572882213001,0.07567217958838873,-0.4142755850036102,0.031304921148763896,0.003229362662464188,uniform_decoder
adaptive_decoder,0.3,0.16666666666666666,0.19643181439892182,0.8035681856010781,4.0,0.0010440158885150549,0.9991688367291344,0.03969756250063948,45.74572882213001,0.07567217958838873,-0.4142755850036102,0.031304921148763896,0.003229362662464188,uniform_decoder
overactive_decoder,0.3,0.16666666666666666,0.2111138613858867,0.7888861386141133,48.0,2.6072123720404575e-05,0.9990749794935678,0.039772043974020496,42.881120630057886,0.07567217958838873,-0.4142755850036102,0.031304921148763896,0.003229362662464188,uniform_decoder
oracle_decoder,0.3,0.16666666666666666,0.1949765876943801,0.8050234123056199,0.0,0.0,0.9991688367291344,0.03813603253898588,45.74572882213001,0.07567217958838873,-0.4142755850036102,0.031304921148763896,0.003229362662464188,uniform_decoder
uniform_decoder,0.3,0.25,0.07648223977075476,0.9235177602292453,0.0,0.006686431355032794,0.9990519539620757,0.04806074429818291,50.694525767344594,0.07648223977075476,-0.4052477805168181,0.031908057855163194,0.0031563160837958315,uniform_decoder
static_tailored,0.3,0.25,0.19298589839780034,0.8070141016021997,0.0,0.005189000298699451,0.9991688371024139,0.03813587851740666,45.745584091980106,0.07648223977075476,-0.4052477805168181,0.031908057855163194,0.0031563160837958315,uniform_decoder
adaptive_decoder,0.3,0.25,0.1944501928565785,0.8055498071434215,4.0,0.0015962624048922395,0.9991688371024139,0.039741898155363,45.745584091980106,0.07648223977075476,-0.4052477805168181,0.031908057855163194,0.0031563160837958315,uniform_decoder
overactive_decoder,0.3,0.25,0.20927455931426067,0.7907254406857394,48.0,4.008973733052865e-05,0.999260159048681,0.03977189022698037,53.3040561027534,0.07648223977075476,-0.4052477805168181,0.031908057855163194,0.0031563160837958315,uniform_decoder
oracle_decoder,0.3,0.25,0.19304211278159583,0.8069578872184042,0.0,0.0,0.9993443139290618,0.03813587851740666,57.63410594083714,0.07648223977075476,-0.4052477805168181,0.031908057855163194,0.0031563160837958315,uniform_decoder
uniform_decoder,0.3,0.3333333333333333,0.07711284141505004,0.92288715858495,0.0,0.006835475223593109,0.9990519539620757,0.04806074429818291,50.694525767344594,0.07711284141505004,-0.4091610187057626,0.035562724277954205,-0.0010803606781210158,uniform_decoder
static_tailored,0.3,0.3333333333333333,0.19187398278173132,0.8081260172182687,0.0,0.006637344425521048,0.999168835948435,0.03813541644901819,45.74514984900203,0.07711284141505004,-0.4091610187057626,0.035562724277954205,-0.0010803606781210158,uniform_decoder
adaptive_decoder,0.3,0.3333333333333333,0.1978279837833076,0.8021720162166924,4.0,0.0020932712845778407,0.9993528606164229,0.03977142898221883,57.659332827139856,0.07711284141505004,-0.4091610187057626,0.035562724277954205,-0.0010803606781210158,uniform_decoder
overactive_decoder,0.3,0.3333333333333333,0.21470909879856032,0.7852909012014397,48.0,5.218907195532799e-05,0.9992686854840619,0.03977142898221883,53.31312944023367,0.07711284141505004,-0.4091610187057626,0.035562724277954205,-0.0010803606781210158,uniform_decoder
oracle_decoder,0.3,0.3333333333333333,0.19832071771951906,0.8016792822804809,0.0,0.0,0.9993528606164229,0.03813541644901819,57.659332827139856,0.07711284141505004,-0.4091610187057626,0.035562724277954205,-0.0010803606781210158,uniform_decoder
uniform_decoder,0.3,0.41666666666666663,0.07748197038484138,0.9225180296151586,0.0,0.006903409516888955,0.9990519539620757,0.04806074429818291,50.694525767344594,0.07748197038484138,-0.40353461724466944,0.049298783566599905,-0.018623307217149377,uniform_decoder
static_tailored,0.3,0.41666666666666663,0.19155918012144174,0.8084408198785582,0.0,0.007827070778704363,0.999168837102414,0.03813587851740666,45.745584091980106,0.07748197038484138,-0.40353461724466944,0.049298783566599905,-0.018623307217149377,uniform_decoder
adaptive_decoder,0.3,0.41666666666666663,0.19621638655135248,0.8037836134486476,4.0,0.00249380649422827,0.999352844089232,0.03966798078390107,57.65702033008842,0.07748197038484138,-0.40353461724466944,0.049298783566599905,-0.018623307217149377,uniform_decoder
overactive_decoder,0.3,0.41666666666666663,0.21980322348890777,0.7801967765110922,48.0,6.41774358006519e-05,0.9992686689974708,0.039771890226980376,53.31470691949071,0.07748197038484138,-0.40353461724466944,0.049298783566599905,-0.018623307217149377,uniform_decoder
oracle_decoder,0.3,0.41666666666666663,0.204813500797189,0.795186499202811,0.0,0.0,0.999352844089232,0.03813587851740666,57.657605864350884,0.07748197038484138,-0.40353461724466944,0.049298783566599905,-0.018623307217149377,uniform_decoder
uniform_decoder,0.3,0.5,0.07756463671918651,0.9224353632808135,0.0,0.0068240051395931055,0.9990519539620757,0.04806074429818291,50.694525767344594,0.07756463671918651,-0.4017783047483522,0.026090430077266247,0.00803859336488701,uniform_decoder
static_tailored,0.3,0.5,0.19188324001603785,0.8081167599839622,0.0,0.008838989944802747,0.9991688367291344,0.03813541644901819,45.745149848995936,0.07756463671918651,-0.4017783047483522,0.026090430077266247,0.00803859336488701,uniform_decoder
adaptive_decoder,0.3,0.5,0.19563297869833485,0.8043670213016652,4.0,0.003005903547475004,0.999348246812862,0.03969756250063948,57.659332827149655,0.07756463671918651,-0.4017783047483522,0.026090430077266247,0.00803859336488701,uniform_decoder
overactive_decoder,0.3,0.5,0.20774591728959513,0.7922540827104049,48.0,7.817033792743399e-05,0.9992686689974708,0.039772043974020496,53.3131294402417,0.07756463671918651,-0.4017783047483522,0.026090430077266247,0.00803859336488701,uniform_decoder
oracle_decoder,0.3,0.5,0.19204520766302052,0.8079547923369794,0.0,0.0,0.999352844089232,0.03813603253898588,57.659332827149655,0.07756463671918651,-0.4017783047483522,0.026090430077266247,0.00803859336488701,uniform_decoder
uniform_decoder,0.3,0.5833333333333333,0.07739246966200851,0.9226075303379915,0.0,0.006764732766126258,0.9990519539620757,0.04806074429818291,50.694525767344594,0.07739246966200851,-0.42768595942157395,-0.022311214176974275,0.05706954361538782,uniform_decoder
static_tailored,0.3,0.5833333333333333,0.1927507318636624,0.8072492681363376,0.0,0.009548809296408044,0.9991688313868426,0.03813464632287789,45.744425935753554,0.07739246966200851,-0.42768595942157395,-0.022311214176974275,0.05706954361538782,uniform_decoder
adaptive_decoder,0.3,0.5833333333333333,0.20719757348168952,0.7928024265183105,4.0,0.003410640996862375,0.9993528564842489,0.03975666629174522,57.654374528620544,0.07739246966200851,-0.42768595942157395,-0.022311214176974275,0.05706954361538782,uniform_decoder
overactive_decoder,0.3,0.5833333333333333,0.19682191402076687,0.8031780859792331,48.0,9.216932983330355e-05,0.9992686813620392,0.03977142898221882,53.314343519350096,0.07739246966200851,-0.42768595942157395,-0.022311214176974275,0.05706954361538782,uniform_decoder
oracle_decoder,0.3,0.5833333333333333,0.18168334678190165,0.8183166532180983,0.0,0.0,0.9993528564842489,0.038135416449018175,57.65867650984297,0.07739246966200851,-0.42768595942157395,-0.022311214176974275,0.05706954361538782,uniform_decoder
uniform_decoder,0.3,0.6666666666666666,0.0770561124958459,0.9229438875041541,0.0,0.006835475223593107,0.9990519539620757,0.04806074429818291,50.694525767344594,0.0770561124958459,-0.35563259216066184,0.04504113925682977,-0.010201029210979075,uniform_decoder
static_tailored,0.3,0.6666666666666666,0.19424767091537992,0.80575232908462,0.0,0.009895683351465805,0.999168835948435,0.03813541644901819,45.745149848995936,0.0770561124958459,-0.35563259216066184,0.04504113925682977,-0.010201029210979075,uniform_decoder
adaptive_decoder,0.3,0.6666666666666666,0.17475905479164053,0.8252409452083594,4.0,0.0038783913438812344,0.9993522681559787,0.03977142898221883,57.65176146992245,0.0770561124958459,-0.35563259216066184,0.04504113925682977,-0.010201029210979075,uniform_decoder
overactive_decoder,0.3,0.6666666666666666,0.19385670483842238,0.8061432951615777,48.0,0.00010429579358803139,0.9992686195616624,0.03977142898221883,53.31291467489746,0.0770561124958459,-0.35563259216066184,0.04504113925682977,-0.010201029210979075,uniform_decoder
oracle_decoder,0.3,0.6666666666666666,0.1789125131938179,0.8210874868061822,0.0,0.0,0.999352794531715,0.03813541644901819,57.65176146993227,0.0770561124958459,-0.35563259216066184,0.04504113925682977,-0.010201029210979075,uniform_decoder
uniform_decoder,0.3,0.75,0.07666777017885094,0.923332229821149,0.0,0.006864737967639929,0.9990628021738311,0.04908612059901254,52.37541021586687,0.07666777017885094,-0.35666539707263645,0.035158639204579095,-0.0037495183589659484,uniform_decoder
static_tailored,0.3,0.75,0.19654732956512153,0.8034526704348784,0.0,0.009998799943532711,0.9991688313868426,0.03813356812078063,45.74341209000803,0.07666777017885094,-0.35666539707263645,0.035158639204579095,-0.0037495183589659484,uniform_decoder
adaptive_decoder,0.3,0.75,0.1742923114042276,0.8257076885957724,4.0,0.0042937760576573026,0.9993474311787683,0.039741898155363,57.65520308621719,0.07666777017885094,-0.35666539707263645,0.035158639204579095,-0.0037495183589659484,uniform_decoder
overactive_decoder,0.3,0.75,0.18898914863795527,0.8110108513620448,48.0,0.00011620354721081235,0.9992686813620392,0.0397706602288221,53.31291467489746,0.07666777017885094,-0.35666539707263645,0.035158639204579095,-0.0037495183589659484,uniform_decoder
oracle_decoder,0.3,0.75,0.1758035934068554,0.8241964065931446,0.0,0.0,0.9993528564842489,0.038134646322877885,57.65520308621719,0.07666777017885094,-0.35666539707263645,0.035158639204579095,-0.0037495183589659484,uniform_decoder
uniform_decoder,0.3,0.8333333333333333,0.07630879708371864,0.9236912029162814,0.0,0.006824005139593106,0.9990655375434975,0.04942751697929476,52.8940639994145,0.07630879708371864,-0.3609720802818909,0.011190995894627109,0.0315556132677991,uniform_decoder
static_tailored,0.3,0.8333333333333333,0.19964548624318856,0.8003545137568114,0.0,0.009838669359642458,0.9991688313868426,0.03813356812078063,45.74341209000803,0.07630879708371864,-0.3609720802818909,0.011190995894627109,0.0315556132677991,uniform_decoder
adaptive_decoder,0.3,0.8333333333333333,0.17520507739970875,0.8247949226002913,4.0,0.00459075551942923,0.9993386730104601,0.03966798078390107,57.430727453593185,0.07630879708371864,-0.3609720802818909,0.011190995894627109,0.0315556132677991,uniform_decoder
overactive_decoder,0.3,0.8333333333333333,0.17977847149029075,0.8202215285097092,48.0,0.00013017079459427098,0.9992686689974708,0.05103319026552984,53.31470691949071,0.07630879708371864,-0.3609720802818909,0.011190995894627109,0.0315556132677991,uniform_decoder
oracle_decoder,0.3,0.8333333333333333,0.1629262548116595,0.8370737451883405,0.0,0.0,0.999352844089232,0.04942751697929476,57.657605864350884,0.07630879708371864,-0.3609720802818909,0.011190995894627109,0.0315556132677991,uniform_decoder
uniform_decoder,0.3,0.9166666666666666,0.07602016296775267,0.9239798370322473,0.0,0.006784481420826342,0.999065527711554,0.049426130882026756,52.892024186421295,0.07602016296775267,-0.30338323412260915,0.03706449918229521,0.0033656917087026886,uniform_decoder
static_tailored,0.3,0.9166666666666666,0.20320006910077315,0.7967999308992268,0.0,0.009373015735237283,0.9991688348246932,0.03813218181730753,45.74210794517544,0.07602016296775267,-0.30338323412260915,0.03706449918229521,0.0033656917087026886,uniform_decoder
adaptive_decoder,0.3,0.9166666666666666,0.15286639730155197,0.8471336026984481,4.0,0.004998501139070628,0.9991688367291344,0.03972219908280453,45.74341209000194,0.07602016296775267,-0.30338323412260915,0.03706449918229521,0.0033656917087026886,uniform_decoder
overactive_decoder,0.3,0.9166666666666666,0.16648554402169835,0.8335144559783016,48.0,0.0001441150718404867,0.9992686813620392,0.05103180663925966,53.31422785190891,0.07602016296775267,-0.30338323412260915,0.03706449918229521,0.0033656917087026886,uniform_decoder
oracle_decoder,0.3,0.9166666666666666,0.15168629327299793,0.8483137067270021,0.0,0.0,0.9993528564842489,0.049426130882026756,57.654374528620544,0.07602016296775267,-0.30338323412260915,0.03706449918229521,0.0033656917087026886,uniform_decoder
uniform_decoder,0.3,1.0,0.07583109123748645,0.9241689087625136,0.0,0.006835475223593107,0.9990655331751971,0.04942690094212657,52.89315749925205,0.07583109123748645,-0.30937810391152887,0.003701565234484913,0.0329025431100243,uniform_decoder
static_tailored,0.3,1.0,0.2066651780021679,0.7933348219978321,0.0,0.00868942340261033,0.9991688313868426,0.03813541644901819,45.745149848995936,0.07583109123748645,-0.30937810391152887,0.003701565234484913,0.0329025431100243,uniform_decoder
adaptive_decoder,0.3,1.0,0.15460566730681757,0.8453943326931824,4.0,0.005254826061628155,0.9991688359484349,0.0397665086993442,45.745149848995936,0.07583109123748645,-0.30937810391152887,0.003701565234484913,0.0329025431100243,uniform_decoder
overactive_decoder,0.3,1.0,0.15592902913373416,0.8440709708662658,48.0,0.00015621727886788305,0.9992686195616621,0.05103257532656697,53.3131294402417,0.07583109123748645,-0.30937810391152887,0.003701565234484913,0.0329025431100243,uniform_decoder
oracle_decoder,0.3,1.0,0.14332530231158533,0.8566746976884146,0.0,0.0,0.9993527945317149,0.04942690094212657,57.659332827149655,0.07583109123748645,-0.30937810391152887,0.003701565234484913,0.0329025431100243,uniform_decoder
uniform_decoder,0.3,1.0833333333333333,0.0757697839147479,0.9242302160852521,0.0,0.006852322833319835,0.9990655331751971,0.04942690094212657,52.89315749925205,0.0757697839147479,-0.28820658621780293,0.016642616109984566,0.02005226696667473,uniform_decoder
static_tailored,0.3,1.0833333333333333,0.20957499961373452,0.7904250003862655,0.0,0.008176007194347544,0.9991688313868426,0.03813464632287789,45.744425935753554,0.0757697839147479,-0.28820658621780293,0.016642616109984566,0.02005226696667473,uniform_decoder
adaptive_decoder,0.3,1.0833333333333333,0.14713047427425457,0.8528695257257455,4.0,0.005441509633838523,0.9993527120159715,0.05103257532656697,57.640604412577716,0.0757697839147479,-0.28820658621780293,0.016642616109984566,0.02005226696667473,uniform_decoder
overactive_decoder,0.3,1.0833333333333333,0.1528780910055765,0.8471219089944235,48.0,0.00016799205773500268,0.9992685372484627,0.05103257532656697,53.310775885574955,0.0757697839147479,-0.28820658621780293,0.016642616109984566,0.02005226696667473,uniform_decoder
oracle_decoder,0.3,1.0833333333333333,0.14049160304888733,0.8595083969511127,0.0,0.0,0.9993527120159715,0.04942690094212657,57.646155904274806,0.0757697839147479,-0.28820658621780293,0.016642616109984566,0.02005226696667473,uniform_decoder
uniform_decoder,0.3,1.1666666666666665,0.07583962920663276,0.9241603707933672,0.0,0.0068240051395931055,0.9990654981452348,0.04942197229645051,52.885900701469666,0.07583962920663276,-0.2873650281678894,0.010509399896036825,0.026228412826963136,uniform_decoder
static_tailored,0.3,1.1666666666666665,0.21169271481852456,0.7883072851814754,0.0,0.00799852209636474,0.9991688313868426,0.03813603253898588,45.74572882213001,0.07583962920663276,-0.2873650281678894,0.010509399896036825,0.026228412826963136,uniform_decoder
adaptive_decoder,0.3,1.1666666666666665,0.14698101060683028,0.8530189893931697,4.0,0.005596663709114241,0.9993527120159715,0.05085511132015982,57.651761469922434,0.07583962920663276,-0.2873650281678894,0.010509399896036825,0.026228412826963136,uniform_decoder
overactive_decoder,0.3,1.1666666666666665,0.1505811567605933,0.8494188432394068,48.0,0.0001819052806431846,0.9992685372484627,0.051027655467449154,53.2996077172816,0.07583962920663276,-0.2873650281678894,0.010509399896036825,0.026228412826963136,uniform_decoder
oracle_decoder,0.3,1.1666666666666665,0.13836709285185247,0.8616329071481476,0.0,0.0,0.9993527120159715,0.04942197229645051,57.651761469922434,0.07583962920663276,-0.2873650281678894,0.010509399896036825,0.026228412826963136,uniform_decoder
uniform_decoder,0.3,1.25,0.07600214039689003,0.92399785960311,0.0,0.006795717048135245,0.9990655102035224,0.04942366658809284,52.88839618622645,0.07600214039689003,-0.3138799844234755,-0.028314250272788433,0.05617495914875841,uniform_decoder
static_tailored,0.3,1.25,0.21297488505704826,0.7870251149429517,0.0,0.008077009023170463,0.9991688313868426,0.038135416449018175,45.74514984899592,0.07600214039689003,-0.3138799844234755,-0.028314250272788433,0.05617495914875841,uniform_decoder
adaptive_decoder,0.3,1.25,0.15656901076349133,0.8434309892365086,4.0,0.006046345888652775,0.9993526584343876,0.03887367358851667,57.65520308621719,0.07600214039689003,-0.3138799844234755,-0.028314250272788433,0.05617495914875841,uniform_decoder
overactive_decoder,0.3,1.25,0.14668697660831154,0.8533130233916885,48.0,0.00019580063481111957,0.9992684837983287,0.05102934673852884,53.30811718503074,0.07600214039689003,-0.3138799844234755,-0.028314250272788433,0.05617495914875841,uniform_decoder
oracle_decoder,0.3,1.25,0.13757225260627517,0.8624277473937249,0.0,0.0,0.9993526584343876,0.04942366658809284,57.657605864350884,0.07600214039689003,-0.3138799844234755,-0.028314250272788433,0.05617495914875841,uniform_decoder
uniform_decoder,0.3,1.3333333333333333,0.07619363237949595,0.923806367620504,0.0,0.006835475223593106,0.9990654981452348,0.04942197229645051,52.885900701469666,0.07619363237949595,-0.31253283758461836,-0.018642578052177144,0.05383852220745249,uniform_decoder
static_tailored,0.3,1.3333333333333333,0.21348229208844613,0.7865177079115538,0.0,0.008267098516898807,0.9991688313868426,0.03813541644901819,45.74514984900201,0.07619363237949595,-0.31253283758461836,-0.018642578052177144,0.05383852220745249,uniform_decoder
adaptive_decoder,0.3,1.3333333333333333,0.15647736196258255,0.8435226380374174,4.0,0.006480952456862469,0.9993512275693778,0.038732435461831,57.65176146992245,0.07619363237949595,-0.31253283758461836,-0.018642578052177144,0.05383852220745249,uniform_decoder
overactive_decoder,0.3,1.3333333333333333,0.1499025213533474,0.8500974786466526,48.0,0.0002079064028698488,0.9992686854840619,0.051027655467449154,53.31291467489746,0.07619363237949595,-0.31253283758461836,-0.018642578052177144,0.05383852220745249,uniform_decoder
oracle_decoder,0.3,1.3333333333333333,0.13823340110540516,0.8617665988945948,0.0,0.0,0.9993528606164229,0.04942197229645051,57.65176146992245,0.07619363237949595,-0.31253283758461836,-0.018642578052177144,0.05383852220745249,uniform_decoder
uniform_decoder,0.3,1.4166666666666665,0.0763521791825473,0.9236478208174527,0.0,0.006839210673164905,0.9990654981452348,0.04942197229645051,52.885900701469666,0.0763521791825473,-0.31412197448416856,-0.024207141849078878,0.052875694605168194,uniform_decoder
static_tailored,0.3,1.4166666666666665,0.2133280914879762,0.7866719085120237,0.0,0.008533619023879628,0.9991688359484351,0.03813218181730753,45.74210794517544,0.0763521791825473,-0.31412197448416856,-0.024207141849078878,0.052875694605168194,uniform_decoder
adaptive_decoder,0.3,1.4166666666666665,0.15737777875289105,0.842622221247109,4.0,0.0067017813509168645,0.9993485055365691,0.03944560993654089,57.63511283086577,0.0763521791825473,-0.31412197448416856,-0.024207141849078878,0.052875694605168194,uniform_decoder
overactive_decoder,0.3,1.4166666666666665,0.14884569199653142,0.8511543080034686,48.0,0.0002195787814065594,0.9992686813620392,0.051027655467449154,53.30811718503074,0.0763521791825473,-0.31412197448416856,-0.024207141849078878,0.052875694605168194,uniform_decoder
oracle_decoder,0.3,1.4166666666666665,0.1393374045820226,0.8606625954179774,0.0,0.0,0.9993528564842489,0.04942197229645051,57.657605864350884,0.0763521791825473,-0.31412197448416856,-0.024207141849078878,0.052875694605168194,uniform_decoder
uniform_decoder,0.3,1.5,0.0764322678652059,0.9235677321347942,0.0,0.006824005139593108,0.9990655331751971,0.04942690094212657,52.89315749925205,0.0764322678652059,-0.31861667995212806,-0.024085110033415912,0.0675920100358404,uniform_decoder
static_tailored,0.3,1.5,0.21267879724101002,0.78732120275899,0.0,0.008838989944802747,0.9991688313868426,0.03813356812078063,45.74341209000803,0.0764322678652059,-0.31861667995212806,-0.024085110033415912,0.0675920100358404,uniform_decoder
adaptive_decoder,0.3,1.5,0.15918180535370516,0.8408181946462948,4.0,0.006825570501108624,0.9993446514262607,0.039756666291745214,57.640604412577716,0.0764322678652059,-0.31861667995212806,-0.024085110033415912,0.0675920100358404,uniform_decoder
overactive_decoder,0.3,1.5,0.1505942243308515,0.8494057756691484,48.0,0.0002333707704108894,0.9992686195616621,0.05103257532656697,53.3131294402417,0.0764322678652059,-0.31861667995212806,-0.024085110033415912,0.0675920100358404,uniform_decoder
oracle_decoder,0.3,1.5,0.1362389901698667,0.8637610098301333,0.0,0.0,0.9993527945317149,0.04942690094212657,57.659332827149655,0.0764322678652059,-0.31861667995212806,-0.024085110033415912,0.0675920100358404,uniform_decoder
uniform_decoder,0.3,1.5833333333333333,0.07641599633621698,0.923584003663783,0.0,0.0068031364366100714,0.9990655102035224,0.04942366658809284,52.88839618622645,0.07641599633621698,-0.25561469748213794,0.02008886741018265,0.008154207389732772,uniform_decoder
static_tailored,0.3,1.5833333333333333,0.21178155303143856,0.7882184469685615,0.0,0.009094939218085562,0.9991688313868426,0.03813587851740666,45.745584091980106,0.07641599633621698,-0.25561469748213794,0.02008886741018265,0.008154207389732772,uniform_decoder
adaptive_decoder,0.3,1.5833333333333333,0.13765721453138183,0.8623427854686182,4.0,0.006850733226181052,0.9993398791397681,0.05100304706993215,57.48637991773934,0.07641599633621698,-0.25561469748213794,0.02008886741018265,0.008154207389732772,uniform_decoder
overactive_decoder,0.3,1.5833333333333333,0.14417429779589483,0.8558257022041051,48.0,0.00024747262961471235,0.9992686689974708,0.05102934673852884,53.3131294402417,0.07641599633621698,-0.25561469748213794,0.02008886741018265,0.008154207389732772,uniform_decoder
oracle_decoder,0.3,1.5833333333333333,0.13509670914059596,0.8649032908594041,0.0,0.0,0.999352844089232,0.04942366658809284,57.659332827149655,0.07641599633621698,-0.25561469748213794,0.02008886741018265,0.008154207389732772,uniform_decoder
uniform_decoder,0.3,1.6666666666666665,0.07632027621516381,0.9236797237848362,0.0,0.0068354752235931055,0.9990654276415014,0.04941211316395945,52.871361660365416,0.07632027621516381,-0.2893054588560944,-0.008222833992828152,0.03907427819689124,uniform_decoder
static_tailored,0.3,1.6666666666666665,0.2109580332089962,0.7890419667910038,0.0,0.009242592688859755,0.9991688313868426,0.03813541644901819,45.745149848995936,0.07632027621516381,-0.2893054588560944,-0.008222833992828152,0.03907427819689124,uniform_decoder
adaptive_decoder,0.3,1.6666666666666665,0.14857488142769484,0.8514251185723052,4.0,0.007016939288619107,0.999352596661949,0.05101781391292183,57.62667151727068,0.07632027621516381,-0.2893054588560944,-0.008222833992828152,0.03907427819689124,uniform_decoder
overactive_decoder,0.3,1.6666666666666665,0.14578826191626595,0.8542117380837341,48.0,0.00025923321344255556,0.9992684221773644,0.05101781391292183,53.29949272283587,0.07632027621516381,-0.2893054588560944,-0.008222833992828152,0.03907427819689124,uniform_decoder
oracle_decoder,0.3,1.6666666666666665,0.13579103988141164,0.8642089601185884,0.0,0.0,0.9993525966619491,0.04941211316395945,57.62742633423089,0.07632027621516381,-0.2893054588560944,-0.008222833992828152,0.03907427819689124,uniform_decoder
uniform_decoder,0.3,1.75,0.0761835248762298,0.9238164751237702,0.0,0.006850289158823415,0.9990654673724829,0.04941765922641178,52.879544032301325,0.0761835248762298,-0.2056319924806876,0.06824649994141317,-0.03105491123298848,uniform_decoder
static_tailored,0.3,1.75,0.21052361346427526,0.7894763865357247,0.0,0.00930581386667474,0.9991688371024139,0.0381284847689188,45.73862677286566,0.0761835248762298,-0.2056319924806876,0.06824649994141317,-0.03105491123298848,uniform_decoder
adaptive_decoder,0.3,1.75,0.12231875592026023,0.8776812440797398,4.0,0.007217274626367073,0.9993503261974921,0.05085511132015982,57.640604412577716,0.0761835248762298,-0.2056319924806876,0.06824649994141317,-0.03105491123298848,uniform_decoder
overactive_decoder,0.3,1.75,0.14313292791002272,0.8568670720899773,48.0,0.00027087992145969595,0.9992686813620392,0.051023350086977844,53.314343519350096,0.0761835248762298,-0.2056319924806876,0.06824649994141317,-0.03105491123298848,uniform_decoder
oracle_decoder,0.3,1.75,0.1313856598509691,0.8686143401490309,0.0,0.0,0.9993528564842489,0.04941765922641178,57.65867650984297,0.0761835248762298,-0.2056319924806876,0.06824649994141317,-0.03105491123298848,uniform_decoder
uniform_decoder,0.3,1.8333333333333333,0.0760409952036274,0.9239590047963726,0.0,0.006824005139593105,0.9990655375434975,0.04942751697929476,52.8940639994145,0.0760409952036274,-0.28475460765942107,-0.016750969027976563,0.05806000978344431,uniform_decoder
static_tailored,0.3,1.8333333333333333,0.21066259884609467,0.7893374011539054,0.0,0.009250732624573791,0.9991688359484351,0.03813541644901819,45.745149848995936,0.0760409952036274,-0.28475460765942107,-0.016750969027976563,0.05806000978344431,uniform_decoder
adaptive_decoder,0.3,1.8333333333333333,0.14648811812054857,0.8535118818794514,4.0,0.007394258819910747,0.9993386730104601,0.03972219908280453,57.430727453593185,0.0760409952036274,-0.28475460765942107,-0.016750969027976563,0.05806000978344431,uniform_decoder
overactive_decoder,0.3,1.8333333333333333,0.14094557015933587,0.8590544298406642,48.0,0.00028452700851264916,0.9992686195616624,0.05103319026552984,53.313129440241696,0.0760409952036274,-0.28475460765942107,-0.016750969027976563,0.05806000978344431,uniform_decoder
oracle_decoder,0.3,1.8333333333333333,0.1281570169623394,0.8718429830376606,0.0,0.0,0.999352794531715,0.04942751697929476,57.65933282714964,0.0760409952036274,-0.28475460765942107,-0.016750969027976563,0.05806000978344431,uniform_decoder
uniform_decoder,0.3,1.9166666666666665,0.07591639677967814,0.9240836032203219,0.0,0.006806394300819051,0.9990655364516404,0.04942736297091267,52.89383738689537,0.07591639677967814,-0.20481565752899475,0.044786088165481436,-0.0155608538377204,uniform_decoder
static_tailored,0.3,1.9166666666666665,0.21134546512994926,0.7886545348700508,0.0,0.009033926380094811,0.999168835948435,0.03813541644901819,45.74514984900203,0.07591639677967814,-0.20481565752899475,0.044786088165481436,-0.0155608538377204,uniform_decoder
adaptive_decoder,0.3,1.9166666666666665,0.1216609615276068,0.8783390384723933,4.0,0.007436067585161813,0.999168835948435,0.0397665086993442,45.74514984900203,0.07591639677967814,-0.20481565752899475,0.044786088165481436,-0.0155608538377204,uniform_decoder
overactive_decoder,0.3,1.9166666666666665,0.13487682455630332,0.8651231754436967,48.0,0.0002981091683621463,0.9992686195616624,0.05103303653169669,53.31470691949071,0.07591639677967814,-0.20481565752899475,0.044786088165481436,-0.0155608538377204,uniform_decoder
oracle_decoder,0.3,1.9166666666666665,0.12609913235568604,0.873900867644314,0.0,0.0,0.999352794531715,0.04942736297091267,57.65897922979489,0.07591639677967814,-0.20481565752899475,0.044786088165481436,-0.0155608538377204,uniform_decoder
uniform_decoder,0.3,2.0,0.0758314981445041,0.9241685018554959,0.0,0.006835475223593106,0.9990655331751971,0.04942690094212656,52.893157499252034,0.0758314981445041,-0.20748628160471755,0.03967992961444928,0.0038793054052554724,uniform_decoder
static_tailored,0.3,2.0,0.2123664253124008,0.7876335746875992,0.0,0.00868942340261033,0.9991688313868426,0.03813541644901819,45.745149848995936,0.0758314981445041,-0.20748628160471755,0.03967992961444928,0.0038793054052554724,uniform_decoder
adaptive_decoder,0.3,2.0,0.12227450622228858,0.8777254937777115,4.0,0.007605751511648689,0.9991688359484349,0.0397665086993442,45.745149848995936,0.0758314981445041,-0.20748628160471755,0.03967992961444928,0.0038793054052554724,uniform_decoder
overactive_decoder,0.3,2.0,0.13397255728315316,0.8660274427168468,48.0,0.0003101081087407916,0.9992686195616621,0.051032575326566965,53.3131294402417,0.0758314981445041,-0.20748628160471755,0.03967992961444928,0.0038793054052554724,uniform_decoder
oracle_decoder,0.3,2.0,0.12118716120402306,0.8788128387959769,0.0,0.0,0.9993527945317149,0.04942690094212656,57.659332827149655,0.0758314981445041,-0.20748628160471755,0.03967992961444928,0.0038793054052554724,uniform_decoder
uniform_decoder,0.375,0.0,0.07342345480848943,0.9265765451915106,0.0,0.009651690013863233,0.9990639063746357,0.0485625256596994,51.877851043800206,0.07342345480848943,-0.4294337898484571,0.030998670601386252,0.0031822627795994865,uniform_decoder
static_tailored,0.375,0.0,0.1959234152731807,0.8040765847268193,0.0,0.0,0.9991750564020877,0.03727102383551195,45.18008737789411,0.07342345480848943,-0.4294337898484571,0.030998670601386252,0.0031822627795994865,uniform_decoder
adaptive_decoder,0.375,0.0,0.19736430310424577,0.8026356968957542,4.0,0.0,0.9991750564020877,0.03890856056224524,45.18008737789411,0.07342345480848943,-0.4294337898484571,0.030998670601386252,0.0031822627795994865,uniform_decoder
overactive_decoder,0.375,0.0,0.2119665230662226,0.7880334769337773,48.0,0.0,0.999081165870201,0.03890856056224524,42.34557609517331,0.07342345480848943,-0.4294337898484571,0.030998670601386252,0.0031822627795994865,uniform_decoder
oracle_decoder,0.375,0.0,0.1959234152731807,0.8040765847268193,0.0,0.0,0.9991750564020877,0.03727102383551195,45.18008737789411,0.07342345480848943,-0.4294337898484571,0.030998670601386252,0.0031822627795994865,uniform_decoder
uniform_decoder,0.375,0.08333333333333333,0.07429949026865114,0.9257005097313489,0.0,0.009111401599804392,0.9990639063746357,0.0485625256596994,51.877851043800206,0.07429949026865114,-0.4145065449977643,0.03219595988445887,0.0033332704256242795,uniform_decoder
static_tailored,0.375,0.08333333333333333,0.19149573635703243,0.8085042636429676,0.0,0.0018888842547264155,0.9991750605979166,0.0384658100993029,46.49422442956876,0.07429949026865114,-0.4145065449977643,0.03219595988445887,0.0033332704256242795,uniform_decoder
adaptive_decoder,0.375,0.08333333333333333,0.19297114746157892,0.807028852538421,4.0,0.0005845750304273209,0.9991750605979166,0.03989649503108037,46.49422442956876,0.07429949026865114,-0.4145065449977643,0.03219595988445887,0.0033332704256242795,uniform_decoder
overactive_decoder,0.375,0.08333333333333333,0.20782047789755156,0.7921795221024485,48.0,1.4656170366768878e-05,0.9990811700788934,0.04010120538526672,43.53141314228678,0.07429949026865114,-0.4145065449977643,0.03219595988445887,0.0033332704256242795,uniform_decoder
oracle_decoder,0.375,0.08333333333333333,0.19149573635703243,0.8085042636429676,0.0,0.0,0.9991750605979166,0.0384658100993029,46.49422442956876,0.07429949026865114,-0.4145065449977643,0.03219595988445887,0.0033332704256242795,uniform_decoder
uniform_decoder,0.375,0.16666666666666666,0.07537173167258529,0.9246282683274147,0.0,0.008489566760176108,0.9990639063746357,0.0485625256596994,51.877851043800206,0.07537173167258529,-0.4002714214487666,0.033146255451840065,0.0034499236927191894,uniform_decoder
static_tailored,0.375,0.16666666666666666,0.1879446601373103,0.8120553398626897,0.0,0.0041547427217473384,0.9991750605979166,0.038851875345755,46.8184401772506,0.07537173167258529,-0.4002714214487666,0.033146255451840065,0.0034499236927191894,uniform_decoder
adaptive_decoder,0.375,0.16666666666666666,0.18944358986455276,0.8105564101354472,4.0,0.001291617534243588,0.9991750605979166,0.04040292919302273,46.8184401772506,0.07537173167258529,-0.4002714214487666,0.033146255451840065,0.0034499236927191894,uniform_decoder
overactive_decoder,0.375,0.16666666666666666,0.20446838666227607,0.7955316133377239,48.0,3.2381771570829994e-05,0.9990811700788934,0.04048658495371847,43.83066272840866,0.07537173167258529,-0.4002714214487666,0.033146255451840065,0.0034499236927191894,uniform_decoder
oracle_decoder,0.375,0.16666666666666666,0.1879446601373103,0.8120553398626897,0.0,0.0,0.9991750605979166,0.038851875345755,46.8184401772506,0.07537173167258529,-0.4002714214487666,0.033146255451840065,0.0034499236927191894,uniform_decoder
uniform_decoder,0.375,0.25,0.07640657956082371,0.9235934204391762,0.0,0.0082831975526771,0.9990639063746357,0.0485625256596994,51.877851043800206,0.07640657956082371,-0.388821144431949,0.03390424639807025,0.0033811937374120505,uniform_decoder
static_tailored,0.375,0.25,0.18553752602267579,0.8144624739773242,0.0,0.006437815504909756,0.9991750583562122,0.03885170269188501,46.81831205532093,0.07640657956082371,-0.388821144431949,0.03390424639807025,0.0033811937374120505,uniform_decoder
adaptive_decoder,0.375,0.25,0.1870474977714819,0.8129525022285181,4.0,0.0019926522112823763,0.9991750583562122,0.04045276515193294,46.81831205532093,0.07640657956082371,-0.388821144431949,0.03390424639807025,0.0033811937374120505,uniform_decoder
overactive_decoder,0.375,0.25,0.2022349207591096,0.7977650792408904,48.0,5.0109401925491625e-05,0.9992748318231384,0.04048641260544758,55.304197335484055,0.07640657956082371,-0.388821144431949,0.03390424639807025,0.0033811937374120505,uniform_decoder
oracle_decoder,0.375,0.25,0.18559689618740227,0.8144031038125977,0.0,0.0,0.9993590311388537,0.03885170269188501,60.00201618002826,0.07640657956082371,-0.388821144431949,0.03390424639807025,0.0033811937374120505,uniform_decoder
uniform_decoder,0.375,0.3333333333333333,0.07720671381413988,0.9227932861858601,0.0,0.008506169448637057,0.9990639063746357,0.0485625256596994,51.877851043800206,0.07720671381413988,-0.3921942694982093,0.03788776705283126,-0.0013112076021923724,uniform_decoder
static_tailored,0.375,0.3333333333333333,0.18431275018482687,0.8156872498151732,0.0,0.00829099837263904,0.9991750564020877,0.03885118471774092,46.817927578887016,0.07720671381413988,-0.3921942694982093,0.03788776705283126,-0.0013112076021923724,uniform_decoder
adaptive_decoder,0.375,0.3333333333333333,0.19047998020521129,0.8095200197947887,4.0,0.002604961950129483,0.9993709868746213,0.04048589554812926,60.11494157717803,0.07720671381413988,-0.3921942694982093,0.03788776705283126,-0.0013112076021923724,uniform_decoder
overactive_decoder,0.375,0.3333333333333333,0.20784381451388395,0.7921561854861161,48.0,6.483609327233453e-05,0.9992867567499049,0.04048589554812926,55.37261083051757,0.07720671381413988,-0.3921942694982093,0.03788776705283126,-0.0013112076021923724,uniform_decoder
oracle_decoder,0.375,0.3333333333333333,0.19105594011267307,0.808944059887327,0.0,0.0,0.9993709868746213,0.03885118471774092,60.11494157717803,0.07720671381413988,-0.3921942694982093,0.03788776705283126,-0.0013112076021923724,uniform_decoder
uniform_decoder,0.375,0.41666666666666663,0.07767515898471292,0.9223248410152871,0.0,0.008613329159011545,0.9990639063746357,0.0485625256596994,51.877851043800206,0.07767515898471292,-0.3854239058454657,0.05573259184059502,-0.02016086555870967,uniform_decoder
static_tailored,0.375,0.41666666666666663,0.18414450851155534,0.8158554914884446,0.0,0.009788410767835714,0.9991750583562122,0.03885170269188501,46.81831205532719,0.07767515898471292,-0.3854239058454657,0.05573259184059502,-0.02016086555870967,uniform_decoder
adaptive_decoder,0.375,0.41666666666666663,0.1886713933200143,0.8113286066799856,4.0,0.003084143777888855,0.9993709635022635,0.04036961407619138,60.11494157718857,0.07767515898471292,-0.3854239058454657,0.05573259184059502,-0.02016086555870967,uniform_decoder
overactive_decoder,0.375,0.41666666666666663,0.21450560687852477,0.7854943931214753,48.0,7.940878438049245e-05,0.9992867334402873,0.04048641260544758,55.37200915605428,0.07767515898471292,-0.3854239058454657,0.05573259184059502,-0.02016086555870967,uniform_decoder
oracle_decoder,0.375,0.41666666666666663,0.1976363944219353,0.8023636055780647,0.0,0.0,0.9993709635022635,0.03885170269188501,60.11706101763474,0.07767515898471292,-0.3854239058454657,0.05573259184059502,-0.02016086555870967,uniform_decoder
uniform_decoder,0.375,0.5,0.07778209433098422,0.9222179056690157,0.0,0.008489566760176108,0.9990639063746357,0.0485625256596994,51.877851043800206,0.07778209433098422,-0.38368714387867603,0.029870889686537384,0.006033423746164976,uniform_decoder
static_tailored,0.375,0.5,0.184776392029401,0.815223607970599,0.0,0.011037996992066014,0.9991750605979166,0.03885118471774092,46.817927578887016,0.07778209433098422,-0.38368714387867603,0.029870889686537384,0.006033423746164976,uniform_decoder
adaptive_decoder,0.375,0.5,0.18817710223817388,0.8118228977618261,4.0,0.0037266268589073517,0.9993644989731534,0.04040292919302273,60.117724575864834,0.07778209433098422,-0.38368714387867603,0.029870889686537384,0.006033423746164976,uniform_decoder
overactive_decoder,0.375,0.5,0.2015754630813067,0.7984245369186933,48.0,9.708763301022837e-05,0.9992867334402873,0.04048658495371848,55.37025021947062,0.07778209433098422,-0.38368714387867603,0.029870889686537384,0.006033423746164976,uniform_decoder
oracle_decoder,0.375,0.5,0.18558093255562486,0.8144190674443752,0.0,0.0,0.9993709635022635,0.038851875345755,60.117724575864834,0.07778209433098422,-0.38368714387867603,0.029870889686537384,0.006033423746164976,uniform_decoder
uniform_decoder,0.375,0.5833333333333333,0.0775622873276801,0.9224377126723199,0.0,0.008400241344445713,0.9990639063746357,0.0485625256596994,51.877851043800206,0.0775622873276801,-0.4106823084326082,-0.01921072450616375,0.04906234440886917,uniform_decoder
static_tailored,0.375,0.5833333333333333,0.18601072106302238,0.8139892789369776,0.0,0.011915816663370812,0.9991750564020877,0.0388503213857347,46.81728641623377,0.0775622873276801,-0.4106823084326082,-0.01921072450616375,0.04906234440886917,uniform_decoder
adaptive_decoder,0.375,0.5833333333333333,0.19967924065546444,0.8003207593445356,4.0,0.004243745621044059,0.9993709810309147,0.040469339847025686,60.1147517702642,0.0775622873276801,-0.4106823084326082,-0.01921072450616375,0.04906234440886917,uniform_decoder
overactive_decoder,0.375,0.5833333333333333,0.19103906854642552,0.8089609314535745,48.0,0.00011480273389478518,0.9992867509218859,0.04048589554812926,55.37261083050904,0.0775622873276801,-0.4106823084326082,-0.01921072450616375,0.04906234440886917,uniform_decoder
oracle_decoder,0.375,0.5833333333333333,0.17834895624509234,0.8216510437549076,0.0,0.0,0.9993709810309147,0.03885118471774092,60.117724575864834,0.0775622873276801,-0.4106823084326082,-0.01921072450616375,0.04906234440886917,uniform_decoder
uniform_decoder,0.375,0.6666666666666666,0.07713515658400304,0.922864843415997,0.0,0.008506169448637057,0.9990639063746357,0.04856252565969941,51.87785104380021,0.07713515658400304,-0.3380409608424833,0.049457142653935734,-0.012963615864575402,uniform_decoder
static_tailored,0.375,0.6666666666666666,0.18794063603436922,0.8120593639656308,0.0,0.012360371081841244,0.9991750564020877,0.03885118471774092,46.817927578887016,0.07713515658400304,-0.3380409608424833,0.049457142653935734,-0.012963615864575402,uniform_decoder
adaptive_decoder,0.375,0.6666666666666666,0.16799382801434098,0.8320061719856591,4.0,0.004822162449137932,0.9993701496040643,0.04048589554812926,60.1147517702642,0.07713515658400304,-0.3380409608424833,0.049457142653935734,-0.012963615864575402,uniform_decoder
overactive_decoder,0.375,0.6666666666666666,0.18825671188265874,0.8117432881173412,48.0,0.00012957047217396545,0.9992866635507649,0.04048589554812926,55.37261083051757,0.07713515658400304,-0.3380409608424833,0.049457142653935734,-0.012963615864575402,uniform_decoder
oracle_decoder,0.375,0.6666666666666666,0.1730840075412197,0.8269159924587803,0.0,0.0,0.9993708934246821,0.03885118471774092,60.1147517702642,0.07713515658400304,-0.3380409608424833,0.049457142653935734,-0.012963615864575402,uniform_decoder
uniform_decoder,0.375,0.75,0.07665315646586676,0.9233468435341332,0.0,0.008556805256094842,0.999075574325507,0.04975716923766338,53.82495381789495,0.07665315646586676,-0.3396152910165254,0.04668495416946049,-0.01014116988756319,uniform_decoder
static_tailored,0.375,0.75,0.19085144967365994,0.80914855032634,0.0,0.012502992341671022,0.9991750564020877,0.03884911263326717,46.81638801494659,0.07665315646586676,-0.3396152910165254,0.04668495416946049,-0.01014116988756319,uniform_decoder
adaptive_decoder,0.375,0.75,0.16755034799840318,0.8324496520015968,4.0,0.0053202794880979195,0.9993633600709123,0.04045276515193294,60.11115025993252,0.07665315646586676,-0.3396152910165254,0.04668495416946049,-0.01014116988756319,uniform_decoder
overactive_decoder,0.375,0.75,0.18656504978844762,0.8134349502115523,48.0,0.00014404037018576505,0.9992867509218859,0.040485033744260844,55.37202920608852,0.07665315646586676,-0.3396152910165254,0.04668495416946049,-0.01014116988756319,uniform_decoder
oracle_decoder,0.375,0.75,0.1715088378227136,0.8284911621772864,0.0,0.0,0.9993709810309147,0.038850321385734715,60.11694908200708,0.07665315646586676,-0.3396152910165254,0.04668495416946049,-0.01014116988756319,uniform_decoder
uniform_decoder,0.375,0.8333333333333333,0.07621737456079226,0.9237826254392077,0.0,0.008489566760176112,0.9990776392438441,0.05014320987382907,54.36398886137376,0.07621737456079226,-0.3452708040506863,0.014639873350948195,0.02257078361784094,uniform_decoder
static_tailored,0.375,0.8333333333333333,0.19480685383525237,0.8051931461647477,0.0,0.012302207581454406,0.9991750564020877,0.03884911263326717,46.81638801494659,0.07621737456079226,-0.3452708040506863,0.014639873350948195,0.02257078361784094,uniform_decoder
adaptive_decoder,0.375,0.8333333333333333,0.16878147920011743,0.8312185207998826,4.0,0.005691075679456905,0.9993513007508792,0.04036961407619138,59.62180142803291,0.07621737456079226,-0.3452708040506863,0.014639873350948195,0.02257078361784094,uniform_decoder
overactive_decoder,0.375,0.8333333333333333,0.1745680103616709,0.8254319896383291,48.0,0.00016167860382289937,0.9992867334402873,0.05174758176847043,55.37023854316851,0.07621737456079226,-0.3452708040506863,0.014639873350948195,0.02257078361784094,uniform_decoder
oracle_decoder,0.375,0.8333333333333333,0.16023375308693064,0.8397662469130693,0.0,0.0,0.9993709635022635,0.05014320987382907,60.11494157718857,0.07621737456079226,-0.3452708040506863,0.014639873350948195,0.02257078361784094,uniform_decoder
uniform_decoder,0.375,0.9166666666666666,0.07586573229057535,0.9241342677094246,0.0,0.008430650898180419,0.9990776334801936,0.05014165598075206,54.361964472949474,0.07586573229057535,-0.2895366617106012,0.0391678623416561,-0.0014349374675967502,uniform_decoder
static_tailored,0.375,0.9166666666666666,0.19936533497898265,0.8006346650210173,0.0,0.011710743063910756,0.9991750599480449,0.03884755837279924,46.8152316025145,0.07586573229057535,-0.2895366617106012,0.0391678623416561,-0.0014349374675967502,uniform_decoder
adaptive_decoder,0.375,0.9166666666666666,0.14776865348059667,0.8522313465194034,4.0,0.006212778575420574,0.9991750605979166,0.04043063637382643,46.8163880149466,0.07586573229057535,-0.2895366617106012,0.0391678623416561,-0.0014349374675967502,uniform_decoder
overactive_decoder,0.375,0.9166666666666666,0.16171495276340253,0.8382850472365975,48.0,0.00017932399495825476,0.9992867509218859,0.05174603062641506,55.37025021947062,0.07586573229057535,-0.2895366617106012,0.0391678623416561,-0.0014349374675967502,uniform_decoder
oracle_decoder,0.375,0.9166666666666666,0.14825769828176594,0.8517423017182341,0.0,0.0,0.9993709810309147,0.05014165598075206,60.117724575864834,0.07586573229057535,-0.2895366617106012,0.0391678623416561,-0.0014349374675967502,uniform_decoder
uniform_decoder,0.375,1.0,0.07562768676633681,0.9243723132336632,0.0,0.008506169448637057,0.9990776366851433,0.05014251927553082,54.36308932486027,0.07562768676633681,-0.2972046721091606,0.012619677789812258,0.0329315948347898,uniform_decoder
static_tailored,0.375,1.0,0.2037759090466071,0.7962240909533929,0.0,0.010852275316213855,0.9991750564020877,0.03885118471774092,46.817927578887016,0.07562768676633681,-0.2972046721091606,0.012619677789812258,0.0329315948347898,uniform_decoder
adaptive_decoder,0.375,1.0,0.14992894633593387,0.8500710536640661,4.0,0.006529990644129968,0.9991750532305523,0.040480379104468084,46.817927578887016,0.07562768676633681,-0.2972046721091606,0.012619677789812258,0.0329315948347898,uniform_decoder
overactive_decoder,0.375,1.0,0.15434947857331138,0.8456505214266886,48.0,0.00019407304270795947,0.9992866635507649,0.05174689239280121,55.36324933772191,0.07562768676633681,-0.2972046721091606,0.012619677789812258,0.0329315948347898,uniform_decoder
oracle_decoder,0.375,1.0,0.13898050776910026,0.8610194922308998,0.0,0.0,0.9993708934246821,0.05014251927553082,60.11494157717803,0.07562768676633681,-0.2972046721091606,0.012619677789812258,0.0329315948347898,uniform_decoder
uniform_decoder,0.375,1.0833333333333333,0.07554522605005767,0.9244547739499424,0.0,0.008536694585031144,0.9990776366851433,0.05014251927553082,54.36308932486027,0.07554522605005767,-0.27502340830550837,0.019742173443852214,0.018271081924227824,uniform_decoder
static_tailored,0.375,1.0833333333333333,0.2074265404647208,0.7925734595352791,0.0,0.010204943315056322,0.9991750564020877,0.0388503213857347,46.81728641623377,0.07554522605005767,-0.27502340830550837,0.019742173443852214,0.018271081924227824,uniform_decoder
adaptive_decoder,0.375,1.0833333333333333,0.14230836642398847,0.8576916335760115,4.0,0.006723020789685136,0.9993707767602436,0.05174689239280121,60.11706101762423,0.07554522605005767,-0.27502340830550837,0.019742173443852214,0.018271081924227824,uniform_decoder
overactive_decoder,0.375,1.0833333333333333,0.1489267138973511,0.8510732861026489,48.0,0.00020836877439626828,0.9992865471992204,0.05174689239280121,55.36726012008613,0.07554522605005767,-0.27502340830550837,0.019742173443852214,0.018271081924227824,uniform_decoder
oracle_decoder,0.375,1.0833333333333333,0.1364455421977081,0.8635544578022919,0.0,0.0,0.9993707767602436,0.05014251927553082,60.11706101762423,0.07554522605005767,-0.27502340830550837,0.019742173443852214,0.018271081924227824,uniform_decoder
uniform_decoder,0.375,1.1666666666666665,0.0756306506144498,0.9243693493855502,0.0,0.00848956676017611,0.9990776160474413,0.05013699328958257,54.355882006078716,0.0756306506144498,-0.27413829990560007,0.014141803787766373,0.023840284327185716,uniform_decoder
static_tailored,0.375,1.1666666666666665,0.2100489938172389,0.789951006182761,0.0,0.009978018042782094,0.9991750564020877,0.038851875345755,46.8184401772506,0.0756306506144498,-0.27413829990560007,0.014141803787766373,0.023840284327185716,uniform_decoder
adaptive_decoder,0.375,1.1666666666666665,0.14217922294697546,0.8578207770530245,4.0,0.006896024003120021,0.9993707767602436,0.05154702716314241,60.1147517702642,0.0756306506144498,-0.27413829990560007,0.014141803787766373,0.023840284327185716,uniform_decoder
overactive_decoder,0.375,1.1666666666666665,0.14688516658420267,0.8531148334157973,48.0,0.00022592722403246552,0.9992865471992204,0.05174137619060361,55.37261083050904,0.0756306506144498,-0.27413829990560007,0.014141803787766373,0.023840284327185716,uniform_decoder
oracle_decoder,0.375,1.1666666666666665,0.13458474996987416,0.8654152500301259,0.0,0.0,0.9993707767602436,0.05013699328958257,60.117724575864834,0.0756306506144498,-0.27413829990560007,0.014141803787766373,0.023840284327185716,uniform_decoder
uniform_decoder,0.375,1.25,0.0758351816692389,0.9241648183307611,0.0,0.008452062326997219,0.9990776231753241,0.05013889308756122,54.358361730499404,0.0758351816692389,-0.30044403910621975,-0.02508708917281558,0.04519492119396614,uniform_decoder
static_tailored,0.375,1.25,0.21162985105288967,0.7883701489471103,0.0,0.010079636187525939,0.9991750564020877,0.03885118471774092,46.817927578887016,0.0758351816692389,-0.30044403910621975,-0.02508708917281558,0.04519492119396614,uniform_decoder
adaptive_decoder,0.375,1.25,0.15146586542106005,0.8485341345789399,4.0,0.007495905758245688,0.9993707010164323,0.039480651246730114,60.11115025993252,0.0758351816692389,-0.30044403910621975,-0.02508708917281558,0.04519492119396614,uniform_decoder
overactive_decoder,0.375,1.25,0.14296432609280355,0.8570356739071965,48.0,0.00024353414897148728,0.9992864716584304,0.05174327262487342,55.372009156054276,0.0758351816692389,-0.30044403910621975,-0.02508708917281558,0.04519492119396614,uniform_decoder
oracle_decoder,0.375,1.25,0.13649597636223318,0.8635040236377668,0.0,0.0,0.9993707010164323,0.05013889308756122,60.11115025993252,0.0758351816692389,-0.30044403910621975,-0.02508708917281558,0.04519492119396614,uniform_decoder
uniform_decoder,0.375,1.3333333333333333,0.07607578588646798,0.923924214113532,0.0,0.008506169448637056,0.9990776160474414,0.05013699328958257,54.35588200608525,0.07607578588646798,-0.29889268024478616,-0.006428495710543488,0.051291837446328585,uniform_decoder
static_tailored,0.375,1.3333333333333333,0.2122670492683144,0.7877329507316856,0.0,0.01032637637869866,0.9991750564020877,0.03885118471774092,46.817927578887016,0.07607578588646798,-0.29889268024478616,-0.006428495710543488,0.051291837446328585,uniform_decoder
adaptive_decoder,0.375,1.3333333333333333,0.15140462005359404,0.848595379946406,4.0,0.00810935253948635,0.9993686819292349,0.039292255986734956,60.1147517702642,0.07607578588646798,-0.29889268024478616,-0.006428495710543488,0.051291837446328585,uniform_decoder
overactive_decoder,0.375,1.3333333333333333,0.14918001001934728,0.8508199899806528,48.0,0.00025829110000486594,0.9992867567499049,0.05174137619060361,55.37261083050904,0.07607578588646798,-0.29889268024478616,-0.006428495710543488,0.051291837446328585,uniform_decoder
oracle_decoder,0.375,1.3333333333333333,0.1345387196144272,0.8654612803855728,0.0,0.0,0.9993709868746213,0.05013699328958257,60.11494157717803,0.07607578588646798,-0.29889268024478616,-0.006428495710543488,0.051291837446328585,uniform_decoder
uniform_decoder,0.375,1.4166666666666665,0.07627510905097747,0.9237248909490225,0.0,0.008522503935398702,0.9990776160474413,0.05013699328958257,54.355882006078716,0.07627510905097747,-0.30112261213437214,-0.013321167553118648,0.038686315296590314,uniform_decoder
static_tailored,0.375,1.4166666666666665,0.21209830623812678,0.7879016937618732,0.0,0.010661510729574343,0.9991750599480449,0.03884755837279924,46.8152316025145,0.07627510905097747,-0.30112261213437214,-0.013321167553118648,0.038686315296590314,uniform_decoder
adaptive_decoder,0.375,1.4166666666666665,0.15258275401934407,0.8474172459806559,4.0,0.00841404275291452,0.9993648607616052,0.04011760203285642,60.11706101762423,0.07627510905097747,-0.30112261213437214,-0.013321167553118648,0.038686315296590314,uniform_decoder
overactive_decoder,0.375,1.4166666666666665,0.14797361433423872,0.8520263856657613,48.0,0.0002724452977817115,0.9992867509218859,0.05174137619060361,55.37202920608853,0.07627510905097747,-0.30112261213437214,-0.013321167553118648,0.038686315296590314,uniform_decoder
oracle_decoder,0.375,1.4166666666666665,0.13957869516758578,0.8604213048324142,0.0,0.0,0.9993709810309147,0.05013699328958257,60.11706101762423,0.07627510905097747,-0.30112261213437214,-0.013321167553118648,0.038686315296590314,uniform_decoder
uniform_decoder,0.375,1.5,0.07637556573771263,0.9236244342622874,0.0,0.00848956676017611,0.9990776366851433,0.05014251927553082,54.36308932486027,0.07637556573771263,-0.30703913100684904,-0.01640606046312498,0.06737610283671237,uniform_decoder
static_tailored,0.375,1.5,0.21130989384654747,0.7886901061534526,0.0,0.01103799699206602,0.9991750564020877,0.03884911263326717,46.81638801494659,0.07637556573771263,-0.30703913100684904,-0.01640606046312498,0.06737610283671237,uniform_decoder
adaptive_decoder,0.375,1.5,0.15487936922554166,0.8451206307744583,4.0,0.0085334944159023,0.9993594979491122,0.040469339847025686,60.01862007196867,0.07637556573771263,-0.30703913100684904,-0.01640606046312498,0.06737610283671237,uniform_decoder
overactive_decoder,0.375,1.5,0.14913772391450042,0.8508622760854996,48.0,0.000289853789077875,0.9992866635507649,0.05174689239280121,55.36324933772191,0.07637556573771263,-0.30703913100684904,-0.01640606046312498,0.06737610283671237,uniform_decoder
oracle_decoder,0.375,1.5,0.13262257880741016,0.8673774211925899,0.0,0.0,0.9993708934246821,0.05014251927553082,60.11494157717803,0.07637556573771263,-0.30703913100684904,-0.01640606046312498,0.06737610283671237,uniform_decoder
uniform_decoder,0.375,1.5833333333333333,0.07635265600656586,0.9236473439934342,0.0,0.008459878932181463,0.999077623175324,0.05013889308756121,54.35836173049285,0.07635265600656586,-0.24455490767534893,0.029876771180599067,-0.0005970881095023501,uniform_decoder
static_tailored,0.375,1.5833333333333333,0.21019130330971708,0.7898086966902829,0.0,0.011355080621018795,0.9991750564020877,0.03885170269188501,46.81831205532719,0.07635265600656586,-0.24455490767534893,0.029876771180599067,-0.0005970881095023501,uniform_decoder
adaptive_decoder,0.375,1.5833333333333333,0.13408464815254845,0.8659153518474516,4.0,0.008522638615003887,0.999352941852156,0.05171376350104169,59.7158767725504,0.07635265600656586,-0.24455490767534893,0.029876771180599067,-0.0005970881095023501,uniform_decoder
overactive_decoder,0.375,1.5833333333333333,0.1436335279760668,0.8563664720239332,48.0,0.00030771458948919303,0.9992867334402873,0.05174327262487341,55.37261083051757,0.07635265600656586,-0.24455490767534893,0.029876771180599067,-0.0005970881095023501,uniform_decoder
oracle_decoder,0.375,1.5833333333333333,0.13426912070050837,0.8657308792994917,0.0,0.0,0.9993709635022635,0.05013889308756121,60.1147517702642,0.07635265600656586,-0.24455490767534893,0.029876771180599067,-0.0005970881095023501,uniform_decoder
uniform_decoder,0.375,1.6666666666666665,0.07622991183667963,0.9237700881633204,0.0,0.008506169448637054,0.9990775738791244,0.05012593494429821,54.34140882385123,0.07622991183667963,-0.2791512098231227,-0.008218911446549765,0.039915526886157716,uniform_decoder
static_tailored,0.375,1.6666666666666665,0.20914613320147055,0.7908538667985294,0.0,0.01154481125308747,0.9991750564020877,0.03885118471774092,46.817927578887016,0.07622991183667963,-0.2791512098231227,-0.008218911446549765,0.039915526886157716,uniform_decoder
adaptive_decoder,0.375,1.6666666666666665,0.14496949542164,0.8550305045783599,4.0,0.0087242135132861,0.9993706137058569,0.05173033742726238,60.091583600403396,0.07622991183667963,-0.2791512098231227,-0.008218911446549765,0.039915526886157716,uniform_decoder
overactive_decoder,0.375,1.6666666666666665,0.14225178210521797,0.8577482178947821,48.0,0.0003220578421614162,0.9992863845817583,0.05173033742726238,55.36304548498724,0.07622991183667963,-0.2791512098231227,-0.008218911446549765,0.039915526886157716,uniform_decoder
oracle_decoder,0.375,1.6666666666666665,0.13223947013998252,0.8677605298600175,0.0,0.0,0.9993706137058569,0.05012593494429821,60.11494157718857,0.07622991183667963,-0.2791512098231227,-0.008218911446549765,0.039915526886157716,uniform_decoder
uniform_decoder,0.375,1.75,0.07606042894031179,0.9239395710596883,0.0,0.00852606073851944,0.9990775977449431,0.050132156306765555,54.34955956788352,0.07606042894031179,-0.19622451811788774,0.06756961103984868,-0.029195737948516792,uniform_decoder
static_tailored,0.375,1.75,0.2085892273884505,0.7914107726115495,0.0,0.011629432229807479,0.9991750583562122,0.03884341285363347,46.81214055976508,0.07606042894031179,-0.19622451811788774,0.06756961103984868,-0.029195737948516792,uniform_decoder
adaptive_decoder,0.375,1.75,0.11950423287371953,0.8804957671262805,4.0,0.0089904245694077,0.999367413649155,0.05154702716314242,60.0580206327101,0.07606042894031179,-0.19622451811788774,0.06756961103984868,-0.029195737948516792,uniform_decoder
overactive_decoder,0.375,1.75,0.13962169288309703,0.860378307116903,48.0,0.0003362375855824683,0.9992867509218859,0.051736547772522824,55.370238543177045,0.07606042894031179,-0.19622451811788774,0.06756961103984868,-0.029195737948516792,uniform_decoder
oracle_decoder,0.375,1.75,0.12781417653059157,0.8721858234694084,0.0,0.0,0.9993709810309147,0.050132156306765555,60.10616253563409,0.07606042894031179,-0.19622451811788774,0.06756961103984868,-0.029195737948516792,uniform_decoder
uniform_decoder,0.375,1.8333333333333333,0.07588789787574922,0.9241121021242508,0.0,0.008489566760176108,0.9990776392438441,0.05014320987382908,54.36398886137377,0.07588789787574922,-0.2735144632920187,-0.015380776671836727,0.05375273142000881,uniform_decoder
static_tailored,0.375,1.8333333333333333,0.20877081142504378,0.7912291885749563,0.0,0.011559547521087407,0.9991750564020877,0.03885118471774092,46.817927578887016,0.07588789787574922,-0.2735144632920187,-0.015380776671836727,0.05375273142000881,uniform_decoder
adaptive_decoder,0.375,1.8333333333333333,0.14245804699438364,0.8575419530056163,4.0,0.009213029627528862,0.9993513007508792,0.04043063637382643,59.62180142803291,0.07588789787574922,-0.2735144632920187,-0.015380776671836727,0.05375273142000881,uniform_decoder
overactive_decoder,0.375,1.8333333333333333,0.13750111170789117,0.8624988882921089,48.0,0.00035341315551946337,0.9992866635507649,0.05174758176847043,55.37025021947062,0.07588789787574922,-0.2735144632920187,-0.015380776671836727,0.05375273142000881,uniform_decoder
oracle_decoder,0.375,1.8333333333333333,0.12587348449820693,0.8741265155017931,0.0,0.0,0.9993708934246821,0.05014320987382908,60.117724575864834,0.07588789787574922,-0.2735144632920187,-0.015380776671836727,0.05375273142000881,uniform_decoder
uniform_decoder,0.375,1.9166666666666665,0.07573582791032227,0.9242641720896777,0.0,0.008466497874710032,0.9990776386046072,0.05014303722738252,54.36376400600305,0.07573582791032227,-0.1936032053285557,0.054542397858850955,-0.016316021745199107,uniform_decoder
static_tailored,0.375,1.9166666666666665,0.20964829245509703,0.7903517075449029,0.0,0.011284096548358833,0.9991750564020877,0.03885118471774092,46.817927578887016,0.07573582791032227,-0.1936032053285557,0.054542397858850955,-0.016316021745199107,uniform_decoder
adaptive_decoder,0.375,1.9166666666666665,0.11827816621934091,0.881721833780659,4.0,0.009250353993153533,0.9991750532305522,0.040480379104468084,46.817927578887016,0.07573582791032227,-0.1936032053285557,0.054542397858850955,-0.016316021745199107,uniform_decoder
overactive_decoder,0.375,1.9166666666666665,0.13410562066407547,0.8658943793359245,48.0,0.0003706114050792842,0.9992866635507649,0.05174740942767404,55.36731363421596,0.07573582791032227,-0.1936032053285557,0.054542397858850955,-0.016316021745199107,uniform_decoder
oracle_decoder,0.375,1.9166666666666665,0.12280628799658228,0.8771937120034177,0.0,0.0,0.9993708934246821,0.05014303722738252,60.10626986480333,0.07573582791032227,-0.1936032053285557,0.054542397858850955,-0.016316021745199107,uniform_decoder
uniform_decoder,0.375,2.0,0.07562829477791815,0.9243717052220819,0.0,0.008506169448637057,0.9990776366851433,0.05014251927553082,54.36308932486027,0.07562829477791815,-0.19701687561222628,0.04098251427225503,0.003493656081699076,uniform_decoder
static_tailored,0.375,2.0,0.21093850143157886,0.7890614985684211,0.0,0.010852275316213857,0.9991750564020877,0.03885118471774092,46.817927578887016,0.07562829477791815,-0.19701687561222628,0.04098251427225503,0.003493656081699076,uniform_decoder
adaptive_decoder,0.375,2.0,0.1190422656481569,0.8809577343518431,4.0,0.009453327250217936,0.9991750532305523,0.040480379104468084,46.817927578887016,0.07562829477791815,-0.19701687561222628,0.04098251427225503,0.003493656081699076,uniform_decoder
overactive_decoder,0.375,2.0,0.13082287774066573,0.8691771222593343,48.0,0.00038525878471593923,0.9992866635507649,0.05174689239280121,55.36324933772191,0.07562829477791815,-0.19701687561222628,0.04098251427225503,0.003493656081699076,uniform_decoder
oracle_decoder,0.375,2.0,0.11808847872001636,0.8819115212799836,0.0,0.0,0.9993708934246821,0.05014251927553082,60.11494157717803,0.07562829477791815,-0.19701687561222628,0.04098251427225503,0.003493656081699076,uniform_decoder
uniform_decoder,0.44999999999999996,0.0,0.07266691485106165,0.9273330851489383,0.0,0.011673359713974442,0.9990773800941818,0.04906943234629091,53.18488365235781,0.07266691485106165,-0.42137625109542004,0.03244273944741044,0.0033536149321120234,uniform_decoder
static_tailored,0.44999999999999996,0.0,0.1902651984084146,0.8097348015915854,0.0,0.0,0.9991827786459623,0.037778098495313876,46.22749798284156,0.07266691485106165,-0.42137625109542004,0.03244273944741044,0.0033536149321120234,uniform_decoder
adaptive_decoder,0.44999999999999996,0.0,0.19174011047331788,0.8082598895266822,4.0,0.0,0.9991827786459623,0.03941469502389814,46.22749798284156,0.07266691485106165,-0.42137625109542004,0.03244273944741044,0.0033536149321120234,uniform_decoder
overactive_decoder,0.44999999999999996,0.0,0.20661208136110096,0.793387918638899,48.0,0.0,0.9990888467502752,0.03941469502389814,43.258030452948496,0.07266691485106165,-0.42137625109542004,0.03244273944741044,0.0033536149321120234,uniform_decoder
oracle_decoder,0.44999999999999996,0.0,0.1902651984084146,0.8097348015915854,0.0,0.0,0.9991827786459623,0.037778098495313876,46.22749798284156,0.07266691485106165,-0.42137625109542004,0.03244273944741044,0.0033536149321120234,uniform_decoder
uniform_decoder,0.44999999999999996,0.08333333333333333,0.07370046699025191,0.9262995330097481,0.0,0.011001759289186439,0.9990773800941818,0.04906943234629091,53.18488365235781,0.07370046699025191,-0.4027743105450262,0.034011922724673946,0.003550049311323714,uniform_decoder
static_tailored,0.44999999999999996,0.08333333333333333,0.18479682313290538,0.8152031768670946,0.0,0.0021840337915046237,0.9991827819086603,0.039108767479706555,47.617108491659586,0.07370046699025191,-0.4027743105450262,0.034011922724673946,0.003550049311323714,uniform_decoder
adaptive_decoder,0.44999999999999996,0.08333333333333333,0.18631359690054453,0.8136864030994555,4.0,0.0006795249355412441,0.9991827819086603,0.04051927221088787,47.617108491659586,0.07370046699025191,-0.4027743105450262,0.034011922724673946,0.003550049311323714,uniform_decoder
overactive_decoder,0.44999999999999996,0.08333333333333333,0.20149138076138656,0.7985086192386135,48.0,1.7079469272163927e-05,0.9990888500156515,0.04074298420913476,44.51682309925498,0.07370046699025191,-0.4027743105450262,0.034011922724673946,0.003550049311323714,uniform_decoder
oracle_decoder,0.44999999999999996,0.08333333333333333,0.18479682313290538,0.8152031768670946,0.0,0.0,0.9991827819086603,0.039108767479706555,47.617108491659586,0.07370046699025191,-0.4027743105450262,0.034011922724673946,0.003550049311323714,uniform_decoder
uniform_decoder,0.44999999999999996,0.16666666666666666,0.0750113482743296,0.9249886517256704,0.0,0.010128291650589842,0.9990773800941818,0.04906943234629091,53.18488365235781,0.0750113482743296,-0.3851682551672384,0.035233199948541453,0.003699652860959873,uniform_decoder
static_tailored,0.44999999999999996,0.16666666666666666,0.18054920229696275,0.8194507977030372,0.0,0.0048829604250498525,0.9991827803439114,0.03952496507891689,47.87428632132353,0.0750113482743296,-0.3851682551672384,0.035233199948541453,0.003699652860959873,uniform_decoder
adaptive_decoder,0.44999999999999996,0.16666666666666666,0.18209382843029387,0.8179061715697061,4.0,0.001531871231081088,0.9991827803439114,0.04106893340021642,47.87428632132353,0.0750113482743296,-0.3851682551672384,0.035233199948541453,0.003699652860959873,uniform_decoder
overactive_decoder,0.44999999999999996,0.16666666666666666,0.19748241374296202,0.802517586257038,48.0,3.855678705001861e-05,0.9990888484793632,0.041158448244441884,44.76250761963224,0.0750113482743296,-0.3851682551672384,0.035233199948541453,0.003699652860959873,uniform_decoder
oracle_decoder,0.44999999999999996,0.16666666666666666,0.18054920229696275,0.8194507977030372,0.0,0.0,0.9991827803439114,0.03952496507891689,47.87428632132353,0.0750113482743296,-0.3851682551672384,0.035233199948541453,0.003699652860959873,uniform_decoder
uniform_decoder,0.44999999999999996,0.25,0.07627944862122647,0.9237205513787735,0.0,0.009841439114714403,0.9990773800941818,0.04906943234629091,53.18488365235781,0.07627944862122647,-0.37126252640686336,0.03679516812124747,0.0029543238415076166,uniform_decoder
static_tailored,0.44999999999999996,0.25,0.17777966926874636,0.8222203307312537,0.0,0.007656591448807318,0.9991827786459623,0.03952478073911038,47.874202941236774,0.07627944862122647,-0.37126252640686336,0.03679516812124747,0.0029543238415076166,uniform_decoder
adaptive_decoder,0.44999999999999996,0.25,0.17933707063430432,0.8206629293656957,4.0,0.0023847353177878223,0.9991827739593727,0.041122306696279184,47.874202941236774,0.07627944862122647,-0.37126252640686336,0.03679516812124747,0.0029543238415076166,uniform_decoder
overactive_decoder,0.44999999999999996,0.25,0.19519344975929315,0.8048065502407069,48.0,6.004676726096452e-05,0.9992904785359958,0.041158264227687376,57.42551337255224,0.07627944862122647,-0.37126252640686336,0.03679516812124747,0.0029543238415076166,uniform_decoder
oracle_decoder,0.44999999999999996,0.25,0.1781212555284752,0.8218787444715248,0.0,0.0,0.9993747276028326,0.03952478073911038,62.533369064122006,0.07627944862122647,-0.37126252640686336,0.03679516812124747,0.0029543238415076166,uniform_decoder
uniform_decoder,0.44999999999999996,0.3333333333333333,0.07725010344651553,0.9227498965534845,0.0,0.010151773132143183,0.9990773800941818,0.04906943234629091,53.18488365235781,0.07725010344651553,-0.374211941158747,0.0432690281099442,-0.004580773364026408,uniform_decoder
static_tailored,0.44999999999999996,0.3333333333333333,0.1764932852356717,0.8235067147643282,0.0,0.009926396873850487,0.9991827786459623,0.03952422769620145,47.87395260574302,0.07725010344651553,-0.374211941158747,0.0432690281099442,-0.004580773364026408,uniform_decoder
adaptive_decoder,0.44999999999999996,0.3333333333333333,0.18285675599850415,0.8171432440014958,4.0,0.0031077083691835455,0.9993907159894702,0.04115771215398688,62.84655973648197,0.07725010344651553,-0.374211941158747,0.0432690281099442,-0.004580773364026408,uniform_decoder
overactive_decoder,0.44999999999999996,0.3333333333333333,0.20201333525522852,0.7979866647447715,48.0,7.722005029833777e-05,0.9993064225468151,0.041157712153986885,57.63013193082193,0.07725010344651553,-0.374211941158747,0.0432690281099442,-0.004580773364026408,uniform_decoder
oracle_decoder,0.44999999999999996,0.3333333333333333,0.18479566713348167,0.8152043328665184,0.0,0.0,0.9993907159894702,0.03952422769620145,62.84655973648197,0.07725010344651553,-0.374211941158747,0.0432690281099442,-0.004580773364026408,uniform_decoder
uniform_decoder,0.44999999999999996,0.41666666666666663,0.0778185952547078,0.9221814047452922,0.0,0.010305353404018879,0.9990773800941818,0.04906943234629091,53.18488365235781,0.0778185952547078,-0.3663869932242751,0.059499190644060417,-0.021766710904984863,uniform_decoder
static_tailored,0.44999999999999996,0.41666666666666663,0.17653384885624512,0.8234661511437549,0.0,0.011732036538183733,0.9991827786459623,0.03952478073911038,47.87420294124321,0.0778185952547078,-0.3663869932242751,0.059499190644060417,-0.021766710904984863,uniform_decoder
adaptive_decoder,0.44999999999999996,0.41666666666666663,0.18091325188896845,0.8190867481110315,4.0,0.0036566210086137296,0.9993906844494405,0.041033177672389634,62.844369258336705,0.0778185952547078,-0.3663869932242751,0.059499190644060417,-0.021766710904984863,uniform_decoder
overactive_decoder,0.44999999999999996,0.41666666666666663,0.2074768141661486,0.7925231858338514,48.0,9.419098306800614e-05,0.9993063910981783,0.041158264227687376,57.630131930831055,0.0778185952547078,-0.3663869932242751,0.059499190644060417,-0.021766710904984863,uniform_decoder
oracle_decoder,0.44999999999999996,0.41666666666666663,0.19021164040389177,0.8097883595961082,0.0,0.0,0.9993906844494405,0.03952478073911038,62.84655973648197,0.0778185952547078,-0.3663869932242751,0.059499190644060417,-0.021766710904984863,uniform_decoder
uniform_decoder,0.44999999999999996,0.5,0.07795221899910489,0.9220477810008951,0.0,0.010128291650589842,0.9990773800941818,0.04906943234629091,53.18488365235781,0.07795221899910489,-0.39569343937436785,0.0029837150235732194,0.02921187761892459,uniform_decoder
static_tailored,0.44999999999999996,0.5,0.17754608236014496,0.8224539176398551,0.0,0.013211595627878228,0.9991827803439113,0.03952422769620145,47.87395260574302,0.07795221899910489,-0.39569343937436785,0.0029837150235732194,0.02921187761892459,uniform_decoder
adaptive_decoder,0.44999999999999996,0.5,0.1938750495264215,0.8061249504735785,4.0,0.004429121325918409,0.9993906844494406,0.04106893340021642,62.84011370113064,0.07795221899910489,-0.39569343937436785,0.0029837150235732194,0.02921187761892459,uniform_decoder
overactive_decoder,0.44999999999999996,0.5,0.1952116070753061,0.804788392924694,48.0,0.00011560119231239898,0.9993063910981785,0.041158448244441884,57.63013193082192,0.07795221899910489,-0.39569343937436785,0.0029837150235732194,0.02921187761892459,uniform_decoder
oracle_decoder,0.44999999999999996,0.5,0.18126336754875993,0.8187366324512401,0.0,0.0,0.9993906844494406,0.03952496507891689,62.84655973648197,0.07795221899910489,-0.39569343937436785,0.0029837150235732194,0.02921187761892459,uniform_decoder
uniform_decoder,0.44999999999999996,0.5833333333333333,0.07768407167104119,0.9223159283289588,0.0,0.010007094627679888,0.9990773800941818,0.04906943234629091,53.18488365235781,0.07768407167104119,-0.3930568645244051,-0.00500329413569356,0.047188762794576594,uniform_decoder
static_tailored,0.44999999999999996,0.5833333333333333,0.17919889498300423,0.8208011050169958,0.0,0.01425244142710619,0.9991827786459623,0.039523305879740636,47.87353472916891,0.07768407167104119,-0.3930568645244051,-0.00500329413569356,0.047188762794576594,uniform_decoder
adaptive_decoder,0.44999999999999996,0.5833333333333333,0.19203873865664067,0.8079612613433593,4.0,0.0050623302803515435,0.9993907081035369,0.04114002728303558,62.84671030414762,0.07768407167104119,-0.3930568645244051,-0.00500329413569356,0.047188762794576594,uniform_decoder
overactive_decoder,0.44999999999999996,0.5833333333333333,0.18983904945311958,0.8101609505468804,48.0,0.00013708869545752563,0.9993064146837343,0.041157712153986885,57.63018429262138,0.07768407167104119,-0.3930568645244051,-0.00500329413569356,0.047188762794576594,uniform_decoder
oracle_decoder,0.44999999999999996,0.5833333333333333,0.17226620326047493,0.8277337967395251,0.0,0.0,0.9993907081035369,0.03952422769620146,62.84671030414762,0.07768407167104119,-0.3930568645244051,-0.00500329413569356,0.047188762794576594,uniform_decoder
uniform_decoder,0.44999999999999996,0.6666666666666666,0.0771636225296339,0.9228363774703661,0.0,0.010151773132143183,0.9990773800941819,0.04906943234629091,53.18488365236421,0.0771636225296339,-0.31978296318407873,0.05404482178729985,-0.015724060008328208,uniform_decoder
static_tailored,0.44999999999999996,0.6666666666666666,0.18157716434429172,0.8184228356557083,0.0,0.01479757575297661,0.9991827786459623,0.03952422769620145,47.87395260574302,0.0771636225296339,-0.31978296318407873,0.05404482178729985,-0.015724060008328208,uniform_decoder
adaptive_decoder,0.44999999999999996,0.6666666666666666,0.16113711028490332,0.8388628897150967,4.0,0.005747573542784829,0.9993895867499899,0.04115771215398688,62.84655973648197,0.0771636225296339,-0.31978296318407873,0.05404482178729985,-0.015724060008328208,uniform_decoder
overactive_decoder,0.44999999999999996,0.6666666666666666,0.1824905553619645,0.8175094446380355,48.0,0.00015431972476591431,0.9993062968112443,0.041157712153986885,57.62687759930428,0.0771636225296339,-0.31978296318407873,0.05404482178729985,-0.015724060008328208,uniform_decoder
oracle_decoder,0.44999999999999996,0.6666666666666666,0.16707813970633123,0.8329218602936688,0.0,0.0,0.9993905898885835,0.03952422769620146,62.84655973648197,0.0771636225296339,-0.31978296318407873,0.05404482178729985,-0.015724060008328208,uniform_decoder
uniform_decoder,0.44999999999999996,0.75,0.07658954143133014,0.9234104585686699,0.0,0.010229159848104958,0.999088965382544,0.050399960185870424,55.32167408370093,0.07658954143133014,-0.3220185410358362,0.05119956479139968,-0.01286338883515544,uniform_decoder
static_tailored,0.44999999999999996,0.75,0.18510254922222164,0.8148974507777784,0.0,0.014984417943982706,0.9991827786459623,0.03952201517237497,47.87294833619743,0.07658954143133014,-0.3220185410358362,0.05119956479139968,-0.01286338883515544,uniform_decoder
adaptive_decoder,0.44999999999999996,0.75,0.16076370640658044,0.8392362935934196,4.0,0.006319503704631885,0.9993804805653363,0.041122306696279184,62.777745688687254,0.07658954143133014,-0.3220185410358362,0.05119956479139968,-0.01286338883515544,uniform_decoder
overactive_decoder,0.44999999999999996,0.75,0.18087876125286959,0.8191212387471304,48.0,0.0001711650325254441,0.9993064146837343,0.04115679195304813,57.626877599304265,0.07658954143133014,-0.3220185410358362,0.05119956479139968,-0.01286338883515544,uniform_decoder
oracle_decoder,0.44999999999999996,0.75,0.16559659368752275,0.8344034063124772,0.0,0.0,0.9993907081035369,0.039523305879740636,62.84655973648197,0.07658954143133014,-0.3220185410358362,0.05119956479139968,-0.01286338883515544,uniform_decoder
uniform_decoder,0.44999999999999996,0.8333333333333333,0.07608295200439644,0.9239170479956036,0.0,0.010128291650589842,0.9990896996855774,0.05081615054387658,55.8211363234549,0.07608295200439644,-0.32913834712373835,0.018087805432609235,0.020864862403384088,uniform_decoder
static_tailored,0.44999999999999996,0.8333333333333333,0.18993912893467796,0.8100608710653221,0.0,0.014743368937643478,0.9991827786459623,0.03952201517237497,47.87294833619743,0.07608295200439644,-0.32913834712373835,0.018087805432609235,0.020864862403384088,uniform_decoder
adaptive_decoder,0.44999999999999996,0.8333333333333333,0.162340059918211,0.837659940081789,4.0,0.006763592979139303,0.9993645760230868,0.041033177672389634,61.90603255776414,0.07608295200439644,-0.32913834712373835,0.018087805432609235,0.020864862403384088,uniform_decoder
overactive_decoder,0.44999999999999996,0.8333333333333333,0.1692440881644549,0.8307559118355451,48.0,0.00019251627721964134,0.9993063910981783,0.05241929644957738,57.630131930831055,0.07608295200439644,-0.32913834712373835,0.018087805432609235,0.020864862403384088,uniform_decoder
oracle_decoder,0.44999999999999996,0.8333333333333333,0.15472512403704744,0.8452748759629526,0.0,0.0,0.9993906844494405,0.05081615054387658,62.84655973648197,0.07608295200439644,-0.32913834712373835,0.018087805432609235,0.020864862403384088,uniform_decoder
uniform_decoder,0.44999999999999996,0.9166666666666666,0.07567255021995342,0.9243274497800466,0.0,0.010050118286113437,0.9990896993760104,0.05081449131664089,55.819420528423535,0.07567255021995342,-0.2753284981325962,0.041229039715087554,-0.012308685418619871,uniform_decoder
static_tailored,0.44999999999999996,0.9166666666666666,0.1955416065158991,0.8044583934841009,0.0,0.01402369951210256,0.9991827819086603,0.03952035540994207,47.872192062931234,0.07567255021995342,-0.2753284981325962,0.041229039715087554,-0.012308685418619871,uniform_decoder
adaptive_decoder,0.44999999999999996,0.9166666666666666,0.14264838803819194,0.8573516119618081,4.0,0.007402959965440055,0.9991827819086603,0.041098624166625915,47.87294833620387,0.07567255021995342,-0.2753284981325962,0.041229039715087554,-0.012308685418619871,uniform_decoder
overactive_decoder,0.44999999999999996,0.9166666666666666,0.15685411189038165,0.8431458881096183,48.0,0.00021391926017198305,0.9993064146837342,0.05241764013115503,57.630131930831055,0.07567255021995342,-0.2753284981325962,0.041229039715087554,-0.012308685418619871,uniform_decoder
oracle_decoder,0.44999999999999996,0.9166666666666666,0.14674913628030736,0.8532508637196926,0.0,0.0,0.9993907081035369,0.05081449131664089,62.83518596758424,0.07567255021995342,-0.2753284981325962,0.041229039715087554,-0.012308685418619871,uniform_decoder
uniform_decoder,0.44999999999999996,1.0,0.07538479486894846,0.9246152051310516,0.0,0.010151773132143181,0.9990896978704612,0.05081541314862671,55.82037410153215,0.07538479486894846,-0.28473785332871737,0.013822717967280898,0.014795252088377365,uniform_decoder
static_tailored,0.44999999999999996,1.0,0.2009217316009555,0.7990782683990445,0.0,0.012990506259191787,0.9991827786459623,0.03952422769620145,47.87395260574302,0.07538479486894846,-0.28473785332871737,0.013822717967280898,0.014795252088377365,uniform_decoder
adaptive_decoder,0.44999999999999996,1.0,0.14521838772548035,0.8547816122745197,4.0,0.007779294092987382,0.999182762767833,0.041151821182497876,47.87395260574302,0.07538479486894846,-0.28473785332871737,0.013822717967280898,0.014795252088377365,uniform_decoder
overactive_decoder,0.44999999999999996,1.0,0.14991473751757534,0.8500852624824247,48.0,0.00023114165630658758,0.9993062968112443,0.05241856034704642,57.63013193082192,0.07538479486894846,-0.28473785332871737,0.013822717967280898,0.014795252088377365,uniform_decoder
oracle_decoder,0.44999999999999996,1.0,0.14035450557216247,0.8596454944278376,0.0,0.0,0.9993905898885835,0.05081541314862671,62.84655973648197,0.07538479486894846,-0.28473785332871737,0.013822717967280898,0.014795252088377365,uniform_decoder
uniform_decoder,0.44999999999999996,1.0833333333333333,0.07527885884051175,0.9247211411594882,0.0,0.010195450714125252,0.9990896925180354,0.05081541314862671,55.82037410153215,0.07527885884051175,-0.26145171603569345,0.02289277186172392,0.0165605170027214,uniform_decoder
static_tailored,0.44999999999999996,1.0833333333333333,0.20531139405963916,0.7946886059403608,0.0,0.012208391889932613,0.9991827786459623,0.039523305879740636,47.87353472916891,0.07527885884051175,-0.26145171603569345,0.02289277186172392,0.0165605170027214,uniform_decoder
adaptive_decoder,0.44999999999999996,1.0833333333333333,0.1374436699637749,0.8625563300362251,4.0,0.007964009508696409,0.999390432484435,0.05241856034704642,62.82744400162176,0.07527885884051175,-0.26145171603569345,0.02289277186172392,0.0165605170027214,uniform_decoder
overactive_decoder,0.44999999999999996,1.0833333333333333,0.14488302828848226,0.8551169717115177,48.0,0.00024776946392932514,0.9993061398627825,0.05241856034704642,57.63013193082193,0.07527885884051175,-0.26145171603569345,0.02289277186172392,0.0165605170027214,uniform_decoder
oracle_decoder,0.44999999999999996,1.0833333333333333,0.132301334844057,0.867698665155943,0.0,0.0,0.999390432484435,0.05081541314862671,62.83518596758422,0.07527885884051175,-0.26145171603569345,0.02289277186172392,0.0165605170027214,uniform_decoder
uniform_decoder,0.44999999999999996,1.1666666666666665,0.07537952217507454,0.9246204778249254,0.0,0.01012829165058984,0.9990896996855776,0.05080951173740902,55.814255979115806,0.07537952217507454,-0.2606020064745328,0.024986512385190972,0.021597104804902442,uniform_decoder
static_tailored,0.44999999999999996,1.1666666666666665,0.20842563835266392,0.7915743616473361,0.0,0.011930605174799323,0.9991827786459623,0.03952496507891689,47.87428632132353,0.07537952217507454,-0.2606020064745328,0.024986512385190972,0.021597104804902442,uniform_decoder
adaptive_decoder,0.44999999999999996,1.1666666666666665,0.13735845164014254,0.8626415483598575,4.0,0.008145839975483569,0.999390432484435,0.05220404568378166,62.801966879964645,0.07537952217507454,-0.2606020064745328,0.024986512385190972,0.021597104804902442,uniform_decoder
overactive_decoder,0.44999999999999996,1.1666666666666665,0.14549293303030914,0.8545070669696908,48.0,0.00026901065094880856,0.9993061398627825,0.05241266928258827,57.622005262806866,0.07537952217507454,-0.2606020064745328,0.024986512385190972,0.021597104804902442,uniform_decoder
oracle_decoder,0.44999999999999996,1.1666666666666665,0.13069479197587977,0.8693052080241203,0.0,0.0,0.999390432484435,0.05080951173740902,62.817799248280274,0.07537952217507454,-0.2606020064745328,0.024986512385190972,0.021597104804902442,uniform_decoder
uniform_decoder,0.44999999999999996,1.25,0.07562655992922253,0.9243734400707775,0.0,0.010079028623529098,0.9990896996855774,0.05081154079822903,55.81636315941303,0.07562655992922253,-0.28664163158070116,0.0036926748308149047,0.042346885941213004,uniform_decoder
static_tailored,0.44999999999999996,1.25,0.21029566165716101,0.789704338342839,0.0,0.012056598588701069,0.9991827786459623,0.03952422769620145,47.87395260574302,0.07562655992922253,-0.28664163158070116,0.0036926748308149047,0.042346885941213004,uniform_decoder
adaptive_decoder,0.44999999999999996,1.25,0.1463241390311315,0.8536758609688685,4.0,0.00890956823422514,0.9993903303038455,0.04007478703222366,62.801966879964645,0.07562655992922253,-0.28664163158070116,0.0036926748308149047,0.042346885941213004,uniform_decoder
overactive_decoder,0.44999999999999996,1.25,0.14757359333696263,0.8524264066630374,48.0,0.0002903931440820403,0.9993060379778191,0.052414694785706165,57.59813881824138,0.07562655992922253,-0.28664163158070116,0.0036926748308149047,0.042346885941213004,uniform_decoder
oracle_decoder,0.44999999999999996,1.25,0.13272999910668648,0.8672700008933135,0.0,0.0,0.9993903303038455,0.05081154079822903,62.81471745144461,0.07562655992922253,-0.28664163158070116,0.0036926748308149047,0.042346885941213004,uniform_decoder
uniform_decoder,0.44999999999999996,1.3333333333333333,0.0759158553291704,0.9240841446708296,0.0,0.010151773132143183,0.9990896978704612,0.050809511737409024,55.81425597910901,0.0759158553291704,-0.2849547406622197,-0.0028402388924612322,0.04232491136492617,uniform_decoder
static_tailored,0.44999999999999996,1.3333333333333333,0.21106262228878558,0.7889373777112144,0.0,0.012362769216411683,0.9991827786459623,0.03952422769620145,47.87395260574302,0.0759158553291704,-0.2849547406622197,-0.0028402388924612322,0.04232491136492617,uniform_decoder
adaptive_decoder,0.44999999999999996,1.3333333333333333,0.14631445372074464,0.8536855462792554,4.0,0.009726139138547195,0.9993876104347563,0.03984822484721479,62.79291976830465,0.0759158553291704,-0.2849547406622197,-0.0028402388924612322,0.04232491136492617,uniform_decoder
overactive_decoder,0.44999999999999996,1.3333333333333333,0.14536069517243427,0.8546393048275658,48.0,0.0003076295541342109,0.9993064225468151,0.05241266928258827,57.63013193082193,0.0759158553291704,-0.2849547406622197,-0.0028402388924612322,0.04232491136492617,uniform_decoder
oracle_decoder,0.44999999999999996,1.3333333333333333,0.13272792924506244,0.8672720707549375,0.0,0.0,0.9993907159894702,0.050809511737409024,62.84655973648197,0.0759158553291704,-0.2849547406622197,-0.0028402388924612322,0.04232491136492617,uniform_decoder
uniform_decoder,0.44999999999999996,1.4166666666666665,0.07615581305965588,0.9238441869403441,0.0,0.010185380557585349,0.9990896955132748,0.05080951173740902,55.814255979115806,0.07615581305965588,-0.2879238948012732,-0.010892986776271731,0.03696646847549218,uniform_decoder
static_tailored,0.44999999999999996,1.4166666666666665,0.21088762354636673,0.7891123764536333,0.0,0.012766522488652664,0.9991827819086603,0.03952035540994207,47.872192062931234,0.07615581305965588,-0.2879238948012732,-0.010892986776271731,0.03696646847549218,uniform_decoder
adaptive_decoder,0.44999999999999996,1.4166666666666665,0.14778384234699693,0.8522161576530031,4.0,0.010126925748839806,0.9993824850287302,0.04076081612966906,62.82744400162176,0.07615581305965588,-0.2879238948012732,-0.010892986776271731,0.03696646847549218,uniform_decoder
overactive_decoder,0.44999999999999996,1.4166666666666665,0.14412322351429438,0.8558767764857056,48.0,0.0003240725643577609,0.9993064146837342,0.05241266928258827,57.63181471790725,0.07615581305965588,-0.2879238948012732,-0.010892986776271731,0.03696646847549218,uniform_decoder
oracle_decoder,0.44999999999999996,1.4166666666666665,0.13572519848873288,0.8642748015112671,0.0,0.0,0.9993907081035369,0.05080951173740902,62.84484692533103,0.07615581305965588,-0.2879238948012732,-0.010892986776271731,0.03696646847549218,uniform_decoder
uniform_decoder,0.44999999999999996,1.5,0.07627703542789459,0.9237229645721055,0.0,0.010128291650589842,0.9990896996855774,0.05081541314862671,55.82037410153215,0.07627703542789459,-0.2953772815833376,-0.015574694454127288,0.061239721063748684,uniform_decoder
static_tailored,0.44999999999999996,1.5,0.2099693852043075,0.7900306147956925,0.0,0.01321159562787823,0.9991827786459623,0.03952201517237497,47.87294833619743,0.07627703542789459,-0.2953772815833376,-0.015574694454127288,0.061239721063748684,uniform_decoder
adaptive_decoder,0.44999999999999996,1.5,0.15058131556216586,0.8494186844378342,4.0,0.010227931618439953,0.9993753457865012,0.04114002728303558,62.56488904128114,0.07627703542789459,-0.2953772815833376,-0.015574694454127288,0.061239721063748684,uniform_decoder
overactive_decoder,0.44999999999999996,1.5,0.14527684264745117,0.8547231573525489,48.0,0.00034513553075499827,0.9993062968112443,0.05241856034704642,57.63013193082193,0.07627703542789459,-0.2953772815833376,-0.015574694454127288,0.061239721063748684,uniform_decoder
oracle_decoder,0.44999999999999996,1.5,0.13077699864167613,0.8692230013583239,0.0,0.0,0.9993905898885835,0.05081541314862671,62.84655973648197,0.07627703542789459,-0.2953772815833376,-0.015574694454127288,0.061239721063748684,uniform_decoder
uniform_decoder,0.44999999999999996,1.5833333333333333,0.07624674723436096,0.923753252765639,0.0,0.01008912541009773,0.9990896920272888,0.05081154079822903,55.81636315940622,0.07624674723436096,-0.23345891335130384,0.03455639652068913,-0.0006086598547087024,uniform_decoder
static_tailored,0.44999999999999996,1.5833333333333333,0.20863238964108383,0.7913676103589162,0.0,0.01358820330186923,0.9991827786459623,0.03952478073911038,47.87420294124321,0.07624674723436096,-0.23345891335130384,0.03455639652068913,-0.0006086598547087024,uniform_decoder
adaptive_decoder,0.44999999999999996,1.5833333333333333,0.1305209524523287,0.8694790475476712,4.0,0.010168296413941779,0.9993667168521626,0.052383154427773235,62.05199242890742,0.07624674723436096,-0.23345891335130384,0.03455639652068913,-0.0006086598547087024,uniform_decoder
overactive_decoder,0.44999999999999996,1.5833333333333333,0.14133073932481127,0.8586692606751887,48.0,0.0003668170626541487,0.9993063910981783,0.052414694785706165,57.63181471789812,0.07624674723436096,-0.23345891335130384,0.03455639652068913,-0.0006086598547087024,uniform_decoder
oracle_decoder,0.44999999999999996,1.5833333333333333,0.1307040046496699,0.8692959953503301,0.0,0.0,0.9993906844494405,0.05081154079822903,62.84484692533104,0.07624674723436096,-0.23345891335130384,0.03455639652068913,-0.0006086598547087024,uniform_decoder
uniform_decoder,0.44999999999999996,1.6666666666666665,0.0760957184402122,0.9239042815597878,0.0,0.01015177313214318,0.9990896781950813,0.05079769695118376,55.801911672017596,0.0760957184402122,-0.26889744011670724,-0.0017350623809985533,0.04105022226913242,uniform_decoder
static_tailored,0.44999999999999996,1.6666666666666665,0.2073616155237263,0.7926383844762737,0.0,0.013821430063225481,0.9991827786459623,0.03952422769620145,47.87395260574302,0.0760957184402122,-0.26889744011670724,-0.0017350623809985533,0.04105022226913242,uniform_decoder
adaptive_decoder,0.44999999999999996,1.6666666666666665,0.14133758351590306,0.8586624164840969,4.0,0.010398583634435838,0.9993902125323617,0.05240087521651354,62.84655973648197,0.0760957184402122,-0.26889744011670724,-0.0017350623809985533,0.04105022226913242,uniform_decoder
overactive_decoder,0.44999999999999996,1.6666666666666665,0.14077404811695998,0.8592259518830401,48.0,0.00038357901579068695,0.9993059205468855,0.05240087521651354,57.630131930831055,0.0760957184402122,-0.26889744011670724,-0.0017350623809985533,0.04105022226913242,uniform_decoder
oracle_decoder,0.44999999999999996,1.6666666666666665,0.12859007201232744,0.8714099279876726,0.0,0.0,0.9993902125323617,0.05079769695118376,62.84655973648197,0.0760957184402122,-0.26889744011670724,-0.0017350623809985533,0.04105022226913242,uniform_decoder
uniform_decoder,0.44999999999999996,1.75,0.07589416781137032,0.9241058321886297,0.0,0.010173293409297816,0.9990896870586964,0.05080434472809152,55.80887302895888,0.07589416781137032,-0.27723449172043974,-0.0238004871827861,0.06346279181335379,uniform_decoder
static_tailored,0.44999999999999996,1.75,0.2066773131228558,0.7933226868771441,0.0,0.013929348126117251,0.9991827786459623,0.03951592783000652,47.8701624868363,0.07589416781137032,-0.27723449172043974,-0.0238004871827861,0.06346279181335379,uniform_decoder
adaptive_decoder,0.44999999999999996,1.75,0.14369540969660488,0.8563045903033951,4.0,0.010735785354655247,0.9993859059725106,0.05220404568378166,62.8337687228239,0.07589416781137032,-0.27723449172043974,-0.0238004871827861,0.06346279181335379,uniform_decoder
overactive_decoder,0.44999999999999996,1.75,0.13603241486410442,0.8639675851358956,48.0,0.00040011681380320365,0.9993064146837343,0.05240751133397522,57.60669774471284,0.07589416781137032,-0.27723449172043974,-0.0238004871827861,0.06346279181335379,uniform_decoder
oracle_decoder,0.44999999999999996,1.75,0.12415954235881067,0.8758404576411893,0.0,0.0,0.9993907081035369,0.05080434472809152,62.8337687228239,0.07589416781137032,-0.27723449172043974,-0.0238004871827861,0.06346279181335379,uniform_decoder
uniform_decoder,0.44999999999999996,1.8333333333333333,0.07569425718625859,0.9243057428137414,0.0,0.010128291650589838,0.9990896978704612,0.05081615054387658,55.8211363234549,0.07569425718625859,-0.26215280340444497,-0.01414699378085646,0.04462258766453582,uniform_decoder
static_tailored,0.44999999999999996,1.8333333333333333,0.2069037781408747,0.7930962218591253,0.0,0.013844509084306808,0.9991827786459623,0.03952422769620145,47.87395260574302,0.07569425718625859,-0.26215280340444497,-0.01414699378085646,0.04462258766453582,uniform_decoder
adaptive_decoder,0.44999999999999996,1.8333333333333333,0.13842538333606774,0.8615746166639322,4.0,0.011004459890074826,0.9993645760230868,0.041098624166625915,61.90603255776415,0.07569425718625859,-0.26215280340444497,-0.01414699378085646,0.04462258766453582,uniform_decoder
overactive_decoder,0.44999999999999996,1.8333333333333333,0.13398887511623006,0.86601112488377,48.0,0.0004208421766026883,0.9993062968112443,0.05241929644957738,57.630131930831055,0.07569425718625859,-0.26215280340444497,-0.01414699378085646,0.04462258766453582,uniform_decoder
oracle_decoder,0.44999999999999996,1.8333333333333333,0.1249088319507222,0.8750911680492778,0.0,0.0,0.9993905898885835,0.05081615054387658,62.84011370113064,0.07569425718625859,-0.26215280340444497,-0.01414699378085646,0.04462258766453582,uniform_decoder
uniform_decoder,0.44999999999999996,1.9166666666666665,0.07551642197932236,0.9244835780206776,0.0,0.010097545770963614,0.9990896978704612,0.05081596620092692,55.82094582102195,0.07551642197932236,-0.1822555239228838,0.056294214440647805,-0.016867747479377748,uniform_decoder
static_tailored,0.44999999999999996,1.9166666666666665,0.20798398206958107,0.792016017930419,0.0,0.013509262364859297,0.9991827786459623,0.03952422769620145,47.873952605736584,0.07551642197932236,-0.1822555239228838,0.056294214440647805,-0.016867747479377748,uniform_decoder
adaptive_decoder,0.44999999999999996,1.9166666666666665,0.11489388862108113,0.8851061113789189,4.0,0.011037335234138178,0.999182762767833,0.04115182118249788,47.873952605736584,0.07551642197932236,-0.1822555239228838,0.056294214440647805,-0.016867747479377748,uniform_decoder
overactive_decoder,0.44999999999999996,1.9166666666666665,0.13079500023069937,0.8692049997693007,48.0,0.0004417164958676199,0.9993062968112443,0.0524191124297944,57.63181471790725,0.07551642197932236,-0.1822555239228838,0.056294214440647805,-0.016867747479377748,uniform_decoder
oracle_decoder,0.44999999999999996,1.9166666666666665,0.11944409273322251,0.8805559072667775,0.0,0.0,0.9993905898885835,0.05081596620092692,62.84484692533103,0.07551642197932236,-0.1822555239228838,0.056294214440647805,-0.016867747479377748,uniform_decoder
uniform_decoder,0.44999999999999996,2.0,0.07538564298483799,0.924614357015162,0.0,0.010151773132143181,0.9990896978704612,0.05081541314862672,55.82037410153216,0.07538564298483799,-0.186443121896484,0.04216455707774911,-0.011372547960333152,uniform_decoder
static_tailored,0.44999999999999996,2.0,0.2095464656457942,0.7904535343542058,0.0,0.012990506259191785,0.9991827786459623,0.03952422769620145,47.87395260574302,0.07538564298483799,-0.186443121896484,0.04216455707774911,-0.011372547960333152,uniform_decoder
adaptive_decoder,0.44999999999999996,2.0,0.1158061877730605,0.8841938122269395,4.0,0.01126430085871853,0.999182762767833,0.041151821182497876,47.87395260574302,0.07538564298483799,-0.186443121896484,0.04216455707774911,-0.011372547960333152,uniform_decoder
overactive_decoder,0.44999999999999996,2.0,0.1276134125342947,0.8723865874657053,48.0,0.0004588500786443652,0.9993062968112443,0.05241856034704643,57.63013193082193,0.07538564298483799,-0.186443121896484,0.04216455707774911,-0.011372547960333152,uniform_decoder
oracle_decoder,0.44999999999999996,2.0,0.11887877282535449,0.8811212271746455,0.0,0.0,0.9993905898885835,0.05081541314862672,62.84655973648197,0.07538564298483799,-0.186443121896484,0.04216455707774911,-0.011372547960333152,uniform_decoder
uniform_decoder,0.525,0.0,0.07184883050647195,0.928151169493528,0.0,0.013697091913054758,0.9990923113293212,0.049578299946724386,54.6203798155238,0.07184883050647195,-0.4125077204560315,0.03407942417134906,0.003547816305699436,uniform_decoder
static_tailored,0.525,0.0,0.18423816846694652,0.8157618315330535,0.0,0.0,0.9991919707310734,0.038287152433597996,47.383373234062546,0.07184883050647195,-0.4125077204560315,0.03407942417134906,0.003547816305699436,uniform_decoder
adaptive_decoder,0.525,0.0,0.1857494018461925,0.8142505981538075,4.0,0.0,0.9991919707310734,0.03992279992444839,47.383373234062546,0.07184883050647195,-0.4125077204560315,0.03407942417134906,0.003547816305699436,uniform_decoder
overactive_decoder,0.525,0.0,0.20091244928231206,0.799087550717688,48.0,0.0,0.9990979895489882,0.03992279992444839,44.259797521931894,0.07184883050647195,-0.4125077204560315,0.03407942417134906,0.003547816305699436,uniform_decoder
oracle_decoder,0.525,0.0,0.18423816846694652,0.8157618315330535,0.0,0.0,0.9991919707310734,0.038287152433597996,47.383373234062546,0.07184883050647195,-0.4125077204560315,0.03407942417134906,0.003547816305699436,uniform_decoder
uniform_decoder,0.525,0.08333333333333333,0.07303530409573648,0.9269646959042636,0.0,0.01289079003489775,0.9990923113293212,0.049578299946724386,54.6203798155238,0.07303530409573648,-0.39004686923663767,0.036068910204210686,0.0037956144688479714,uniform_decoder
static_tailored,0.525,0.08333333333333333,0.17773955832750318,0.8222604416724968,0.0,0.002449324908214035,0.9991919733032764,0.03972197475130001,48.774266798258886,0.07303530409573648,-0.39004686923663767,0.036068910204210686,0.0037956144688479714,uniform_decoder
adaptive_decoder,0.525,0.08333333333333333,0.17929976118242644,0.8207002388175736,4.0,0.0007663047264826946,0.9991919733032764,0.041118722616419495,48.774266798258886,0.07303530409573648,-0.39004686923663767,0.036068910204210686,0.0037956144688479714,uniform_decoder
overactive_decoder,0.525,0.08333333333333333,0.19482676588100573,0.8051732341189943,48.0,1.9310727234103225e-05,0.9990979921296402,0.04135506320447044,45.52765411199442,0.07303530409573648,-0.39004686923663767,0.036068910204210686,0.0037956144688479714,uniform_decoder
oracle_decoder,0.525,0.08333333333333333,0.17773955832750318,0.8222604416724968,0.0,0.0,0.9991919733032764,0.03972197475130001,48.774266798258886,0.07303530409573648,-0.39004686923663767,0.036068910204210686,0.0037956144688479714,uniform_decoder
uniform_decoder,0.525,0.16666666666666666,0.0745954667804352,0.9254045332195648,0.0,0.011735069101555225,0.9990923113293212,0.049578299946724386,54.6203798155238,0.0745954667804352,-0.36896115160159587,0.03758446997267882,0.003981257757838321,uniform_decoder
static_tailored,0.525,0.16666666666666666,0.17285913273377723,0.8271408672662228,0.0,0.005570275352003019,0.9991919707310734,0.04015514281332881,48.9070077913615,0.0745954667804352,-0.36896115160159587,0.03758446997267882,0.003981257757838321,uniform_decoder
adaptive_decoder,0.525,0.16666666666666666,0.17445104989280405,0.825548950107196,4.0,0.0017638969677073316,0.9991919685139,0.04169508537253306,48.9070077913615,0.0745954667804352,-0.36896115160159587,0.03758446997267882,0.003981257757838321,uniform_decoder
overactive_decoder,0.525,0.16666666666666666,0.1902208234926427,0.8097791765073573,48.0,4.457381372217266e-05,0.9990979895489882,0.04178747565717386,45.67132351713138,0.0745954667804352,-0.36896115160159587,0.03758446997267882,0.003981257757838321,uniform_decoder
oracle_decoder,0.525,0.16666666666666666,0.17285913273377723,0.8271408672662228,0.0,0.0,0.9991919707310734,0.04015514281332881,48.9070077913615,0.0745954667804352,-0.36896115160159587,0.03758446997267882,0.003981257757838321,uniform_decoder
uniform_decoder,0.525,0.25,0.07610471578233866,0.9238952842176613,0.0,0.011360403512825195,0.9990923113293212,0.049578299946724386,54.6203798155238,0.07610471578233866,-0.3525861030798726,0.03938672669750423,0.0031645054318067112,uniform_decoder
static_tailored,0.525,0.25,0.16978867328490668,0.8302113267150933,0.0,0.00884045238059998,0.9991919707310734,0.04015495302567665,48.907000301568395,0.07610471578233866,-0.3525861030798726,0.03938672669750423,0.0031645054318067112,uniform_decoder
adaptive_decoder,0.525,0.25,0.17139481179419278,0.8286051882058072,4.0,0.0027710042502222323,0.9991919563745972,0.041750227747890646,48.907000301568395,0.07610471578233866,-0.3525861030798726,0.03938672669750423,0.0031645054318067112,uniform_decoder
overactive_decoder,0.525,0.25,0.18766548182014176,0.8123345181798582,48.0,6.986353018437461e-05,0.9993069909277941,0.04178728619755722,59.673707062430466,0.07610471578233866,-0.3525861030798726,0.03938672669750423,0.0031645054318067112,uniform_decoder
oracle_decoder,0.525,0.25,0.17015047508427958,0.8298495249157204,0.0,0.0,0.9993912946233643,0.04015495302567665,65.23895072404896,0.07610471578233866,-0.3525861030798726,0.03938672669750423,0.0031645054318067112,uniform_decoder
uniform_decoder,0.525,0.3333333333333333,0.07724515408480061,0.9227548459151994,0.0,0.011767859356821246,0.9990923113293212,0.049578299946724386,54.6203798155238,0.07724515408480061,-0.35522272386787473,0.04640075450919767,-0.0051429087352251966,uniform_decoder
static_tailored,0.525,0.3333333333333333,0.16848363252922155,0.8315163674707784,0.0,0.011535641851488877,0.9991919707310734,0.04015438362675135,48.906977521717096,0.07724515408480061,-0.35522272386787473,0.04640075450919767,-0.0051429087352251966,uniform_decoder
adaptive_decoder,0.525,0.3333333333333333,0.17502253414686025,0.8249774658531397,4.0,0.0035995145113318573,0.9994119453881898,0.0417867177828193,65.90033510886184,0.07724515408480061,-0.35522272386787473,0.04640075450919767,-0.0051429087352251966,uniform_decoder
overactive_decoder,0.525,0.3333333333333333,0.19475773816969597,0.805242261830304,48.0,8.929394207754492e-05,0.9993275805845339,0.0417867177828193,60.12837466068424,0.07724515408480061,-0.35522272386787473,0.04640075450919767,-0.0051429087352251966,uniform_decoder
oracle_decoder,0.525,0.3333333333333333,0.1771074688872041,0.8228925311127959,0.0,0.0,0.9994119453881898,0.04015438362675135,65.90033510886184,0.07724515408480061,-0.35522272386787473,0.04640075450919767,-0.0051429087352251966,uniform_decoder
uniform_decoder,0.525,0.41666666666666663,0.07791346184090828,0.9220865381590917,0.0,0.011970790974052485,0.9990923113293212,0.049578299946724386,54.6203798155238,0.07791346184090828,-0.3464230371216306,0.06356426156938573,-0.02786345146834122,uniform_decoder
static_tailored,0.525,0.41666666666666663,0.16878029496887148,0.8312197050311285,0.0,0.013648166267898618,0.9991919707310734,0.04015495302567664,48.90700030156839,0.07791346184090828,-0.3464230371216306,0.06356426156938573,-0.02786345146834122,uniform_decoder
adaptive_decoder,0.525,0.41666666666666663,0.17299579162713302,0.827004208372867,4.0,0.0042092567460605525,0.9994119043668164,0.04165805624187385,65.89529704454307,0.07791346184090828,-0.3464230371216306,0.06356426156938573,-0.02786345146834122,uniform_decoder
overactive_decoder,0.525,0.41666666666666663,0.20026257680292403,0.799737423197076,48.0,0.00010846890849796886,0.999327539689952,0.04178728619755722,60.129421656518836,0.07791346184090828,-0.3464230371216306,0.06356426156938573,-0.02786345146834122,uniform_decoder
oracle_decoder,0.525,0.41666666666666663,0.184458634729891,0.815541365270109,0.0,0.0,0.9994119043668164,0.04015495302567664,65.89923683162243,0.07791346184090828,-0.3464230371216306,0.06356426156938573,-0.02786345146834122,uniform_decoder
uniform_decoder,0.525,0.5,0.0780765178046113,0.9219234821953887,0.0,0.011735069101555225,0.9990923113293212,0.049578299946724386,54.6203798155238,0.0780765178046113,-0.3775760658455175,0.01646849330314036,0.022998949996364638,uniform_decoder
static_tailored,0.525,0.5,0.1702344434442266,0.8297655565557733,0.0,0.01534938672660706,0.9991919707310734,0.04015438362675135,48.906977521717096,0.0780765178046113,-0.3775760658455175,0.01646849330314036,0.022998949996364638,uniform_decoder
adaptive_decoder,0.525,0.5,0.18625009438194873,0.8137499056180513,4.0,0.005110732485756598,0.9994119043668163,0.04169508537253306,65.89529704454307,0.0780765178046113,-0.3775760658455175,0.01646849330314036,0.022998949996364638,uniform_decoder
overactive_decoder,0.525,0.5,0.1934483344114955,0.8065516655885046,48.0,0.00013364108398750468,0.9993275396899518,0.04178747565717386,60.131329420273524,0.0780765178046113,-0.3775760658455175,0.01646849330314036,0.022998949996364638,uniform_decoder
oracle_decoder,0.525,0.5,0.17664345537775367,0.8233565446222464,0.0,0.0,0.9994119043668163,0.04015514281332882,65.89529704454307,0.0780765178046113,-0.3775760658455175,0.01646849330314036,0.022998949996364638,uniform_decoder
uniform_decoder,0.525,0.5833333333333333,0.07775981718945699,0.922240182810543,0.0,0.011581377218701424,0.9990923113293212,0.049578299946724386,54.6203798155238,0.07775981718945699,-0.37481965807488177,-0.0013460857236574735,0.04112482570997287,uniform_decoder
static_tailored,0.525,0.5833333333333333,0.17235168713832572,0.8276483128616743,0.0,0.016547792278296888,0.9991919707310734,0.04015343450867021,48.90693852070992,0.07775981718945699,-0.37481965807488177,-0.0013460857236574735,0.04112482570997287,uniform_decoder
adaptive_decoder,0.525,0.5833333333333333,0.18432103015401763,0.8156789698459823,4.0,0.005863415525704292,0.9994119351315548,0.04176850014998196,65.89529704454307,0.07775981718945699,-0.37481965807488177,-0.0013460857236574735,0.04112482570997287,uniform_decoder
overactive_decoder,0.525,0.5833333333333333,0.18375061582464336,0.8162493841753566,48.0,0.00015894212096100266,0.9993275703596026,0.04178671778281931,60.129421656518836,0.07775981718945699,-0.37481965807488177,-0.0013460857236574735,0.04112482570997287,uniform_decoder
oracle_decoder,0.525,0.5833333333333333,0.16766795340793497,0.8323320465920651,0.0,0.0,0.9994119351315548,0.04015438362675135,65.89529704454307,0.07775981718945699,-0.37481965807488177,-0.0013460857236574735,0.04112482570997287,uniform_decoder
uniform_decoder,0.525,0.6666666666666666,0.07714374250742503,0.9228562574925749,0.0,0.011767859356821245,0.9990923113293213,0.04957829994672439,54.620379815530484,0.07714374250742503,-0.3008748959305448,0.058802497041346644,-0.018470356608303855,uniform_decoder
static_tailored,0.525,0.6666666666666666,0.1751893310790167,0.8248106689209833,0.0,0.017195549327719026,0.9991919707310734,0.04015438362675135,48.906977521717096,0.07714374250742503,-0.3008748959305448,0.058802497041346644,-0.018470356608303855,uniform_decoder
adaptive_decoder,0.525,0.6666666666666666,0.15423239411167625,0.8457676058883238,4.0,0.006650881217569994,0.9994104772734214,0.0417867177828193,65.8787557740871,0.07714374250742503,-0.3008748959305448,0.058802497041346644,-0.018470356608303855,uniform_decoder
overactive_decoder,0.525,0.6666666666666666,0.17659487559434522,0.8234051244056548,48.0,0.00017844968017294947,0.9993274170884698,0.04178671778281931,60.12529858729001,0.07714374250742503,-0.3008748959305448,0.058802497041346644,-0.018470356608303855,uniform_decoder
oracle_decoder,0.525,0.6666666666666666,0.16093331480095358,0.8390666851990465,0.0,0.0,0.9994117813853315,0.04015438362675135,65.8787557740871,0.07714374250742503,-0.3008748959305448,0.058802497041346644,-0.018470356608303855,uniform_decoder
uniform_decoder,0.525,0.75,0.07647929686738274,0.9235207031326172,0.0,0.011872064090316825,0.9991028924649982,0.05101299415943093,56.86385652677295,0.07647929686738274,-0.30389213214330746,0.05580380201639065,-0.015499429864208871,uniform_decoder
static_tailored,0.525,0.75,0.1793270546368978,0.8206729453631022,0.0,0.0174308316653526,0.9991919707310734,0.040152105491707314,48.90688174783743,0.07647929686738274,-0.30389213214330746,0.05580380201639065,-0.015499429864208871,uniform_decoder
adaptive_decoder,0.525,0.75,0.15396996768644272,0.8460300323135572,4.0,0.007287593590610648,0.9993986882021698,0.041750227747890646,65.67418326163178,0.07647929686738274,-0.30389213214330746,0.05580380201639065,-0.015499429864208871,uniform_decoder
overactive_decoder,0.525,0.75,0.17508132338311952,0.8249186766168805,48.0,0.00019747566375622418,0.9993275703596027,0.04178577030531966,60.131329420273524,0.07647929686738274,-0.30389213214330746,0.05580380201639065,-0.015499429864208871,uniform_decoder
oracle_decoder,0.525,0.75,0.15956419608278208,0.840435803917218,0.0,0.0,0.9994119351315549,0.04015343450867022,65.89415287298388,0.07647929686738274,-0.30389213214330746,0.05580380201639065,-0.015499429864208871,uniform_decoder
uniform_decoder,0.525,0.8333333333333333,0.07590810122072197,0.924091898779278,0.0,0.011735069101555222,0.9991028414655073,0.05144618162915743,57.25651483853867,0.07590810122072197,-0.3125938639274218,0.021528698710541968,0.008659703285144255,uniform_decoder
static_tailored,0.525,0.8333333333333333,0.18506321624255917,0.8149367837574408,0.0,0.01715026706809822,0.9991919707310734,0.040152105491707314,48.90688174783743,0.07590810122072197,-0.3125938639274218,0.021528698710541968,0.008659703285144255,uniform_decoder
adaptive_decoder,0.525,0.8333333333333333,0.1559128793270788,0.8440871206729212,4.0,0.00780461948186903,0.9993783802298638,0.04165805624187385,64.28294191177562,0.07590810122072197,-0.3125938639274218,0.021528698710541968,0.008659703285144255,uniform_decoder
overactive_decoder,0.525,0.8333333333333333,0.16383651094452714,0.8361634890554729,48.0,0.00022256715129605835,0.999327539689952,0.05304817767627923,60.12529858729001,0.07590810122072197,-0.3125938639274218,0.021528698710541968,0.008659703285144255,uniform_decoder
oracle_decoder,0.525,0.8333333333333333,0.15283481256462472,0.8471651874353753,0.0,0.0,0.9994119043668164,0.05144618162915743,65.89529704454307,0.07590810122072197,-0.3125938639274218,0.021528698710541968,0.008659703285144255,uniform_decoder
uniform_decoder,0.525,0.9166666666666666,0.07544333867929383,0.9245566613207061,0.0,0.01163950155028485,0.999102892464998,0.05144447315503642,57.2554383760266,0.07544333867929383,-0.2607794277846633,0.05377307229900899,-0.013882178182796853,uniform_decoder
static_tailored,0.525,0.9166666666666666,0.19174562569734416,0.8082543743026558,0.0,0.016300727823120576,0.9991919733032764,0.040150396324411496,48.90680503460198,0.07544333867929383,-0.2607794277846633,0.05377307229900899,-0.013882178182796853,uniform_decoder
adaptive_decoder,0.525,0.9166666666666666,0.13753091337882195,0.862469086621178,4.0,0.008564523672865839,0.9991919733032764,0.041725779944977594,48.90688174783743,0.07544333867929383,-0.2607794277846633,0.05377307229900899,-0.013882178182796853,uniform_decoder
overactive_decoder,0.525,0.9166666666666666,0.15565870017586933,0.8443412998241306,48.0,0.0002477695090208478,0.9993275703596027,0.053046472156787663,60.123452505742556,0.07544333867929383,-0.2607794277846633,0.05377307229900899,-0.013882178182796853,uniform_decoder
oracle_decoder,0.525,0.9166666666666666,0.1419980908727261,0.8580019091272739,0.0,0.0,0.9994119351315549,0.05144447315503642,65.89923683162243,0.07544333867929383,-0.2607794277846633,0.05377307229900899,-0.013882178182796853,uniform_decoder
uniform_decoder,0.525,1.0,0.07510520822695467,0.9248947917730453,0.0,0.011767859356821246,0.9991028981672461,0.051445422367163096,57.25603698899822,0.07510520822695467,-0.27199670485350513,0.025886397840363593,0.014629999331545674,uniform_decoder
static_tailored,0.525,1.0,0.19811467356148352,0.8018853264385165,0.0,0.01509384994524921,0.9991919707310734,0.04015438362675135,48.906977521717096,0.07510520822695467,-0.27199670485350513,0.025886397840363593,0.014629999331545674,uniform_decoder
adaptive_decoder,0.525,1.0,0.14049690567464787,0.8595030943253521,4.0,0.00899819247934302,0.9991919369046995,0.04178065134536982,48.906977521717096,0.07510520822695467,-0.27199670485350513,0.025886397840363593,0.014629999331545674,uniform_decoder
overactive_decoder,0.525,1.0,0.14912592729549887,0.8508740727045011,48.0,0.00026728284191658894,0.9993274170884697,0.05304741972731945,60.12529858729,0.07510520822695467,-0.27199670485350513,0.025886397840363593,0.014629999331545674,uniform_decoder
oracle_decoder,0.525,1.0,0.13584284233624105,0.864157157663759,0.0,0.0,0.9994117813853315,0.051445422367163096,65.8787557740871,0.07510520822695467,-0.27199670485350513,0.025886397840363593,0.014629999331545674,uniform_decoder
uniform_decoder,0.525,1.0833333333333333,0.07497356787537092,0.9250264321246291,0.0,0.011826532193746136,0.9991028542183461,0.051445422367163096,57.25603698899822,0.07497356787537092,-0.2475061377901914,0.0301012491663161,-0.00293684401140609,uniform_decoder
static_tailored,0.525,1.0833333333333333,0.2032379299143842,0.7967620700856158,0.0,0.01417679552832572,0.9991919707310734,0.04015343450867021,48.90693852070992,0.07497356787537092,-0.2475061377901914,0.0301012491663161,-0.00293684401140609,uniform_decoder
adaptive_decoder,0.525,1.0833333333333333,0.13256055586135312,0.8674394441386468,4.0,0.00915977599529763,0.9994115766914453,0.05304741972731945,65.8787557740871,0.07497356787537092,-0.2475061377901914,0.0301012491663161,-0.00293684401140609,uniform_decoder
overactive_decoder,0.525,1.0833333333333333,0.14207431332737921,0.8579256866726208,48.0,0.0002860465249488166,0.9993272130266824,0.05304741972731945,60.09457186199581,0.07497356787537092,-0.2475061377901914,0.0301012491663161,-0.00293684401140609,uniform_decoder
oracle_decoder,0.525,1.0833333333333333,0.13346001229918664,0.8665399877008133,0.0,0.0,0.9994115766914453,0.051445422367163096,65.8787557740871,0.07497356787537092,-0.2475061377901914,0.0301012491663161,-0.00293684401140609,uniform_decoder
uniform_decoder,0.525,1.1666666666666665,0.07508928137047217,0.9249107186295278,0.0,0.011735069101555222,0.9991028812955758,0.051439344826614844,57.252180922080036,0.07508928137047217,-0.2467767962283695,0.028426590751648675,0.01238287967360141,uniform_decoder
static_tailored,0.525,1.1666666666666665,0.20682974760174852,0.7931702523982515,0.0,0.013847059426823958,0.9991919707310734,0.04015514281332881,48.9070077913615,0.07508928137047217,-0.2467767962283695,0.028426590751648675,0.01238287967360141,uniform_decoder
adaptive_decoder,0.525,1.1666666666666665,0.13254237374048133,0.8674576262595186,4.0,0.00934222926723168,0.9994115766914453,0.05282525360767534,65.89529704454307,0.07508928137047217,-0.2467767962283695,0.028426590751648675,0.01238287967360141,uniform_decoder
overactive_decoder,0.525,1.1666666666666665,0.14150811145702502,0.858491888542975,48.0,0.00031099342129162883,0.9993272130266824,0.05304135269876542,60.11619585779196,0.07508928137047217,-0.2467767962283695,0.028426590751648675,0.01238287967360141,uniform_decoder
oracle_decoder,0.525,1.1666666666666665,0.12881660961197236,0.8711833903880276,0.0,0.0,0.9994115766914453,0.051439344826614844,65.89529704454307,0.07508928137047217,-0.2467767962283695,0.028426590751648675,0.01238287967360141,uniform_decoder
uniform_decoder,0.525,1.25,0.07537924114984666,0.9246207588501534,0.0,0.01166999266030718,0.9991028414655074,0.05144143467151403,57.25351310975082,0.07537924114984666,-0.2724945372298129,0.007734036310115389,0.03959554477045273,uniform_decoder
static_tailored,0.525,1.25,0.20897912816651965,0.7910208718334804,0.0,0.013998592798840978,0.9991919707310734,0.040154383626751354,48.9069775217171,0.07537924114984666,-0.2724945372298129,0.007734036310115389,0.03959554477045273,uniform_decoder
adaptive_decoder,0.525,1.25,0.14117126238222427,0.8588287376177757,4.0,0.010281401541075538,0.9994114438247614,0.04065352925760193,65.89529704454307,0.07537924114984666,-0.2724945372298129,0.007734036310115389,0.03959554477045273,uniform_decoder
overactive_decoder,0.525,1.25,0.1437077979155257,0.8562922020844743,48.0,0.00033619975820385297,0.9993270805700335,0.05304343892862005,60.12345250573269,0.07537924114984666,-0.2724945372298129,0.007734036310115389,0.03959554477045273,uniform_decoder
oracle_decoder,0.525,1.25,0.12886968100878615,0.8711303189912138,0.0,0.0,0.9994114438247614,0.05144143467151403,65.89923683161008,0.07537924114984666,-0.2724945372298129,0.007734036310115389,0.03959554477045273,uniform_decoder
uniform_decoder,0.525,1.3333333333333333,0.07571639823414629,0.9242836017658537,0.0,0.011767859356821245,0.9991028717617586,0.05143934482661485,57.25218092208712,0.07571639823414629,-0.27074798977549286,0.0006908410513224128,0.040265541048681776,uniform_decoder
static_tailored,0.525,1.3333333333333333,0.20987518046160542,0.7901248195383945,0.0,0.014366454279896593,0.9991919707310735,0.04015438362675135,48.906977521717096,0.07571639823414629,-0.27074798977549286,0.0006908410513224128,0.040265541048681776,uniform_decoder
adaptive_decoder,0.525,1.3333333333333333,0.14123356983695154,0.8587664301630484,4.0,0.01132299856211279,0.9994079109036079,0.04039738923065973,65.8787557740871,0.07571639823414629,-0.27074798977549286,0.0006908410513224128,0.040265541048681776,uniform_decoder
overactive_decoder,0.525,1.3333333333333333,0.1414584117273059,0.8585415882726941,48.0,0.00035573521039054075,0.999327580584534,0.05304135269876542,60.12529858729001,0.07571639823414629,-0.27074798977549286,0.0006908410513224128,0.040265541048681776,uniform_decoder
oracle_decoder,0.525,1.3333333333333333,0.12872781434675917,0.8712721856532408,0.0,0.0,0.9994119453881899,0.05143934482661485,65.8787557740871,0.07571639823414629,-0.27074798977549286,0.0006908410513224128,0.040265541048681776,uniform_decoder
uniform_decoder,0.525,1.4166666666666665,0.07599657302591592,0.9240034269740841,0.0,0.011818263664021457,0.9991028986752392,0.051439344826614844,57.252180922080036,0.07599657302591592,-0.2745528564969848,0.005093201456690527,0.035504441463007456,uniform_decoder
static_tailored,0.525,1.4166666666666665,0.20970146365229056,0.7902985363477094,0.0,0.014838417541538607,0.9991919733032764,0.04015039632441149,48.90680503460197,0.07599657302591592,-0.2745528564969848,0.005093201456690527,0.035504441463007456,uniform_decoder
adaptive_decoder,0.525,1.4166666666666665,0.14300356529962266,0.8569964347003773,4.0,0.011831416598160215,0.9994012749079828,0.04137380230981143,65.78873812800816,0.07599657302591592,-0.2745528564969848,0.005093201456690527,0.035504441463007456,uniform_decoder
overactive_decoder,0.525,1.4166666666666665,0.14469051641618547,0.8553094835838145,48.0,0.0003742675368351908,0.9993275703596027,0.05304135269876542,60.11053670329144,0.07599657302591592,-0.2745528564969848,0.005093201456690527,0.035504441463007456,uniform_decoder
oracle_decoder,0.525,1.4166666666666665,0.13177785186920143,0.8682221481307986,0.0,0.0,0.9994119351315549,0.051439344826614844,65.8884810868436,0.07599657302591592,-0.2745528564969848,0.005093201456690527,0.035504441463007456,uniform_decoder
uniform_decoder,0.525,1.5,0.07613904103277762,0.9238609589672224,0.0,0.011735069101555222,0.9991027796515125,0.051445422367163096,57.25603698899822,0.07613904103277762,-0.2836536645484572,-0.014984190354634322,0.05593190672853646,uniform_decoder
static_tailored,0.525,1.5,0.20866252577592226,0.7913374742240777,0.0,0.015349386726607064,0.9991919707310734,0.040152105491707314,48.90688174783743,0.07613904103277762,-0.2836536645484572,-0.014984190354634322,0.05593190672853646,uniform_decoder
adaptive_decoder,0.525,1.5,0.14630563962587306,0.8536943603741269,4.0,0.011907536328619529,0.9993920867705047,0.04176850014998195,65.29102914612926,0.07613904103277762,-0.2836536645484572,-0.014984190354634322,0.05593190672853646,uniform_decoder
overactive_decoder,0.525,1.5,0.1413438370153848,0.8586561629846152,48.0,0.00039900829061706986,0.9993274170884697,0.05304741972731945,60.131329420273524,0.07613904103277762,-0.2836536645484572,-0.014984190354634322,0.05593190672853646,uniform_decoder
oracle_decoder,0.525,1.5,0.12862611734945983,0.8713738826505402,0.0,0.0,0.9994117813853315,0.051445422367163096,65.89529704454307,0.07613904103277762,-0.2836536645484572,-0.014984190354634322,0.05593190672853646,uniform_decoder
uniform_decoder,0.525,1.5833333333333333,0.07610076393434731,0.9238992360656527,0.0,0.011686260834418464,0.9991028852000604,0.05144143467151403,57.25351310975082,0.07610076393434731,-0.2223506707087159,0.04067294281337015,-0.00023543278178783476,uniform_decoder
static_tailored,0.525,1.5833333333333333,0.20711081322877015,0.7928891867712299,0.0,0.015783705290220492,0.9991919707310734,0.04015495302567664,48.90700030156839,0.07610076393434731,-0.2223506707087159,0.04067294281337015,-0.00023543278178783476,uniform_decoder
adaptive_decoder,0.525,1.5833333333333333,0.12698127608242002,0.87301872391758,4.0,0.011782519736844263,0.9993810876987287,0.0530109262974601,64.49625675645117,0.07610076393434731,-0.2223506707087159,0.04067294281337015,-0.00023543278178783476,uniform_decoder
overactive_decoder,0.525,1.5833333333333333,0.13944810919691536,0.8605518908030847,48.0,0.0004245563227628153,0.999327539689952,0.053043438928620054,60.129421656528656,0.07610076393434731,-0.2223506707087159,0.04067294281337015,-0.00023543278178783476,uniform_decoder
oracle_decoder,0.525,1.5833333333333333,0.12705013180365016,0.8729498681963499,0.0,0.0,0.9994119043668164,0.05144143467151403,65.88848108684361,0.07610076393434731,-0.2223506707087159,0.04067294281337015,-0.00023543278178783476,uniform_decoder
uniform_decoder,0.525,1.6666666666666665,0.07592025735365109,0.924079742646349,0.0,0.011767859356821245,0.9991028414655073,0.05142717141444241,57.24429206802085,0.07592025735365109,-0.2585665994760259,-0.0018095787312486498,0.04249161334835392,uniform_decoder
static_tailored,0.525,1.6666666666666665,0.20561183935681715,0.7943881606431829,0.0,0.016061470443189094,0.9991919707310734,0.04015438362675135,48.90697752172371,0.07592025735365109,-0.2585665994760259,-0.0018095787312486498,0.04249161334835392,uniform_decoder
adaptive_decoder,0.525,1.6666666666666665,0.13769693426224913,0.8623030657377508,4.0,0.012035517921553133,0.9994112906973519,0.05302920035163408,65.87705531342966,0.07592025735365109,-0.2585665994760259,-0.0018095787312486498,0.04249161334835392,uniform_decoder
overactive_decoder,0.525,1.6666666666666665,0.13712438485718828,0.8628756151428117,48.0,0.000443564643719727,0.9993269279149303,0.05302920035163408,60.12529858729001,0.07592025735365109,-0.2585665994760259,-0.0018095787312486498,0.04249161334835392,uniform_decoder
oracle_decoder,0.525,1.6666666666666665,0.12486268158324551,0.8751373184167545,0.0,0.0,0.9994112906973519,0.05142717141444241,65.87705531342968,0.07592025735365109,-0.2585665994760259,-0.0018095787312486498,0.04249161334835392,uniform_decoder
uniform_decoder,0.525,1.75,0.07568734955758089,0.9243126504424191,0.0,0.011786410252025382,0.9991028924649981,0.05143402196228737,57.24875847045735,0.07568734955758089,-0.26856399553689314,-0.02575135808762361,0.06681204110127119,uniform_decoder
static_tailored,0.525,1.75,0.2047957111732044,0.7952042888267956,0.0,0.016194372392480814,0.9991919707310734,0.040145836175427024,48.90658003925435,0.07568734955758089,-0.26856399553689314,-0.02575135808762361,0.06681204110127119,uniform_decoder
adaptive_decoder,0.525,1.75,0.1404712001004798,0.8595287998995202,4.0,0.01244619666653308,0.999405700813212,0.05282525360767534,65.89862796603494,0.07568734955758089,-0.26856399553689314,-0.02575135808762361,0.06681204110127119,uniform_decoder
overactive_decoder,0.525,1.75,0.13238413274614488,0.8676158672538551,48.0,0.00046227573128814945,0.9993275703596027,0.05303603904366893,60.13099053434567,0.07568734955758089,-0.26856399553689314,-0.02575135808762361,0.06681204110127119,uniform_decoder
oracle_decoder,0.525,1.75,0.12044124930472279,0.8795587506952772,0.0,0.0,0.9994119351315549,0.05143402196228737,65.89862796603494,0.07568734955758089,-0.26856399553689314,-0.02575135808762361,0.06681204110127119,uniform_decoder
uniform_decoder,0.525,1.8333333333333333,0.07546276882334764,0.9245372311766523,0.0,0.011735069101555223,0.9991028942619407,0.05144618162915743,57.25651483853867,0.07546276882334764,-0.25069172960007297,-0.01305738698421584,0.03518318534524601,uniform_decoder
static_tailored,0.525,1.8333333333333333,0.20506880064519425,0.7949311993548057,0.0,0.01609458107699023,0.9991919707310734,0.04015438362675135,48.90697752172371,0.07546276882334764,-0.25069172960007297,-0.01305738698421584,0.03518318534524601,uniform_decoder
adaptive_decoder,0.525,1.8333333333333333,0.1344077978299076,0.8655922021700924,4.0,0.012764009844625538,0.9993783802298637,0.041725779944977594,64.28294191176414,0.07546276882334764,-0.25069172960007297,-0.01305738698421584,0.03518318534524601,uniform_decoder
overactive_decoder,0.525,1.8333333333333333,0.13042687193067828,0.8695731280693217,48.0,0.0004865601781755899,0.9993274170884698,0.05304817767627923,60.131329420273524,0.07546276882334764,-0.25069172960007297,-0.01305738698421584,0.03518318534524601,uniform_decoder
oracle_decoder,0.525,1.8333333333333333,0.12394850137826423,0.8760514986217358,0.0,0.0,0.9994117813853315,0.05144618162915743,65.8941528729839,0.07546276882334764,-0.25069172960007297,-0.01305738698421584,0.03518318534524601,uniform_decoder
uniform_decoder,0.525,1.9166666666666665,0.07526093610599989,0.9247390638940001,0.0,0.011697339464703716,0.9991028986752392,0.051445991822635984,57.25639546292581,0.07526093610599989,-0.17079584462833516,0.06394126617069275,-0.027059735229956538,uniform_decoder
static_tailored,0.525,1.9166666666666665,0.20635891217447183,0.7936410878255282,0.0,0.0156987220603825,0.9991919707310734,0.04015438362675135,48.906977521717096,0.07526093610599989,-0.17079584462833516,0.06394126617069275,-0.027059735229956538,uniform_decoder
adaptive_decoder,0.525,1.9166666666666665,0.11152326113293728,0.8884767388670627,4.0,0.012788371752093774,0.9991919369046995,0.04178065134536982,48.906977521717096,0.07526093610599989,-0.17079584462833516,0.06394126617069275,-0.027059735229956538,uniform_decoder
overactive_decoder,0.525,1.9166666666666665,0.12921315376335626,0.8707868462366437,48.0,0.000511156631721408,0.9993274170884698,0.05304798819799631,60.129421656518836,0.07526093610599989,-0.17079584462833516,0.06394126617069275,-0.027059735229956538,uniform_decoder
oracle_decoder,0.525,1.9166666666666665,0.11869302426694966,0.8813069757330503,0.0,0.0,0.9994117813853315,0.051445991822635984,65.8869486294198,0.07526093610599989,-0.17079584462833516,0.06394126617069275,-0.027059735229956538,uniform_decoder
uniform_decoder,0.525,2.0,0.07510633464766797,0.9248936653523321,0.0,0.011767859356821246,0.9991028981672461,0.051445422367163096,57.25603698899822,0.07510633464766797,-0.17578815281992152,0.04321700195786767,-0.011574838356562705,uniform_decoder
static_tailored,0.525,2.0,0.2081952670055739,0.7918047329944261,0.0,0.015093849945249206,0.9991919707310734,0.04015438362675135,48.906977521717096,0.07510633464766797,-0.17578815281992152,0.04321700195786767,-0.011574838356562705,uniform_decoder
adaptive_decoder,0.525,2.0,0.11258090119389876,0.8874190988061013,4.0,0.013031434184430972,0.9991919369046995,0.04178065134536982,48.906977521717096,0.07510633464766797,-0.17578815281992152,0.04321700195786767,-0.011574838356562705,uniform_decoder
overactive_decoder,0.525,2.0,0.12436028903852137,0.8756397109614786,48.0,0.0005306053605515756,0.9993274170884697,0.05304741972731945,60.12529858729,0.07510633464766797,-0.17578815281992152,0.04321700195786767,-0.011574838356562705,uniform_decoder
oracle_decoder,0.525,2.0,0.11562175553227927,0.8843782444677207,0.0,0.0,0.9994117813853315,0.051445422367163096,65.8787557740871,0.07510633464766797,-0.17578815281992152,0.04321700195786767,-0.011574838356562705,uniform_decoder
uniform_decoder,0.6,0.0,0.0709743044418676,0.9290256955581324,0.0,0.01571013105633919,0.9991085996777798,0.05008591478496274,56.187902939290254,0.0709743044418676,-0.40276697963666735,0.035928460755447256,0.00376743753172425,uniform_decoder
static_tailored,0.6,0.0,0.17786917355418602,0.822130826445814,0.0,0.0,0.9992025683496532,0.03879497072056917,48.64990084566508,0.0709743044418676,-0.40276697963666735,0.035928460755447256,0.00376743753172425,uniform_decoder
adaptive_decoder,0.6,0.0,0.17941887313781624,0.8205811268621838,4.0,0.0,0.9992025683496532,0.04042966635020906,48.64990084566508,0.0709743044418676,-0.40276697963666735,0.035928460755447256,0.00376743753172425,uniform_decoder
overactive_decoder,0.6,0.0,0.19489315467961724,0.8051068453203828,48.0,0.0,0.9991085303035606,0.04042966635020906,45.35170013258896,0.0709743044418676,-0.40276697963666735,0.035928460755447256,0.00376743753172425,uniform_decoder
oracle_decoder,0.6,0.0,0.17786917355418602,0.822130826445814,0.0,0.0,0.9992025683496532,0.03879497072056917,48.64990084566508,0.0709743044418676,-0.40276697963666735,0.035928460755447256,0.00376743753172425,uniform_decoder
uniform_decoder,0.6,0.08333333333333333,0.07230905568819668,0.9276909443118033,0.0,0.014768012442965677,0.9991085996777798,0.05008591478496274,56.187902939290254,0.07230905568819668,-0.37629217021411526,0.03838878270033258,0.004073001924021151,uniform_decoder
static_tailored,0.6,0.08333333333333333,0.17037734967516685,0.8296226503248332,0.0,0.002684316361731332,0.9992025698279233,0.040304317979984364,49.964468204080255,0.07230905568819668,-0.37629217021411526,0.03838878270033258,0.004073001924021151,uniform_decoder
adaptive_decoder,0.6,0.08333333333333333,0.17198273857108048,0.8280172614289195,4.0,0.0008446837896439015,0.9992025698279233,0.04169312411992182,49.964468204080255,0.07230905568819668,-0.37629217021411526,0.03838878270033258,0.004073001924021151,uniform_decoder
overactive_decoder,0.6,0.08333333333333333,0.18787701127713674,0.8121229887228633,48.0,2.1343118843236073e-05,0.9991085317978545,0.04193633071017822,46.562444042532604,0.07230905568819668,-0.37629217021411526,0.03838878270033258,0.004073001924021151,uniform_decoder
oracle_decoder,0.6,0.08333333333333333,0.17037734967516685,0.8296226503248332,0.0,0.0,0.9992025698279233,0.040304317979984364,49.964468204080255,0.07230905568819668,-0.37629217021411526,0.03838878270033258,0.004073001924021151,uniform_decoder
uniform_decoder,0.6,0.16666666666666666,0.07412910762955102,0.925870892370449,0.0,0.013306026412412757,0.9991085996777798,0.05008591478496274,56.187902939290254,0.07412910762955102,-0.3516540215839009,0.04021970287112857,0.004297674318764494,uniform_decoder
static_tailored,0.6,0.16666666666666666,0.16494726518115102,0.835052734818849,0.0,0.0062145027010195595,0.9992025683496532,0.04074277658858051,49.982792533363025,0.07412910762955102,-0.3516540215839009,0.04021970287112857,0.004297674318764494,uniform_decoder
adaptive_decoder,0.6,0.16666666666666666,0.16658764689165703,0.8334123531083429,4.0,0.0019868991550137595,0.9992025608102658,0.04228139466462198,49.982792533363025,0.07412910762955102,-0.3516540215839009,0.04021970287112857,0.004297674318764494,uniform_decoder
overactive_decoder,0.6,0.16666666666666666,0.1827521506731462,0.8172478493268538,48.0,5.041130987077264e-05,0.9991085303035606,0.042374034974033796,46.592235866776655,0.07412910762955102,-0.3516540215839009,0.04021970287112857,0.004297674318764494,uniform_decoder
oracle_decoder,0.6,0.16666666666666666,0.16494726518115102,0.835052734818849,0.0,0.0,0.9992025683496532,0.04074277658858051,49.982792533363025,0.07412910762955102,-0.3516540215839009,0.04021970287112857,0.004297674318764494,uniform_decoder
uniform_decoder,0.6,0.25,0.07588663515333927,0.9241133648466607,0.0,0.012834560484803423,0.9991085996777798,0.05008591478496274,56.187902939290254,0.07588663515333927,-0.33281591212392225,0.04341955306224483,0.0021538149781921132,uniform_decoder
static_tailored,0.6,0.25,0.16164240062786817,0.8383575993721318,0.0,0.009984921173122953,0.9992025683496532,0.04074258683100336,49.982792533363025,0.07588663515333927,-0.33281591212392225,0.04341955306224483,0.0021538149781921132,uniform_decoder
adaptive_decoder,0.6,0.25,0.16329812891146767,0.8367018710885323,4.0,0.0031500473572323253,0.9992025413130265,0.04233674881459663,49.982792533363025,0.07588663515333927,-0.33281591212392225,0.04341955306224483,0.0021538149781921132,uniform_decoder
overactive_decoder,0.6,0.25,0.18046823114653113,0.8195317688534689,48.0,7.952340586519932e-05,0.9993242547437036,0.04237384553826893,62.05462159349747,0.07588663515333927,-0.33281591212392225,0.04341955306224483,0.0021538149781921132,uniform_decoder
oracle_decoder,0.6,0.25,0.1624902824487804,0.8375097175512196,0.0,0.0,0.9994086174678445,0.04074258683100336,68.13029657820877,0.07588663515333927,-0.33281591212392225,0.04341955306224483,0.0021538149781921132,uniform_decoder
uniform_decoder,0.6,0.3333333333333333,0.07719456074181641,0.9228054392581836,0.0,0.013345182656211603,0.9991085996777798,0.05008591478496274,56.187902939290254,0.07719456074181641,-0.3352425720907063,0.04984282942490007,-0.005734421133860631,uniform_decoder
static_tailored,0.6,0.3333333333333333,0.16035339057307213,0.8396466094269279,0.0,0.013111147059785678,0.9992025683496532,0.04074201750875925,49.982792533363025,0.07719456074181641,-0.3352425720907063,0.04984282942490007,-0.005734421133860631,uniform_decoder
adaptive_decoder,0.6,0.3333333333333333,0.16704338128714957,0.8329566187128504,4.0,0.004078466916670609,0.9994345348127255,0.04237327718157474,69.33194051368949,0.07719456074181641,-0.3352425720907063,0.04984282942490007,-0.005734421133860631,uniform_decoder
overactive_decoder,0.6,0.3333333333333333,0.1873579396220986,0.8126420603779014,48.0,0.00010101435704223262,0.9993500910895584,0.04237327718157474,62.90397790937694,0.07719456074181641,-0.3352425720907063,0.04984282942490007,-0.005734421133860631,uniform_decoder
oracle_decoder,0.6,0.3333333333333333,0.16926364678782363,0.8307363532121763,0.0,0.0,0.9994345348127255,0.04074201750875925,69.33194051368949,0.07719456074181641,-0.3352425720907063,0.04984282942490007,-0.005734421133860631,uniform_decoder
uniform_decoder,0.6,0.41666666666666663,0.07796157890641472,0.9220384210935852,0.0,0.013606436377758118,0.9991085996777798,0.05008591478496274,56.187902939290254,0.07796157890641472,-0.32553786187311556,0.07233994388174146,-0.030004635376042837,uniform_decoder
static_tailored,0.6,0.41666666666666663,0.16093874707198674,0.8390612529280133,0.0,0.015527347331668405,0.9992025683496532,0.04074258683100336,49.98261200127252,0.07796157890641472,-0.32553786187311556,0.07233994388174146,-0.030004635376042837,uniform_decoder
adaptive_decoder,0.6,0.41666666666666663,0.16497513328252467,0.8350248667174753,4.0,0.004740302621238109,0.9994344830847137,0.04224412237590193,69.32385535964185,0.07796157890641472,-0.32553786187311556,0.07233994388174146,-0.030004635376042837,uniform_decoder
overactive_decoder,0.6,0.41666666666666663,0.19487603365805928,0.8051239663419407,48.0,0.000122192691614358,0.9993500395303068,0.04237384553826893,62.907309789140946,0.07796157890641472,-0.32553786187311556,0.07233994388174146,-0.030004635376042837,uniform_decoder
oracle_decoder,0.6,0.41666666666666663,0.17677592697725045,0.8232240730227496,0.0,0.0,0.9994344830847137,0.04074258683100336,69.32470700792872,0.07796157890641472,-0.32553786187311556,0.07233994388174146,-0.030004635376042837,uniform_decoder
uniform_decoder,0.6,0.5,0.07815702005134226,0.9218429799486577,0.0,0.013306026412412755,0.9991085996777798,0.05008591478496274,56.187902939290254,0.07815702005134226,-0.35873716039124504,0.019674537486761016,0.022121550094086725,uniform_decoder
static_tailored,0.6,0.5,0.1628848367240484,0.8371151632759516,0.0,0.01744139836592785,0.9992025683496532,0.04074201750875925,49.982792533363025,0.07815702005134226,-0.35873716039124504,0.019674537486761016,0.022121550094086725,uniform_decoder
adaptive_decoder,0.6,0.5,0.17852751206618872,0.8214724879338113,4.0,0.005769051597631015,0.9994344830847137,0.04228139466462198,69.33194051368949,0.07815702005134226,-0.35873716039124504,0.019674537486761016,0.022121550094086725,uniform_decoder
overactive_decoder,0.6,0.5,0.18680121224237983,0.8131987877576201,48.0,0.00015114283092984118,0.9993500395303068,0.042374034974033796,62.907309789140946,0.07815702005134226,-0.35873716039124504,0.019674537486761016,0.022121550094086725,uniform_decoder
oracle_decoder,0.6,0.5,0.16966161732647247,0.8303383826735276,0.0,0.0,0.9994344830847137,0.04074277658858051,69.33194051368949,0.07815702005134226,-0.35873716039124504,0.019674537486761016,0.022121550094086725,uniform_decoder
uniform_decoder,0.6,0.5833333333333333,0.0777919716943552,0.9222080283056449,0.0,0.013114248125002547,0.9991085996777798,0.05008591478496274,56.187902939290254,0.0777919716943552,-0.355988107351355,0.0024259049308698473,0.03956388582222263,uniform_decoder
static_tailored,0.6,0.5833333333333333,0.16550610505666763,0.8344938949433324,0.0,0.018791470578441886,0.9992025683496532,0.04074106847333931,49.982792533363025,0.0777919716943552,-0.355988107351355,0.0024259049308698473,0.03956388582222263,uniform_decoder
adaptive_decoder,0.6,0.5833333333333333,0.17657242701126244,0.8234275729887376,4.0,0.006644591423999559,0.999434521879027,0.04235505071917152,69.32385535964185,0.0777919716943552,-0.355988107351355,0.0024259049308698473,0.03956388582222263,uniform_decoder
overactive_decoder,0.6,0.5833333333333333,0.17756149437004687,0.8224385056299531,48.0,0.00018028357031662427,0.9993500781980578,0.04237327718157473,62.907309789140946,0.0777919716943552,-0.355988107351355,0.0024259049308698473,0.03956388582222263,uniform_decoder
oracle_decoder,0.6,0.5833333333333333,0.16119775929578375,0.8388022407042163,0.0,0.0,0.999434521879027,0.04074201750875924,69.33194051368949,0.0777919716943552,-0.355988107351355,0.0024259049308698473,0.03956388582222263,uniform_decoder
uniform_decoder,0.6,0.6666666666666666,0.0770783005734365,0.9229216994265635,0.0,0.013345182656211601,0.9991085996777798,0.05008591478496274,56.187902939290254,0.0770783005734365,-0.28134062949718736,0.06727831072350995,-0.02118892362412897,uniform_decoder
static_tailored,0.6,0.6666666666666666,0.16880981100254766,0.8311901889974523,0.0,0.019543011728474644,0.9992025683496532,0.04074201750875925,49.982792533363025,0.0770783005734365,-0.28134062949718736,0.06727831072350995,-0.02118892362412897,uniform_decoder
adaptive_decoder,0.6,0.6666666666666666,0.14732374841235577,0.8526762515876443,4.0,0.007529247894799438,0.9994326839727236,0.04237327718157474,69.33194051368949,0.0770783005734365,-0.28134062949718736,0.06727831072350995,-0.02118892362412897,uniform_decoder
overactive_decoder,0.6,0.6666666666666666,0.1720089603685259,0.8279910396314741,48.0,0.00020187365762290666,0.9993498849605387,0.04237327718157474,62.90397790937694,0.0770783005734365,-0.28134062949718736,0.06727831072350995,-0.02118892362412897,uniform_decoder
oracle_decoder,0.6,0.6666666666666666,0.15468980210421251,0.8453101978957875,0.0,0.0,0.9994343280091705,0.04074201750875925,69.33194051368949,0.0770783005734365,-0.28134062949718736,0.06727831072350995,-0.02118892362412897,uniform_decoder
uniform_decoder,0.6,0.75,0.07632536794202413,0.9236746320579758,0.0,0.013479148084549359,0.9991177188576487,0.051595158304356056,58.44950610549704,0.07632536794202413,-0.2852591591641918,0.060489933173228004,-0.018031329507466082,uniform_decoder
static_tailored,0.6,0.75,0.17355219434829594,0.8264478056517041,0.0,0.019830415566506204,0.9992025683496532,0.04073973947732551,49.98203036156182,0.07632536794202413,-0.2852591591641918,0.060489933173228004,-0.018031329507466082,uniform_decoder
adaptive_decoder,0.6,0.75,0.14720686565252783,0.8527931343474722,4.0,0.00822101006619845,0.999417863031495,0.04233674881459663,68.82126523676523,0.07632536794202413,-0.2852591591641918,0.060489933173228004,-0.018031329507466082,uniform_decoder
overactive_decoder,0.6,0.75,0.1692068727215968,0.8307931272784033,48.0,0.0002228792795853506,0.9993500781980578,0.04237232975578134,62.89766932651165,0.07632536794202413,-0.2852591591641918,0.060489933173228004,-0.018031329507466082,uniform_decoder
oracle_decoder,0.6,0.75,0.1534473509132102,0.8465526490867898,0.0,0.0,0.999434521879027,0.04074106847333931,69.33026265804891,0.07632536794202413,-0.2852591591641918,0.060489933173228004,-0.018031329507466082,uniform_decoder
uniform_decoder,0.6,0.8333333333333333,0.07569584402668744,0.9243041559733125,0.0,0.013306026412412762,0.9991176904946045,0.052033672502976754,58.66168884185385,0.07569584402668744,-0.2956618005483383,0.024956750670541927,0.006513522006414561,uniform_decoder
static_tailored,0.6,0.8333333333333333,0.18020044361121038,0.8197995563887897,0.0,0.019511447750656667,0.9992025683496532,0.04073973947732551,49.98205553073327,0.07569584402668744,-0.2956618005483383,0.024956750670541927,0.006513522006414561,uniform_decoder
adaptive_decoder,0.6,0.8333333333333333,0.14953189474832154,0.8504681052516785,4.0,0.008810343722915295,0.9993926007264865,0.04224412237590193,66.75209991260229,0.07569584402668744,-0.2956618005483383,0.024956750670541927,0.006513522006414561,uniform_decoder
overactive_decoder,0.6,0.8333333333333333,0.15837644380008614,0.8416235561999139,48.0,0.00025172365051207766,0.9993500395303068,0.05363459455697008,62.907309789140946,0.07569584402668744,-0.2956618005483383,0.024956750670541927,0.006513522006414561,uniform_decoder
oracle_decoder,0.6,0.8333333333333333,0.1473059585132028,0.8526940414867972,0.0,0.0,0.9994344830847137,0.052033672502976754,69.32470700792872,0.07569584402668744,-0.2956618005483383,0.024956750670541927,0.006513522006414561,uniform_decoder
uniform_decoder,0.6,0.9166666666666666,0.07518118513484538,0.9248188148651546,0.0,0.013193245394638719,0.9991175968173295,0.05203196402821447,58.66161611359829,0.07518118513484538,-0.24591502843080332,0.056400715356760056,-0.014687012948275685,uniform_decoder
static_tailored,0.6,0.9166666666666666,0.18799397503278603,0.812006024967214,0.0,0.01853110317100057,0.9992025698279234,0.04073803017453561,49.982792533363025,0.07518118513484538,-0.24591502843080332,0.056400715356760056,-0.014687012948275685,uniform_decoder
adaptive_decoder,0.6,0.9166666666666666,0.13244153206221818,0.8675584679377818,4.0,0.0096946510621464,0.9992025698279234,0.04231222965126931,49.98261200127252,0.07518118513484538,-0.24591502843080332,0.056400715356760056,-0.014687012948275685,uniform_decoder
overactive_decoder,0.6,0.9166666666666666,0.15080818435297735,0.8491918156470226,48.0,0.0002807527078999066,0.9993500781980578,0.053632888982054046,62.90717859395002,0.07518118513484538,-0.24591502843080332,0.056400715356760056,-0.014687012948275685,uniform_decoder
oracle_decoder,0.6,0.9166666666666666,0.13699704793270384,0.8630029520672962,0.0,0.0,0.999434521879027,0.05203196402821447,69.32978812784549,0.07518118513484538,-0.24591502843080332,0.056400715356760056,-0.014687012948275685,uniform_decoder
uniform_decoder,0.6,1.0,0.07479214241309211,0.9252078575869079,0.0,0.013345182656211601,0.999117724944923,0.05203291326321988,58.66165739215819,0.07479214241309211,-0.2590046447160036,0.027590141527650117,0.01466019353818271,uniform_decoder
static_tailored,0.6,1.0,0.1953661929550989,0.8046338070449011,0.0,0.017152456608314517,0.9992025683496533,0.04074201750875925,49.982792533363025,0.07479214241309211,-0.2590046447160036,0.027590141527650117,0.01466019353818271,uniform_decoder
adaptive_decoder,0.6,1.0,0.1357877582257891,0.8642122417742109,4.0,0.010185423749280406,0.9992025113632151,0.042367210102780405,49.982792533363025,0.07479214241309211,-0.2590046447160036,0.027590141527650117,0.01466019353818271,uniform_decoder
overactive_decoder,0.6,1.0,0.14469407905592147,0.8553059209440785,48.0,0.0003023671486742118,0.9993498849605387,0.05363383660584617,62.90397790937694,0.07479214241309211,-0.2590046447160036,0.027590141527650117,0.01466019353818271,uniform_decoder
oracle_decoder,0.6,1.0,0.13128056129740293,0.868719438702597,0.0,0.0,0.9994343280091705,0.05203291326321988,69.33194051368949,0.07479214241309211,-0.2590046447160036,0.027590141527650117,0.01466019353818271,uniform_decoder
uniform_decoder,0.6,1.0833333333333333,0.0746327104224367,0.9253672895775633,0.0,0.013427739139809838,0.9991176751525006,0.05203291326321988,58.66165739215819,0.0746327104224367,-0.23320624952342994,0.03937973011444787,-0.009007051036809455,uniform_decoder
static_tailored,0.6,1.0833333333333333,0.20121400226840386,0.7987859977315961,0.0,0.01610100870710501,0.9992025683496532,0.04074106847333931,49.98205553073327,0.0746327104224367,-0.23320624952342994,0.03937973011444787,-0.009007051036809455,uniform_decoder
adaptive_decoder,0.6,1.0833333333333333,0.1276837013261788,0.8723162986738212,4.0,0.010306723797451402,0.9994340699113677,0.05363383660584617,69.33194051368949,0.0746327104224367,-0.23320624952342994,0.03937973011444787,-0.009007051036809455,uniform_decoder
overactive_decoder,0.6,1.0833333333333333,0.1398025824224179,0.8601974175775822,48.0,0.0003230649364203416,0.9993496277040115,0.05363383660584617,62.90397790937692,0.0746327104224367,-0.23320624952342994,0.03937973011444787,-0.009007051036809455,uniform_decoder
oracle_decoder,0.6,1.0833333333333333,0.13035944855811324,0.8696405514418868,0.0,0.0,0.9994340699113677,0.05203291326321988,69.33194051368949,0.0746327104224367,-0.23320624952342994,0.03937973011444787,-0.009007051036809455,uniform_decoder
uniform_decoder,0.6,1.1666666666666665,0.07476339618128944,0.9252366038187105,0.0,0.01330602641241276,0.9991176126661472,0.0520268346037426,58.661355509071136,0.07476339618128944,-0.2326880097915457,0.03182539471025751,0.010608682532027727,uniform_decoder
static_tailored,0.6,1.1666666666666665,0.20526805587048141,0.7947319441295186,0.0,0.01571857153410802,0.9992025683496532,0.04074277658858052,49.982792533363025,0.07476339618128944,-0.2326880097915457,0.03182539471025751,0.010608682532027727,uniform_decoder
adaptive_decoder,0.6,1.1666666666666665,0.12775474254135394,0.8722452574586461,4.0,0.010481925630904271,0.9994340699113677,0.05341019538310383,69.32385535964185,0.07476339618128944,-0.2326880097915457,0.03182539471025751,0.010608682532027727,uniform_decoder
overactive_decoder,0.6,1.1666666666666665,0.13746825688613037,0.8625317431138696,48.0,0.0003517262015982029,0.9993496277040115,0.0536277682662299,62.907309789140946,0.07476339618128944,-0.2326880097915457,0.03182539471025751,0.010608682532027727,uniform_decoder
oracle_decoder,0.6,1.1666666666666665,0.12467183408306737,0.8753281659169326,0.0,0.0,0.9994340699113677,0.0520268346037426,69.33194051368949,0.07476339618128944,-0.2326880097915457,0.03182539471025751,0.010608682532027727,uniform_decoder
uniform_decoder,0.6,1.25,0.07509659889597999,0.92490340110402,0.0,0.013221843661938197,0.9991177015220322,0.052028925093228526,58.661469354457644,0.07509659889597999,-0.258030063033889,0.011787533920762474,0.030292958005355135,uniform_decoder
static_tailored,0.6,1.25,0.2076867374117873,0.7923132625882127,0.0,0.015896730903763315,0.9992025683496532,0.04074201750875925,49.9810209892013,0.07509659889597999,-0.258030063033889,0.011787533920762474,0.030292958005355135,uniform_decoder
adaptive_decoder,0.6,1.25,0.13603489677573483,0.8639651032242652,4.0,0.0116066150329266,0.9994339023898969,0.041214516462812614,69.32385535964185,0.07509659889597999,-0.258030063033889,0.011787533920762474,0.030292958005355135,uniform_decoder
overactive_decoder,0.6,1.25,0.13977769205567508,0.860222307944325,48.0,0.00038078910900216475,0.9993494607282429,0.05362985520609993,62.907309789140946,0.07509659889597999,-0.258030063033889,0.011787533920762474,0.030292958005355135,uniform_decoder
oracle_decoder,0.6,1.25,0.1268695423911832,0.8731304576088168,0.0,0.0,0.9994339023898969,0.052028925093228526,69.32385535964185,0.07509659889597999,-0.258030063033889,0.011787533920762474,0.030292958005355135,uniform_decoder
uniform_decoder,0.6,1.3333333333333333,0.07548042607728128,0.9245195739227188,0.0,0.013345182656211601,0.999117724944923,0.05202683460374259,58.66135550907113,0.07548042607728128,-0.2563063224551538,0.004149517736835673,0.03840261865592946,uniform_decoder
static_tailored,0.6,1.3333333333333333,0.20871057250685968,0.7912894274931404,0.0,0.016327998917560167,0.9992025683496533,0.04074201750875925,49.98002697051577,0.07548042607728128,-0.2563063224551538,0.004149517736835673,0.03840261865592946,uniform_decoder
adaptive_decoder,0.6,1.3333333333333333,0.13618857180092986,0.8638114281990701,4.0,0.01289239570835825,0.9994294509631169,0.04093686440957633,69.33194051368949,0.07548042607728128,-0.2563063224551538,0.004149517736835673,0.03840261865592946,uniform_decoder
overactive_decoder,0.6,1.3333333333333333,0.13749603775948513,0.8625039622405148,48.0,0.0004024359891003412,0.9993500910895585,0.0536277682662299,62.90397790937692,0.07548042607728128,-0.2563063224551538,0.004149517736835673,0.03840261865592946,uniform_decoder
oracle_decoder,0.6,1.3333333333333333,0.12466313574742993,0.8753368642525701,0.0,0.0,0.9994345348127256,0.05202683460374259,69.33194051368949,0.07548042607728128,-0.2563063224551538,0.004149517736835673,0.03840261865592946,uniform_decoder
uniform_decoder,0.6,1.4166666666666665,0.07580014772706498,0.924199852272935,0.0,0.013414954783280307,0.9991177267877314,0.0520268346037426,58.661355509071136,0.07580014772706498,-0.26104003473916226,0.007813342396535547,0.03432011030705371,uniform_decoder
static_tailored,0.6,1.4166666666666665,0.20854490954515323,0.7914550904548467,0.0,0.016867354925800607,0.9992025698279234,0.04073803017453561,49.98261200127252,0.07580014772706498,-0.26104003473916226,0.007813342396535547,0.03432011030705371,uniform_decoder
adaptive_decoder,0.6,1.4166666666666665,0.13826430876033152,0.8617356912396685,4.0,0.013518309209836576,0.9994211076903479,0.04195550298544173,69.02542595608378,0.07580014772706498,-0.26104003473916226,0.007813342396535547,0.03432011030705371,uniform_decoder
overactive_decoder,0.6,1.4166666666666665,0.1407743170747346,0.8592256829252654,48.0,0.0004228534640783239,0.9993500781980578,0.0536277682662299,62.90717859397134,0.07580014772706498,-0.26104003473916226,0.007813342396535547,0.03432011030705371,uniform_decoder
oracle_decoder,0.6,1.4166666666666665,0.12775855068953781,0.8722414493104622,0.0,0.0,0.999434521879027,0.0520268346037426,69.32978812785898,0.07580014772706498,-0.26104003473916226,0.007813342396535547,0.03432011030705371,uniform_decoder
uniform_decoder,0.6,1.5,0.07596438985584446,0.9240356101441556,0.0,0.013306026412412755,0.9991177188576487,0.05203291326321988,58.66165739215819,0.07596438985584446,-0.27189290244700925,-0.014641814210163598,0.05716258950914012,uniform_decoder
static_tailored,0.6,1.5,0.20739415954218673,0.7926058404578132,0.0,0.01744139836592785,0.9992025683496532,0.04073973947732551,49.98203036156182,0.07596438985584446,-0.27189290244700925,-0.014641814210163598,0.05716258950914012,uniform_decoder
adaptive_decoder,0.6,1.5,0.14207018840389457,0.8579298115961054,4.0,0.013562268539911562,0.9994096057799905,0.042355050719171505,68.2094813517054,0.07596438985584446,-0.27189290244700925,-0.014641814210163598,0.05716258950914012,uniform_decoder
overactive_decoder,0.6,1.5,0.1373602720133758,0.8626397279866242,48.0,0.0004512808806808727,0.9993498849605387,0.05363383660584617,62.907309789140946,0.07596438985584446,-0.27189290244700925,-0.014641814210163598,0.05716258950914012,uniform_decoder
oracle_decoder,0.6,1.5,0.12454903496897753,0.8754509650310225,0.0,0.0,0.9994343280091705,0.05203291326321988,69.32385535964185,0.07596438985584446,-0.27189290244700925,-0.014641814210163598,0.05716258950914012,uniform_decoder
uniform_decoder,0.6,1.5833333333333333,0.07591762824689229,0.9240823717531077,0.0,0.013246116468712953,0.9991176126661472,0.052028925093228526,58.66146935444296,0.07591762824689229,-0.21125577827629952,0.05045605233098717,-0.002687283960135281,uniform_decoder
static_tailored,0.6,1.5833333333333333,0.20563207429916278,0.7943679257008373,0.0,0.017931433954031014,0.9992025683496532,0.04074258683100336,49.98261200127252,0.07591762824689229,-0.21125577827629952,0.05045605233098717,-0.002687283960135281,uniform_decoder
adaptive_decoder,0.6,1.5833333333333333,0.12348050872450743,0.8765194912754926,4.0,0.013356616579537961,0.9993959418353772,0.053597300898455574,67.0503262557277,0.07591762824689229,-0.21125577827629952,0.05045605233098717,-0.002687283960135281,uniform_decoder
overactive_decoder,0.6,1.5833333333333333,0.13869297448856877,0.8613070255114312,48.0,0.0004807253134776863,0.9993500395303068,0.05362985520609993,62.90717859395002,0.07591762824689229,-0.21125577827629952,0.05045605233098717,-0.002687283960135281,uniform_decoder
oracle_decoder,0.6,1.5833333333333333,0.12424693783808106,0.875753062161919,0.0,0.0,0.9994344830847137,0.052028925093228526,69.32978812784549,0.07591762824689229,-0.21125577827629952,0.05045605233098717,-0.002687283960135281,uniform_decoder
uniform_decoder,0.6,1.6666666666666665,0.07570656387739289,0.9242934361226072,0.0,0.013345182656211601,0.9991174868965851,0.052014652046435586,58.660484637627135,0.07570656387739289,-0.24818366223929447,-0.0020898346923159264,0.04425066679319674,uniform_decoder
static_tailored,0.6,1.6666666666666665,0.2039037158665701,0.7960962841334299,0.0,0.018254389967102675,0.9992025683496532,0.04074201750875925,49.982792533363025,0.07570656387739289,-0.24818366223929447,-0.0020898346923159264,0.04425066679319674,uniform_decoder
adaptive_decoder,0.6,1.6666666666666665,0.13406555098075032,0.8659344490192497,4.0,0.013631397658164542,0.9994337093327315,0.053615606406082324,69.21193441957335,0.07570656387739289,-0.24818366223929447,-0.0020898346923159264,0.04425066679319674,uniform_decoder
overactive_decoder,0.6,1.6666666666666665,0.13342197426650793,0.8665780257334921,48.0,0.0005018007983242568,0.9993492682996317,0.053615606406082324,62.84599804946325,0.07570656387739289,-0.24818366223929447,-0.0020898346923159264,0.04425066679319674,uniform_decoder
oracle_decoder,0.6,1.6666666666666665,0.12107836021197108,0.878921639788029,0.0,0.0,0.9994337093327316,0.052014652046435586,69.21193441957335,0.07570656387739289,-0.24818366223929447,-0.0020898346923159264,0.04425066679319674,uniform_decoder
uniform_decoder,0.6,1.75,0.07544305947353236,0.9245569405264676,0.0,0.013365470233415869,0.9991177015220322,0.05202150887074655,58.661018218295695,0.07544305947353236,-0.43696159673589774,-0.20501272192186515,0.23811961294252845,uniform_decoder
static_tailored,0.6,1.75,0.20295189662646496,0.797048103373535,0.0,0.018413737701365288,0.9992025683496532,0.040733468771352734,49.98118991459306,0.07544305947353236,-0.43696159673589774,-0.20501272192186515,0.23811961294252845,uniform_decoder
adaptive_decoder,0.6,1.75,0.20633879451221782,0.7936612054877822,4.0,0.014120576100154901,0.9994266694538737,0.0422132048180551,69.28390638727048,0.07544305947353236,-0.43696159673589774,-0.20501272192186515,0.23811961294252845,uniform_decoder
overactive_decoder,0.6,1.75,0.1286969240349125,0.8713030759650875,48.0,0.0005224922366821226,0.9993500781980578,0.0536224515788323,62.907309789140946,0.07544305947353236,-0.43696159673589774,-0.20501272192186515,0.23811961294252845,uniform_decoder
oracle_decoder,0.6,1.75,0.11925079307903443,0.8807492069209656,0.0,0.0,0.999434521879027,0.05202150887074655,69.33194051368949,0.07544305947353236,-0.43696159673589774,-0.20501272192186515,0.23811961294252845,uniform_decoder
uniform_decoder,0.6,1.8333333333333333,0.07519654979949528,0.9248034502005047,0.0,0.013306026412412755,0.999117724944923,0.052033672502976754,58.66168884185385,0.07519654979949528,-0.23915592146649484,-0.007806092485222678,0.034824303875868906,uniform_decoder
static_tailored,0.6,1.8333333333333333,0.20327277649049103,0.796727223509509,0.0,0.018299153832097542,0.9992025683496532,0.04074201750875925,49.982792533363025,0.07519654979949528,-0.23915592146649484,-0.007806092485222678,0.034824303875868906,uniform_decoder
adaptive_decoder,0.6,1.8333333333333333,0.1304228950016951,0.8695771049983049,4.0,0.014486482678370265,0.9993926007264865,0.04231222965126931,66.75209991260228,0.07519654979949528,-0.23915592146649484,-0.007806092485222678,0.034824303875868906,uniform_decoder
overactive_decoder,0.6,1.8333333333333333,0.12809959112514344,0.8719004088748565,48.0,0.000550333446205466,0.9993498849605386,0.05363459455697008,62.88821620728458,0.07519654979949528,-0.23915592146649484,-0.007806092485222678,0.034824303875868906,uniform_decoder
oracle_decoder,0.6,1.8333333333333333,0.12037312410875128,0.8796268758912487,0.0,0.0,0.9994343280091705,0.052033672502976754,69.32470700792871,0.07519654979949528,-0.23915592146649484,-0.007806092485222678,0.034824303875868906,uniform_decoder
uniform_decoder,0.6,1.9166666666666665,0.07497251543358896,0.925027484566411,0.0,0.013261823379584092,0.9991177188576487,0.052033482705393416,58.66168111056814,0.07497251543358896,-0.15925030908505183,0.06531518971350694,-0.027606147303218136,uniform_decoder
static_tailored,0.6,1.9166666666666665,0.20477896932459996,0.7952210306754001,0.0,0.017842201042207056,0.9992025683496532,0.04074201750875925,49.982598339914425,0.07497251543358896,-0.15925030908505183,0.06531518971350694,-0.027606147303218136,uniform_decoder
adaptive_decoder,0.6,1.9166666666666665,0.10818134866664561,0.8918186513333544,4.0,0.01449543063396038,0.9992025113632151,0.04236721010278041,49.982598339914425,0.07497251543358896,-0.15925030908505183,0.06531518971350694,-0.027606147303218136,uniform_decoder
overactive_decoder,0.6,1.9166666666666665,0.12573829905951225,0.8742617009404877,48.0,0.0005786844647470293,0.9993498849605386,0.05363440508151683,62.89766932651165,0.07497251543358896,-0.15925030908505183,0.06531518971350694,-0.027606147303218136,uniform_decoder
oracle_decoder,0.6,1.9166666666666665,0.11528121330598497,0.884718786694015,0.0,0.0,0.9994343280091705,0.052033482705393416,69.33026265804891,0.07497251543358896,-0.15925030908505183,0.06531518971350694,-0.027606147303218136,uniform_decoder
uniform_decoder,0.6,2.0,0.07479358417908949,0.9252064158209106,0.0,0.013345182656211603,0.999117724944923,0.05203291326321988,58.66165739215084,0.07479358417908949,-0.1650776377961782,0.04413205871375601,-0.011542645936098305,uniform_decoder
static_tailored,0.6,2.0,0.20688932567936208,0.793110674320638,0.0,0.017152456608314517,0.9992025683496533,0.04074201750875925,49.982792533363025,0.07479358417908949,-0.1650776377961782,0.04413205871375601,-0.011542645936098305,uniform_decoder
adaptive_decoder,0.6,2.0,0.10938102362137737,0.8906189763786226,4.0,0.01474977505596988,0.9992025113632151,0.042367210102780405,49.982792533363025,0.07479358417908949,-0.1650776377961782,0.04413205871375601,-0.011542645936098305,uniform_decoder
overactive_decoder,0.6,2.0,0.12108045436989373,0.8789195456301062,48.0,0.0006002699144994488,0.9993498849605387,0.05363383660584617,62.90397790937694,0.07479358417908949,-0.1650776377961782,0.04413205871375601,-0.011542645936098305,uniform_decoder
oracle_decoder,0.6,2.0,0.1123271213653816,0.8876728786346184,0.0,0.0,0.9994343280091705,0.05203291326321988,69.33194051368949,0.07479358417908949,-0.1650776377961782,0.04413205871375601,-0.011542645936098305,uniform_decoder
uniform_decoder,0.6749999999999999,0.0,0.07004983184238076,0.9299501681576192,0.0,0.017699989526039007,0.9991261108789133,0.050589094722512565,57.889603499819756,0.07004983184238076,-0.39209499401791154,0.03801069910925492,0.004015268721108551,uniform_decoder
static_tailored,0.6749999999999999,0.0,0.1711933231413885,0.8288066768586115,0.0,0.0,0.9992144721241472,0.03929836953707864,50.027975766503054,0.07004983184238076,-0.39209499401791154,0.03801069910925492,0.004015268721108551,uniform_decoder
adaptive_decoder,0.6749999999999999,0.0,0.172783429989278,0.827216570010722,4.0,8.673617379884035e-19,0.9992144721241472,0.04093211656808568,50.027975766503054,0.07004983184238076,-0.39209499401791154,0.03801069910925492,0.004015268721108551,uniform_decoder
overactive_decoder,0.6749999999999999,0.0,0.18858745086983242,0.8114125491301676,48.0,8.673617379884035e-19,0.9991203701704974,0.04093211656808568,46.53334299864541,0.07004983184238076,-0.39209499401791154,0.03801069910925492,0.004015268721108551,uniform_decoder
oracle_decoder,0.6749999999999999,0.0,0.1711933231413885,0.8288066768586115,0.0,0.0,0.9992144721241472,0.03929836953707864,50.027975766503054,0.07004983184238076,-0.39209499401791154,0.03801069910925492,0.004015268721108551,uniform_decoder
uniform_decoder,0.6749999999999999,0.08333333333333333,0.07152784077885609,0.9284721592211439,0.0,0.01662326983735106,0.9991261108789133,0.050589094722512565,57.889603499819756,0.07152784077885609,-0.36148455901804244,0.040994645778664345,0.004385523197862111,uniform_decoder
static_tailored,0.6749999999999999,0.08333333333333333,0.16276992034555887,0.8372300796544412,0.0,0.002888879584695341,0.9992144721283138,0.04085506393590398,51.194883064072094,0.07152784077885609,-0.36148455901804244,0.040994645778664345,0.004385523197862111,uniform_decoder
adaptive_decoder,0.6749999999999999,0.08333333333333333,0.16442190443060595,0.8355780955693941,4.0,0.0009145109441301317,0.9992144721283138,0.04224107783125863,51.194883064072094,0.07152784077885609,-0.36148455901804244,0.040994645778664345,0.004385523197862111,uniform_decoder
overactive_decoder,0.6749999999999999,0.08333333333333333,0.18069840533675235,0.8193015946632476,48.0,2.3171616248465938e-05,0.9991203701999555,0.042486055106185146,47.62101594933627,0.07152784077885609,-0.36148455901804244,0.040994645778664345,0.004385523197862111,uniform_decoder
oracle_decoder,0.6749999999999999,0.08333333333333333,0.16276992034555887,0.8372300796544412,0.0,0.0,0.9992144721283138,0.04085506393590398,51.194883064072094,0.07152784077885609,-0.36148455901804244,0.040994645778664345,0.004385523197862111,uniform_decoder
uniform_decoder,0.6749999999999999,0.16666666666666666,0.07361776219057921,0.9263822378094207,0.0,0.014836917311298846,0.9991261108789133,0.050589094722512565,57.889603499819756,0.07361776219057921,-0.3332601641634625,0.04315929288362376,0.0046520695841854075,uniform_decoder
static_tailored,0.6749999999999999,0.16666666666666666,0.1568883539030874,0.8431116460969126,0.0,0.006813869994647541,0.9992144721241472,0.04128868761152929,51.194883064072094,0.07361776219057921,-0.3332601641634625,0.04315929288362376,0.0046520695841854075,uniform_decoder
adaptive_decoder,0.6749999999999999,0.16666666666666666,0.15857794148271143,0.8414220585172886,4.0,0.0022001781461932616,0.9992144579409136,0.04282831316223971,51.194883064072094,0.07361776219057921,-0.3332601641634625,0.04315929288362376,0.0046520695841854075,uniform_decoder
overactive_decoder,0.6749999999999999,0.16666666666666666,0.17514674427123136,0.8248532557287687,48.0,5.604985538255747e-05,0.9991203701704974,0.04291894627911283,47.62076975925269,0.07361776219057921,-0.3332601641634625,0.04315929288362376,0.0046520695841854075,uniform_decoder
oracle_decoder,0.6749999999999999,0.16666666666666666,0.1568883539030874,0.8431116460969126,0.0,0.0,0.9992144721241472,0.04128868761152929,51.194883064072094,0.07361776219057921,-0.3332601641634625,0.04315929288362376,0.0046520695841854075,uniform_decoder
uniform_decoder,0.6749999999999999,0.25,0.07562974993892548,0.9243702500610745,0.0,0.014264682415594816,0.9991261108789133,0.050589094722512565,57.889603499819756,0.07562974993892548,-0.31198608260498206,0.046733737642702666,0.00228909330909769,uniform_decoder
static_tailored,0.6749999999999999,0.25,0.15341819374333499,0.846581806256665,0.0,0.011085997885298076,0.9992144721241472,0.04128850258547707,51.194883064072094,0.07562974993892548,-0.31198608260498206,0.046733737642702666,0.00228909330909769,uniform_decoder
adaptive_decoder,0.6749999999999999,0.25,0.1551239114903647,0.8448760885096354,4.0,0.0035205673609249428,0.9992144295834394,0.0428825391664331,51.194883064072094,0.07562974993892548,-0.31198608260498206,0.046733737642702666,0.00228909330909769,uniform_decoder
overactive_decoder,0.6749999999999999,0.25,0.17274778389160067,0.8272522161083993,48.0,8.899256255930119e-05,0.9993421520760521,0.042918761558764056,64.57422200064754,0.07562974993892548,-0.31198608260498206,0.046733737642702666,0.00228909330909769,uniform_decoder
oracle_decoder,0.6749999999999999,0.25,0.15430843041343215,0.8456915695865679,0.0,0.0,0.9994265777218777,0.04128850258547707,71.21974053377382,0.07562974993892548,-0.31198608260498206,0.046733737642702666,0.00228909330909769,uniform_decoder
uniform_decoder,0.6749999999999999,0.3333333333333333,0.07710150555446367,0.9228984944455363,0.0,0.014886751376463461,0.9991261108789133,0.050589094722512565,57.889603499819756,0.07710150555446367,-0.3142949818704857,0.05755427870370125,-0.010736248309833005,uniform_decoder
static_tailored,0.6749999999999999,0.3333333333333333,0.15217198323891967,0.8478280167610803,0.0,0.014645796068465675,0.9992144721241472,0.04128794744354429,51.19373638291629,0.07710150555446367,-0.3142949818704857,0.05755427870370125,-0.010736248309833005,uniform_decoder
adaptive_decoder,0.6749999999999999,0.3333333333333333,0.15898561838677375,0.8410143816132263,4.0,0.0045428479283980165,0.9994583100773777,0.042918207334090554,73.19537507381304,0.07710150555446367,-0.3142949818704857,0.05755427870370125,-0.010736248309833005,uniform_decoder
overactive_decoder,0.6749999999999999,0.3333333333333333,0.18151483246077768,0.8184851675392223,48.0,0.00011234209288671556,0.9993737805493228,0.04291820733409056,65.98792828777117,0.07710150555446367,-0.3142949818704857,0.05755427870370125,-0.010736248309833005,uniform_decoder
oracle_decoder,0.6749999999999999,0.3333333333333333,0.1629649053533294,0.8370350946466706,0.0,0.0,0.9994583100773777,0.04128794744354429,73.19537507381304,0.07710150555446367,-0.3142949818704857,0.05755427870370125,-0.010736248309833005,uniform_decoder
uniform_decoder,0.6749999999999999,0.41666666666666663,0.07796535711235504,0.9220346428876449,0.0,0.015207000143316468,0.9991261108789133,0.050589094722512565,57.889603499819756,0.07796535711235504,-0.30374451208642866,0.077400166434793,-0.032218566510669115,uniform_decoder
static_tailored,0.6749999999999999,0.41666666666666663,0.1530646685349775,0.8469353314650225,0.0,0.017360661876402856,0.9992144721241472,0.04128850258547707,51.1947170924995,0.07796535711235504,-0.30374451208642866,0.077400166434793,-0.032218566510669115,uniform_decoder
adaptive_decoder,0.6749999999999999,0.41666666666666663,0.1569083966207196,0.8430916033792804,4.0,0.005248266847119486,0.9994582465813109,0.04279168595784668,73.1961547856326,0.07796535711235504,-0.30374451208642866,0.077400166434793,-0.032218566510669115,uniform_decoder
overactive_decoder,0.6749999999999999,0.41666666666666663,0.1875194631485479,0.812480536851452,48.0,0.00013531850946395303,0.9993737172699783,0.04291876155876406,65.99502196945505,0.07796535711235504,-0.30374451208642866,0.077400166434793,-0.032218566510669115,uniform_decoder
oracle_decoder,0.6749999999999999,0.41666666666666663,0.16899145728217618,0.8310085427178238,0.0,0.0,0.9994582465813109,0.04128850258547707,73.1961547856326,0.07796535711235504,-0.30374451208642866,0.077400166434793,-0.032218566510669115,uniform_decoder
uniform_decoder,0.6749999999999999,0.5,0.07819622703613015,0.9218037729638698,0.0,0.014836917311298848,0.9991261108789133,0.050589094722512565,57.889603499819756,0.07819622703613015,-0.3391855441657863,0.023099318803397755,0.021246896834594325,uniform_decoder
static_tailored,0.6749999999999999,0.5,0.15554092840577308,0.844459071594227,0.0,0.019478291556527003,0.9992144721241472,0.04128794744354429,51.194883064072094,0.07819622703613015,-0.3391855441657863,0.023099318803397755,0.021246896834594325,uniform_decoder
adaptive_decoder,0.6749999999999999,0.5,0.17075417968191714,0.8292458203180828,4.0,0.006401953765669332,0.9994582465813109,0.04282831316223971,73.19537507382793,0.07819622703613015,-0.3391855441657863,0.023099318803397755,0.021246896834594325,uniform_decoder
overactive_decoder,0.6749999999999999,0.5,0.18008214783763962,0.8199178521623603,48.0,0.00016804832545960695,0.9993737172699784,0.04291894627911282,65.98792828777117,0.07819622703613015,-0.3391855441657863,0.023099318803397755,0.021246896834594325,uniform_decoder
oracle_decoder,0.6749999999999999,0.5,0.16260146202207984,0.8373985379779202,0.0,0.0,0.9994582465813109,0.04128868761152928,73.19537507382793,0.07819622703613015,-0.3391855441657863,0.023099318803397755,0.021246896834594325,uniform_decoder
uniform_decoder,0.6749999999999999,0.5833333333333333,0.07778337908671651,0.9222166209132835,0.0,0.014600738589458739,0.9991261108789133,0.050589094722512565,57.889603499819756,0.07778337908671651,-0.33658734562225917,0.006314901317392139,0.03808989857140143,uniform_decoder
static_tailored,0.6749999999999999,0.5833333333333333,0.15869897170763353,0.8413010282923665,0.0,0.020973778676759158,0.9992144721241472,0.04128702199443865,51.194883064072094,0.07778337908671651,-0.33658734562225917,0.006314901317392139,0.03808989857140143,uniform_decoder
adaptive_decoder,0.6749999999999999,0.5833333333333333,0.1688395366275742,0.8311604633724258,4.0,0.007403320266700306,0.9994582942012501,0.04290042184636803,73.18941596035647,0.07778337908671651,-0.33658734562225917,0.006314901317392139,0.03808989857140143,uniform_decoder
overactive_decoder,0.6749999999999999,0.5833333333333333,0.17131250000646137,0.8286874999935386,48.0,0.0002010403099770748,0.9993737647273858,0.04291820733409056,65.98792828777118,0.07778337908671651,-0.33658734562225917,0.006314901317392139,0.03808989857140143,uniform_decoder
oracle_decoder,0.6749999999999999,0.5833333333333333,0.15466222474419322,0.8453377752558068,0.0,0.0,0.9994582942012501,0.04128794744354429,73.18941596035647,0.07778337908671651,-0.33658734562225917,0.006314901317392139,0.03808989857140143,uniform_decoder
uniform_decoder,0.6749999999999999,0.6666666666666666,0.07697056636959002,0.92302943363041,0.0,0.014886751376463461,0.9991261108789133,0.050589094722512565,57.889603499819756,0.07697056636959002,-0.2612119373957063,0.07224050437975812,-0.037983407133635384,uniform_decoder
static_tailored,0.6749999999999999,0.6666666666666666,0.1624712326543827,0.8375287673456173,0.0,0.02182938532415571,0.9992144721241472,0.04128794744354429,51.19373638291629,0.07697056636959002,-0.2612119373957063,0.07224050437975812,-0.037983407133635384,uniform_decoder
adaptive_decoder,0.6749999999999999,0.6666666666666666,0.14045481097866905,0.8595451890213309,4.0,0.008379278516921796,0.9994560383823881,0.042918207334090554,73.16804610277066,0.07697056636959002,-0.2612119373957063,0.07224050437975812,-0.037983407133635384,uniform_decoder
overactive_decoder,0.6749999999999999,0.6666666666666666,0.16587354409456564,0.8341264559054343,48.0,0.0002245134012104282,0.9993735275663693,0.04291820733409056,65.98792828777118,0.07697056636959002,-0.2612119373957063,0.07224050437975812,-0.037983407133635384,uniform_decoder
oracle_decoder,0.6749999999999999,0.6666666666666666,0.15329218928252333,0.8467078107174767,0.0,0.0,0.9994580562281826,0.04128794744354429,73.16804610277066,0.07697056636959002,-0.2612119373957063,0.07224050437975812,-0.037983407133635384,uniform_decoder
uniform_decoder,0.6749999999999999,0.75,0.0761312037677405,0.9238687962322595,0.0,0.015044878424075958,0.9991340042262216,0.0521457204909438,60.07634961340762,0.0761312037677405,-0.2661491983093173,0.06524930180417442,-0.02044049776569293,uniform_decoder
static_tailored,0.6749999999999999,0.75,0.16780550269529476,0.8321944973047053,0.0,0.022172028115186967,0.9992144721241472,0.041285725919459657,51.19373638291629,0.0761312037677405,-0.2661491983093173,0.06524930180417442,-0.02044049776569293,uniform_decoder
adaptive_decoder,0.6749999999999999,0.75,0.1405115081183056,0.8594884918816944,4.0,0.009116583277532573,0.999437872365135,0.0428825391664331,72.24151284171403,0.0761312037677405,-0.2661491983093173,0.06524930180417442,-0.02044049776569293,uniform_decoder
overactive_decoder,0.6749999999999999,0.75,0.16329060454694022,0.8367093954530598,48.0,0.0002472931877321068,0.9993737647273858,0.04291728341424668,65.99347286601268,0.0761312037677405,-0.2661491983093173,0.06524930180417442,-0.02044049776569293,uniform_decoder
oracle_decoder,0.6749999999999999,0.75,0.14728292239685184,0.8527170776031482,0.0,0.0,0.9994582942012501,0.04128702199443865,73.19615478563261,0.0761312037677405,-0.2661491983093173,0.06524930180417442,-0.02044049776569293,uniform_decoder
uniform_decoder,0.6749999999999999,0.8333333333333333,0.07544958925845735,0.9245504107415426,0.0,0.014836917311298846,0.9991338317259191,0.05257944546997936,60.11537094063609,0.07544958925845735,-0.2783721383270221,0.042686798583429164,0.004536470161988325,uniform_decoder
static_tailored,0.6749999999999999,0.8333333333333333,0.17537219367060491,0.824627806329395,0.0,0.02181612646526052,0.9992144721241472,0.041285725919459657,51.1926181610638,0.07544958925845735,-0.2783721383270221,0.042686798583429164,0.004536470161988325,uniform_decoder
adaptive_decoder,0.6749999999999999,0.8333333333333333,0.14322835967260056,0.8567716403273995,4.0,0.009777612748688791,0.9994071325772155,0.04279168595784668,69.31320984350509,0.07544958925845735,-0.2783721383270221,0.042686798583429164,0.004536470161988325,uniform_decoder
overactive_decoder,0.6749999999999999,0.8333333333333333,0.15802136784543708,0.8419786321545629,48.0,0.00027988881798641135,0.9993737172699783,0.05417936826712973,65.99502196945505,0.07544958925845735,-0.2783721383270221,0.042686798583429164,0.004536470161988325,uniform_decoder
oracle_decoder,0.6749999999999999,0.8333333333333333,0.1417400390314096,0.8582599609685904,0.0,0.0,0.9994582465813109,0.05257944546997936,73.19181615817065,0.07544958925845735,-0.2783721383270221,0.042686798583429164,0.004536470161988325,uniform_decoder
uniform_decoder,0.6749999999999999,0.9166666666666666,0.07488948321482124,0.9251105167851787,0.0,0.014702557140473924,0.999133978096467,0.05257777925332071,60.12082108987313,0.07488948321482124,-0.23076590012096815,0.05968159240160529,-0.015298240772618923,uniform_decoder
static_tailored,0.6749999999999999,0.9166666666666666,0.18430279677292238,0.8156972032270776,0.0,0.020704754745511852,0.9992144721283138,0.04128405877267852,51.19373638291629,0.07488948321482124,-0.23076590012096815,0.05968159240160529,-0.015298240772618923,uniform_decoder
adaptive_decoder,0.6749999999999999,0.9166666666666666,0.12740507674901072,0.8725949232509893,4.0,0.01079011130534383,0.9992144721283138,0.04285854530580426,51.19373638291629,0.07488948321482124,-0.23076590012096815,0.05968159240160529,-0.015298240772618923,uniform_decoder
overactive_decoder,0.6749999999999999,0.9166666666666666,0.14617339240042596,0.8538266075995741,48.0,0.0003127577972801846,0.9993737647273857,0.05417770480683469,65.97844239126601,0.07488948321482124,-0.23076590012096815,0.05968159240160529,-0.015298240772618923,uniform_decoder
oracle_decoder,0.6749999999999999,0.9166666666666666,0.13197296518288326,0.8680270348171167,0.0,0.0,0.99945829420125,0.05257777925332071,73.14875445107882,0.07488948321482124,-0.23076590012096815,0.05968159240160529,-0.015298240772618923,uniform_decoder
uniform_decoder,0.6749999999999999,1.0,0.07444917215357622,0.9255508278464237,0.0,0.014886751376463466,0.999133943147644,0.052578705035309425,60.120046326575256,0.07444917215357622,-0.2457895449381061,0.029225314193218745,0.010740202850449153,uniform_decoder
static_tailored,0.6749999999999999,1.0,0.1926869997896113,0.8073130002103888,0.0,0.019157096997118487,0.9992144721241472,0.04128794744354429,51.19373638291629,0.07444917215357622,-0.2457895449381061,0.029225314193218745,0.010740202850449153,uniform_decoder
adaptive_decoder,0.6749999999999999,1.0,0.13111410593781297,0.8688858940621871,4.0,0.011336627585153934,0.9992143870913062,0.0429122896697211,51.19261816107097,0.07444917215357622,-0.2457895449381061,0.029225314193218745,0.010740202850449153,uniform_decoder
overactive_decoder,0.6749999999999999,1.0,0.14024091351898485,0.8597590864810152,48.0,0.0003362777822714083,0.9993735275663692,0.05417862905726323,65.98792828777117,0.07444917215357622,-0.2457895449381061,0.029225314193218745,0.010740202850449153,uniform_decoder
oracle_decoder,0.6749999999999999,1.0,0.12791138900406773,0.8720886109959323,0.0,0.0,0.9994580562281825,0.052578705035309425,73.19537507382793,0.07444917215357622,-0.2457895449381061,0.029225314193218745,0.010740202850449153,uniform_decoder
uniform_decoder,0.6749999999999999,1.0833333333333333,0.0742600471035411,0.9257399528964589,0.0,0.014990448585286498,0.9991339780964672,0.052578705035309425,60.120395422328514,0.0742600471035411,-0.21857683085804758,0.05489779788445391,-0.011302464435350542,uniform_decoder
static_tailored,0.6749999999999999,1.0833333333333333,0.1992468417784755,0.8007531582215245,0.0,0.017972487831358873,0.9992144721241472,0.04128702199443865,51.191979305165724,0.0742600471035411,-0.21857683085804758,0.05489779788445391,-0.011302464435350542,uniform_decoder
adaptive_decoder,0.6749999999999999,1.0833333333333333,0.1228378060836101,0.8771621939163899,4.0,0.011401837699559441,0.9994577394230387,0.05417862905726323,73.18242386817568,0.0742600471035411,-0.21857683085804758,0.05489779788445391,-0.011302464435350542,uniform_decoder
overactive_decoder,0.6749999999999999,1.0833333333333333,0.13938943223323724,0.8606105677667628,48.0,0.0003587042319690716,0.9993732118415991,0.05417862905726323,65.99347286601268,0.0742600471035411,-0.21857683085804758,0.05489779788445391,-0.011302464435350542,uniform_decoder
oracle_decoder,0.6749999999999999,1.0833333333333333,0.1260766079231725,0.8739233920768275,0.0,0.0,0.9994577394230387,0.052578705035309425,73.18242386817568,0.0742600471035411,-0.21857683085804758,0.05489779788445391,-0.011302464435350542,uniform_decoder
uniform_decoder,0.6749999999999999,1.1666666666666665,0.07440569478440491,0.925594305215595,0.0,0.014836917311298851,0.9991339986025942,0.05257277545156939,60.12082108986545,0.07440569478440491,-0.21836577377660196,0.035174533403595706,-9.558020957148894e-05,uniform_decoder
static_tailored,0.6749999999999999,1.1666666666666665,0.20374682240481806,0.796253177595182,0.0,0.017536928549164384,0.9992144721241472,0.04128868761152928,51.194883064072094,0.07440569478440491,-0.21836577377660196,0.035174533403595706,-9.558020957148894e-05,uniform_decoder
adaptive_decoder,0.6749999999999999,1.1666666666666665,0.1230189313851168,0.8769810686148832,4.0,0.011562867014207634,0.9994577394230387,0.053958837700397506,73.12462379150759,0.07440569478440491,-0.21836577377660196,0.035174533403595706,-9.558020957148894e-05,uniform_decoder
overactive_decoder,0.6749999999999999,1.1666666666666665,0.13339712926498007,0.86660287073502,48.0,0.0003910745579832436,0.9993732118415991,0.054172709286171634,65.98792828777118,0.07440569478440491,-0.21836577377660196,0.035174533403595706,-9.558020957148894e-05,uniform_decoder
oracle_decoder,0.6749999999999999,1.1666666666666665,0.12304600856363689,0.8769539914363631,0.0,0.0,0.9994577394230387,0.05257277545156939,73.16804610275582,0.07440569478440491,-0.21836577377660196,0.035174533403595706,-9.558020957148894e-05,uniform_decoder
uniform_decoder,0.6749999999999999,1.25,0.07478234501820041,0.9252176549817996,0.0,0.014735050607262245,0.9991340042262216,0.05257481496986255,60.12069115666111,0.07478234501820041,-0.2432811031783166,0.015841658561587556,0.027914251924150656,uniform_decoder
static_tailored,0.6749999999999999,1.25,0.20642453500878535,0.7935754649912147,0.0,0.017742721678860714,0.9992144721241472,0.04128794744354429,51.191979305165724,0.07478234501820041,-0.2432811031783166,0.015841658561587556,0.027914251924150656,uniform_decoder
adaptive_decoder,0.6749999999999999,1.25,0.1309423656521947,0.8690576343478054,4.0,0.012881029191281071,0.9994575338012405,0.04175562632441601,73.12462379150759,0.07478234501820041,-0.2432811031783166,0.015841658561587556,0.027914251924150656,uniform_decoder
overactive_decoder,0.6749999999999999,1.25,0.13580690170328183,0.8641930982967182,48.0,0.0004240115522440395,0.9993730069205982,0.05417474542851717,65.96507182108618,0.07478234501820041,-0.2432811031783166,0.015841658561587556,0.027914251924150656,uniform_decoder
oracle_decoder,0.6749999999999999,1.25,0.12279082883569176,0.8772091711643082,0.0,0.0,0.9994575338012405,0.05257481496986255,73.12462379150759,0.07478234501820041,-0.2432811031783166,0.015841658561587556,0.027914251924150656,uniform_decoder
uniform_decoder,0.6749999999999999,1.3333333333333333,0.07521134222693693,0.9247886577730631,0.0,0.014886751376463461,0.9991337943885693,0.05257277545156939,60.11937297485132,0.07521134222693693,-0.24166846553842564,0.007520342407993737,0.024434507492117025,uniform_decoder
static_tailored,0.6749999999999999,1.3333333333333333,0.20757422566812359,0.7924257743318764,0.0,0.01823855679547368,0.9992144721241472,0.04128794744354429,51.19373638291629,0.07521134222693693,-0.24166846553842564,0.007520342407993737,0.024434507492117025,uniform_decoder
adaptive_decoder,0.6749999999999999,1.3333333333333333,0.13120542874241975,0.8687945712575802,4.0,0.014427205035214526,0.9994520714433804,0.04146390346317712,73.16804610277066,0.07521134222693693,-0.24166846553842564,0.007520342407993737,0.024434507492117025,uniform_decoder
overactive_decoder,0.6749999999999999,1.3333333333333333,0.13349719702957297,0.866502802970427,48.0,0.0004475767097388863,0.9993737805493228,0.05417270928617164,65.98792828777118,0.07521134222693693,-0.24166846553842564,0.007520342407993737,0.024434507492117025,uniform_decoder
oracle_decoder,0.6749999999999999,1.3333333333333333,0.12402730221939985,0.8759726977806002,0.0,0.0,0.9994583100773777,0.05257277545156939,73.19537507381304,0.07521134222693693,-0.24166846553842564,0.007520342407993737,0.024434507492117025,uniform_decoder
uniform_decoder,0.6749999999999999,1.4166666666666665,0.07556971513368184,0.9244302848663182,0.0,0.0149697823048739,0.999133943147644,0.05257277545156939,60.11537094063609,0.07556971513368184,-0.2474194214196206,0.010360677562704179,0.03343179526288616,uniform_decoder
static_tailored,0.6749999999999999,1.4166666666666665,0.2074226250754714,0.7925773749245286,0.0,0.018844096092580743,0.9992144721283138,0.04128405877267852,51.18663867678313,0.07556971513368184,-0.2474194214196206,0.010360677562704179,0.03343179526288616,uniform_decoder
adaptive_decoder,0.6749999999999999,1.4166666666666665,0.1335879257552212,0.8664120742447788,4.0,0.015179654698154216,0.9994418442986703,0.04250524477938604,72.56415057929982,0.07556971513368184,-0.2474194214196206,0.010360677562704179,0.03343179526288616,uniform_decoder
overactive_decoder,0.6749999999999999,1.4166666666666665,0.13681316318116038,0.8631868368188396,48.0,0.00046967242520938097,0.9993737647273857,0.054172709286171634,65.99502196945505,0.07556971513368184,-0.2474194214196206,0.010360677562704179,0.03343179526288616,uniform_decoder
oracle_decoder,0.6749999999999999,1.4166666666666665,0.12369023403944324,0.8763097659605568,0.0,0.0,0.99945829420125,0.05257277545156939,73.19537507382793,0.07556971513368184,-0.2474194214196206,0.010360677562704179,0.03343179526288616,uniform_decoder
uniform_decoder,0.6749999999999999,1.5,0.07575627371884829,0.9242437262811517,0.0,0.014836917311298851,0.9991337943885694,0.052578705035309425,60.120046326575256,0.07575627371884829,-0.2601216562461848,-0.01126962245507527,0.04651009508127045,uniform_decoder
static_tailored,0.6749999999999999,1.5,0.20616865288543101,0.793831347114569,0.0,0.01947829155652701,0.9992144721241472,0.041285725919459657,51.19373638291629,0.07575627371884829,-0.2601216562461848,-0.01126962245507527,0.04651009508127045,uniform_decoder
adaptive_decoder,0.6749999999999999,1.5,0.13789237786662834,0.8621076221333717,4.0,0.015183783450736517,0.999427783133548,0.04290042184636803,71.33356178420352,0.07575627371884829,-0.2601216562461848,-0.01126962245507527,0.04651009508127045,uniform_decoder
overactive_decoder,0.6749999999999999,1.5,0.1343601989813264,0.8656398010186737,48.0,0.0005017812911963783,0.9993735275663692,0.05417862905726323,65.96507182108617,0.07575627371884829,-0.2601216562461848,-0.01126962245507527,0.04651009508127045,uniform_decoder
oracle_decoder,0.6749999999999999,1.5,0.12388826352443565,0.8761117364755644,0.0,0.0,0.9994580562281825,0.052578705035309425,73.17822009575387,0.07575627371884829,-0.2601216562461848,-0.01126962245507527,0.04651009508127045,uniform_decoder
uniform_decoder,0.6749999999999999,1.5833333333333333,0.07570062941381063,0.9242993705861894,0.0,0.014764224015388773,0.999133943147644,0.05257481496986255,60.11892677976085,0.07570062941381063,-0.20020132413706865,0.05052847126042722,-0.007015365966509888,uniform_decoder
static_tailored,0.6749999999999999,1.5833333333333333,0.20420110023045582,0.7957988997695442,0.0,0.0200218937256705,0.9992144721241472,0.04128850258547707,51.19373638291629,0.07570062941381063,-0.20020132413706865,0.05052847126042722,-0.007015365966509888,uniform_decoder
adaptive_decoder,0.6749999999999999,1.5833333333333333,0.12003304256004001,0.87996695743996,4.0,0.014888449046422683,0.9994111724660566,0.05414294856692267,69.71605130542062,0.07570062941381063,-0.20020132413706865,0.05052847126042722,-0.007015365966509888,uniform_decoder
overactive_decoder,0.6749999999999999,1.5833333333333333,0.13484327312917707,0.8651567268708229,48.0,0.0005351364897310003,0.9993737172699783,0.05417474542851717,65.99252400774004,0.07570062941381063,-0.20020132413706865,0.05052847126042722,-0.007015365966509888,uniform_decoder
oracle_decoder,0.6749999999999999,1.5833333333333333,0.12198773862909601,0.878012261370904,0.0,0.0,0.9994582465813109,0.05257481496986255,73.19615478563261,0.07570062941381063,-0.20020132413706865,0.05052847126042722,-0.007015365966509888,uniform_decoder
uniform_decoder,0.6749999999999999,1.6666666666666665,0.07545808263983303,0.924541917360167,0.0,0.014886751376463466,0.9991337943885693,0.052560883777672915,60.113112783789816,0.07545808263983303,-0.23777597690819785,0.0031159595856291933,0.04633571192400668,uniform_decoder
static_tailored,0.6749999999999999,1.6666666666666665,0.2022436007238785,0.7977563992761215,0.0,0.02039030167905719,0.9992144721241472,0.04128794744354429,51.1926181610638,0.07545808263983303,-0.23777597690819785,0.0031159595856291933,0.04633571192400668,uniform_decoder
adaptive_decoder,0.6749999999999999,1.6666666666666665,0.13046131227578478,0.8695386877242153,4.0,0.015177886235808786,0.9994572968403894,0.05416083731321575,73.13990783593131,0.07545808263983303,-0.23777597690819785,0.0031159595856291933,0.04633571192400668,uniform_decoder
overactive_decoder,0.6749999999999999,1.6666666666666665,0.13140070709097806,0.8685992929090219,48.0,0.0005580947048220928,0.999372770766945,0.05416083731321575,65.91771134716933,0.07545808263983303,-0.23777597690819785,0.0031159595856291933,0.04633571192400668,uniform_decoder
oracle_decoder,0.6749999999999999,1.6666666666666665,0.11725895804025649,0.8827410419597435,0.0,0.0,0.9994572968403894,0.052560883777672915,73.13990783594623,0.07545808263983303,-0.23777597690819785,0.0031159595856291933,0.04633571192400668,uniform_decoder
uniform_decoder,0.6749999999999999,1.75,0.0751647944878929,0.9248352055121071,0.0,0.014907319236859201,0.9991339275467271,0.052567578171334346,60.120046326575256,0.0751647944878929,-0.4330749660152257,-0.2088585594631932,0.23594690877202895,uniform_decoder
static_tailored,0.6749999999999999,1.75,0.20115286077627248,0.7988471392237275,0.0,0.020577323366157464,0.9992144721241472,0.04127960884543267,51.194883064072094,0.0751647944878929,-0.4330749660152257,-0.2088585594631932,0.23594690877202895,uniform_decoder
adaptive_decoder,0.6749999999999999,1.75,0.20374616377087662,0.7962538362291234,4.0,0.015748919598298206,0.9994486600325815,0.04276049983882749,73.02399340313576,0.0751647944878929,-0.4330749660152257,-0.2088585594631932,0.23594690877202895,uniform_decoder
overactive_decoder,0.6749999999999999,1.75,0.12595948633973678,0.8740405136602633,48.0,0.0005805672545284556,0.9993737647273858,0.05416752061270765,65.99252400774004,0.0751647944878929,-0.4330749660152257,-0.2088585594631932,0.23594690877202895,uniform_decoder
oracle_decoder,0.6749999999999999,1.75,0.1183429883239402,0.8816570116760598,0.0,0.0,0.9994582942012501,0.052567578171334346,73.19615478563261,0.0751647944878929,-0.4330749660152257,-0.2088585594631932,0.23594690877202895,uniform_decoder
uniform_decoder,0.6749999999999999,1.8333333333333333,0.07489907592324709,0.9251009240767529,0.0,0.014836917311298851,0.9991339945369224,0.05257944546997936,60.12082108987313,0.07489907592324709,-0.22757258418484333,0.008436285615524087,0.034732169882673296,uniform_decoder
static_tailored,0.6749999999999999,1.8333333333333333,0.20152209814446345,0.7984779018555366,0.0,0.02044826394433324,0.9992144721241472,0.04128794744354429,51.19373638291629,0.07489907592324709,-0.22757258418484333,0.008436285615524087,0.034732169882673296,uniform_decoder
adaptive_decoder,0.6749999999999999,1.8333333333333333,0.1264879178946476,0.8735120821053524,4.0,0.016165010864661645,0.9994071325772155,0.04285854530580426,69.31320984350508,0.07489907592324709,-0.22757258418484333,0.008436285615524087,0.034732169882673296,uniform_decoder
overactive_decoder,0.6749999999999999,1.8333333333333333,0.1289689990953308,0.8710310009046692,48.0,0.0006119517157983098,0.9993735275663693,0.05417936826712973,65.99502196944341,0.07489907592324709,-0.22757258418484333,0.008436285615524087,0.034732169882673296,uniform_decoder
oracle_decoder,0.6749999999999999,1.8333333333333333,0.11676612659141657,0.8832338734085834,0.0,0.0,0.9994580562281826,0.05257944546997936,73.19181615815576,0.07489907592324709,-0.22757258418484333,0.008436285615524087,0.034732169882673296,uniform_decoder
uniform_decoder,0.6749999999999999,1.9166666666666665,0.0746546317840647,0.9253453682159353,0.0,0.01478235259414268,0.999133927546727,0.05257926037722434,60.12082108987313,0.0746546317840647,-0.1476479069605739,0.06655689963308332,-0.03341118604532879,uniform_decoder
static_tailored,0.6749999999999999,1.9166666666666665,0.2032494681925426,0.7967505318074574,0.0,0.019930064505099456,0.9992144721241472,0.04128794744354429,51.190111516929875,0.0746546317840647,-0.1476479069605739,0.06655689963308332,-0.03341118604532879,uniform_decoder
adaptive_decoder,0.6749999999999999,1.9166666666666665,0.10488289460797484,0.8951171053920252,4.0,0.016152893707058993,0.9992143870913062,0.0429122896697211,51.19471709250664,0.0746546317840647,-0.1476479069605739,0.06655689963308332,-0.03341118604532879,uniform_decoder
overactive_decoder,0.6749999999999999,1.9166666666666665,0.12225357401725608,0.8777464259827439,48.0,0.0006440764642140856,0.9993735275663693,0.0541791834805385,65.99347286601268,0.0746546317840647,-0.1476479069605739,0.06655689963308332,-0.03341118604532879,uniform_decoder
oracle_decoder,0.6749999999999999,1.9166666666666665,0.11327024783799647,0.8867297521620036,0.0,0.0,0.9994580562281826,0.05257926037722434,73.19537507381304,0.0746546317840647,-0.1476479069605739,0.06655689963308332,-0.03341118604532879,uniform_decoder
uniform_decoder,0.6749999999999999,2.0,0.07445096473776991,0.9255490352622301,0.0,0.014886751376463461,0.999133943147644,0.052578705035309425,60.120046326575256,0.07445096473776991,-0.1543396588632633,0.058594151577018805,-0.021503126745404305,uniform_decoder
static_tailored,0.6749999999999999,2.0,0.20563248356146388,0.7943675164385361,0.0,0.019157096997118494,0.9992144721241472,0.04128794744354429,51.19373638291629,0.07445096473776991,-0.1543396588632633,0.058594151577018805,-0.021503126745404305,uniform_decoder
adaptive_decoder,0.6749999999999999,2.0,0.10622090287438876,0.8937790971256112,4.0,0.016417042169203134,0.999214387091306,0.0429122896697211,51.19373638291629,0.07445096473776991,-0.1543396588632633,0.058594151577018805,-0.021503126745404305,uniform_decoder
overactive_decoder,0.6749999999999999,2.0,0.12156376439571094,0.8784362356042891,48.0,0.0006676144569176715,0.9993735275663692,0.05417862905726323,65.98792828777117,0.07445096473776991,-0.1543396588632633,0.058594151577018805,-0.021503126745404305,uniform_decoder
oracle_decoder,0.6749999999999999,2.0,0.11161257179508079,0.8883874282049192,0.0,0.0,0.9994580562281825,0.052578705035309425,73.1953750738279,0.07445096473776991,-0.1543396588632633,0.058594151577018805,-0.021503126745404305,uniform_decoder
uniform_decoder,0.75,0.0,0.06908310261544559,0.9309168973845544,0.0,0.01965475327481961,0.9991446813436862,0.05108476828497799,59.726007269779636,0.06908310261544559,-0.38043660521594014,0.04034804147812403,0.004294331133235094,uniform_decoder
static_tailored,0.75,0.0,0.16425330169153077,0.8357466983084693,0.0,0.0,0.9992275512991068,0.0397942753579873,51.517046131311474,0.06908310261544559,-0.38043660521594014,0.04034804147812403,0.004294331133235094,uniform_decoder
adaptive_decoder,0.75,0.0,0.1658855050279857,0.8341144949720143,4.0,0.0,0.9992275512991068,0.04142708305319394,51.517046131311474,0.06908310261544559,-0.38043660521594014,0.04034804147812403,0.004294331133235094,uniform_decoder
overactive_decoder,0.75,0.0,0.1820356633724006,0.8179643366275994,48.0,0.0,0.9991333790976192,0.04142708305319394,47.80300468103894,0.06908310261544559,-0.38043660521594014,0.04034804147812403,0.004294331133235094,uniform_decoder
oracle_decoder,0.75,0.0,0.16425330169153077,0.8357466983084693,0.0,0.0,0.9992275512991068,0.0397942753579873,51.517046131311474,0.06908310261544559,-0.38043660521594014,0.04034804147812403,0.004294331133235094,uniform_decoder
uniform_decoder,0.75,0.08333333333333333,0.07069867551470274,0.9293013244852972,0.0,0.018446946138827393,0.9991446813436862,0.05108476828497799,59.726007269779636,0.07069867551470274,-0.34560583792089866,0.04391074426992287,0.004736779201724955,uniform_decoder
static_tailored,0.75,0.08333333333333333,0.15498167003956773,0.8450183299604322,0.0,0.0030632068344126928,0.9992275512991068,0.04137384488377348,52.53996007387492,0.07069867551470274,-0.34560583792089866,0.04391074426992287,0.004736779201724955,uniform_decoder
adaptive_decoder,0.75,0.08333333333333333,0.1566812817256795,0.8433187182743205,4.0,0.0009757193626662247,0.9992275494901535,0.04276151949997862,52.53996007387492,0.07069867551470274,-0.34560583792089866,0.04391074426992287,0.004736779201724955,uniform_decoder
overactive_decoder,0.75,0.08333333333333333,0.1733516021675391,0.8266483978324609,48.0,2.47931376881197e-05,0.9991333790976192,0.043003869624658915,48.757725913592196,0.07069867551470274,-0.34560583792089866,0.04391074426992287,0.004736779201724955,uniform_decoder
oracle_decoder,0.75,0.08333333333333333,0.15498167003956773,0.8450183299604322,0.0,0.0,0.9992275512991068,0.04137384488377348,52.53996007387492,0.07069867551470274,-0.34560583792089866,0.04391074426992287,0.004736779201724955,uniform_decoder
uniform_decoder,0.75,0.16666666666666666,0.07306726842412423,0.9269327315758757,0.0,0.016322682158929725,0.9991446813436862,0.05108476828497799,59.726007269779636,0.07306726842412423,-0.3138026992651415,0.046424157589544435,0.005047838926372754,uniform_decoder
static_tailored,0.75,0.16666666666666666,0.14875710989679458,0.8512428901032054,0.0,0.007367051200496236,0.9992275512991068,0.04179407447128063,52.53996007387492,0.07306726842412423,-0.3138026992651415,0.046424157589544435,0.005047838926372754,uniform_decoder
adaptive_decoder,0.75,0.16666666666666666,0.15049621277290656,0.8495037872270934,4.0,0.0024031403593878435,0.9992275293050662,0.043336673575336646,52.53996007387492,0.07306726842412423,-0.3138026992651415,0.046424157589544435,0.005047838926372754,uniform_decoder
overactive_decoder,0.75,0.16666666666666666,0.16747490058667536,0.8325250994133246,48.0,6.147242860666115e-05,0.9991333790976192,0.04342340630819071,48.757725913592196,0.07306726842412423,-0.3138026992651415,0.046424157589544435,0.005047838926372754,uniform_decoder
oracle_decoder,0.75,0.16666666666666666,0.14875710989679458,0.8512428901032054,0.0,0.0,0.9992275512991068,0.04179407447128063,52.53996007387492,0.07306726842412423,-0.3138026992651415,0.046424157589544435,0.005047838926372754,uniform_decoder
uniform_decoder,0.75,0.25,0.07533879330146026,0.9246612066985398,0.0,0.01564498436427199,0.9991446813436862,0.05108476828497799,59.726007269779636,0.07533879330146026,-0.29014093328121504,0.05038096531495545,0.00040838299553366873,uniform_decoder
static_tailored,0.75,0.25,0.1451909499339222,0.8548090500660778,0.0,0.012140227640289105,0.9992275512991068,0.04179389811515599,52.53969823068815,0.07533879330146026,-0.29014093328121504,0.05038096531495545,0.00040838299553366873,uniform_decoder
adaptive_decoder,0.75,0.25,0.14694661730968564,0.8530533826903144,4.0,0.0038813976239576195,0.99922749077061,0.04338864696545743,52.53969823068815,0.07533879330146026,-0.29014093328121504,0.05038096531495545,0.00040838299553366873,uniform_decoder
overactive_decoder,0.75,0.25,0.1650215106495346,0.8349784893504654,48.0,9.824002658670135e-05,0.9993605636434145,0.043423230233098,67.23857259150986,0.07533879330146026,-0.29014093328121504,0.05038096531495545,0.00040838299553366873,uniform_decoder
oracle_decoder,0.75,0.25,0.1468085029746731,0.8531914970253269,0.0,0.0,0.9994450555790554,0.04179389811515599,74.52046663718158,0.07533879330146026,-0.29014093328121504,0.05038096531495545,0.00040838299553366873,uniform_decoder
uniform_decoder,0.75,0.3333333333333333,0.07696957892604664,0.9230304210739534,0.0,0.01638344421570153,0.9991446813436862,0.05108476828497799,59.726007269779636,0.07696957892604664,-0.2924112078633484,0.06201620724291944,-0.011814234529410125,uniform_decoder
static_tailored,0.75,0.3333333333333333,0.1440069927097212,0.8559930072902788,0.0,0.016133086509297342,0.9992275512991068,0.041793368968242345,52.53803629093985,0.07696957892604664,-0.2924112078633484,0.06201620724291944,-0.011814234529410125,uniform_decoder
adaptive_decoder,0.75,0.3333333333333333,0.1509142739112529,0.8490857260887471,4.0,0.004991130717739861,0.9994830686072933,0.04342270192946866,77.53822896712886,0.07696957892604664,-0.2924112078633484,0.06201620724291944,-0.011814234529410125,uniform_decoder
overactive_decoder,0.75,0.3333333333333333,0.17407905715245642,0.8259209428475436,48.0,0.00012324271694047088,0.9993984472273413,0.04342270192946866,69.42546932972887,0.07696957892604664,-0.2924112078633484,0.06201620724291944,-0.011814234529410125,uniform_decoder
oracle_decoder,0.75,0.3333333333333333,0.15507598668501793,0.844924013314982,0.0,0.0,0.9994830686072933,0.041793368968242345,77.53822896712886,0.07696957892604664,-0.2924112078633484,0.06201620724291944,-0.011814234529410125,uniform_decoder
uniform_decoder,0.75,0.41666666666666663,0.07792772981130874,0.9220722701886912,0.0,0.016764589832115994,0.9991446813436862,0.05108476828497799,59.726007269779636,0.07792772981130874,-0.281063758287985,0.0828032603766545,-0.034494697570451045,uniform_decoder
static_tailored,0.75,0.41666666666666663,0.14521283867730117,0.8547871613226988,0.0,0.019139915031320943,0.9992275512991068,0.04179389811515599,52.539698230680685,0.07792772981130874,-0.281063758287985,0.0828032603766545,-0.034494697570451045,uniform_decoder
adaptive_decoder,0.75,0.41666666666666663,0.14885237996048412,0.8511476200395158,4.0,0.00573193216089439,0.999482992511571,0.04330143814220372,77.53822896712886,0.07792772981130874,-0.281063758287985,0.0828032603766545,-0.034494697570451045,uniform_decoder
overactive_decoder,0.75,0.41666666666666663,0.18011879930258137,0.8198812006974187,48.0,0.00014780928326990658,0.9993983714013589,0.043423230233098,69.41908218383844,0.07792772981130874,-0.281063758287985,0.0828032603766545,-0.034494697570451045,uniform_decoder
oracle_decoder,0.75,0.41666666666666663,0.16115748470031568,0.8388425152996843,0.0,0.0,0.999482992511571,0.04179389811515599,77.54806540105935,0.07792772981130874,-0.281063758287985,0.0828032603766545,-0.034494697570451045,uniform_decoder
uniform_decoder,0.75,0.5,0.07819704748585624,0.9218029525141438,0.0,0.016322682158929718,0.9991446813436862,0.05108476828497799,59.726007269779636,0.07819704748585624,-0.3189370310898973,0.026756948213194985,0.012211953865512512,uniform_decoder
static_tailored,0.75,0.5,0.14824575399829124,0.8517542460017088,0.0,0.021451547776540347,0.9992275512991068,0.041793368968242345,52.53803629093985,0.07819704748585624,-0.3189370310898973,0.026756948213194985,0.012211953865512512,uniform_decoder
adaptive_decoder,0.75,0.5,0.16297740055532284,0.8370225994446772,4.0,0.007007710177249647,0.999482992511571,0.043336673575336646,77.5510539175908,0.07819704748585624,-0.3189370310898973,0.026756948213194985,0.012211953865512512,uniform_decoder
overactive_decoder,0.75,0.5,0.17333422972497808,0.826665770275022,48.0,0.00018430665313284283,0.9993983714013589,0.04342340630819069,69.42546932974157,0.07819704748585624,-0.3189370310898973,0.026756948213194985,0.012211953865512512,uniform_decoder
oracle_decoder,0.75,0.5,0.15845846070015795,0.841541539299842,0.0,0.0,0.999482992511571,0.041794074471280626,77.5510539175908,0.07819704748585624,-0.3189370310898973,0.026756948213194985,0.012211953865512512,uniform_decoder
uniform_decoder,0.75,0.5833333333333333,0.07773721245061227,0.9222627875493877,0.0,0.016043731302527536,0.9991446813436862,0.05108476828497799,59.726007269779636,0.07773721245061227,-0.3166503809246061,0.010321698447992687,0.026403009695084894,uniform_decoder
static_tailored,0.75,0.5833333333333333,0.1519661677719358,0.8480338322280642,0.0,0.023085909138930504,0.9992275512991068,0.041792486794966346,52.53996007386746,0.07773721245061227,-0.3166503809246061,0.010321698447992687,0.026403009695084894,uniform_decoder
adaptive_decoder,0.75,0.5833333333333333,0.1611681958275605,0.8388318041724395,4.0,0.008137511833866457,0.9994830495808592,0.04340573427929664,77.54806540105935,0.07773721245061227,-0.3166503809246061,0.010321698447992687,0.026403009695084894,uniform_decoder
overactive_decoder,0.75,0.5833333333333333,0.16504449483808453,0.8349555051619155,48.0,0.00022114727302682182,0.9993984282683546,0.043422701929468656,69.4266384732643,0.07773721245061227,-0.3166503809246061,0.010321698447992687,0.026403009695084894,uniform_decoder
oracle_decoder,0.75,0.5833333333333333,0.15166184487096301,0.848338155129037,0.0,0.0,0.9994830495808592,0.041793368968242345,77.54806540105935,0.07773721245061227,-0.3166503809246061,0.010321698447992687,0.026403009695084894,uniform_decoder
uniform_decoder,0.75,0.6666666666666666,0.07682421416200665,0.9231757858379933,0.0,0.016383444215701534,0.9991446813436862,0.05108476828497799,59.726007269779636,0.07682421416200665,-0.2405286872591709,0.0878147915295789,-0.04130136978715168,uniform_decoder
static_tailored,0.75,0.6666666666666666,0.15620552006569763,0.8437944799343023,0.0,0.024045008928817262,0.9992275512991068,0.041793368968242345,52.53803629093985,0.07682421416200665,-0.2405286872591709,0.0878147915295789,-0.04130136978715168,uniform_decoder
adaptive_decoder,0.75,0.6666666666666666,0.1336678041895924,0.8663321958104075,4.0,0.009197770221526062,0.9994803459791889,0.04342270192946866,77.53822896712886,0.07682421416200665,-0.2405286872591709,0.0878147915295789,-0.04130136978715168,uniform_decoder
overactive_decoder,0.75,0.6666666666666666,0.16362196551074423,0.8363780344892557,48.0,0.000246300193558721,0.9993981440828571,0.04342270192946866,69.39823452404676,0.07682421416200665,-0.2405286872591709,0.0878147915295789,-0.04130136978715168,uniform_decoder
oracle_decoder,0.75,0.6666666666666666,0.147003672159112,0.852996327840888,0.0,0.0,0.9994827643846392,0.041793368968242345,77.53822896712886,0.07682421416200665,-0.2405286872591709,0.0878147915295789,-0.04130136978715168,uniform_decoder
uniform_decoder,0.75,0.75,0.07590067143732505,0.924099328562675,0.0,0.016570942063672902,0.9991513674092382,0.05266431408410352,61.74184109188516,0.07590067143732505,-0.24659857489537737,0.07007227189643386,-0.03550529550339156,uniform_decoder
static_tailored,0.75,0.75,0.16211428983835244,0.8378857101616476,0.0,0.024445432643484633,0.9992275512991068,0.04179125120285848,52.53886877814398,0.07590067143732505,-0.24659857489537737,0.07007227189643386,-0.03550529550339156,uniform_decoder
adaptive_decoder,0.75,0.75,0.13391961517748713,0.8660803848225129,4.0,0.009971888035509672,0.999458573936512,0.04338864696545743,75.95928706520019,0.07590067143732505,-0.24659857489537737,0.07007227189643386,-0.03550529550339156,uniform_decoder
overactive_decoder,0.75,0.75,0.1573680142076918,0.8426319857923081,48.0,0.0002706462356631505,0.9993984282683546,0.04342182116229465,69.41908218383846,0.07590067143732505,-0.24659857489537737,0.07007227189643386,-0.03550529550339156,uniform_decoder
oracle_decoder,0.75,0.75,0.14532806403157483,0.8546719359684252,0.0,0.0,0.9994830495808592,0.04179248679496635,77.51969146878879,0.07590067143732505,-0.24659857489537737,0.07007227189643386,-0.03550529550339156,uniform_decoder
uniform_decoder,0.75,0.8333333333333333,0.0751730572362826,0.9248269427637174,0.0,0.016322682158929718,0.9991515285294812,0.05308469998642992,61.742022437714894,0.0751730572362826,-0.2607605252664943,0.053211181402138076,-7.086246935855373e-05,uniform_decoder
static_tailored,0.75,0.8333333333333333,0.17059951324785513,0.8294004867521448,0.0,0.02405440565031654,0.9992275512991068,0.04179125120285848,52.53032805010017,0.0751730572362826,-0.2607605252664943,0.053211181402138076,-7.086246935855373e-05,uniform_decoder
adaptive_decoder,0.75,0.8333333333333333,0.13703223411245247,0.8629677658875475,4.0,0.010703744717773555,0.9994218797652819,0.04330143814220372,71.96618912185235,0.0751730572362826,-0.2607605252664943,0.053211181402138076,-7.086246935855373e-05,uniform_decoder
overactive_decoder,0.75,0.8333333333333333,0.15489375909622344,0.8451062409037766,48.0,0.00030697769158194297,0.9993983714013589,0.05468369640435142,69.40754319037966,0.0751730572362826,-0.2607605252664943,0.053211181402138076,-7.086246935855373e-05,uniform_decoder
oracle_decoder,0.75,0.8333333333333333,0.13705459505681145,0.8629454049431886,0.0,0.0,0.999482992511571,0.05308469998642992,77.53822896712886,0.0751730572362826,-0.2607605252664943,0.053211181402138076,-7.086246935855373e-05,uniform_decoder
uniform_decoder,0.75,0.9166666666666666,0.07457186365727851,0.9254281363427215,0.0,0.01616304323035468,0.9991513674092382,0.05308311141996353,61.7418410918932,0.07457186365727851,-0.21536767120883926,0.06922761346071432,-0.01570513965057281,uniform_decoder
static_tailored,0.75,0.9166666666666666,0.18068751085121484,0.8193124891487852,0.0,0.022812468344962467,0.9992275512991068,0.0417896616427817,52.539960073867455,0.07457186365727851,-0.21536767120883926,0.06922761346071432,-0.01570513965057281,uniform_decoder
adaptive_decoder,0.75,0.9166666666666666,0.12244545463444857,0.8775545453655514,4.0,0.011846292258126315,0.9992275494901536,0.04336567887307985,52.539960073867455,0.07457186365727851,-0.21536767120883926,0.06922761346071432,-0.01570513965057281,uniform_decoder
overactive_decoder,0.75,0.9166666666666666,0.1436052381492635,0.8563947618507365,48.0,0.00034368618341302907,0.9993984282683546,0.05468211037397981,69.39823452404676,0.07457186365727851,-0.21536767120883926,0.06922761346071432,-0.01570513965057281,uniform_decoder
oracle_decoder,0.75,0.9166666666666666,0.1269544147408343,0.8730455852591656,0.0,0.0,0.9994830495808592,0.05308311141996353,77.53822896712886,0.07457186365727851,-0.21536767120883926,0.06922761346071432,-0.01570513965057281,uniform_decoder
uniform_decoder,0.75,1.0,0.07408015482572879,0.9259198451742712,0.0,0.016383444215701534,0.9991515285294812,0.0530839940874805,61.74202243771488,0.07408015482572879,-0.29037912724565373,-0.01973672683467938,0.06896894965973831,uniform_decoder
static_tailored,0.75,1.0,0.19008689208309976,0.8099131079169002,0.0,0.021099348360293032,0.9992275512991068,0.041793368968242345,52.53803629093985,0.07408015482572879,-0.29037912724565373,-0.01973672683467938,0.06896894965973831,uniform_decoder
adaptive_decoder,0.75,1.0,0.14457094125611955,0.8554290587438804,4.0,0.012447053942514467,0.9994827643846392,0.04341705938308396,77.53678554105493,0.07408015482572879,-0.29037912724565373,-0.01973672683467938,0.06896894965973831,uniform_decoder
overactive_decoder,0.75,1.0,0.1381478981555945,0.8618521018444055,48.0,0.0003689122493138767,0.9993981440828571,0.05468299163224265,69.42546932974157,0.07408015482572879,-0.29037912724565373,-0.01973672683467938,0.06896894965973831,uniform_decoder
oracle_decoder,0.75,1.0,0.12334230464164576,0.8766576953583542,0.0,0.0,0.9994827643846392,0.0530839940874805,77.53678554105493,0.07408015482572879,-0.29037912724565373,-0.01973672683467938,0.06896894965973831,uniform_decoder
uniform_decoder,0.75,1.0833333333333333,0.07385965897208092,0.9261403410279191,0.0,0.01650721792436154,0.9991514276472352,0.0530839940874805,61.74202243770684,0.07385965897208092,-0.20364800267493674,0.05897115352824769,-0.013516841761680736,uniform_decoder
static_tailored,0.75,1.0833333333333333,0.1973429582558225,0.8026570417441775,0.0,0.0197834639402298,0.9992275512991068,0.041792486794966346,52.539960073874916,0.07385965897208092,-0.20364800267493674,0.05897115352824769,-0.013516841761680736,uniform_decoder
adaptive_decoder,0.75,1.0833333333333333,0.11804709409794678,0.8819529059020532,4.0,0.01244428677214752,0.9994823847071457,0.05468299163224265,77.46603004332702,0.07385965897208092,-0.20364800267493674,0.05897115352824769,-0.013516841761680736,uniform_decoder
overactive_decoder,0.75,1.0833333333333333,0.13521549248109493,0.8647845075189051,48.0,0.00039286024963066025,0.9993977657501155,0.05468299163224265,69.39092224247891,0.07385965897208092,-0.20364800267493674,0.05897115352824769,-0.013516841761680736,uniform_decoder
oracle_decoder,0.75,1.0833333333333333,0.12177892682271493,0.878221073177285,0.0,0.0,0.9994823847071457,0.0530839940874805,77.46603004332702,0.07385965897208092,-0.20364800267493674,0.05897115352824769,-0.013516841761680736,uniform_decoder
uniform_decoder,0.75,1.1666666666666665,0.07402028345607717,0.9259797165439229,0.0,0.01632268215892972,0.9991511521001312,0.05307833937776199,61.74308512001335,0.07402028345607717,-0.20384496041915948,0.0418968012973653,-0.01587268868940807,uniform_decoder
static_tailored,0.75,1.1666666666666665,0.2022717325699723,0.7977282674300277,0.0,0.019294678818394355,0.9992275512991068,0.041794074471280626,52.53996007386746,0.07402028345607717,-0.20384496041915948,0.0418968012973653,-0.01587268868940807,uniform_decoder
adaptive_decoder,0.75,1.1666666666666665,0.11835747848711577,0.8816425215128842,4.0,0.01258449969044626,0.9994823847071457,0.05447152684104175,77.42913997443337,0.07402028345607717,-0.20384496041915948,0.0418968012973653,-0.01587268868940807,uniform_decoder
overactive_decoder,0.75,1.1666666666666665,0.13034443851146982,0.8696555614885302,48.0,0.0004289208283824205,0.9993977657501155,0.05467734595524013,69.3692928641944,0.07402028345607717,-0.20384496041915948,0.0418968012973653,-0.01587268868940807,uniform_decoder
oracle_decoder,0.75,1.1666666666666665,0.12276325442998307,0.877236745570017,0.0,0.0,0.9994823847071457,0.05307833937776199,77.42965640976158,0.07402028345607717,-0.20384496041915948,0.0418968012973653,-0.01587268868940807,uniform_decoder
uniform_decoder,0.75,1.25,0.0744404500176821,0.9255595499823179,0.0,0.016207736176483134,0.9991515285294812,0.053080284691038856,61.74202243771488,0.0744404500176821,-0.22828604268086664,0.019883919516285604,0.025359185508223067,uniform_decoder
static_tailored,0.75,1.25,0.2051980233619678,0.7948019766380322,0.0,0.01952903500015019,0.9992275512991068,0.041793368968242345,52.53647199495879,0.0744404500176821,-0.22828604268086664,0.019883919516285604,0.025359185508223067,uniform_decoder
adaptive_decoder,0.75,1.25,0.12592009208240998,0.87407990791759,4.0,0.014101134409636255,0.9994821382747128,0.04227501583741842,77.38416746560154,0.0744404500176821,-0.22828604268086664,0.019883919516285604,0.025359185508223067,uniform_decoder
overactive_decoder,0.75,1.25,0.13181928514073712,0.8681807148592628,48.0,0.00046573471211515226,0.9993975201900083,0.054679288159916,69.31132038981028,0.0744404500176821,-0.22828604268086664,0.019883919516285604,0.025359185508223067,uniform_decoder
oracle_decoder,0.75,1.25,0.11877795591314644,0.8812220440868536,0.0,0.0,0.9994821382747128,0.053080284691038856,77.42913997444997,0.0744404500176821,-0.22828604268086664,0.019883919516285604,0.025359185508223067,uniform_decoder
uniform_decoder,0.75,1.3333333333333333,0.07491286658191645,0.9250871334180836,0.0,0.016383444215701527,0.9991515285294812,0.053078339377761984,61.72405964748451,0.07491286658191645,-0.22687774300762015,0.010787839796508707,0.02235395112906566,uniform_decoder
static_tailored,0.75,1.3333333333333333,0.2064710580688544,0.7935289419311455,0.0,0.02009004699689144,0.9992275512991068,0.041793368968242345,52.53803629093986,0.07491286658191645,-0.22687774300762015,0.010787839796508707,0.02235395112906566,uniform_decoder
adaptive_decoder,0.75,1.3333333333333333,0.12630895989648644,0.8736910401035136,4.0,0.01592084790730833,0.9994755910492049,0.041975961431369474,77.42965640976156,0.07491286658191645,-0.22687774300762015,0.010787839796508707,0.02235395112906566,uniform_decoder
overactive_decoder,0.75,1.3333333333333333,0.12948575658408323,0.8705142434159168,48.0,0.0004910212606514074,0.9993984472273413,0.05467734595524013,69.42546932974157,0.07491286658191645,-0.22687774300762015,0.010787839796508707,0.02235395112906566,uniform_decoder
oracle_decoder,0.75,1.3333333333333333,0.11997208534333492,0.8800279146566651,0.0,0.0,0.9994830686072933,0.053078339377761984,77.53822896712886,0.07491286658191645,-0.22687774300762015,0.010787839796508707,0.02235395112906566,uniform_decoder
uniform_decoder,0.75,1.4166666666666665,0.07530879999762063,0.9246912000023794,0.0,0.016477678734407045,0.9991513674092383,0.05307833937776199,61.7360967156535,0.07530879999762063,-0.2337283059731593,0.01272141619211719,0.03285593919177277,uniform_decoder
static_tailored,0.75,1.4166666666666665,0.20633878327909594,0.7936612167209041,0.0,0.020760193495347776,0.9992275512991068,0.04178966164278171,52.53996007387492,0.07530879999762063,-0.2337283059731593,0.01272141619211719,0.03285593919177277,uniform_decoder
adaptive_decoder,0.75,1.4166666666666665,0.1289953435192768,0.8710046564807232,4.0,0.016808009899725043,0.9994633328157744,0.04302272102702166,76.43388554999986,0.07530879999762063,-0.2337283059731593,0.01272141619211719,0.03285593919177277,uniform_decoder
overactive_decoder,0.75,1.4166666666666665,0.13282977885174382,0.8671702211482561,48.0,0.0005145875735886317,0.9993984282683546,0.05467734595524013,69.42546932974156,0.07530879999762063,-0.2337283059731593,0.01272141619211719,0.03285593919177277,uniform_decoder
oracle_decoder,0.75,1.4166666666666665,0.11959639646377634,0.8804036035362237,0.0,0.0,0.9994830495808592,0.05307833937776199,77.54806540105933,0.07530879999762063,-0.2337283059731593,0.01272141619211719,0.03285593919177277,uniform_decoder
uniform_decoder,0.75,1.5,0.07551819768812174,0.9244818023118783,0.0,0.016322682158929718,0.9991515285294812,0.0530839940874805,61.735835208520534,0.07551819768812174,-0.24836848942414744,-0.0116020768414098,0.03584286247783635,uniform_decoder
static_tailored,0.75,1.5,0.20498983662881115,0.7950101633711888,0.0,0.021451547776540347,0.9992275512991068,0.04179125120285848,52.53803629093986,0.07551819768812174,-0.24836848942414744,-0.0116020768414098,0.03584286247783635,uniform_decoder
adaptive_decoder,0.75,1.5,0.13378890707741578,0.8662110929225842,4.0,0.016767926786278,0.9994464969615015,0.04340573427929664,74.67751666488022,0.07551819768812174,-0.24836848942414744,-0.0116020768414098,0.03584286247783635,uniform_decoder
overactive_decoder,0.75,1.5,0.13026208615800464,0.8697379138419954,48.0,0.0005503590593841015,0.9993981440828571,0.05468299163224265,69.42252729992678,0.07551819768812174,-0.24836848942414744,-0.0116020768414098,0.03584286247783635,uniform_decoder
oracle_decoder,0.75,1.5,0.12319050726122402,0.876809492738776,0.0,0.0,0.9994827643846392,0.0530839940874805,77.5510539175908,0.07551819768812174,-0.24836848942414744,-0.0116020768414098,0.03584286247783635,uniform_decoder
uniform_decoder,0.75,1.5833333333333333,0.07545335143309014,0.9245466485669098,0.0,0.016238978230596484,0.9991515208556021,0.05308028469103886,61.73583520850442,0.07545335143309014,-0.18921565737487694,0.055248121551547964,-0.005090484714596687,uniform_decoder
static_tailored,0.75,1.5833333333333333,0.2028221861872762,0.7971778138127238,0.0,0.022046435184195,0.9992275512991068,0.04179389811515599,52.53647199496624,0.07545335143309014,-0.18921565737487694,0.055248121551547964,-0.005090484714596687,uniform_decoder
adaptive_decoder,0.75,1.5833333333333333,0.11665253798765052,0.8833474620123495,4.0,0.016371807490334258,0.999426679957824,0.05464891831905423,72.49554227387358,0.07545335143309014,-0.18921565737487694,0.055248121551547964,-0.005090484714596687,uniform_decoder
overactive_decoder,0.75,1.5833333333333333,0.13247755788385307,0.8675224421161469,48.0,0.0005876243630323843,0.9993983714013589,0.054679288159916,69.41908218383846,0.07545335143309014,-0.18921565737487694,0.055248121551547964,-0.005090484714596687,uniform_decoder
oracle_decoder,0.75,1.5833333333333333,0.11802789911984278,0.8819721008801572,0.0,0.0,0.999482992511571,0.05308028469103886,77.5214770540809,0.07545335143309014,-0.18921565737487694,0.055248121551547964,-0.005090484714596687,uniform_decoder
uniform_decoder,0.75,1.6666666666666665,0.07517858943917181,0.9248214105608282,0.0,0.01638344421570153,0.9991515285294812,0.05306698993901234,61.742022437714894,0.07517858943917181,-0.22737302085577937,0.002292620544224473,0.04875210473398941,uniform_decoder
static_tailored,0.75,1.6666666666666665,0.20063719898962185,0.7993628010103782,0.0,0.02246017419169614,0.9992275512991068,0.041793368968242345,52.53803629093986,0.07517858943917181,-0.22737302085577937,0.002292620544224473,0.04875210473398941,uniform_decoder
adaptive_decoder,0.75,1.6666666666666665,0.1269016280312768,0.8730983719687232,4.0,0.01667393411466003,0.9994818542799729,0.05466601467759357,77.53822896712886,0.07517858943917181,-0.22737302085577937,0.002292620544224473,0.04875210473398941,uniform_decoder
overactive_decoder,0.75,1.6666666666666665,0.1275733071959391,0.8724266928040609,48.0,0.0006122774037106124,0.999397237200073,0.05466601467759357,69.39823452404676,0.07517858943917181,-0.22737302085577937,0.002292620544224473,0.04875210473398941,uniform_decoder
oracle_decoder,0.75,1.6666666666666665,0.1134266456636325,0.8865733543363675,0.0,0.0,0.999481854279973,0.05306698993901234,77.53822896712886,0.07517858943917181,-0.22737302085577937,0.002292620544224473,0.04875210473398941,uniform_decoder
uniform_decoder,0.75,1.75,0.07485638367609006,0.92514361632391,0.0,0.01640962649449468,0.9991515208556021,0.05307338055638343,61.74202243771488,0.07485638367609006,-0.42944213040636564,-0.21123252398798026,0.23293982020195161,uniform_decoder
static_tailored,0.75,1.75,0.19940500219463872,0.8005949978053613,0.0,0.022675860843787653,0.9992275512991068,0.04178541764084262,52.52795574575567,0.07485638367609006,-0.42944213040636564,-0.21123252398798026,0.23293982020195161,uniform_decoder
adaptive_decoder,0.75,1.75,0.20121992039659617,0.7987800796034038,4.0,0.01732507399664657,0.9994715017984799,0.04327057565834698,77.15665372401357,0.07485638367609006,-0.42944213040636564,-0.21123252398798026,0.23293982020195161,uniform_decoder
overactive_decoder,0.75,1.75,0.1237195833801448,0.8762804166198552,48.0,0.0006363276103251267,0.9993984282683546,0.05467239506367556,69.41908218383847,0.07485638367609006,-0.42944213040636564,-0.21123252398798026,0.23293982020195161,uniform_decoder
oracle_decoder,0.75,1.75,0.117687720932702,0.882312279067298,0.0,0.0,0.9994830495808592,0.05307338055638343,77.5196914687888,0.07485638367609006,-0.42944213040636564,-0.21123252398798026,0.23293982020195161,uniform_decoder
uniform_decoder,0.75,1.8333333333333333,0.07457410718573257,0.9254258928142675,0.0,0.016322682158929718,0.9991513674092382,0.05308469998642992,61.73583520850442,0.07457410718573257,-0.21597130141368126,0.019314123720426138,0.03093873725845911,uniform_decoder
static_tailored,0.75,1.8333333333333333,0.1998225617893669,0.8001774382106331,0.0,0.022532794862316376,0.9992275512991068,0.041793368968242345,52.539960073867455,0.07457410718573257,-0.21597130141368126,0.019314123720426138,0.03093873725845911,uniform_decoder
adaptive_decoder,0.75,1.8333333333333333,0.12261945006433175,0.8773805499356683,4.0,0.017795652563499385,0.9994218797652819,0.04336567887307985,71.96618912185235,0.07457410718573257,-0.21597130141368126,0.019314123720426138,0.03093873725845911,uniform_decoder
overactive_decoder,0.75,1.8333333333333333,0.12819570874648223,0.8718042912535178,48.0,0.0006712310704963818,0.9993981440828571,0.05468369640435142,69.40754319039232,0.07457410718573257,-0.21597130141368126,0.019314123720426138,0.03093873725845911,uniform_decoder
oracle_decoder,0.75,1.8333333333333333,0.11418804217512254,0.8858119578248774,0.0,0.0,0.9994827643846392,0.05308469998642992,77.53822896712886,0.07457410718573257,-0.21597130141368126,0.019314123720426138,0.03093873725845911,uniform_decoder
uniform_decoder,0.75,1.9166666666666665,0.07431101141897554,0.9256889885810244,0.0,0.016261297474349515,0.9991514814379157,0.05308452353128428,61.74184109189321,0.07431101141897554,-0.1360203022837253,0.08109462719492003,-0.04378308660462102,uniform_decoder
static_tailored,0.75,1.9166666666666665,0.20177508312726278,0.7982249168727372,0.0,0.021953511484340053,0.9992275512991068,0.041793368968242345,52.539960073874916,0.07431101141897554,-0.1360203022837253,0.08109462719492003,-0.04378308660462102,uniform_decoder
adaptive_decoder,0.75,1.9166666666666665,0.10164206380220632,0.8983579361977937,4.0,0.017758725251598773,0.9992274464602765,0.04341705938308396,52.539960073874916,0.07431101141897554,-0.1360203022837253,0.08109462719492003,-0.04378308660462102,uniform_decoder
overactive_decoder,0.75,1.9166666666666665,0.122509030173076,0.877490969826924,48.0,0.0007071358943514402,0.9993981440828571,0.05468352023086904,69.42546932974157,0.07431101141897554,-0.1360203022837253,0.08109462719492003,-0.04378308660462102,uniform_decoder
oracle_decoder,0.75,1.9166666666666665,0.1124233600853332,0.8875766399146668,0.0,0.0,0.9994827643846392,0.05308452353128428,77.53678554107142,0.07431101141897554,-0.1360203022837253,0.08109462719492003,-0.04378308660462102,uniform_decoder
uniform_decoder,0.75,2.0,0.07408233170934951,0.9259176682906505,0.0,0.016383444215701534,0.9991515285294812,0.0530839940874805,61.742022437706844,0.07408233170934951,-0.14360448640693274,0.05938047634121626,-0.02138599344842384,uniform_decoder
static_tailored,0.75,2.0,0.20442796745434255,0.7955720325456574,0.0,0.021099348360293035,0.9992275512991068,0.041793368968242345,52.53803629093986,0.07408233170934951,-0.14360448640693274,0.05938047634121626,-0.02138599344842384,uniform_decoder
adaptive_decoder,0.75,2.0,0.10311435500041183,0.8968856449995881,4.0,0.0180251456708829,0.9992274339307894,0.04341705938308396,52.53803629093986,0.07408233170934951,-0.14360448640693274,0.05938047634121626,-0.02138599344842384,uniform_decoder
overactive_decoder,0.75,2.0,0.11822235488669061,0.8817776451133094,48.0,0.0007324382486627173,0.9993981440828571,0.05468299163224265,69.42546932974157,0.07408233170934951,-0.14360448640693274,0.05938047634121626,-0.02138599344842384,uniform_decoder
oracle_decoder,0.75,2.0,0.10831911997264732,0.8916808800273527,0.0,0.0,0.9994827643846392,0.0530839940874805,77.53678554105493,0.07408233170934951,-0.14360448640693274,0.05938047634121626,-0.02138599344842384,uniform_decoder
uniform_decoder,0.825,0.0,0.0680827443490611,0.9319172556509389,0.0,0.021563357681330216,0.9991641241417706,0.051570047977768124,61.695821777896114,0.0680827443490611,-0.367742292052506,0.04296335124067324,0.004607888203678545,uniform_decoder
static_tailored,0.825,0.0,0.1570982898024995,0.8429017101975005,0.0,0.0,0.9992416489957819,0.04027979834307054,53.11497989589033,0.0680827443490611,-0.367742292052506,0.04296335124067324,0.004607888203678545,uniform_decoder
adaptive_decoder,0.825,0.0,0.15877398513842395,0.841226014861576,4.0,0.0,0.9992416489957819,0.04191168172883107,53.11497989589033,0.0680827443490611,-0.367742292052506,0.04296335124067324,0.004607888203678545,uniform_decoder
overactive_decoder,0.825,0.0,0.17528417007841757,0.8247158299215824,48.0,0.0,0.9991474010503675,0.04191168172883107,49.15755730979427,0.0680827443490611,-0.367742292052506,0.04296335124067324,0.004607888203678545,uniform_decoder
oracle_decoder,0.825,0.0,0.1570982898024995,0.8429017101975005,0.0,0.0,0.9992416489957819,0.04027979834307054,53.11497989589033,0.0680827443490611,-0.367742292052506,0.04296335124067324,0.004607888203678545,uniform_decoder
uniform_decoder,0.825,0.08333333333333333,0.06982926965175769,0.9301707303482423,0.0,0.02023015597782666,0.9991641241417706,0.051570047977768124,61.695821777896114,0.06982926965175769,-0.32864625188175245,0.04716229986542533,0.005130671397437288,uniform_decoder
static_tailored,0.825,0.08333333333333333,0.14707981679698176,0.8529201832030182,0.0,0.003207810011176007,0.9992416489957819,0.04186063528861027,54.01287725756005,0.06982926965175769,-0.32864625188175245,0.04716229986542533,0.005130671397437288,uniform_decoder
adaptive_decoder,0.825,0.08333333333333333,0.14882769364800716,0.8511723063519928,4.0,0.0010283293738767472,0.9992416450909122,0.04325372093983223,54.01287725756005,0.06982926965175769,-0.32864625188175245,0.04716229986542533,0.005130671397437288,uniform_decoder
overactive_decoder,0.825,0.08333333333333333,0.16589987221274954,0.8341001277872504,48.0,2.6206651031959055e-05,0.9991474010503675,0.0434897490912728,49.99669706830108,0.06982926965175769,-0.32864625188175245,0.04716229986542533,0.005130671397437288,uniform_decoder
oracle_decoder,0.825,0.08333333333333333,0.14707981679698176,0.8529201832030182,0.0,0.0,0.9992416489957819,0.04186063528861027,54.01287725756005,0.06982926965175769,-0.32864625188175245,0.04716229986542533,0.005130671397437288,uniform_decoder
uniform_decoder,0.825,0.16666666666666666,0.07248367875240841,0.9275163212475916,0.0,0.017760902349025828,0.9991641241417706,0.051570047977768124,61.695821777896114,0.07248367875240841,-0.293314870977193,0.05003542789124682,0.0054885963555918816,uniform_decoder
static_tailored,0.825,0.16666666666666666,0.14062628422398724,0.8593737157760127,0.0,0.007873191001418966,0.9992416489957819,0.04226043870684672,54.01287725756005,0.07248367875240841,-0.293314870977193,0.05003542789124682,0.0054885963555918816,uniform_decoder
adaptive_decoder,0.825,0.16666666666666666,0.1424147913361631,0.8575852086638369,4.0,0.002595306318409166,0.9992416182369,0.04380762645488588,54.01287725756005,0.07248367875240841,-0.293314870977193,0.05003542789124682,0.0054885963555918816,uniform_decoder
overactive_decoder,0.825,0.16666666666666666,0.15980505972811954,0.8401949402718805,48.0,6.666463632060225e-05,0.9991474010503675,0.04388891415103339,49.99634504109013,0.07248367875240841,-0.293314870977193,0.05003542789124682,0.0054885963555918816,uniform_decoder
oracle_decoder,0.825,0.16666666666666666,0.14062628422398724,0.8593737157760127,0.0,0.0,0.9992416489957819,0.04226043870684672,54.01287725756005,0.07248367875240841,-0.293314870977193,0.05003542789124682,0.0054885963555918816,uniform_decoder
uniform_decoder,0.825,0.25,0.07501858882181543,0.9249814111781846,0.0,0.016977783883672805,0.9991641241417706,0.051570047977768124,61.695821777896114,0.07501858882181543,-0.2673349307226449,0.056393909026955485,0.000382246466639948,uniform_decoder
static_tailored,0.825,0.25,0.13703139109353926,0.8629686089064608,0.0,0.013144754109193515,0.9992416489957819,0.042260274232813935,54.012652163468644,0.07501858882181543,-0.2673349307226449,0.056393909026955485,0.000382246466639948,uniform_decoder
adaptive_decoder,0.825,0.25,0.13883655252187543,0.8611634474781246,4.0,0.0042315153744494766,0.9992415684655204,0.04385642954641106,54.012652163468644,0.07501858882181543,-0.2673349307226449,0.056393909026955485,0.000382246466639948,uniform_decoder
overactive_decoder,0.825,0.25,0.15808757227089895,0.841912427729101,48.0,0.0001072380371410268,0.9993793709323975,0.043888749926077164,70.05381018370876,0.07501858882181543,-0.2673349307226449,0.056393909026955485,0.000382246466639948,uniform_decoder
oracle_decoder,0.825,0.25,0.13871440859445852,0.8612855914055415,0.0,0.0,0.9994639319930916,0.042260274232813935,78.04656353039387,0.07501858882181543,-0.2673349307226449,0.056393909026955485,0.000382246466639948,uniform_decoder
uniform_decoder,0.825,0.3333333333333333,0.07680268864302268,0.9231973113569774,0.0,0.017828897339160356,0.9991641241417706,0.051570047977768124,61.695821777896114,0.07680268864302268,-0.2696304043004782,0.06685338294853603,-0.012945562592543114,uniform_decoder
static_tailored,0.825,0.3333333333333333,0.1359226243460512,0.8640773756539488,0.0,0.01756725336998699,0.9992416489957819,0.04225978071700749,54.01287725756005,0.07680268864302268,-0.2696304043004782,0.06685338294853603,-0.012945562592543114,uniform_decoder
adaptive_decoder,0.825,0.3333333333333333,0.14289164238608495,0.857108357613915,4.0,0.005422001303781318,0.9995085863836662,0.04388825715773244,82.45644321675228,0.07680268864302268,-0.2696304043004782,0.06685338294853603,-0.012945562592543114,uniform_decoder
overactive_decoder,0.825,0.3333333333333333,0.16667106517691033,0.8333289348230897,48.0,0.000133687033170127,0.9994238680768427,0.04388825715773244,73.2324023389808,0.07680268864302268,-0.2696304043004782,0.06685338294853603,-0.012945562592543114,uniform_decoder
oracle_decoder,0.825,0.3333333333333333,0.14721511094756365,0.8527848890524363,0.0,0.0,0.9995085863836662,0.04225978071700749,82.45644321675228,0.07680268864302268,-0.2696304043004782,0.06685338294853603,-0.012945562592543114,uniform_decoder
uniform_decoder,0.825,0.41666666666666663,0.07785206730211867,0.9221479326978813,0.0,0.018276283700671712,0.9991641241417706,0.051570047977768124,61.695821777896114,0.07785206730211867,-0.2575245252172458,0.08855496210678701,-0.04351497230634952,uniform_decoder
static_tailored,0.825,0.41666666666666663,0.13743615089275396,0.862563849107246,0.0,0.020857796443871573,0.9992416489957819,0.042260274232813935,54.01287725756005,0.07785206730211867,-0.2575245252172458,0.08855496210678701,-0.04351497230634952,uniform_decoder
adaptive_decoder,0.825,0.41666666666666663,0.1408622673566283,0.8591377326433717,4.0,0.006190402209945211,0.9995084971382043,0.04377439286231281,82.45644321675228,0.07785206730211867,-0.2575245252172458,0.08855496210678701,-0.04351497230634952,uniform_decoder
overactive_decoder,0.825,0.41666666666666663,0.17272278688813653,0.8272772131118635,48.0,0.0001596352365934285,0.9994237791579572,0.043888749926077164,73.23532111574333,0.07785206730211867,-0.2575245252172458,0.08855496210678701,-0.04351497230634952,uniform_decoder
oracle_decoder,0.825,0.41666666666666663,0.15570754126740066,0.8442924587325993,0.0,0.0,0.9995084971382043,0.042260274232813935,82.45644321675228,0.07785206730211867,-0.2575245252172458,0.08855496210678701,-0.04351497230634952,uniform_decoder
uniform_decoder,0.825,0.5,0.07816272072385418,0.9218372792761458,0.0,0.01776090234902583,0.9991641241417706,0.051570047977768124,61.695821777896114,0.07816272072385418,-0.2980147076548742,0.04320305693149867,0.010654504433563248,uniform_decoder
static_tailored,0.825,0.5,0.1410408094518184,0.8589591905481816,0.0,0.023353628920259384,0.9992416489957819,0.04225978071700749,54.010441045238466,0.07816272072385418,-0.2980147076548742,0.04320305693149867,0.010654504433563248,uniform_decoder
adaptive_decoder,0.825,0.5,0.15524383969739783,0.8447561603026021,4.0,0.007585073932079727,0.9995084971382043,0.04380762645488588,82.44397126454545,0.07816272072385418,-0.2980147076548742,0.04320305693149867,0.010654504433563248,uniform_decoder
overactive_decoder,0.825,0.5,0.17148156275080623,0.8285184372491938,48.0,0.00019987477572591477,0.9994237791579572,0.0438889141510334,73.23150216025687,0.07816272072385418,-0.2980147076548742,0.04320305693149867,0.010654504433563248,uniform_decoder
oracle_decoder,0.825,0.5,0.15148159570218253,0.8485184042978174,0.0,0.0,0.9995084971382043,0.04226043870684673,82.44397126454545,0.07816272072385418,-0.2980147076548742,0.04320305693149867,0.010654504433563248,uniform_decoder
uniform_decoder,0.825,0.5833333333333333,0.07765689913506148,0.9223431008649385,0.0,0.01744120518522009,0.9991641241417706,0.051570047977768124,61.695821777896114,0.07765689913506148,-0.29621807474495526,0.028136623546131206,0.024307456208567862,uniform_decoder
static_tailored,0.825,0.5833333333333333,0.14534190613064715,0.8546580938693529,0.0,0.025120105376004592,0.9992416489957819,0.04225895787836321,54.01287725756005,0.07765689913506148,-0.29621807474495526,0.028136623546131206,0.024307456208567862,uniform_decoder
adaptive_decoder,0.825,0.5833333333333333,0.1536024418368428,0.8463975581631572,4.0,0.008845522357745656,0.9995085640694635,0.043872414694945315,82.44946091367098,0.07765689913506148,-0.29621807474495526,0.028136623546131206,0.024307456208567862,uniform_decoder
overactive_decoder,0.825,0.5833333333333333,0.16388331618276972,0.8361166838172303,48.0,0.00024054787274019755,0.9994238458442986,0.04388825715773244,73.23532111574333,0.07765689913506148,-0.29621807474495526,0.028136623546131206,0.024307456208567862,uniform_decoder
oracle_decoder,0.825,0.5833333333333333,0.1452414792917332,0.8547585207082669,0.0,0.0,0.9995085640694635,0.042259780717007485,82.44946091367098,0.07765689913506148,-0.29621807474495526,0.028136623546131206,0.024307456208567862,uniform_decoder
uniform_decoder,0.825,0.6666666666666666,0.076643230035275,0.923356769964725,0.0,0.01782889733916036,0.9991641241417706,0.051570047977768124,61.695821777896114,0.076643230035275,-0.2193388717959128,0.09380204444875179,-0.044576525263619125,uniform_decoder
static_tailored,0.825,0.6666666666666666,0.15004324998422489,0.8499567500157751,0.0,0.02618132060964927,0.9992416489957819,0.04225978071700749,54.01287725756005,0.076643230035275,-0.2193388717959128,0.09380204444875179,-0.044576525263619125,uniform_decoder
adaptive_decoder,0.825,0.6666666666666666,0.12700261729142398,0.872997382708576,4.0,0.009982237552515058,0.9995053926324603,0.04388825715773244,82.45644321675228,0.076643230035275,-0.2193388717959128,0.09380204444875179,-0.044576525263619125,uniform_decoder
overactive_decoder,0.825,0.6666666666666666,0.15762123119901006,0.8423787688009899,48.0,0.0002671757818494728,0.9994235125819961,0.04388825715773244,73.23240233898082,0.076643230035275,-0.2193388717959128,0.09380204444875179,-0.044576525263619125,uniform_decoder
oracle_decoder,0.825,0.6666666666666666,0.1407308129152793,0.8592691870847207,0.0,0.0,0.9995082295834323,0.04225978071700749,82.45644321675228,0.076643230035275,-0.2193388717959128,0.09380204444875179,-0.044576525263619125,uniform_decoder
uniform_decoder,0.825,0.75,0.07563795685000992,0.92436204314999,0.0,0.018054140798747415,0.9991700820492238,0.05315091463056853,63.52366664836263,0.07563795685000992,-0.22665049829465986,0.09000588486433143,-0.03857373930858551,uniform_decoder
static_tailored,0.825,0.75,0.15650510022335612,0.8434948997766438,0.0,0.026641493722065878,0.9992416489957819,0.042257805248640964,54.012652163468644,0.07563795685000992,-0.22665049829465986,0.09000588486433143,-0.03857373930858551,uniform_decoder
adaptive_decoder,0.825,0.75,0.12746480542569721,0.8725351945743027,4.0,0.010784376337518999,0.9994798193089678,0.04385642954641106,80.00092097464176,0.07563795685000992,-0.22665049829465986,0.09000588486433143,-0.03857373930858551,uniform_decoder
overactive_decoder,0.825,0.75,0.15681809442656056,0.8431819055734394,48.0,0.0002928798216199126,0.9994238458442986,0.04388743556563096,73.20607644942902,0.07563795685000992,-0.22665049829465986,0.09000588486433143,-0.03857373930858551,uniform_decoder
oracle_decoder,0.825,0.75,0.13930414102483626,0.8606958589751638,0.0,0.0,0.9995085640694635,0.0422589578783632,82.44397126454545,0.07563795685000992,-0.22665049829465986,0.09000588486433143,-0.03857373930858551,uniform_decoder
uniform_decoder,0.825,0.8333333333333333,0.07487019414831755,0.9251298058516825,0.0,0.01776090234902583,0.9991698705876617,0.05355093824098287,63.5141857805977,0.07487019414831755,-0.2428682724899735,0.057133120960538346,-0.001510101457818417,uniform_decoder
static_tailored,0.825,0.8333333333333333,0.16590271695015774,0.8340972830498423,0.0,0.0262174609940402,0.9992416489957819,0.042257805248640964,54.01287725756005,0.07487019414831755,-0.2428682724899735,0.057133120960538346,-0.001510101457818417,uniform_decoder
adaptive_decoder,0.825,0.8333333333333333,0.13097162977902208,0.8690283702209779,4.0,0.011586754327875275,0.999436755899319,0.04377439286231281,74.7112456207647,0.07487019414831755,-0.2428682724899735,0.057133120960538346,-0.001510101457818417,uniform_decoder
overactive_decoder,0.825,0.8333333333333333,0.1493861562089887,0.8506138437910113,48.0,0.00033291844269891304,0.9994237791579572,0.05514907870371907,73.23240233898082,0.07487019414831755,-0.2428682724899735,0.057133120960538346,-0.001510101457818417,uniform_decoder
oracle_decoder,0.825,0.8333333333333333,0.13142782876629264,0.8685721712337073,0.0,0.0,0.9995084971382043,0.05355093824098287,82.45644321675228,0.07487019414831755,-0.2428682724899735,0.057133120960538346,-0.001510101457818417,uniform_decoder
uniform_decoder,0.825,0.9166666666666666,0.07423211751883421,0.9257678824811658,0.0,0.01757096322332975,0.9991700820492238,0.053549456181311884,63.50331214718379,0.07423211751883421,-0.19976086297997694,0.07461306551460464,-0.015898163900860268,uniform_decoder
static_tailored,0.825,0.9166666666666666,0.17716254296839218,0.8228374570316078,0.0,0.024846059887346863,0.9992416489957819,0.042256322172724285,53.991370379052206,0.07423211751883421,-0.19976086297997694,0.07461306551460464,-0.015898163900860268,uniform_decoder
adaptive_decoder,0.825,0.9166666666666666,0.11758521354997949,0.8824147864500205,4.0,0.012860253171702932,0.9992416450909122,0.04383489553557301,53.99985088808244,0.07423211751883421,-0.19976086297997694,0.07461306551460464,-0.015898163900860268,uniform_decoder
overactive_decoder,0.825,0.9166666666666666,0.1396258332072923,0.8603741667927077,48.0,0.00037345298767058646,0.9994238458442983,0.05514759889460196,73.2324023389808,0.07423211751883421,-0.19976086297997694,0.07461306551460464,-0.015898163900860268,uniform_decoder
oracle_decoder,0.825,0.9166666666666666,0.12196939683409744,0.8780306031659025,0.0,0.0,0.9995085640694634,0.053549456181311884,82.45644321675228,0.07423211751883421,-0.19976086297997694,0.07461306551460464,-0.015898163900860268,uniform_decoder
uniform_decoder,0.825,1.0,0.07368914378617761,0.9263108562138224,0.0,0.017828897339160356,0.9991700820492238,0.05355027970356482,63.5229445382104,0.07368914378617761,-0.2754305762856442,-0.016835953458980087,0.06803339104671643,uniform_decoder
static_tailored,0.825,1.0,0.1875746119703763,0.8124253880296237,0.0,0.022971753125398037,0.9992416489957819,0.04225978071700749,53.999850888082435,0.07368914378617761,-0.2754305762856442,-0.016835953458980087,0.06803339104671643,uniform_decoder
adaptive_decoder,0.825,1.0,0.13894217295869576,0.8610578270413043,4.0,0.013513223148273761,0.9995082295834323,0.04388299224432022,82.39569881682935,0.07368914378617761,-0.2754305762856442,-0.016835953458980087,0.06803339104671643,uniform_decoder
overactive_decoder,0.825,1.0,0.13365897712341906,0.8663410228765809,48.0,0.0004001837187979005,0.999423512581996,0.055148421166162545,73.20395968978247,0.07368914378617761,-0.2754305762856442,-0.016835953458980087,0.06803339104671643,uniform_decoder
oracle_decoder,0.825,1.0,0.11879569306855686,0.8812043069314431,0.0,0.0,0.9995082295834323,0.05355027970356482,82.39569881682935,0.07368914378617761,-0.2754305762856442,-0.016835953458980087,0.06803339104671643,uniform_decoder
uniform_decoder,0.825,1.0833333333333333,0.07343585306860548,0.9265641469313945,0.0,0.01797350455153535,0.9991700272698343,0.05355027970356482,63.51692624055405,0.07343585306860548,-0.1884552251723448,0.06308209023838562,-0.015638001038075267,uniform_decoder
static_tailored,0.825,1.0833333333333333,0.19550805778367086,0.8044919422163291,0.0,0.02152708936377433,0.9992416489957819,0.04225895787836321,54.01044104523063,0.07343585306860548,-0.1884552251723448,0.06308209023838562,-0.015638001038075267,uniform_decoder
adaptive_decoder,0.825,1.0833333333333333,0.11333482265914387,0.8866651773408561,4.0,0.013433783378308098,0.9995077842643403,0.055148421166162545,82.35796185685302,0.07343585306860548,-0.1884552251723448,0.06308209023838562,-0.015638001038075267,uniform_decoder
overactive_decoder,0.825,1.0833333333333333,0.13105254512242084,0.8689474548775792,48.0,0.000425446549775874,0.9994230688911921,0.055148421166162545,73.11448688280316,0.07343585306860548,-0.1884552251723448,0.06308209023838562,-0.015638001038075267,uniform_decoder
oracle_decoder,0.825,1.0833333333333333,0.11749012623847464,0.8825098737615253,0.0,0.0,0.9995077842643403,0.05355027970356482,82.35796185685302,0.07343585306860548,-0.1884552251723448,0.06308209023838562,-0.015638001038075267,uniform_decoder
uniform_decoder,0.825,1.1666666666666665,0.07361145539108369,0.9263885446089163,0.0,0.01776090234902582,0.9991700272698343,0.05354500243706804,63.49683347202646,0.07361145539108369,-0.18916499930921044,0.05440151663624897,-0.018295425802654853,uniform_decoder
static_tailored,0.825,1.1666666666666665,0.2008478139920198,0.7991521860079802,0.0,0.02098527201462093,0.9992416489957819,0.04226043870684672,54.01287725756005,0.07361145539108369,-0.18916499930921044,0.05440151663624897,-0.018295425802654853,uniform_decoder
adaptive_decoder,0.825,1.1666666666666665,0.11379165232027295,0.886208347679727,4.0,0.013543940059460585,0.9995077842643403,0.05494894137522253,82.39569881682935,0.07361145539108369,-0.18916499930921044,0.05440151663624897,-0.018295425802654853,uniform_decoder
overactive_decoder,0.825,1.1666666666666665,0.12897689583834898,0.871023104161651,48.0,0.0004651656629196576,0.9994230688911921,0.05514315192069326,73.15203187099226,0.07361145539108369,-0.18916499930921044,0.05440151663624897,-0.018295425802654853,uniform_decoder
oracle_decoder,0.825,1.1666666666666665,0.11868773158333029,0.8813122684166697,0.0,0.0,0.9995077842643403,0.05354500243706804,82.39569881682935,0.07361145539108369,-0.18916499930921044,0.05440151663624897,-0.018295425802654853,uniform_decoder
uniform_decoder,0.825,1.25,0.0740750555804556,0.9259249444195444,0.0,0.01763315723743764,0.9991698705876616,0.05354681829457268,63.521192771582434,0.0740750555804556,-0.2130884973687727,0.023900918806235124,0.023268311337279468,uniform_decoder
static_tailored,0.825,1.25,0.20401207775070568,0.7959879222492943,0.0,0.021249041230368925,0.9992416489957819,0.04225978071700748,54.007587086158544,0.0740750555804556,-0.2130884973687727,0.023900918806235124,0.023268311337279468,uniform_decoder
adaptive_decoder,0.825,1.25,0.12099306638069054,0.8790069336193095,4.0,0.01526415314080295,0.9995074952129447,0.0427711511798913,82.35796185685302,0.0740750555804556,-0.2130884973687727,0.023900918806235124,0.023268311337279468,uniform_decoder
overactive_decoder,0.825,1.25,0.1278384222915637,0.8721615777084363,48.0,0.0005058451683514363,0.9994227808961308,0.055144965016534805,73.15203187099225,0.0740750555804556,-0.2130884973687727,0.023900918806235124,0.023268311337279468,uniform_decoder
oracle_decoder,0.825,1.25,0.11468118504919952,0.8853188149508004,0.0,0.0,0.9995074952129447,0.05354681829457268,82.39569881682935,0.0740750555804556,-0.2130884973687727,0.023900918806235124,0.023268311337279468,uniform_decoder
uniform_decoder,0.825,1.3333333333333333,0.07458894944594338,0.9254110505540566,0.0,0.017828897339160352,0.9991700820492236,0.053545002437068036,63.5229445382104,0.07458894944594338,-0.21198168939609166,0.02670899263269366,0.02051706624965892,uniform_decoder
static_tailored,0.825,1.3333333333333333,0.20540540711291325,0.7945945928870868,0.0,0.021875307044709802,0.9992416489957819,0.04225978071700749,54.01287725756005,0.07458894944594338,-0.21198168939609166,0.02670899263269366,0.02051706624965892,uniform_decoder
adaptive_decoder,0.825,1.3333333333333333,0.12152235571105666,0.8784776442889434,4.0,0.017367411694197515,0.9994998120137729,0.04247075075002773,82.16378248727607,0.07458894944594338,-0.21198168939609166,0.02670899263269366,0.02051706624965892,uniform_decoder
overactive_decoder,0.825,1.3333333333333333,0.12923054395926714,0.8707694560407329,48.0,0.0005326543875110718,0.9994238680768427,0.05514315192069325,73.2324023389808,0.07458894944594338,-0.21198168939609166,0.02670899263269366,0.02051706624965892,uniform_decoder
oracle_decoder,0.825,1.3333333333333333,0.1159148595912822,0.8840851404087178,0.0,0.0,0.9995085863836662,0.053545002437068036,82.45644321675228,0.07458894944594338,-0.21198168939609166,0.02670899263269366,0.02051706624965892,uniform_decoder
uniform_decoder,0.825,1.4166666666666665,0.07502118936321103,0.924978810636789,0.0,0.017934241848046248,0.9991700820492236,0.05354500243706804,63.52427466575082,0.07502118936321103,-0.22000699888636305,0.02066940325091783,0.03260678507732981,uniform_decoder
static_tailored,0.825,1.4166666666666665,0.20529700743247137,0.7947029925675286,0.0,0.022608151758650264,0.9992416489957819,0.04225632217272428,54.00218376934956,0.07502118936321103,-0.22000699888636305,0.02066940325091783,0.03260678507732981,uniform_decoder
adaptive_decoder,0.825,1.4166666666666665,0.12450619011482916,0.8754938098851708,4.0,0.01840184221978812,0.999485412435861,0.04350796643961306,80.66612216252372,0.07502118936321103,-0.22000699888636305,0.02066940325091783,0.03260678507732981,uniform_decoder
overactive_decoder,0.825,1.4166666666666665,0.13057509400762035,0.8694249059923796,48.0,0.0005574849524886036,0.9994238458442983,0.05514315192069326,73.23532111577137,0.07502118936321103,-0.22000699888636305,0.02066940325091783,0.03260678507732981,uniform_decoder
oracle_decoder,0.825,1.4166666666666665,0.11550057833942695,0.884499421660573,0.0,0.0,0.9995085640694634,0.05354500243706804,82.44946091370795,0.07502118936321103,-0.22000699888636305,0.02066940325091783,0.03260678507732981,uniform_decoder
uniform_decoder,0.825,1.5,0.07525389850599856,0.9247461014940015,0.0,0.01776090234902582,0.9991700820492238,0.05355027970356482,63.52366664836263,0.07525389850599856,-0.2366636412534165,0.00041407526806540296,0.03701246282770386,uniform_decoder
static_tailored,0.825,1.5,0.20386095945567323,0.7961390405443267,0.0,0.023353628920259373,0.9992416489957819,0.042257805248640964,54.010441045238466,0.07525389850599856,-0.2366636412534165,0.00041407526806540296,0.03701246282770386,uniform_decoder
adaptive_decoder,0.825,1.5,0.12977548021591653,0.8702245197840834,4.0,0.01831189072874212,0.9994656254743728,0.04387241469494532,78.25658063121983,0.07525389850599856,-0.2366636412534165,0.00041407526806540296,0.03701246282770386,uniform_decoder
overactive_decoder,0.825,1.5,0.1298992728143789,0.8701007271856211,48.0,0.0005968872073309647,0.999423512581996,0.055148421166162545,73.23150216025687,0.07525389850599856,-0.2366636412534165,0.00041407526806540296,0.03701246282770386,uniform_decoder
oracle_decoder,0.825,1.5,0.11917363376496284,0.8808263662350372,0.0,0.0,0.9995082295834323,0.05355027970356482,82.44397126454545,0.07525389850599856,-0.2366636412534165,0.00041407526806540296,0.03701246282770386,uniform_decoder
uniform_decoder,0.825,1.5833333333333333,0.07517959169551906,0.924820408304481,0.0,0.017665177919920016,0.9991699622721172,0.05354681829457268,63.50331214718379,0.07517959169551906,-0.17832808427216273,0.054556257213602445,-0.002756486111374964,uniform_decoder
static_tailored,0.825,1.5833333333333333,0.20149895020355155,0.7985010497964484,0.0,0.02399741603040635,0.9992416489957819,0.042260274232813935,54.007587086158544,0.07517959169551906,-0.17832808427216273,0.054556257213602445,-0.002756486111374964,uniform_decoder
adaptive_decoder,0.825,1.5833333333333333,0.11335170237673091,0.8866482976232691,4.0,0.017803433360872326,0.9994423727915946,0.05511656814168084,75.39123259753478,0.07517959169551906,-0.17832808427216273,0.054556257213602445,-0.002756486111374964,uniform_decoder
overactive_decoder,0.825,1.5833333333333333,0.12852402093257667,0.8714759790674234,48.0,0.0006380476064007703,0.9994237791579572,0.05514496501653481,73.22267561970433,0.07517959169551906,-0.17832808427216273,0.054556257213602445,-0.002756486111374964,uniform_decoder
oracle_decoder,0.825,1.5833333333333333,0.11407343862268685,0.8859265613773132,0.0,0.0,0.9995084971382043,0.05354681829457268,82.45464298113903,0.07517959169551906,-0.17832808427216273,0.054556257213602445,-0.002756486111374964,uniform_decoder
uniform_decoder,0.825,1.6666666666666665,0.07487210225620848,0.9251278977437916,0.0,0.017828897339160356,0.9991698705876617,0.05353440018039234,63.483425292498154,0.07487210225620848,-0.2170060605524991,0.0012527934254427503,0.05150192594277462,uniform_decoder
static_tailored,0.825,1.6666666666666665,0.19908948613133814,0.8009105138686619,0.0,0.024456002655372792,0.9992416489957819,0.042259780717007485,54.01287725756005,0.07487210225620848,-0.2170060605524991,0.0012527934254427503,0.05150192594277462,uniform_decoder
adaptive_decoder,0.825,1.6666666666666665,0.12340310518378196,0.876596894816218,4.0,0.01811770484776106,0.9995071620897251,0.0551325658237368,82.45644321675228,0.07487210225620848,-0.2170060605524991,0.0012527934254427503,0.05150192594277462,uniform_decoder
overactive_decoder,0.825,1.6666666666666665,0.12375959554305266,0.8762404044569474,48.0,0.0006642059324551444,0.9994224489897481,0.0551325658237368,73.23240233898082,0.07487210225620848,-0.2170060605524991,0.0012527934254427503,0.05150192594277462,uniform_decoder
oracle_decoder,0.825,1.6666666666666665,0.10960343418001087,0.8903965658199892,0.0,0.0,0.9995071620897251,0.05353440018039234,82.45644321675228,0.07487210225620848,-0.2170060605524991,0.0012527934254427503,0.05150192594277462,uniform_decoder
uniform_decoder,0.825,1.75,0.07452189770456366,0.9254781022954364,0.0,0.017868455581721857,0.9991700272698343,0.05354037176951879,63.521192771582434,0.07452189770456366,-0.42606559168823305,-0.20567513434594376,0.24136804614363916,uniform_decoder
static_tailored,0.825,1.75,0.19771403170092314,0.8022859682990768,0.0,0.024701109735838167,0.9992416489957819,0.042252361130085805,53.999850888082435,0.07452189770456366,-0.42606559168823305,-0.20567513434594376,0.24136804614363916,uniform_decoder
adaptive_decoder,0.825,1.75,0.19876938655174556,0.8012306134482544,4.0,0.01884421620292798,0.9994950101445105,0.04374430995722353,81.72335436667328,0.07452189770456366,-0.42606559168823305,-0.20567513434594376,0.24136804614363916,uniform_decoder
overactive_decoder,0.825,1.75,0.12378680765650132,0.8762131923434987,48.0,0.0006896283604625667,0.9994238458442986,0.05513852830375518,73.18040400688537,0.07452189770456366,-0.42606559168823305,-0.20567513434594376,0.24136804614363916,uniform_decoder
oracle_decoder,0.825,1.75,0.11402010884323936,0.8859798911567607,0.0,0.0,0.9995085640694635,0.05354037176951879,82.33576238589947,0.07452189770456366,-0.42606559168823305,-0.20567513434594376,0.24136804614363916,uniform_decoder
uniform_decoder,0.825,1.8333333333333333,0.07422560347769626,0.9257743965223038,0.0,0.017760902349025824,0.9991700820492238,0.05355093824098288,63.5229445382104,0.07422560347769626,-0.2043837877038532,0.02025863397362095,0.03159847348307764,uniform_decoder
static_tailored,0.825,1.8333333333333333,0.19817928943462507,0.801820710565375,0.0,0.024544648439760574,0.9992416489957819,0.042259780717007485,54.010441045238466,0.07422560347769626,-0.2043837877038532,0.02025863397362095,0.03159847348307764,uniform_decoder
adaptive_decoder,0.825,1.8333333333333333,0.1188331268760838,0.8811668731239162,4.0,0.019370657216000477,0.999436755899319,0.04383489553557301,74.7112456207647,0.07422560347769626,-0.2043837877038532,0.02025863397362095,0.03159847348307764,uniform_decoder
overactive_decoder,0.825,1.8333333333333333,0.12450768518692215,0.8754923148130779,48.0,0.0007280163048907856,0.9994235125819961,0.05514907870371907,73.2324023389808,0.07422560347769626,-0.2043837877038532,0.02025863397362095,0.03159847348307764,uniform_decoder
oracle_decoder,0.825,1.8333333333333333,0.11049409049153155,0.8895059095084684,0.0,0.0,0.9995082295834323,0.05355093824098288,82.45644321675228,0.07422560347769626,-0.2043837877038532,0.02025863397362095,0.03159847348307764,uniform_decoder
uniform_decoder,0.825,1.9166666666666665,0.07394555413042256,0.9260544458695774,0.0,0.017692881236522334,0.9991697335303863,0.05355077362999769,63.52366664836263,0.07394555413042256,-0.12440154216654138,0.08223661769754935,-0.04392372005608853,uniform_decoder
static_tailored,0.825,1.9166666666666665,0.20035979400284304,0.799640205997157,0.0,0.023904740661752872,0.9992416489957819,0.04225978071700749,54.01265216346081,0.07394555413042256,-0.12440154216654138,0.08223661769754935,-0.04392372005608853,uniform_decoder
adaptive_decoder,0.825,1.9166666666666665,0.09847219301904549,0.9015278069809545,4.0,0.01931275730298483,0.9992415230033429,0.04388299224432022,54.01265216346081,0.07394555413042256,-0.12440154216654138,0.08223661769754935,-0.04392372005608853,uniform_decoder
overactive_decoder,0.825,1.9166666666666665,0.11900089498387162,0.8809991050161283,48.0,0.0007676952490613132,0.9994235125819961,0.055148914342641575,73.20395968978247,0.07394555413042256,-0.12440154216654138,0.08223661769754935,-0.04392372005608853,uniform_decoder
oracle_decoder,0.825,1.9166666666666665,0.10895253263612398,0.891047467363876,0.0,0.0,0.9995082295834323,0.05355077362999769,82.3768275932216,0.07394555413042256,-0.12440154216654138,0.08223661769754935,-0.04392372005608853,uniform_decoder
uniform_decoder,0.825,2.0,0.07369173605066939,0.9263082639493306,0.0,0.017828897339160352,0.9991700820492238,0.05355027970356482,63.5229445382104,0.07369173605066939,-0.13290425342779744,0.060004153202807234,-0.021002706022511586,uniform_decoder
static_tailored,0.825,2.0,0.20327836581236142,0.7967216341876386,0.0,0.022971753125398033,0.9992416489957819,0.04225978071700749,53.999850888082435,0.07369173605066939,-0.13290425342779744,0.060004153202807234,-0.021002706022511586,uniform_decoder
adaptive_decoder,0.825,2.0,0.10007441067984732,0.8999255893201527,4.0,0.019575797908862057,0.9992414958289125,0.04388299224432022,54.012877257560056,0.07369173605066939,-0.13290425342779744,0.060004153202807234,-0.021002706022511586,uniform_decoder
overactive_decoder,0.825,2.0,0.11490189585462939,0.8850981041453706,48.0,0.0007945716252723507,0.999423512581996,0.055148421166162545,73.20395968979643,0.07369173605066939,-0.13290425342779744,0.060004153202807234,-0.021002706022511586,uniform_decoder
oracle_decoder,0.825,2.0,0.10503299447336668,0.8949670055266333,0.0,0.0,0.9995082295834323,0.05355027970356482,82.39569881682935,0.07369173605066939,-0.13290425342779744,0.060004153202807234,-0.021002706022511586,uniform_decoder
uniform_decoder,0.8999999999999999,0.0,0.06705802370132784,0.9329419762986721,0.0,0.023415820611744843,0.9991842360048466,0.05204229417319657,63.79577240769493,0.06705802370132784,-0.35396992336424415,0.04588032484077328,0.004959455285850366,uniform_decoder
static_tailored,0.8999999999999999,0.0,0.1497825493185242,0.8502174506814758,0.0,0.0,0.999256588621058,0.040752296312159146,54.81796144976784,0.06705802370132784,-0.35396992336424415,0.04588032484077328,0.004959455285850366,uniform_decoder
adaptive_decoder,0.8999999999999999,0.0,0.15150280489054596,0.848497195109454,4.0,0.0,0.999256588621058,0.04238327580348171,54.81796144976784,0.06705802370132784,-0.35396992336424415,0.04588032484077328,0.004959455285850366,uniform_decoder
overactive_decoder,0.8999999999999999,0.0,0.16838406828466249,0.8316159317153375,48.0,0.0,0.9991622603862245,0.04238327580348171,50.59242168633793,0.06705802370132784,-0.35396992336424415,0.04588032484077328,0.004959455285850366,uniform_decoder
oracle_decoder,0.8999999999999999,0.0,0.1497825493185242,0.8502174506814758,0.0,0.0,0.999256588621058,0.040752296312159146,54.81796144976784,0.06705802370132784,-0.35396992336424415,0.04588032484077328,0.004959455285850366,uniform_decoder
uniform_decoder,0.8999999999999999,0.08333333333333333,0.0689277995003898,0.9310722004996101,0.0,0.021964901494467916,0.9991842360048466,0.05204229417319657,63.79577240769493,0.0689277995003898,-0.31060536061460337,0.050775281831194105,0.005571409017732897,uniform_decoder
static_tailored,0.8999999999999999,0.08333333333333333,0.13913242848709192,0.860867571512908,0.0,0.003323509729343851,0.999256588621058,0.04231572210090509,55.60749986047886,0.0689277995003898,-0.31060536061460337,0.050775281831194105,0.005571409017732897,uniform_decoder
adaptive_decoder,0.8999999999999999,0.08333333333333333,0.14092880670208685,0.8590711932979131,4.0,0.001072448814393742,0.9992565824050015,0.04371728209753538,55.60749986047886,0.0689277995003898,-0.31060536061460337,0.050775281831194105,0.005571409017732897,uniform_decoder
overactive_decoder,0.8999999999999999,0.08333333333333333,0.1584072506907085,0.8415927493092915,48.0,2.741322193968233e-05,0.9991622603862245,0.04394398025776593,51.33082419808351,0.0689277995003898,-0.31060536061460337,0.050775281831194105,0.005571409017732897,uniform_decoder
oracle_decoder,0.8999999999999999,0.08333333333333333,0.13913242848709192,0.860867571512908,0.0,0.0,0.999256588621058,0.04231572210090509,55.60749986047886,0.0689277995003898,-0.31060536061460337,0.050775281831194105,0.005571409017732897,uniform_decoder
uniform_decoder,0.8999999999999999,0.16666666666666666,0.07187312544077558,0.9281268745592244,0.0,0.01914919111042101,0.9991842360048466,0.05204229417319657,63.79577240769493,0.07187312544077558,-0.2718402043639825,0.054014054870585464,0.005978156356759268,uniform_decoder
static_tailored,0.8999999999999999,0.16666666666666666,0.1325649092343512,0.8674350907656487,0.0,0.008331917002372506,0.999256588621058,0.0426895143211355,55.60642970845585,0.07187312544077558,-0.2718402043639825,0.054014054870585464,0.005978156356759268,uniform_decoder
adaptive_decoder,0.8999999999999999,0.16666666666666666,0.13440231063935631,0.8655976893606436,4.0,0.0027763160258172347,0.9992565483998094,0.04424257829872431,55.60597099722349,0.07187312544077558,-0.2718402043639825,0.054014054870585464,0.005978156356759268,uniform_decoder
overactive_decoder,0.8999999999999999,0.16666666666666666,0.1522021509555156,0.8477978490444844,48.0,7.161488191880561e-05,0.9991622603862245,0.044317200894708336,51.330776460095855,0.07187312544077558,-0.2718402043639825,0.054014054870585464,0.005978156356759268,uniform_decoder
oracle_decoder,0.8999999999999999,0.16666666666666666,0.1325649092343512,0.8674350907656487,0.0,0.0,0.999256588621058,0.0426895143211355,55.60642970845585,0.07187312544077558,-0.2718402043639825,0.054014054870585464,0.005978156356759268,uniform_decoder
uniform_decoder,0.8999999999999999,0.25,0.07467395352843458,0.9253260464715655,0.0,0.018257601695526423,0.9991842360048466,0.05204229417319657,63.79577240769493,0.07467395352843458,-0.2436325004071664,0.060946680609364,0.0003794499182371372,uniform_decoder
static_tailored,0.8999999999999999,0.25,0.12900459516205043,0.8709954048379496,0.0,0.014097355695540574,0.999256588621058,0.04268936426906107,55.60642970845585,0.07467395352843458,-0.2436325004071664,0.060946680609364,0.0003794499182371372,uniform_decoder
adaptive_decoder,0.8999999999999999,0.25,0.13085841195662037,0.8691415880433796,4.0,0.004570051262751964,0.9992564866415932,0.044287486442523505,55.60642970845585,0.07467395352843458,-0.2436325004071664,0.060946680609364,0.0003794499182371372,uniform_decoder
overactive_decoder,0.8999999999999999,0.25,0.15057342397571757,0.8494265760242824,48.0,0.00011596233192084205,0.9993984581417568,0.04431705105367102,73.02611308164482,0.07467395352843458,-0.2436325004071664,0.060946680609364,0.0003794499182371372,uniform_decoder
oracle_decoder,0.8999999999999999,0.25,0.13074412883705938,0.8692558711629406,0.0,0.0,0.9994830906316309,0.04268936426906107,81.81308210964198,0.07467395352843458,-0.2436325004071664,0.060946680609364,0.0003794499182371372,uniform_decoder
uniform_decoder,0.8999999999999999,0.3333333333333333,0.07660496088055059,0.9233950391194494,0.0,0.01922887318124154,0.9991842360048466,0.05204229417319657,63.79577240769493,0.07660496088055059,-0.245999672811539,0.0775077539074183,-0.020340112591443,uniform_decoder
static_tailored,0.8999999999999999,0.3333333333333333,0.12797836496170778,0.8720216350382922,0.0,0.018943365560692333,0.9992565886210582,0.042688914003537956,55.60642970845585,0.07660496088055059,-0.245999672811539,0.0775077539074183,-0.020340112591443,uniform_decoder
adaptive_decoder,0.8999999999999999,0.3333333333333333,0.13497600441966845,0.8650239955803316,4.0,0.00583437481546598,0.999534625805523,0.04431660142153944,87.96059057120418,0.07660496088055059,-0.245999672811539,0.0775077539074183,-0.020340112591443,uniform_decoder
overactive_decoder,0.8999999999999999,0.3333333333333333,0.1613482732159045,0.8386517267840955,48.0,0.00014365142586283565,0.9994498065651386,0.044316601421539446,77.44821360219014,0.07660496088055059,-0.245999672811539,0.0775077539074183,-0.020340112591443,uniform_decoder
oracle_decoder,0.8999999999999999,0.3333333333333333,0.14144795746199632,0.8585520425380037,0.0,0.0,0.999534625805523,0.042688914003537956,87.96059057120418,0.07660496088055059,-0.245999672811539,0.0775077539074183,-0.020340112591443,uniform_decoder
uniform_decoder,0.8999999999999999,0.41666666666666663,0.07774207755923623,0.9222579224407638,0.0,0.019737840394936448,0.9991842360048466,0.05204229417319657,63.79577240769493,0.07774207755923623,-0.23316421312192037,0.10104804673658857,-0.04646496754514884,uniform_decoder
static_tailored,0.8999999999999999,0.41666666666666663,0.12978450436394406,0.8702154956360559,0.0,0.022508007752672785,0.999256588621058,0.04268936426906107,55.60749986047886,0.07774207755923623,-0.23316421312192037,0.10104804673658857,-0.04646496754514884,uniform_decoder
adaptive_decoder,0.8999999999999999,0.41666666666666663,0.13299041937830708,0.8670095806216929,4.0,0.006623033063340159,0.9995345231759175,0.04421182838958691,87.95446964027109,0.07774207755923623,-0.23316421312192037,0.10104804673658857,-0.04646496754514884,uniform_decoder
overactive_decoder,0.8999999999999999,0.41666666666666663,0.16782953924842514,0.8321704607515749,48.0,0.00017077427407807976,0.9994497043213153,0.044317051053671015,77.44821360220568,0.07774207755923623,-0.23316421312192037,0.10104804673658857,-0.04646496754514884,uniform_decoder
oracle_decoder,0.8999999999999999,0.41666666666666663,0.14800804531060874,0.8519919546893913,0.0,0.0,0.9995345231759175,0.04268936426906107,87.96059057120418,0.07774207755923623,-0.23316421312192037,0.10104804673658857,-0.04646496754514884,uniform_decoder
uniform_decoder,0.8999999999999999,0.5,0.07809673085575324,0.9219032691442468,0.0,0.019149191110420998,0.9991842360048466,0.05204229417319657,63.79577240769493,0.07809673085575324,-0.2764490659645436,0.04782279368248916,0.004603576200754597,uniform_decoder
static_tailored,0.8999999999999999,0.5,0.13396520673294607,0.8660347932670539,0.0,0.02517810214877968,0.999256588621058,0.04268891400353795,55.60642970845585,0.07809673085575324,-0.2764490659645436,0.04782279368248916,0.004603576200754597,uniform_decoder
adaptive_decoder,0.8999999999999999,0.5,0.14759849207063638,0.8524015079293636,4.0,0.008132629768214779,0.9995345231759175,0.04424257829872431,87.98009567346217,0.07809673085575324,-0.2764490659645436,0.04782279368248916,0.004603576200754597,uniform_decoder
overactive_decoder,0.8999999999999999,0.5,0.1647800818531291,0.8352199181468709,48.0,0.00021471802938066722,0.9994497043213153,0.04431720089470832,77.44834650387781,0.07809673085575324,-0.2764490659645436,0.04782279368248916,0.004603576200754597,uniform_decoder
oracle_decoder,0.8999999999999999,0.5,0.14604219252502978,0.8539578074749702,0.0,0.0,0.9995345231759175,0.0426895143211355,87.98009567346217,0.07809673085575324,-0.2764490659645436,0.04782279368248916,0.004603576200754597,uniform_decoder
uniform_decoder,0.8999999999999999,0.5833333333333333,0.07754604044787497,0.9224539595521251,0.0,0.018791494370970618,0.9991842360048466,0.05204229417319657,63.79577240769493,0.07754604044787497,-0.2753389301611532,0.03294191530884068,0.018798302479467833,uniform_decoder
static_tailored,0.8999999999999999,0.5833333333333333,0.13885806922439453,0.8611419307756054,0.0,0.027069786045408162,0.999256588621058,0.04268816319674736,55.60178415190307,0.07754604044787497,-0.2753389301611532,0.03294191530884068,0.018798302479467833,uniform_decoder
adaptive_decoder,0.8999999999999999,0.5833333333333333,0.14618356790591808,0.853816432094082,4.0,0.009526091703448482,0.9995346001450476,0.044302127060785707,87.96059057120418,0.07754604044787497,-0.2753389301611532,0.03294191530884068,0.018798302479467833,uniform_decoder
overactive_decoder,0.8999999999999999,0.5833333333333333,0.15770318802136496,0.842296811978635,48.0,0.0002591946215478161,0.9994497810011246,0.044316601421539446,77.43547165616084,0.07754604044787497,-0.2753389301611532,0.03294191530884068,0.018798302479467833,uniform_decoder
oracle_decoder,0.8999999999999999,0.5833333333333333,0.13999104486476333,0.8600089551352367,0.0,0.0,0.9995346001450476,0.042688914003537956,87.96059057120418,0.07754604044787497,-0.2753389301611532,0.03294191530884068,0.018798302479467833,uniform_decoder
uniform_decoder,0.8999999999999999,0.6666666666666666,0.07643181124730444,0.9235681887526955,0.0,0.01922887318124154,0.9991842360048467,0.05204229417319659,63.795772407703645,0.07643181124730444,-0.19769845982413617,0.09993797058612289,-0.047786139494961466,uniform_decoder
static_tailored,0.8999999999999999,0.6666666666666666,0.14401305307755177,0.8559869469224483,0.0,0.028231000742547505,0.999256588621058,0.04268891400353795,55.60642970845585,0.07643181124730444,-0.19769845982413617,0.09993797058612289,-0.047786139494961466,uniform_decoder
adaptive_decoder,0.8999999999999999,0.6666666666666666,0.12049599472635412,0.8795040052736459,4.0,0.010730624958832861,0.9995309518554031,0.04431660142153944,87.95446964027109,0.07643181124730444,-0.19769845982413617,0.09993797058612289,-0.047786139494961466,uniform_decoder
overactive_decoder,0.8999999999999999,0.6666666666666666,0.15167380496650912,0.8483261950334908,48.0,0.000287093057260234,0.9994493977856299,0.044316601421539446,77.44821360220568,0.07643181124730444,-0.19769845982413617,0.09993797058612289,-0.047786139494961466,uniform_decoder
oracle_decoder,0.8999999999999999,0.6666666666666666,0.13451129403616569,0.8654887059638343,0.0,0.0,0.9995342154839089,0.042688914003537956,87.95446964027109,0.07643181124730444,-0.19769845982413617,0.09993797058612289,-0.047786139494961466,uniform_decoder
uniform_decoder,0.8999999999999999,0.75,0.07534745690745963,0.9246525430925404,0.0,0.019491680289346013,0.9991892938998996,0.05360581012751174,65.45021891534164,0.07534745690745963,-0.2063550359657197,0.0956162399688259,-0.04394022043652733,uniform_decoder
static_tailored,0.8999999999999999,0.75,0.15100318468865231,0.8489968153113476,0.0,0.028752332424121316,0.999256588621058,0.042687111302593575,55.59673763656656,0.07534745690745963,-0.2063550359657197,0.0956162399688259,-0.04394022043652733,uniform_decoder
adaptive_decoder,0.8999999999999999,0.75,0.1211779593782578,0.8788220406217422,4.0,0.011552152360999329,0.9995014573638389,0.044287486442523505,84.39486484785465,0.07534745690745963,-0.2063550359657197,0.0956162399688259,-0.04394022043652733,uniform_decoder
overactive_decoder,0.8999999999999999,0.75,0.15102188084624552,0.8489781191537544,48.0,0.0003139486011531107,0.9994497810011246,0.04431585167133506,77.44834650387781,0.07534745690745963,-0.2063550359657197,0.0956162399688259,-0.04394022043652733,uniform_decoder
oracle_decoder,0.8999999999999999,0.75,0.1340799548967611,0.865920045103239,0.0,0.0,0.9995346001450476,0.04268816319674737,87.98009567346217,0.07534745690745963,-0.2063550359657197,0.0956162399688259,-0.04394022043652733,uniform_decoder
uniform_decoder,0.8999999999999999,0.8333333333333333,0.07454507996088713,0.9254549200391129,0.0,0.019149191110421005,0.999189276190441,0.05397989468733998,65.44739843102886,0.07454507996088713,-0.22474219526225583,0.06102508749510126,-0.009282849098481287,uniform_decoder
static_tailored,0.8999999999999999,0.8333333333333333,0.16130100317248564,0.8386989968275144,0.0,0.02829768823822004,0.999256588621058,0.042687111302593575,55.59488230333293,0.07454507996088713,-0.22474219526225583,0.06102508749510126,-0.009282849098481287,uniform_decoder
adaptive_decoder,0.8999999999999999,0.8333333333333333,0.12507231263436833,0.8749276873656316,4.0,0.012424950425854278,0.9994516844798511,0.04421182838958691,77.54894678999034,0.07454507996088713,-0.22474219526225583,0.06102508749510126,-0.009282849098481287,uniform_decoder
overactive_decoder,0.8999999999999999,0.8333333333333333,0.14394158072828467,0.8560584192717153,48.0,0.0003576532051791889,0.9994497043213153,0.05557724669972691,77.44821360220568,0.07454507996088713,-0.22474219526225583,0.06102508749510126,-0.009282849098481287,uniform_decoder
oracle_decoder,0.8999999999999999,0.8333333333333333,0.12777445266550352,0.8722255473344964,0.0,0.0,0.9995345231759175,0.05397989468733998,87.96059057120418,0.07454507996088713,-0.22474219526225583,0.06102508749510126,-0.009282849098481287,uniform_decoder
uniform_decoder,0.8999999999999999,0.9166666666666666,0.07387411460835085,0.9261258853916492,0.0,0.018927920294760682,0.9991892938998996,0.05397854194085261,65.4572465008427,0.07387411460835085,-0.18399059873679446,0.07687013555630519,-0.022719093720527373,uniform_decoder
static_tailored,0.8999999999999999,0.9166666666666666,0.1737410748823024,0.8262589251176976,0.0,0.02679851174100789,0.999256588621058,0.042685757557106144,55.60749986047886,0.07387411460835085,-0.18399059873679446,0.07687013555630519,-0.022719093720527373,uniform_decoder
adaptive_decoder,0.8999999999999999,0.9166666666666666,0.11284514724923464,0.8871548527507653,4.0,0.013829709709098087,0.9992565824050015,0.04426770896176595,55.60749986047886,0.07387411460835085,-0.18399059873679446,0.07687013555630519,-0.022719093720527373,uniform_decoder
overactive_decoder,0.8999999999999999,0.9166666666666666,0.13469548026743222,0.8653045197325677,48.0,0.0004019879781736936,0.9994497810011245,0.055575895863782275,77.44834650387783,0.07387411460835085,-0.18399059873679446,0.07687013555630519,-0.022719093720527373,uniform_decoder
oracle_decoder,0.8999999999999999,0.9166666666666666,0.1189055103567996,0.8810944896432004,0.0,0.0,0.9995346001450475,0.05397854194085261,87.98009567346219,0.07387411460835085,-0.18399059873679446,0.07687013555630519,-0.022719093720527373,uniform_decoder
uniform_decoder,0.8999999999999999,1.0,0.07328029531065805,0.926719704689342,0.0,0.019228873181241543,0.9991892938998996,0.05397929364830674,65.45659949217982,0.07328029531065805,-0.2602123494517747,-0.013863268144111157,0.06436069453672943,uniform_decoder
static_tailored,0.8999999999999999,1.0,0.1851577275175052,0.8148422724824949,0.0,0.024767942841349606,0.9992565886210583,0.04268891400353795,55.60642970845585,0.07328029531065805,-0.2602123494517747,-0.013863268144111157,0.06436069453672943,uniform_decoder
adaptive_decoder,0.8999999999999999,1.0,0.13341343320671023,0.8665865667932897,4.0,0.014532753890642439,0.9995342154839089,0.04431179517929339,87.96059057120418,0.07328029531065805,-0.2602123494517747,-0.013863268144111157,0.06436069453672943,uniform_decoder
overactive_decoder,0.8999999999999999,1.0,0.1292219505148846,0.8707780494851154,48.0,0.0004300220149827537,0.9994493977856299,0.055576646509359576,77.4141305885335,0.07328029531065805,-0.2602123494517747,-0.013863268144111157,0.06436069453672943,uniform_decoder
oracle_decoder,0.8999999999999999,1.0,0.11503734920120559,0.8849626507987944,0.0,0.0,0.9995342154839089,0.05397929364830674,87.96059057120418,0.07328029531065805,-0.2602123494517747,-0.013863268144111157,0.06436069453672943,uniform_decoder
uniform_decoder,0.8999999999999999,1.0833333333333333,0.07299306076636869,0.9270069392336313,0.0,0.01939014065205151,0.9991894206284692,0.05397929364830674,65.45724650083376,0.07299306076636869,-0.17303913907187163,0.07383797571720957,-0.01765350679826477,uniform_decoder
static_tailored,0.8999999999999999,1.0833333333333333,0.193746977464625,0.806253022535375,0.0,0.023197551412013503,0.999256588621058,0.04268816319674736,55.601784151903054,0.07299306076636869,-0.17303913907187163,0.07383797571720957,-0.01765350679826477,uniform_decoder
adaptive_decoder,0.8999999999999999,1.0833333333333333,0.10872282142103108,0.8912771785789689,4.0,0.014368143575920886,0.9995337033203823,0.055576646509359576,87.93366553731364,0.07299306076636869,-0.17303913907187163,0.07383797571720957,-0.01765350679826477,uniform_decoder
overactive_decoder,0.8999999999999999,1.0833333333333333,0.12887203598805277,0.8711279640119473,48.0,0.00045639540864640264,0.9994488875458952,0.055576646509359576,77.38396611017671,0.07299306076636869,-0.17303913907187163,0.07383797571720957,-0.01765350679826477,uniform_decoder
oracle_decoder,0.8999999999999999,1.0833333333333333,0.1132333147473162,0.8867666852526838,0.0,0.0,0.9995337033203823,0.05397929364830674,87.93366553731364,0.07299306076636869,-0.17303913907187163,0.07383797571720957,-0.01765350679826477,uniform_decoder
uniform_decoder,0.8999999999999999,1.1666666666666665,0.07318359424056187,0.9268164057594381,0.0,0.019149191110421005,0.9991894206284693,0.05397447488118513,65.45659949218876,0.07318359424056187,-0.17436953242981681,0.07187226059777183,-0.023123202952223372,uniform_decoder
static_tailored,0.8999999999999999,1.1666666666666665,0.19947937078979575,0.8005206292102043,0.0,0.02260316750645992,0.999256588621058,0.04268951432113549,55.60642970845584,0.07318359424056187,-0.17436953242981681,0.07187226059777183,-0.023123202952223372,uniform_decoder
adaptive_decoder,0.8999999999999999,1.1666666666666665,0.10934105688880429,0.8906589431111958,4.0,0.014440536054595754,0.9995337033203823,0.05539204255106677,87.96059057120418,0.07318359424056187,-0.17436953242981681,0.07187226059777183,-0.023123202952223372,uniform_decoder
overactive_decoder,0.8999999999999999,1.1666666666666665,0.12901955155883743,0.8709804484411625,48.0,0.0004997291351046578,0.9994488875458952,0.05557183455827542,77.4141305885335,0.07318359424056187,-0.17436953242981681,0.07187226059777183,-0.023123202952223372,uniform_decoder
oracle_decoder,0.8999999999999999,1.1666666666666665,0.11532048770620561,0.8846795122937944,0.0,0.0,0.9995337033203823,0.05397447488118513,87.96059057120418,0.07318359424056187,-0.17436953242981681,0.07187226059777183,-0.023123202952223372,uniform_decoder
uniform_decoder,0.8999999999999999,1.25,0.07369038277354308,0.9263096172264569,0.0,0.019004424811344543,0.999189276190441,0.0539761334275187,65.45021891534164,0.07369038277354308,-0.1977368837478004,0.03117961250446131,0.021343922136742473,uniform_decoder
static_tailored,0.8999999999999999,1.25,0.20287088303189965,0.7971291169681003,0.0,0.02289711899505746,0.999256588621058,0.04268891400353795,55.60749986047886,0.07369038277354308,-0.1977368837478004,0.03117961250446131,0.021343922136742473,uniform_decoder
adaptive_decoder,0.8999999999999999,1.25,0.11618436698962924,0.8838156330103708,4.0,0.016369308983918005,0.9995333708545258,0.043242826362533696,87.93366553731364,0.07369038277354308,-0.1977368837478004,0.03117961250446131,0.021343922136742473,uniform_decoder
overactive_decoder,0.8999999999999999,1.25,0.1248323966702552,0.8751676033297449,48.0,0.0005442496990553566,0.9994485563282142,0.05557349075624532,77.4141305885335,0.07369038277354308,-0.1977368837478004,0.03117961250446131,0.021343922136742473,uniform_decoder
oracle_decoder,0.8999999999999999,1.25,0.11061238943869314,0.8893876105613069,0.0,0.0,0.9995333708545258,0.0539761334275187,87.96059057120418,0.07369038277354308,-0.1977368837478004,0.03117961250446131,0.021343922136742473,uniform_decoder
uniform_decoder,0.8999999999999999,1.3333333333333333,0.0742436783796389,0.9257563216203611,0.0,0.01922887318124154,0.9991892938998997,0.05397447488118513,65.4282274794886,0.0742436783796389,-0.19703150782791776,0.03029336042549675,0.015877175109926648,uniform_decoder
static_tailored,0.8999999999999999,1.3333333333333333,0.20438097610112,0.7956190238988801,0.0,0.02358821268044139,0.9992565886210582,0.04268891400353795,55.57740338162253,0.0742436783796389,-0.19703150782791776,0.03029336042549675,0.015877175109926648,uniform_decoder
adaptive_decoder,0.8999999999999999,1.3333333333333333,0.11686675587637313,0.8831332441236268,4.0,0.018761745270848045,0.9995245263651268,0.04294628549407685,87.42233428518679,0.0742436783796389,-0.19703150782791776,0.03029336042549675,0.015877175109926648,uniform_decoder
overactive_decoder,0.8999999999999999,1.3333333333333333,0.12530960152987303,0.874690398470127,48.0,0.0005723829894841826,0.9994498065651386,0.05557183455827542,77.44821360219014,0.0742436783796389,-0.19703150782791776,0.03029336042549675,0.015877175109926648,uniform_decoder
oracle_decoder,0.8999999999999999,1.3333333333333333,0.11267143184894599,0.887328568151054,0.0,0.0,0.999534625805523,0.05397447488118513,87.95446964025025,0.0742436783796389,-0.19703150782791776,0.03029336042549675,0.015877175109926648,uniform_decoder
uniform_decoder,0.8999999999999999,1.4166666666666665,0.07471083983463049,0.9252891601653696,0.0,0.019335777480026465,0.9991893633092029,0.05397447488118513,65.45659949217982,0.07471083983463049,-0.20629842825163755,0.025226512326075298,0.03269605963585288,uniform_decoder
static_tailored,0.8999999999999999,1.4166666666666665,0.2043003270061718,0.7956996729938282,0.0,0.02438155393556533,0.999256588621058,0.042685757557106144,55.60178415190307,0.07471083983463049,-0.20629842825163755,0.025226512326075298,0.03269605963585288,uniform_decoder
adaptive_decoder,0.8999999999999999,1.4166666666666665,0.12013845613452558,0.8798615438654744,4.0,0.01995110372547693,0.9995079176231119,0.043961325663477144,85.29507579492365,0.07471083983463049,-0.20629842825163755,0.025226512326075298,0.03269605963585288,uniform_decoder
overactive_decoder,0.8999999999999999,1.4166666666666665,0.12732349722318,0.87267650277682,48.0,0.0005982747658856971,0.9994497810011245,0.05557183455827542,77.43547165614534,0.07471083983463049,-0.20629842825163755,0.025226512326075298,0.03269605963585288,uniform_decoder
oracle_decoder,0.8999999999999999,1.4166666666666665,0.11142585802442487,0.8885741419755752,0.0,0.0,0.9995346001450474,0.05397447488118513,87.92502388722792,0.07471083983463049,-0.20629842825163755,0.025226512326075298,0.03269605963585288,uniform_decoder
uniform_decoder,0.8999999999999999,1.5,0.07496725618002574,0.9250327438199742,0.0,0.019149191110421005,0.9991892938998996,0.05397929364830674,65.39979588087307,0.07496725618002574,-0.22503870748249716,7.499700141905884e-05,0.03626328159132364,uniform_decoder
static_tailored,0.8999999999999999,1.5,0.20278465472031013,0.7972153452796898,0.0,0.025178102148779687,0.999256588621058,0.042687111302593575,55.59673763656656,0.07496725618002574,-0.22503870748249716,7.499700141905884e-05,0.03626328159132364,uniform_decoder
adaptive_decoder,0.8999999999999999,1.5,0.12586654854487606,0.874133451455124,4.0,0.019807071460654736,0.999485049057143,0.044302127060785707,82.08703894599148,0.07496725618002574,-0.22503870748249716,7.499700141905884e-05,0.03626328159132364,uniform_decoder
overactive_decoder,0.8999999999999999,1.5,0.12588828593553908,0.874111714064461,48.0,0.0006412636288697914,0.9994493977856299,0.055576646509359576,77.44834650387781,0.07496725618002574,-0.22503870748249716,7.499700141905884e-05,0.03626328159132364,uniform_decoder
oracle_decoder,0.8999999999999999,1.5,0.1157835981358127,0.8842164018641873,0.0,0.0,0.9995342154839089,0.05397929364830674,87.98009567346217,0.07496725618002574,-0.22503870748249716,7.499700141905884e-05,0.03626328159132364,uniform_decoder
uniform_decoder,0.8999999999999999,1.5833333333333333,0.07488327387109997,0.9251167261289001,0.0,0.01903970461186476,0.9991891542824677,0.0539761334275187,65.45659949218876,0.07488327387109997,-0.16756849371706756,0.05357389450600323,-1.6023157029797486e-05,uniform_decoder
static_tailored,0.8999999999999999,1.5833333333333333,0.2002343042883362,0.7997656957116638,0.0,0.02586832638608402,0.999256588621058,0.04268936426906107,55.60282140097956,0.07488327387109997,-0.16756849371706756,0.05357389450600323,-1.6023157029797486e-05,uniform_decoder
adaptive_decoder,0.8999999999999999,1.5833333333333333,0.11014209098774635,0.8898579090122536,4.0,0.01917970824233148,0.9994581681034826,0.055547498033569065,78.40593725918811,0.07488327387109997,-0.16756849371706756,0.05357389450600323,-1.6023157029797486e-05,uniform_decoder
overactive_decoder,0.8999999999999999,1.5833333333333333,0.12460263070519739,0.8753973692948026,48.0,0.0006862905924252773,0.9994497043213153,0.05557349075624532,77.45253453846779,0.07488327387109997,-0.16756849371706756,0.05357389450600323,-1.6023157029797486e-05,uniform_decoder
oracle_decoder,0.8999999999999999,1.5833333333333333,0.11014615472018999,0.88985384527981,0.0,0.0,0.9995345231759175,0.0539761334275187,87.97286858989135,0.07488327387109997,-0.16756849371706756,0.05357389450600323,-1.6023157029797486e-05,uniform_decoder
uniform_decoder,0.8999999999999999,1.6666666666666665,0.07454278530482307,0.9254572146951769,0.0,0.019228873181241543,0.9991886649065956,0.0539647817232824,65.3804625519778,0.07454278530482307,-0.2067077220370011,0.004135417867040057,0.036352674650559164,uniform_decoder
static_tailored,0.8999999999999999,1.6666666666666665,0.19760464836706998,0.8023953516329301,0.0,0.026370942589417464,0.999256588621058,0.04268891400353795,55.59488230333293,0.07454278530482307,-0.2067077220370011,0.004135417867040057,0.036352674650559164,uniform_decoder
adaptive_decoder,0.8999999999999999,1.6666666666666665,0.11998123784922878,0.8800187621507712,4.0,0.019501105830046574,0.9995329876716685,0.055562155174354075,87.96059057120416,0.07454278530482307,-0.2067077220370011,0.004135417867040057,0.036352674650559164,uniform_decoder
overactive_decoder,0.8999999999999999,1.6666666666666665,0.12112917411506402,0.878870825884936,48.0,0.0007137648932572857,0.9994481745833171,0.055562155174354075,77.44821360220568,0.07454278530482307,-0.2067077220370011,0.004135417867040057,0.036352674650559164,uniform_decoder
oracle_decoder,0.8999999999999999,1.6666666666666665,0.11034703381618528,0.8896529661838147,0.0,0.0,0.9995329876716685,0.0539647817232824,87.96059057120418,0.07454278530482307,-0.2067077220370011,0.004135417867040057,0.036352674650559164,uniform_decoder
uniform_decoder,0.8999999999999999,1.75,0.07416555121721684,0.9258344487827832,0.0,0.01928130959375812,0.9991894206284692,0.05397024323707267,65.41768662015635,0.07416555121721684,-0.4229454526742033,-0.20292698913126497,0.2480878015904094,uniform_decoder
static_tailored,0.8999999999999999,1.75,0.1960848952466477,0.8039151047533523,0.0,0.026645996130422758,0.999256588621058,0.04268214037039762,55.60642970845584,0.07416555121721684,-0.4229454526742033,-0.20292698913126497,0.2480878015904094,uniform_decoder
adaptive_decoder,0.8999999999999999,1.75,0.19640280296501178,0.8035971970349882,4.0,0.020304011024273053,0.9995189921049943,0.04418285447895061,86.76962775861287,0.07416555121721684,-0.4229454526742033,-0.20292698913126497,0.2480878015904094,uniform_decoder
overactive_decoder,0.8999999999999999,1.75,0.12308941068002645,0.8769105893199736,48.0,0.0007403544336738519,0.9994497810011246,0.05556760891705198,77.30231532572277,0.07416555121721684,-0.4229454526742033,-0.20292698913126497,0.2480878015904094,uniform_decoder
oracle_decoder,0.8999999999999999,1.75,0.11093277573496657,0.8890672242650335,0.0,0.0,0.9995346001450476,0.05397024323707267,87.78329355570844,0.07416555121721684,-0.4229454526742033,-0.20292698913126497,0.2480878015904094,uniform_decoder
uniform_decoder,0.8999999999999999,1.8333333333333333,0.07385763419337513,0.9261423658066249,0.0,0.019149191110421005,0.9991892938998996,0.05397989468733998,65.44238407609058,0.07385763419337513,-0.1928435391306055,0.021021493410139654,0.027498159536719455,uniform_decoder
static_tailored,0.8999999999999999,1.8333333333333333,0.19659666752070493,0.8034033324792951,0.0,0.026476879495519523,0.999256588621058,0.04268891400353795,55.60597099722349,0.07385763419337513,-0.1928435391306055,0.021021493410139654,0.027498159536719455,uniform_decoder
adaptive_decoder,0.8999999999999999,1.8333333333333333,0.1151433687218131,0.8848566312781869,4.0,0.02088595425252308,0.9994516844798511,0.04426770896176595,77.54894678999034,0.07385763419337513,-0.1928435391306055,0.021021493410139654,0.027498159536719455,uniform_decoder
overactive_decoder,0.8999999999999999,1.8333333333333333,0.1208538318086773,0.8791461681913227,48.0,0.0007821826068498148,0.9994493977856299,0.05557724669972692,77.44834650387783,0.07385763419337513,-0.1928435391306055,0.021021493410139654,0.027498159536719455,uniform_decoder
oracle_decoder,0.8999999999999999,1.8333333333333333,0.10807886414449296,0.891921135855507,0.0,0.0,0.9995342154839089,0.05397989468733998,87.98009567346219,0.07385763419337513,-0.1928435391306055,0.021021493410139654,0.027498159536719455,uniform_decoder
uniform_decoder,0.8999999999999999,1.9166666666666665,0.0735622469687468,0.9264377530312532,0.0,0.019070138213742604,0.9991893633092029,0.05397974445483118,65.439015421222,0.0735622469687468,-0.1128276477384517,0.08322004678389193,-0.04380250895791038,uniform_decoder
static_tailored,0.8999999999999999,1.9166666666666665,0.19900684845827024,0.8009931515417298,0.0,0.025777080166978304,0.999256588621058,0.042688914003537956,55.60749986047886,0.0735622469687468,-0.1128276477384517,0.08322004678389193,-0.04380250895791038,uniform_decoder
adaptive_decoder,0.8999999999999999,1.9166666666666665,0.09538556007470794,0.904614439925292,4.0,0.02080553717995014,0.9992564405186631,0.04431179517929337,55.60749986047886,0.0735622469687468,-0.1128276477384517,0.08322004678389193,-0.04380250895791038,uniform_decoder
overactive_decoder,0.8999999999999999,1.9166666666666665,0.115532103562295,0.884467896437705,48.0,0.0008256180008447833,0.9994493977856299,0.055577096679314944,77.38396611016113,0.0735622469687468,-0.1128276477384517,0.08322004678389193,-0.04380250895791038,uniform_decoder
oracle_decoder,0.8999999999999999,1.9166666666666665,0.10550793984301192,0.8944920601569881,0.0,0.0,0.9995342154839089,0.05397974445483118,87.93366553729271,0.0735622469687468,-0.1128276477384517,0.08322004678389193,-0.04380250895791038,uniform_decoder
uniform_decoder,0.8999999999999999,2.0,0.07328333127662014,0.9267166687233799,0.0,0.019228873181241547,0.9991892938998996,0.05397929364830674,65.45659949217982,0.07328333127662014,-0.12227253185653261,0.0765196759617026,-0.02404776873342289,uniform_decoder
static_tailored,0.8999999999999999,2.0,0.20218561967212112,0.7978143803278789,0.0,0.024767942841349606,0.9992565886210582,0.04268891400353795,55.60642970845585,0.07328333127662014,-0.12227253185653261,0.0765196759617026,-0.02404776873342289,uniform_decoder
adaptive_decoder,0.8999999999999999,2.0,0.09711308148734976,0.9028869185126502,4.0,0.02105860652829486,0.9992563971894945,0.04431179517929339,55.60642970845585,0.07328333127662014,-0.12227253185653261,0.0765196759617026,-0.02404776873342289,uniform_decoder
overactive_decoder,0.8999999999999999,2.0,0.11582369372333555,0.8841763062766644,48.0,0.0008538777941647853,0.9994493977856299,0.055576646509359576,77.41413058853348,0.07328333127662014,-0.12227253185653261,0.0765196759617026,-0.02404776873342289,uniform_decoder
oracle_decoder,0.8999999999999999,2.0,0.1026420940340865,0.8973579059659135,0.0,0.0,0.9995342154839089,0.05397929364830674,87.96059057120416,0.07328333127662014,-0.12227253185653261,0.0765196759617026,-0.02404776873342289,uniform_decoder
uniform_decoder,0.975,0.0,0.066018526815885,0.933981473184115,0.0,0.025203423285118067,0.9992048048369844,0.0524991667650297,66.02048051441426,0.066018526815885,-0.33908642324344845,0.04912331878869534,0.005352807269089735,uniform_decoder
static_tailored,0.975,0.0,0.14236375842452112,0.8576362415754789,0.0,0.0,0.9992721809427412,0.041209426494165424,56.6204279527549,0.066018526815885,-0.33908642324344845,0.04912331878869534,0.005352807269089735,uniform_decoder
adaptive_decoder,0.975,0.0,0.14412929164149746,0.8558707083585025,4.0,0.0,0.9992721809427412,0.04283952740131692,56.6204279527549,0.066018526815885,-0.33908642324344845,0.04912331878869534,0.005352807269089735,uniform_decoder
overactive_decoder,0.975,0.0,0.16138960957822415,0.8386103904217759,48.0,0.0,0.999177768891885,0.04283952740131692,52.10156485021594,0.066018526815885,-0.33908642324344845,0.04912331878869534,0.005352807269089735,uniform_decoder
oracle_decoder,0.975,0.0,0.14236375842452112,0.8576362415754789,0.0,0.0,0.9992721809427412,0.041209426494165424,56.6204279527549,0.066018526815885,-0.33908642324344845,0.04912331878869534,0.005352807269089735,uniform_decoder
uniform_decoder,0.975,0.08333333333333333,0.0680026708780277,0.9319973291219723,0.0,0.023644190777297524,0.9992048048369844,0.0524991667650297,66.02048051441426,0.0680026708780277,-0.29149276190193846,0.054776100505991736,0.00606351089311117,uniform_decoder
static_tailored,0.975,0.08333333333333333,0.13120646097059693,0.868793539029403,0.0,0.003411414887194587,0.9992721809427412,0.042739670381419556,57.315396963529416,0.0680026708780277,-0.29149276190193846,0.054776100505991736,0.00606351089311117,uniform_decoder
adaptive_decoder,0.975,0.08333333333333333,0.13305118054061627,0.8669488194593837,4.0,0.001108270770712724,0.999272172274722,0.044152114818023974,57.315396963529416,0.0680026708780277,-0.29149276190193846,0.054776100505991736,0.00606351089311117,uniform_decoder
overactive_decoder,0.975,0.08333333333333333,0.1509366938335603,0.8490633061664397,48.0,2.8416000208315916e-05,0.999177768891885,0.04436712748299569,52.75262316546335,0.0680026708780277,-0.29149276190193846,0.054776100505991736,0.00606351089311117,uniform_decoder
oracle_decoder,0.975,0.08333333333333333,0.13120646097059693,0.868793539029403,0.0,0.0,0.9992721809427412,0.042739670381419556,57.315396963529416,0.0680026708780277,-0.29149276190193846,0.054776100505991736,0.00606351089311117,uniform_decoder
uniform_decoder,0.975,0.16666666666666666,0.07124168919882022,0.9287583108011798,0.0,0.020482640499445474,0.9992048048369844,0.0524991667650297,66.02048051441426,0.07124168919882022,-0.24943250193481883,0.058380329167006924,0.006520505577853856,uniform_decoder
static_tailored,0.975,0.16666666666666666,0.12463677549527974,0.8753632245047203,0.0,0.00874333850937122,0.9992721809427412,0.04308320309482686,57.315396963529416,0.07124168919882022,-0.24943250193481883,0.058380329167006924,0.006520505577853856,uniform_decoder
adaptive_decoder,0.975,0.16666666666666666,0.1265221928317295,0.8734778071682705,4.0,0.002945931258347245,0.999272130844763,0.04464313276563755,57.315396963529416,0.07124168919882022,-0.24943250193481883,0.058380329167006924,0.006520505577853856,uniform_decoder
overactive_decoder,0.975,0.16666666666666666,0.14472616010348724,0.8552738398965127,48.0,7.631446084359362e-05,0.999177768891885,0.044710165057611544,52.75164296670586,0.07124168919882022,-0.24943250193481883,0.058380329167006924,0.006520505577853856,uniform_decoder
oracle_decoder,0.975,0.16666666666666666,0.12463677549527974,0.8753632245047203,0.0,0.0,0.9992721809427412,0.04308320309482686,57.315396963529416,0.07124168919882022,-0.24943250193481883,0.058380329167006924,0.006520505577853856,uniform_decoder
uniform_decoder,0.975,0.25,0.07430960664725882,0.9256903933527412,0.0,0.019486503531412177,0.9992048048369844,0.0524991667650297,66.02048051441426,0.07430960664725882,-0.21910768573569403,0.06886014107534463,-0.0030369447748164764,uniform_decoder
static_tailored,0.975,0.25,0.12116883679550389,0.8788311632044961,0.0,0.014996462639642475,0.9992721809427412,0.04308306939757947,57.31244014200494,0.07430960664725882,-0.21910768573569403,0.06886014107534463,-0.0030369447748164764,uniform_decoder
adaptive_decoder,0.975,0.25,0.1230701268241978,0.8769298731758022,4.0,0.004896294835228632,0.9992720566922407,0.04468359708983687,57.31244014200494,0.07430960664725882,-0.21910768573569403,0.06886014107534463,-0.0030369447748164764,uniform_decoder
overactive_decoder,0.975,0.25,0.14421578199317955,0.8557842180068205,48.0,0.00012439234844176386,0.9994177138838147,0.04471003152837424,76.16166575175532,0.07430960664725882,-0.21910768573569403,0.06886014107534463,-0.0030369447748164764,uniform_decoder
oracle_decoder,0.975,0.25,0.12393375059721824,0.8760662494027818,0.0,0.0,0.9995024195864326,0.04308306939757947,85.836096808814,0.07430960664725882,-0.21910768573569403,0.06886014107534463,-0.0030369447748164764,uniform_decoder
uniform_decoder,0.975,0.3333333333333333,0.07638063780889079,0.9236193621911092,0.0,0.02057580265225772,0.9992048048369844,0.0524991667650297,66.02048051441426,0.07638063780889079,-0.22157400087843648,0.08357177537776879,-0.022143741850195613,uniform_decoder
static_tailored,0.975,0.3333333333333333,0.12022788285932662,0.8797721171406734,0.0,0.020257391911410415,0.9992721809427413,0.04308266818040497,57.315396963529416,0.07638063780889079,-0.22157400087843648,0.08357177537776879,-0.022143741850195613,uniform_decoder
adaptive_decoder,0.975,0.3333333333333333,0.12722055371346777,0.8727794462865323,4.0,0.006227405158518189,0.9995609439186345,0.044709630815563776,94.1935666367674,0.07638063780889079,-0.22157400087843648,0.08357177537776879,-0.022143741850195613,uniform_decoder
overactive_decoder,0.975,0.3333333333333333,0.15421586594544906,0.8457841340545509,48.0,0.00015311805781604174,0.9994760208620288,0.04470963081556378,82.10013421599244,0.07638063780889079,-0.22157400087843648,0.08357177537776879,-0.022143741850195613,uniform_decoder
oracle_decoder,0.975,0.3333333333333333,0.13387547455687154,0.8661245254431285,0.0,0.0,0.9995609439186345,0.04308266818040497,94.1935666367674,0.07638063780889079,-0.22157400087843648,0.08357177537776879,-0.022143741850195613,uniform_decoder
uniform_decoder,0.975,0.41666666666666663,0.07760169892824896,0.922398301071751,0.0,0.021148924941473756,0.9992048048369844,0.0524991667650297,66.02048051441426,0.07760169892824896,-0.20802888514402879,0.10798529153993643,-0.04946914433340827,uniform_decoder
static_tailored,0.975,0.41666666666666663,0.12230383315682837,0.8776961668431716,0.0,0.024085351123200167,0.9992721809427412,0.04308306939757947,57.315396963529416,0.07760169892824896,-0.20802888514402879,0.10798529153993643,-0.04946914433340827,uniform_decoder
adaptive_decoder,0.975,0.41666666666666663,0.1252852992001385,0.8747147007998615,4.0,0.007029435841813183,0.999560828001151,0.04461523099736243,94.18161702674102,0.07760169892824896,-0.20802888514402879,0.10798529153993643,-0.04946914433340827,uniform_decoder
overactive_decoder,0.975,0.41666666666666663,0.16065172976002606,0.8393482702399739,48.0,0.00018121215301627593,0.9994759053903324,0.04471003152837424,82.10013421599244,0.07760169892824896,-0.20802888514402879,0.10798529153993643,-0.04946914433340827,uniform_decoder
oracle_decoder,0.975,0.41666666666666663,0.14040069539073102,0.8595993046092689,0.0,0.0,0.999560828001151,0.04308306939757947,94.1935666367674,0.07760169892824896,-0.20802888514402879,0.10798529153993643,-0.04946914433340827,uniform_decoder
uniform_decoder,0.975,0.5,0.07800271613796338,0.9219972838620366,0.0,0.020482640499445474,0.9992048048369844,0.0524991667650297,66.02048051441426,0.07800271613796338,-0.25427797594725576,0.05272232911605395,0.0031391082252892333,uniform_decoder
static_tailored,0.975,0.5,0.12705492875754523,0.8729450712424548,0.0,0.026919724654511742,0.9992721809427412,0.04308266818040497,57.315396963529416,0.07800271613796338,-0.25427797594725576,0.05272232911605395,0.0031391082252892333,uniform_decoder
adaptive_decoder,0.975,0.5,0.14008373139990046,0.8599162686000995,4.0,0.008649616316286461,0.999560828001151,0.04464313276563755,94.1935666367674,0.07800271613796338,-0.25427797594725576,0.05272232911605395,0.0031391082252892333,uniform_decoder
overactive_decoder,0.975,0.5,0.15816487068905322,0.8418351293109467,48.0,0.0002288104055146099,0.9994759053903324,0.044710165057611544,82.10823819573356,0.07800271613796338,-0.25427797594725576,0.05272232911605395,0.0031391082252892333,uniform_decoder
oracle_decoder,0.975,0.5,0.13907484778131982,0.8609251522186802,0.0,0.0,0.999560828001151,0.043083203094826855,94.1935666367674,0.07800271613796338,-0.25427797594725576,0.05272232911605395,0.0031391082252892333,uniform_decoder
uniform_decoder,0.975,0.5833333333333333,0.07740832927549562,0.9225916707245043,0.0,0.02008735478519651,0.9992048048369844,0.0524991667650297,66.02048051441426,0.07740832927549562,-0.25406868559271295,0.03786919928096742,0.017039582031799075,uniform_decoder
static_tailored,0.975,0.5833333333333333,0.13254363673955266,0.8674563632604473,0.0,0.028929628157037025,0.9992721809427412,0.043081999067116516,57.315396963529416,0.07740832927549562,-0.25406868559271295,0.03786919928096742,0.017039582031799075,uniform_decoder
adaptive_decoder,0.975,0.5833333333333333,0.1389493052570362,0.8610506947429638,4.0,0.010178339237365214,0.9995609149360841,0.04469670921493095,94.19356663674368,0.07740832927549562,-0.25406868559271295,0.03786919928096742,0.017039582031799075,uniform_decoder
overactive_decoder,0.975,0.5833333333333333,0.15160920797340816,0.8483907920265918,48.0,0.0002770495190698759,0.9994759919909423,0.04470963081556378,82.10013421599245,0.07740832927549562,-0.25406868559271295,0.03786919928096742,0.017039582031799075,uniform_decoder
oracle_decoder,0.975,0.5833333333333333,0.13360318072611976,0.8663968192738802,0.0,0.0,0.9995609149360841,0.04308266818040498,94.19356663674368,0.07740832927549562,-0.25406868559271295,0.03786919928096742,0.017039582031799075,uniform_decoder
uniform_decoder,0.975,0.6666666666666666,0.07619426252447423,0.9238057374755257,0.0,0.02057580265225772,0.9992048048369845,0.052499166765029706,66.0204805144235,0.07619426252447423,-0.17567105162129945,0.10620397733530108,-0.05090604418255647,uniform_decoder
static_tailored,0.975,0.6666666666666666,0.13814108560006616,0.8618589143999338,0.0,0.030188069624505477,0.9992721809427412,0.04308266818040497,57.315396963529416,0.07619426252447423,-0.17567105162129945,0.10620397733530108,-0.05090604418255647,uniform_decoder
adaptive_decoder,0.975,0.6666666666666666,0.11418086310142225,0.8858191368985777,4.0,0.011441735294011964,0.9995567923656421,0.044709630815563776,94.09895449243662,0.07619426252447423,-0.17567105162129945,0.10620397733530108,-0.05090604418255647,uniform_decoder
overactive_decoder,0.975,0.6666666666666666,0.1458133537178421,0.8541866462821579,48.0,0.00030601644430508306,0.9994755591777488,0.04470963081556378,82.07420795241637,0.07619426252447423,-0.17567105162129945,0.10620397733530108,-0.05090604418255647,uniform_decoder
oracle_decoder,0.975,0.6666666666666666,0.1283805895520468,0.8716194104479532,0.0,0.0,0.9995604804522981,0.04308266818040498,94.09895449246021,0.07619426252447423,-0.17567105162129945,0.10620397733530108,-0.05090604418255647,uniform_decoder
uniform_decoder,0.975,0.75,0.07503366844784147,0.9249663315521586,0.0,0.020875261714691853,0.9992090671741148,0.0540295666330993,67.52539731046011,0.07503366844784147,-0.18576890236269888,0.1012681714672126,-0.046555557241227036,uniform_decoder
static_tailored,0.975,0.75,0.14563201157583777,0.8543679884241622,0.0,0.030771434449768997,0.9992721809427412,0.04308106143110257,57.31146820096772,0.07503366844784147,-0.18576890236269888,0.1012681714672126,-0.046555557241227036,uniform_decoder
adaptive_decoder,0.975,0.75,0.11508668543097283,0.8849133145690271,4.0,0.01227389045448723,0.9995233377042412,0.04468359708983687,89.17184535199932,0.07503366844784147,-0.18576890236269888,0.1012681714672126,-0.046555557241227036,uniform_decoder
overactive_decoder,0.975,0.75,0.14530924750653565,0.8546907524934644,48.0,0.0003338208408874947,0.9994759919909423,0.04470896254399417,82.10823819573356,0.07503366844784147,-0.18576890236269888,0.1012681714672126,-0.046555557241227036,uniform_decoder
oracle_decoder,0.975,0.75,0.1281092944997401,0.8718907055002599,0.0,0.0,0.9995609149360841,0.043081999067116516,94.1935666367674,0.07503366844784147,-0.18576890236269888,0.1012681714672126,-0.046555557241227036,uniform_decoder
uniform_decoder,0.975,0.8333333333333333,0.07420183422113413,0.9257981657788659,0.0,0.02048264049944547,0.9992093422728915,0.054373471380282305,67.51987386089499,0.07420183422113413,-0.20643428316296225,0.06487549542958432,-0.01022656999387956,uniform_decoder
static_tailored,0.975,0.8333333333333333,0.15681210097795079,0.8431878990220492,0.0,0.030288804817825407,0.9992721809427412,0.04308106143110257,57.315396963529416,0.07420183422113413,-0.20643428316296225,0.06487549542958432,-0.01022656999387956,uniform_decoder
adaptive_decoder,0.975,0.8333333333333333,0.11935728297570705,0.880642717024293,4.0,0.01321700114842368,0.9994665988010769,0.04461523099736243,80.48027990309505,0.07420183422113413,-0.20643428316296225,0.06487549542958432,-0.01022656999387956,uniform_decoder
overactive_decoder,0.975,0.8333333333333333,0.13858761454281385,0.8614123854571861,48.0,0.0003811385411274732,0.9994759053903324,0.05597009918237613,82.10013421599244,0.07420183422113413,-0.20643428316296225,0.06487549542958432,-0.01022656999387956,uniform_decoder
oracle_decoder,0.975,0.8333333333333333,0.1222012065850505,0.8777987934149495,0.0,0.0,0.999560828001151,0.054373471380282305,94.1935666367674,0.07420183422113413,-0.20643428316296225,0.06487549542958432,-0.01022656999387956,uniform_decoder
uniform_decoder,0.975,0.9166666666666666,0.07350172081521504,0.926498279184785,0.0,0.020235332436124475,0.999208829644419,0.05437226529061355,67.50326230966355,0.07350172081521504,-0.16810614998840848,0.07905865836021107,-0.024900967237431883,uniform_decoder
static_tailored,0.975,0.9166666666666666,0.17043482845730365,0.8295651715426964,0.0,0.02866406645701174,0.9992721809427412,0.043079854395874924,57.306291016144556,0.07350172081521504,-0.16810614998840848,0.07905865836021107,-0.024900967237431883,uniform_decoder
adaptive_decoder,0.975,0.9166666666666666,0.10824395619429462,0.8917560438057054,4.0,0.014754933081727026,0.9992721722747221,0.044665820545273655,57.306291016144556,0.07350172081521504,-0.16810614998840848,0.07905865836021107,-0.024900967237431883,uniform_decoder
overactive_decoder,0.975,0.9166666666666666,0.12985608796572395,0.870143912034276,48.0,0.0004292361276104708,0.9994759919909424,0.055968894618640026,82.10823819573353,0.07350172081521504,-0.16810614998840848,0.07905865836021107,-0.024900967237431883,uniform_decoder
oracle_decoder,0.975,0.9166666666666666,0.11463167122996976,0.8853683287700302,0.0,0.0,0.9995609149360842,0.05437226529061355,94.17446706446076,0.07350172081521504,-0.16810614998840848,0.07905865836021107,-0.024900967237431883,uniform_decoder
uniform_decoder,0.975,1.0,0.07285777369775745,0.9271422263022425,0.0,0.02057580265225772,0.999209199590614,0.05437293554878784,67.51987386089499,0.07285777369775745,-0.2447671117059521,-0.00417630442249078,0.06376335631672424,uniform_decoder
static_tailored,0.975,1.0,0.18284254503586098,0.817157454964139,0.0,0.026482722455271893,0.9992721809427412,0.04308266818040497,57.315396963529416,0.07285777369775745,-0.2447671117059521,-0.00417630442249078,0.06376335631672424,uniform_decoder
adaptive_decoder,0.975,1.0,0.128009737838805,0.871990262161195,4.0,0.015506948274145739,0.999560480452298,0.04470534488197513,94.1935666367674,0.07285777369775745,-0.2447671117059521,-0.00417630442249078,0.06376335631672424,uniform_decoder
overactive_decoder,0.975,1.0,0.12678465807513312,0.8732153419248669,48.0,0.00045837417878908304,0.9994755591777486,0.05596956402852127,82.10013421599244,0.07285777369775745,-0.2447671117059521,-0.00417630442249078,0.06376335631672424,uniform_decoder
oracle_decoder,0.975,1.0,0.11052986811950272,0.8894701318804973,0.0,0.0,0.999560480452298,0.05437293554878784,94.1935666367674,0.07285777369775745,-0.2447671117059521,-0.00417630442249078,0.06376335631672424,uniform_decoder
uniform_decoder,0.975,1.0833333333333333,0.07253573399304032,0.9274642660069596,0.0,0.020757821419468633,0.9992093422728915,0.05437293554878784,67.53399495027813,0.07253573399304032,-0.15744523865259363,0.07788883466720116,-0.02601631327819618,uniform_decoder
static_tailored,0.975,1.0833333333333333,0.19206364056818795,0.8079363594318121,0.0,0.024790148548383614,0.9992721809427412,0.043081999067116516,57.31509448241806,0.07253573399304032,-0.15744523865259363,0.07788883466720116,-0.02601631327819618,uniform_decoder
adaptive_decoder,0.975,1.0833333333333333,0.10423108262487356,0.8957689173751264,4.0,0.015244996047645712,0.9995599018837606,0.05596956402852127,94.18161702674102,0.07253573399304032,-0.15744523865259363,0.07788883466720116,-0.02601631327819618,uniform_decoder
overactive_decoder,0.975,1.0833333333333333,0.12470563650630896,0.875294363493691,48.0,0.0004856583215532119,0.9994749828326829,0.05596956402852127,82.08004660735152,0.07253573399304032,-0.15744523865259363,0.07788883466720116,-0.02601631327819618,uniform_decoder
oracle_decoder,0.975,1.0833333333333333,0.1106658341755381,0.8893341658244619,0.0,0.0,0.9995599018837606,0.05437293554878784,94.18161702674102,0.07253573399304032,-0.15744523865259363,0.07788883466720116,-0.02601631327819618,uniform_decoder
uniform_decoder,0.975,1.1666666666666665,0.07274107686341885,0.9272589231365811,0.0,0.020482640499445467,0.9992093253046229,0.05436863690480176,67.51597333437726,0.07274107686341885,-0.15950591063548378,0.07579330702156238,-0.02492581313802812,uniform_decoder
static_tailored,0.975,1.1666666666666665,0.19816993825324639,0.8018300617467536,0.0,0.024143906620950954,0.9992721809427412,0.043083203094826855,57.315396963529416,0.07274107686341885,-0.15950591063548378,0.07579330702156238,-0.02492581313802812,uniform_decoder
adaptive_decoder,0.975,1.1666666666666665,0.10502329427644266,0.8949767057235574,4.0,0.015276473132720438,0.9995599018837606,0.05580202443666991,94.19356663674368,0.07274107686341885,-0.15950591063548378,0.07579330702156238,-0.02492581313802812,uniform_decoder
overactive_decoder,0.975,1.1666666666666665,0.1250486316325024,0.8749513683674977,48.0,0.0005325513530211964,0.9994749828326829,0.05596527083744728,82.10013421599245,0.07274107686341885,-0.15950591063548378,0.07579330702156238,-0.02492581313802812,uniform_decoder
oracle_decoder,0.975,1.1666666666666665,0.11122731404623834,0.8887726859537617,0.0,0.0,0.9995599018837606,0.05436863690480176,94.19356663674368,0.07274107686341885,-0.15950591063548378,0.07579330702156238,-0.02492581313802812,uniform_decoder
uniform_decoder,0.975,1.25,0.07329064002699899,0.926709359973001,0.0,0.020319138713032515,0.9992093422728915,0.05437011696657937,67.52539731046011,0.07329064002699899,-0.18228381931758117,0.03493548206530748,0.019599809649285982,uniform_decoder
static_tailored,0.975,1.25,0.20177789249991504,0.7982221075000849,0.0,0.02446872701414378,0.9992721809427412,0.04308266818040497,57.31244014200494,0.07329064002699899,-0.18228381931758117,0.03493548206530748,0.019599809649285982,uniform_decoder
adaptive_decoder,0.975,1.25,0.11151475475152829,0.8884852452484717,4.0,0.017414023652709155,0.9995595262704645,0.043689170487383355,94.18161702674102,0.07329064002699899,-0.18228381931758117,0.03493548206530748,0.019599809649285982,uniform_decoder
overactive_decoder,0.975,1.25,0.12085588853869791,0.8791441114613021,48.0,0.0005808760049341586,0.9994746086621981,0.05596674901841801,82.10013421599244,0.07329064002699899,-0.18228381931758117,0.03493548206530748,0.019599809649285982,uniform_decoder
oracle_decoder,0.975,1.25,0.10659394214741169,0.8934060578525883,0.0,0.0,0.9995595262704645,0.05437011696657937,94.1935666367674,0.07329064002699899,-0.18228381931758117,0.03493548206530748,0.019599809649285982,uniform_decoder
uniform_decoder,0.975,1.3333333333333333,0.07388118256501014,0.9261188174349899,0.0,0.02057580265225772,0.999208829644419,0.05436863690480175,67.51987386089499,0.07388118256501014,-0.18208137638588265,0.03640733971679405,0.014436778329623898,uniform_decoder
static_tailored,0.975,1.3333333333333333,0.20340080041067352,0.7965991995893265,0.0,0.025223759635405105,0.9992721809427413,0.04308266818040497,57.29399905339455,0.07388118256501014,-0.18208137638588265,0.03640733971679405,0.014436778329623898,uniform_decoder
adaptive_decoder,0.975,1.3333333333333333,0.1123609014128063,0.8876390985871937,4.0,0.020099527225641147,0.9995495224042241,0.04340091281243269,93.26264544387926,0.07388118256501014,-0.18208137638588265,0.03640733971679405,0.014436778329623898,uniform_decoder
overactive_decoder,0.975,1.3333333333333333,0.12218631139920244,0.8778136886007976,48.0,0.0006101368423066235,0.9994760208620288,0.055965270837447276,82.07420795241637,0.07388118256501014,-0.18208137638588265,0.03640733971679405,0.014436778329623898,uniform_decoder
oracle_decoder,0.975,1.3333333333333333,0.10868720894163325,0.8913127910583667,0.0,0.0,0.9995609439186345,0.05436863690480175,94.09895449246021,0.07388118256501014,-0.18208137638588265,0.03640733971679405,0.014436778329623898,uniform_decoder
uniform_decoder,0.975,1.4166666666666665,0.07438178127689363,0.9256182187231063,0.0,0.02068547558307226,0.9992093534914399,0.05436863690480176,67.48736456268836,0.07438178127689363,-0.1926476089191526,0.026699095773929465,0.027641271916449134,uniform_decoder
static_tailored,0.975,1.4166666666666665,0.2033511500865639,0.7966488499134361,0.0,0.026075147893162228,0.9992721809427412,0.04307985439587493,57.31244014201361,0.07438178127689363,-0.1926476089191526,0.026699095773929465,0.027641271916449134,uniform_decoder
adaptive_decoder,0.975,1.4166666666666665,0.11590820585912583,0.8840917941408741,4.0,0.021455767557890883,0.9995306822587741,0.044383417534395106,90.35791296546385,0.07438178127689363,-0.1926476089191526,0.026699095773929465,0.027641271916449134,uniform_decoder
overactive_decoder,0.975,1.4166666666666665,0.1232574785491185,0.8767425214508815,48.0,0.0006368920214746632,0.9994759919909423,0.05596527083744728,82.0416666440712,0.07438178127689363,-0.1926476089191526,0.026699095773929465,0.027641271916449134,uniform_decoder
oracle_decoder,0.975,1.4166666666666665,0.10876092975072514,0.8912390702492748,0.0,0.0,0.9995609149360841,0.05436863690480176,94.05850451996297,0.07438178127689363,-0.1926476089191526,0.026699095773929465,0.027641271916449134,uniform_decoder
uniform_decoder,0.975,1.5,0.07466220296870907,0.9253377970312909,0.0,0.020482640499445478,0.9992088296444191,0.05437293554878784,67.51987386089499,0.07466220296870907,-0.21352623228812062,0.012271495164295829,0.03838015398805936,uniform_decoder
static_tailored,0.975,1.5,0.20176292217474717,0.7982370778252528,0.0,0.026919724654511746,0.9992721809427412,0.04308106143110257,57.31146820096772,0.07466220296870907,-0.21352623228812062,0.012271495164295829,0.03838015398805936,uniform_decoder
adaptive_decoder,0.975,1.5,0.12207508413570006,0.8779249158642999,4.0,0.02126087998140609,0.99950465213352,0.04469670921493095,86.18629410737691,0.07466220296870907,-0.21352623228812062,0.012271495164295829,0.03838015398805936,uniform_decoder
overactive_decoder,0.975,1.5,0.12557365275808618,0.8744263472419138,48.0,0.0006834118387718879,0.9994755591777486,0.05596956402852127,82.10823819573356,0.07466220296870907,-0.21352623228812062,0.012271495164295829,0.03838015398805936,uniform_decoder
oracle_decoder,0.975,1.5,0.11174983184177452,0.8882501681582254,0.0,0.0,0.999560480452298,0.05437293554878784,94.1935666367674,0.07466220296870907,-0.21352623228812062,0.012271495164295829,0.03838015398805936,uniform_decoder
uniform_decoder,0.975,1.5833333333333333,0.07456835903133742,0.9254316409686626,0.0,0.02036348272937481,0.9992092911355204,0.05437011696657937,67.50761001880143,0.07456835903133742,-0.15696692093370695,0.05230617904333412,-0.0010624226121949162,uniform_decoder
static_tailored,0.975,1.5833333333333333,0.19903044253908087,0.8009695574609191,0.0,0.027653873399269543,0.9992721809427412,0.04308306939757947,57.31509448241806,0.07456835903133742,-0.15696692093370695,0.05230617904333412,-0.0010624226121949162,uniform_decoder
adaptive_decoder,0.975,1.5833333333333333,0.10703393864845649,0.8929660613515435,4.0,0.020506872086248195,0.9994739918730662,0.0559434877289139,81.54290549944545,0.07456835903133742,-0.15696692093370695,0.05230617904333412,-0.0010624226121949162,uniform_decoder
overactive_decoder,0.975,1.5833333333333333,0.12073347086747696,0.879266529132523,48.0,0.0007322642721546407,0.9994759053903324,0.05596674901841801,82.10013421599244,0.07456835903133742,-0.15696692093370695,0.05230617904333412,-0.0010624226121949162,uniform_decoder
oracle_decoder,0.975,1.5833333333333333,0.1072960982816498,0.8927039017183502,0.0,0.0,0.999560828001151,0.05437011696657937,94.19356663674367,0.07456835903133742,-0.15696692093370695,0.05230617904333412,-0.0010624226121949162,uniform_decoder
uniform_decoder,0.975,1.6666666666666665,0.07419485075774752,0.9258051492422524,0.0,0.02057580265225772,0.9992077510757649,0.05435997584380768,67.51987386089499,0.07419485075774752,-0.19651148155830483,0.0024919988916872297,0.039341862643975045,uniform_decoder
static_tailored,0.975,1.6666666666666665,0.19618604462422423,0.8038139553757757,0.0,0.028199401250057956,0.9992721809427412,0.04308266818040497,57.315396963529416,0.07419485075774752,-0.19651148155830483,0.0024919988916872297,0.039341862643975045,uniform_decoder
adaptive_decoder,0.975,1.6666666666666665,0.11665013537710493,0.8833498646228951,4.0,0.020822861117822892,0.9995590933179591,0.05595662085108443,94.19356663674367,0.07419485075774752,-0.19651148155830483,0.0024919988916872297,0.039341862643975045,uniform_decoder
overactive_decoder,0.975,1.6666666666666665,0.11732140249838555,0.8826785975016145,48.0,0.0007608673109467853,0.9994741773720779,0.05595662085108443,82.10013421599244,0.07419485075774752,-0.19651148155830483,0.0024919988916872297,0.039341862643975045,uniform_decoder
oracle_decoder,0.975,1.6666666666666665,0.10654752956124333,0.8934524704387566,0.0,0.0,0.9995590933179592,0.05435997584380768,94.1935666367674,0.07419485075774752,-0.19651148155830483,0.0024919988916872297,0.039341862643975045,uniform_decoder
uniform_decoder,0.975,1.75,0.07379160293469542,0.9262083970653046,0.0,0.020646320785799917,0.9992091528930319,0.05436485813531344,67.53298038049769,0.07379160293469542,-0.4200794804305041,-0.19914115825930612,0.2527334318164228,uniform_decoder
static_tailored,0.975,1.75,0.19452171789968217,0.8054782821003178,0.0,0.028504707853986355,0.9992721809427412,0.04307662737723752,57.315396963529416,0.07379160293469542,-0.4200794804305041,-0.19914115825930612,0.2527334318164228,uniform_decoder
adaptive_decoder,0.975,1.75,0.19412721532894914,0.8058727846710508,4.0,0.021704830568971326,0.99954325198522,0.044587581223180114,92.34547400078361,0.07379160293469542,-0.4200794804305041,-0.19914115825930612,0.2527334318164228,uniform_decoder
overactive_decoder,0.975,1.75,0.12272845487010771,0.8772715451298922,48.0,0.0007884214831076389,0.9994759919909423,0.05596149688549039,81.9547680850385,0.07379160293469542,-0.4200794804305041,-0.19914115825930612,0.2527334318164228,uniform_decoder
oracle_decoder,0.975,1.75,0.10848082840832945,0.8915191715916706,0.0,0.0,0.9995609149360841,0.05436485813531344,94.0585045199392,0.07379160293469542,-0.4200794804305041,-0.19914115825930612,0.2527334318164228,uniform_decoder
uniform_decoder,0.975,1.8333333333333333,0.07347428603102164,0.9265257139689783,0.0,0.02048264049944547,0.9992093422728915,0.05437347138028231,67.53143632045409,0.07347428603102164,-0.18138538654818254,0.02159909426771303,0.028860941888455588,uniform_decoder
static_tailored,0.975,1.8333333333333333,0.19507830450196634,0.8049216954980336,0.0,0.02832378809682456,0.9992721809427412,0.04308266818040497,57.306291016144556,0.07347428603102164,-0.18138538654818254,0.02159909426771303,0.028860941888455588,uniform_decoder
adaptive_decoder,0.975,1.8333333333333333,0.111563148209886,0.888436851790114,4.0,0.022340713464002362,0.9994665988010769,0.044665820545273655,80.48027990309505,0.07347428603102164,-0.18138538654818254,0.02159909426771303,0.028860941888455588,uniform_decoder
overactive_decoder,0.975,1.8333333333333333,0.11725189095270948,0.8827481090472905,48.0,0.0008336364567681294,0.9994755591777488,0.05597009918237614,82.10823819573353,0.07347428603102164,-0.18138538654818254,0.02159909426771303,0.028860941888455588,uniform_decoder
oracle_decoder,0.975,1.8333333333333333,0.10439022154289783,0.8956097784571022,0.0,0.0,0.9995604804522981,0.05437347138028231,94.17446706446076,0.07347428603102164,-0.18138538654818254,0.02159909426771303,0.028860941888455588,uniform_decoder
uniform_decoder,0.975,1.9166666666666665,0.0731650766342344,0.9268349233657656,0.0,0.02039654194844309,0.9992093534914399,0.05437333745366971,67.53298038049769,0.0731650766342344,-0.10133609439530612,0.084040413839271,-0.045421114213302693,uniform_decoder
static_tailored,0.975,1.9166666666666665,0.19771874198020728,0.8022812580197927,0.0,0.027565076210351164,0.9992721809427412,0.04308266818040497,57.297019030842776,0.0731650766342344,-0.10133609439530612,0.084040413839271,-0.045421114213302693,uniform_decoder
adaptive_decoder,0.975,1.9166666666666665,0.09239318239275479,0.9076068176072452,4.0,0.022243098337110193,0.9992720103556835,0.04470534488197513,57.31539696353809,0.0731650766342344,-0.10133609439530612,0.084040413839271,-0.045421114213302693,uniform_decoder
overactive_decoder,0.975,1.9166666666666665,0.11211929029565972,0.8878807097043403,48.0,0.0008807995616953477,0.9994755591777488,0.0559699654250905,82.0800466073515,0.0731650766342344,-0.10133609439530612,0.084040413839271,-0.045421114213302693,uniform_decoder
oracle_decoder,0.975,1.9166666666666665,0.10257960925617866,0.8974203907438213,0.0,0.0,0.9995604804522981,0.05437333745366971,94.18161702674101,0.0731650766342344,-0.10133609439530612,0.084040413839271,-0.045421114213302693,uniform_decoder
uniform_decoder,0.975,2.0,0.0728612786366697,0.9271387213633303,0.0,0.02057580265225772,0.999209199590614,0.05437293554878784,67.51987386089499,0.0728612786366697,-0.11174382041208321,0.07701606166981931,-0.022909780823606587,uniform_decoder
static_tailored,0.975,2.0,0.20115102790461764,0.7988489720953824,0.0,0.026482722455271893,0.9992721809427412,0.04308266818040497,57.315396963529416,0.0728612786366697,-0.11174382041208321,0.07701606166981931,-0.022909780823606587,uniform_decoder
adaptive_decoder,0.975,2.0,0.09424115688462736,0.9057588431153727,4.0,0.022470550824464076,0.9992719498815085,0.04470534488197513,57.315396963529416,0.0728612786366697,-0.11174382041208321,0.07701606166981931,-0.022909780823606587,uniform_decoder
overactive_decoder,0.975,2.0,0.11252698182028865,0.8874730181797114,48.0,0.000910253791193773,0.9994755591777486,0.05596956402852127,82.10013421599244,0.0728612786366697,-0.11174382041208321,0.07701606166981931,-0.022909780823606587,uniform_decoder
oracle_decoder,0.975,2.0,0.09934600090308733,0.9006539990969127,0.0,0.0,0.999560480452298,0.05437293554878784,94.1935666367674,0.0728612786366697,-0.11174382041208321,0.07701606166981931,-0.022909780823606587,uniform_decoder
uniform_decoder,1.05,0.0,0.06497384000920768,0.9350261599907923,0.0,0.026918833700543706,0.9992256172128628,0.05293866279182182,68.36239605419566,0.06497384000920768,-0.3230692725149816,0.052717123219512614,0.005791983028540484,uniform_decoder
static_tailored,1.05,0.0,0.13490120350126278,0.8650987964987372,0.0,0.0,0.9992882313207604,0.04164918324479456,58.515054763703276,0.06497384000920768,-0.3230692725149816,0.052717123219512614,0.005791983028540484,uniform_decoder
adaptive_decoder,1.05,0.0,0.13671236844512433,0.8632876315548756,4.0,0.0,0.9992882313207604,0.043278435186067415,58.515054763703276,0.06497384000920768,-0.3230692725149816,0.052717123219512614,0.005791983028540484,uniform_decoder
overactive_decoder,1.05,0.0,0.1543565028267795,0.8456434971732205,48.0,0.0,0.9991937329754964,0.043278435186067415,53.677545863559686,0.06497384000920768,-0.3230692725149816,0.052717123219512614,0.005791983028540484,uniform_decoder
oracle_decoder,1.05,0.0,0.13490120350126278,0.8650987964987372,0.0,0.0,0.9992882313207604,0.04164918324479456,58.515054763703276,0.06497384000920768,-0.3230692725149816,0.052717123219512614,0.005791983028540484,uniform_decoder
uniform_decoder,1.05,0.08333333333333333,0.0670622855922799,0.9329377144077201,0.0,0.02526211559160176,0.9992256172128628,0.05293866279182182,68.36239605419566,0.0670622855922799,-0.2713286380907381,0.059191214056494766,0.006611800170884285,uniform_decoder
static_tailored,1.05,0.08333333333333333,0.1233659162773526,0.8766340837226474,0.0,0.0034728936366100714,0.9992882313207604,0.04313328600588352,59.128173150060036,0.0670622855922799,-0.2713286380907381,0.059191214056494766,0.006611800170884285,uniform_decoder
adaptive_decoder,1.05,0.08333333333333333,0.1252584372065947,0.8747415627934053,4.0,0.0011360687424765458,0.9992882201369712,0.044558419677437615,59.128173150060036,0.0670622855922799,-0.2713286380907381,0.059191214056494766,0.006611800170884285,uniform_decoder
overactive_decoder,1.05,0.08333333333333333,0.14354834935369704,0.8564516506463029,48.0,2.922014258379452e-05,0.9991937329754964,0.044759995499757524,54.25230327032622,0.0670622855922799,-0.2713286380907381,0.059191214056494766,0.006611800170884285,uniform_decoder
oracle_decoder,1.05,0.08333333333333333,0.1233659162773526,0.8766340837226474,0.0,0.0,0.9992882313207604,0.04313328600588352,59.128173150060036,0.0670622855922799,-0.2713286380907381,0.059191214056494766,0.006611800170884285,uniform_decoder
uniform_decoder,1.05,0.16666666666666666,0.07059527656857043,0.9294047234314295,0.0,0.02176394791957317,0.9992256172128628,0.05293866279182182,68.36239605419566,0.07059527656857043,-0.2261556700115099,0.06315331196891065,0.007119762620365735,uniform_decoder
static_tailored,1.05,0.16666666666666666,0.11689920331102203,0.883100796688978,0.0,0.009108031524933344,0.9992882313207604,0.043443516875072,59.126828208933226,0.07059527656857043,-0.2261556700115099,0.06315331196891065,0.007119762620365735,uniform_decoder
adaptive_decoder,1.05,0.16666666666666666,0.11883142742967989,0.8811685725703201,4.0,0.003104034598504094,0.9992881712239584,0.04501103646999094,59.126828208933226,0.07059527656857043,-0.2261556700115099,0.06315331196891065,0.007119762620365735,uniform_decoder
overactive_decoder,1.05,0.16666666666666666,0.13743097448437033,0.8625690255156296,48.0,8.075757745543075e-05,0.9991937329754964,0.045069814986558245,54.25230327032622,0.07059527656857043,-0.2261556700115099,0.06315331196891065,0.007119762620365735,uniform_decoder
oracle_decoder,1.05,0.16666666666666666,0.11689920331102203,0.883100796688978,0.0,0.0,0.9992882313207604,0.043443516875072,59.126828208933226,0.07059527656857043,-0.2261556700115099,0.06315331196891065,0.007119762620365735,uniform_decoder
uniform_decoder,1.05,0.25,0.07393008710808813,0.9260699128919119,0.0,0.0206652903940913,0.9992256172128628,0.05293866279182182,68.36239605419566,0.07393008710808813,-0.19384365217912158,0.07445876295905941,-0.0033299870391955383,uniform_decoder
static_tailored,1.05,0.25,0.1135747630809199,0.8864252369190802,0.0,0.015841154556132907,0.9992882313207604,0.043443400930144094,59.125507210554154,0.07393008710808813,-0.19384365217912158,0.07445876295905941,-0.0033299870391955383,uniform_decoder
adaptive_decoder,1.05,0.25,0.11552204547921094,0.884477954520789,4.0,0.005209695767897901,0.9992880846229413,0.04504666451707813,59.125507210554154,0.07393008710808813,-0.19384365217912158,0.07445876295905941,-0.0033299870391955383,uniform_decoder
overactive_decoder,1.05,0.25,0.13712720783110038,0.8628727921688997,48.0,0.00013251133152522164,0.9994370326140024,0.045069699162604004,79.46661917884404,0.07393008710808813,-0.19384365217912158,0.07445876295905941,-0.0033299870391955383,uniform_decoder
oracle_decoder,1.05,0.25,0.11641122440152717,0.8835887755984728,0.0,0.0,0.9995218128105733,0.043443400930144094,90.13277094249524,0.07393008710808813,-0.19384365217912158,0.07445876295905941,-0.0033299870391955383,uniform_decoder
uniform_decoder,1.05,0.3333333333333333,0.07613397679931529,0.9238660232006847,0.0,0.021864282441456665,0.9992256172128628,0.05293866279182182,68.36239605419566,0.07613397679931529,-0.19641607751166032,0.09005833807297457,-0.024022559389072634,uniform_decoder
static_tailored,1.05,0.3333333333333333,0.11271820177535147,0.8872817982246486,0.0,0.021506234943229775,0.9992882313207604,0.04344305295305666,59.1268282089424,0.07613397679931529,-0.19641607751166032,0.09005833807297457,-0.024022559389072634,uniform_decoder
adaptive_decoder,1.05,0.3333333333333333,0.11967256317039389,0.8803274368296061,4.0,0.006600487705542134,0.9995873004638834,0.045069351548831404,101.17242905451242,0.07613397679931529,-0.19641607751166032,0.09005833807297457,-0.024022559389072634,uniform_decoder
overactive_decoder,1.05,0.3333333333333333,0.14724919560866467,0.8527508043913353,48.0,0.0001620749111928917,0.999502271847413,0.045069351548831404,87.24013421408598,0.07613397679931529,-0.19641607751166032,0.09005833807297457,-0.024022559389072634,uniform_decoder
oracle_decoder,1.05,0.3333333333333333,0.12647862988173963,0.8735213701182604,0.0,0.0,0.9995873004638834,0.04344305295305666,101.17242905451242,0.07613397679931529,-0.19641607751166032,0.09005833807297457,-0.024022559389072634,uniform_decoder
uniform_decoder,1.05,0.41666666666666663,0.0774349907463332,0.9225650092536668,0.0,0.02250196064905643,0.9992256172128628,0.05293866279182182,68.36239605419566,0.0774349907463332,-0.18217329921128642,0.11529116536681176,-0.0525096000560624,uniform_decoder
static_tailored,1.05,0.41666666666666663,0.1150353086059468,0.8849646913940532,0.0,0.025585776775284272,0.9992882313207604,0.043443400930144094,59.12550721054502,0.0774349907463332,-0.18217329921128642,0.11529116536681176,-0.0525096000560624,uniform_decoder
adaptive_decoder,1.05,0.41666666666666663,0.11779057721959084,0.8822094227804091,4.0,0.0074095305018058505,0.9995871716813907,0.044986242290923316,101.18031052191962,0.0774349907463332,-0.18217329921128642,0.11529116536681176,-0.0525096000560624,uniform_decoder
overactive_decoder,1.05,0.41666666666666663,0.1536037135376518,0.8463962864623482,48.0,0.00019094243494021754,0.9995021435699184,0.04506969916260399,87.24013421408598,0.0774349907463332,-0.18217329921128642,0.11529116536681176,-0.0525096000560624,uniform_decoder
oracle_decoder,1.05,0.41666666666666663,0.1329291262300369,0.8670708737699631,0.0,0.0,0.9995871716813907,0.043443400930144094,101.18031052191962,0.0774349907463332,-0.18217329921128642,0.11529116536681176,-0.0525096000560624,uniform_decoder
uniform_decoder,1.05,0.5,0.07788437809159672,0.9221156219084032,0.0,0.021763947919573173,0.9992256172128628,0.05293866279182182,68.36239605419566,0.07788437809159672,-0.23154648924108165,0.05790707315277734,0.0016536129468242443,uniform_decoder
static_tailored,1.05,0.5,0.12034221282419155,0.8796577871758084,0.0,0.028574486207165888,0.9992882313207604,0.04344305295305666,59.125507210554154,0.07788437809159672,-0.23154648924108165,0.05790707315277734,0.0016536129468242443,uniform_decoder
adaptive_decoder,1.05,0.5,0.13273848166659877,0.8672615183334013,4.0,0.009135632760290913,0.9995871716813907,0.04501103646999094,101.17242905451242,0.07788437809159672,-0.23154648924108165,0.05790707315277734,0.0016536129468242443,uniform_decoder
overactive_decoder,1.05,0.5,0.15167147797192085,0.8483285220280792,48.0,0.00024213459747917106,0.9995021435699184,0.04506981498655825,87.24013421408598,0.07788437809159672,-0.23154648924108165,0.05790707315277734,0.0016536129468242443,uniform_decoder
oracle_decoder,1.05,0.5,0.1322340296597478,0.8677659703402523,0.0,0.0,0.9995871716813907,0.043443516875072,101.17242905451242,0.07788437809159672,-0.23154648924108165,0.05790707315277734,0.0016536129468242443,uniform_decoder
uniform_decoder,1.05,0.5833333333333333,0.07724746925949837,0.9227525307405017,0.0,0.021325504928800764,0.9992256172128628,0.05293866279182182,68.36239605419566,0.07724746925949837,-0.2324697169956405,0.04290752092214642,0.015396675783543767,uniform_decoder
static_tailored,1.05,0.5833333333333333,0.1264242256245846,0.8735757743754153,0.0,0.030695606733583184,0.9992882313207604,0.04344247251704936,59.11183992855034,0.07724746925949837,-0.2324697169956405,0.04290752092214642,0.015396675783543767,uniform_decoder
adaptive_decoder,1.05,0.5833333333333333,0.13193316383509163,0.8680668361649084,4.0,0.01080174959586197,0.9995872682651357,0.04505811590857745,101.1724290545124,0.07724746925949837,-0.2324697169956405,0.04290752092214642,0.015396675783543767,uniform_decoder
overactive_decoder,1.05,0.5833333333333333,0.14563357079398886,0.8543664292060111,48.0,0.0002940841888112589,0.9995022397749321,0.045069351548831404,87.24013421408597,0.07724746925949837,-0.2324697169956405,0.04290752092214642,0.015396675783543767,uniform_decoder
oracle_decoder,1.05,0.5833333333333333,0.1273377880015938,0.8726622119984062,0.0,0.0,0.9995872682651357,0.04344305295305666,101.1724290545124,0.07724746925949837,-0.2324697169956405,0.04290752092214642,0.015396675783543767,uniform_decoder
uniform_decoder,1.05,0.6666666666666666,0.07593489433673675,0.9240651056632633,0.0,0.021864282441456672,0.9992256172128628,0.05293866279182182,68.36239605419566,0.07593489433673675,-0.15332732906952998,0.11546248478978852,-0.05391090374880634,uniform_decoder
static_tailored,1.05,0.6666666666666666,0.1324505937277921,0.8675494062722079,0.0,0.032047937196605654,0.9992882313207604,0.04344305295305666,59.126828208933226,0.07593489433673675,-0.15332732906952998,0.11546248478978852,-0.05391090374880634,uniform_decoder
adaptive_decoder,1.05,0.6666666666666666,0.10808582008066363,0.8919141799193364,4.0,0.012115543916863378,0.9995826854676978,0.045069351548831404,100.96405690983079,0.07593489433673675,-0.15332732906952998,0.11546248478978852,-0.05391090374880634,uniform_decoder
overactive_decoder,1.05,0.6666666666666666,0.14100392660124472,0.8589960733987553,48.0,0.00032392197705640005,0.9995017589364609,0.045069351548831404,87.13911938673338,0.07593489433673675,-0.15332732906952998,0.11546248478978852,-0.05391090374880634,uniform_decoder
oracle_decoder,1.05,0.6666666666666666,0.12237131466143189,0.8776286853385681,0.0,0.0,0.9995867855340532,0.04344305295305666,101.09535501880673,0.07593489433673675,-0.15332732906952998,0.11546248478978852,-0.05391090374880634,uniform_decoder
uniform_decoder,1.05,0.75,0.07470107950436972,0.9252989204956303,0.0,0.022200642079008473,0.9992295197178492,0.05442299095946386,69.71959797626008,0.07470107950436972,-0.16495504552322734,0.1069420990694343,-0.048978800641663434,uniform_decoder
static_tailored,1.05,0.75,0.14041284007983496,0.859587159920165,0.0,0.03269370845669814,0.9992882313207604,0.04344165891135675,59.128173150069195,0.07470107950436972,-0.16495504552322734,0.1069420990694343,-0.048978800641663434,uniform_decoder
adaptive_decoder,1.05,0.75,0.10921490777363899,0.890785092226361,4.0,0.012948769376855726,0.9995453138274182,0.04504666451707813,94.36503995328705,0.07470107950436972,-0.16495504552322734,0.1069420990694343,-0.048978800641663434,uniform_decoder
overactive_decoder,1.05,0.75,0.13970888365660272,0.8602911163433973,48.0,0.0003524783963361387,0.9995022397749321,0.045068771719661116,87.24013421408598,0.07470107950436972,-0.16495504552322734,0.1069420990694343,-0.048978800641663434,uniform_decoder
oracle_decoder,1.05,0.75,0.12225333746345561,0.8777466625365444,0.0,0.0,0.9995872682651357,0.04344247251704936,101.17242905451242,0.07470107950436972,-0.16495504552322734,0.1069420990694343,-0.048978800641663434,uniform_decoder
uniform_decoder,1.05,0.8333333333333333,0.07384452438270035,0.9261554756172996,0.0,0.021763947919573173,0.9992295849295628,0.05473368028823207,69.74325349264242,0.07384452438270035,-0.18800119164721513,0.06867242316758107,-0.010922393088242147,uniform_decoder
static_tailored,1.05,0.8333333333333333,0.15245196470380973,0.8475480352961903,0.0,0.03218590386719046,0.9992882313207604,0.04344165891135675,59.12550721054502,0.07384452438270035,-0.18800119164721513,0.06867242316758107,-0.010922393088242147,uniform_decoder
adaptive_decoder,1.05,0.8333333333333333,0.11384644906798118,0.8861535509320189,4.0,0.013962254495956375,0.9994814415669667,0.044986242290923316,83.50670238389048,0.07384452438270035,-0.18800119164721513,0.06867242316758107,-0.010922393088242147,uniform_decoder
overactive_decoder,1.05,0.8333333333333333,0.13334965991998096,0.8666503400800191,48.0,0.0004033455160121165,0.9995021435699184,0.05632964461802907,87.24013421408598,0.07384452438270035,-0.18800119164721513,0.06867242316758107,-0.010922393088242147,uniform_decoder
oracle_decoder,1.05,0.8333333333333333,0.11674596582175684,0.8832540341782431,0.0,0.0,0.9995871716813907,0.05473368028823207,101.17242905451242,0.07384452438270035,-0.18800119164721513,0.06867242316758107,-0.010922393088242147,uniform_decoder
uniform_decoder,1.05,0.9166666666666666,0.07311871827415799,0.926881281725842,0.0,0.021492393492931913,0.999229244378005,0.05473263338060887,69.71959797626008,0.07311871827415799,-0.21930074523312798,0.0140311997536639,0.024041340330192527,uniform_decoder
static_tailored,1.05,0.9166666666666666,0.16725389336495958,0.8327461066350405,0.0,0.030438275523320766,0.9992882313207604,0.043440611141958366,59.08004305326861,0.07311871827415799,-0.21930074523312798,0.0140311997536639,0.024041340330192527,uniform_decoder
adaptive_decoder,1.05,0.9166666666666666,0.12115164492682853,0.8788483550731715,4.0,0.0156348919739965,0.9994158596472804,0.04505634583468442,74.4242184286178,0.07311871827415799,-0.21930074523312798,0.0140311997536639,0.024041340330192527,uniform_decoder
overactive_decoder,1.05,0.9166666666666666,0.12512973213297698,0.874870267867023,48.0,0.00045515776693189725,0.9995022397749321,0.056328598815935806,87.2152274763207,0.07311871827415799,-0.21930074523312798,0.0140311997536639,0.024041340330192527,uniform_decoder
oracle_decoder,1.05,0.9166666666666666,0.11462727674318306,0.8853727232568169,0.0,0.0,0.9995872682651357,0.05473263338060887,101.10323560529562,0.07311871827415799,-0.21930074523312798,0.0140311997536639,0.024041340330192527,uniform_decoder
uniform_decoder,1.05,1.0,0.07242565933872859,0.9275743406612714,0.0,0.021864282441456672,0.9992295873510909,0.05473321523224064,69.74325349263239,0.07242565933872859,-0.2291420865676828,-0.0011621658185289561,0.06325002566866864,uniform_decoder
static_tailored,1.05,1.0,0.18063405531412932,0.8193659446858707,0.0,0.02811211282087808,0.9992882313207604,0.04344305295305666,59.108427339240336,0.07242565933872859,-0.2291420865676828,-0.0011621658185289561,0.06325002566866864,uniform_decoder
adaptive_decoder,1.05,1.0,0.12275368665430356,0.8772463133456965,4.0,0.01643544067502672,0.9995867855340532,0.04506563044044604,101.17242905451242,0.07242565933872859,-0.2291420865676828,-0.0011621658185289561,0.06325002566866864,uniform_decoder
overactive_decoder,1.05,1.0,0.1224256386671233,0.8775743613328767,48.0,0.00048520456498443314,0.9995017589364609,0.056329180052732436,87.24013421408598,0.07242565933872859,-0.2291420865676828,-0.0011621658185289561,0.06325002566866864,uniform_decoder
oracle_decoder,1.05,1.0,0.10611689121360633,0.8938831087863937,0.0,0.0,0.9995867855340532,0.05473321523224064,101.17242905451242,0.07242565933872859,-0.2291420865676828,-0.0011621658185289561,0.06325002566866864,uniform_decoder
uniform_decoder,1.05,1.0833333333333333,0.07206824462545347,0.9279317553745465,0.0,0.02207427092123997,0.9992295849295628,0.05473321523224064,69.71395870384352,0.07206824462545347,-0.14172337329463672,0.08193692510363906,-0.027658365318511922,uniform_decoder
static_tailored,1.05,1.0833333333333333,0.19046103400133987,0.8095389659986602,0.0,0.02630132717175657,0.9992882313207604,0.04344247251704936,59.11890077745034,0.07206824462545347,-0.14172337329463672,0.08193692510363906,-0.027658365318511922,uniform_decoder
adaptive_decoder,1.05,1.0833333333333333,0.09987742047081782,0.9001225795291822,4.0,0.01606423107149054,0.9995861426237221,0.056329180052732436,101.18031052191962,0.07206824462545347,-0.14172337329463672,0.08193692510363906,-0.027658365318511922,uniform_decoder
overactive_decoder,1.05,1.0833333333333333,0.1206158113117941,0.8793841886882059,48.0,0.0005132059840847101,0.9995011185455419,0.056329180052732436,87.23307812022763,0.07206824462545347,-0.14172337329463672,0.08193692510363906,-0.027658365318511922,uniform_decoder
oracle_decoder,1.05,1.0833333333333333,0.10644510204312178,0.8935548979568783,0.0,0.0,0.9995861426237221,0.05473321523224064,101.18031052191962,0.07206824462545347,-0.14172337329463672,0.08193692510363906,-0.027658365318511922,uniform_decoder
uniform_decoder,1.05,1.1666666666666665,0.0722881799770868,0.9277118200229132,0.0,0.021763947919573173,0.9992294024070804,0.054729481187136456,69.67920690034289,0.0722881799770868,-0.14462453811237216,0.07960318980336258,-0.02649819224284249,uniform_decoder
static_tailored,1.05,1.1666666666666665,0.1969222593066659,0.803077740693334,0.0,0.02560414693533543,0.9992882313207604,0.043443516875072016,59.11183992855034,0.0722881799770868,-0.14462453811237216,0.07960318980336258,-0.02649819224284249,uniform_decoder
adaptive_decoder,1.05,1.1666666666666665,0.10085369835266761,0.8991463016473324,4.0,0.016050761598664063,0.9995861426237221,0.05618026552879165,101.1724290545124,0.0722881799770868,-0.14462453811237216,0.07960318980336258,-0.02649819224284249,uniform_decoder
overactive_decoder,1.05,1.1666666666666665,0.12114207783378468,0.8788579221662153,48.0,0.0005635925343821615,0.9995011185455419,0.05632544997067787,87.24013421408597,0.0722881799770868,-0.14462453811237216,0.07960318980336258,-0.02649819224284249,uniform_decoder
oracle_decoder,1.05,1.1666666666666665,0.10719882395352384,0.8928011760464761,0.0,0.0,0.9995861426237221,0.054729481187136456,101.1724290545124,0.0722881799770868,-0.14462453811237216,0.07960318980336258,-0.02649819224284249,uniform_decoder
uniform_decoder,1.05,1.25,0.07287993519789017,0.9271200648021098,0.0,0.02158257147403449,0.9992295849295628,0.054730767489270554,69.74325349263239,0.07287993519789017,-0.16678536234079458,0.038621317939134175,0.015638298303008218,uniform_decoder
static_tailored,1.05,1.25,0.20073580933056648,0.7992641906694335,0.0,0.025960438199603725,0.9992882313207604,0.04344305295305666,59.12140514950555,0.07287993519789017,-0.16678536234079458,0.038621317939134175,0.015638298303008218,uniform_decoder
adaptive_decoder,1.05,1.25,0.10700235599293553,0.8929976440070645,4.0,0.018397621099732833,0.9995857251813471,0.04410964412164441,101.18031052191962,0.07287993519789017,-0.16678536234079458,0.038621317939134175,0.015638298303008218,uniform_decoder
overactive_decoder,1.05,1.25,0.11695388640351259,0.8830461135964874,48.0,0.0006156728761699359,0.9995007027382856,0.05632673490300602,87.24013421408598,0.07287993519789017,-0.16678536234079458,0.038621317939134175,0.015638298303008218,uniform_decoder
oracle_decoder,1.05,1.25,0.10321790543685272,0.8967820945631473,0.0,0.0,0.9995857251813471,0.054730767489270554,101.18031052191962,0.07287993519789017,-0.16678536234079458,0.038621317939134175,0.015638298303008218,uniform_decoder
uniform_decoder,1.05,1.3333333333333333,0.07350553949637104,0.9264944605036289,0.0,0.021864282441456672,0.9992290357939613,0.05472948118713647,69.74325349264242,0.07350553949637104,-0.16718761530552903,0.04263316588437901,0.01329129529570033,uniform_decoder
static_tailored,1.05,1.3333333333333333,0.20246723362704672,0.7975327663729532,0.0,0.02677810534440937,0.9992882313207604,0.04344305295305666,59.1268282089424,0.07350553949637104,-0.16718761530552903,0.04263316588437901,0.01329129529570033,uniform_decoder
adaptive_decoder,1.05,1.3333333333333333,0.10802087347997331,0.8919791265200266,4.0,0.02137730498081808,0.9995745910018862,0.043833330876086915,99.74805586441218,0.07350553949637104,-0.16718761530552903,0.04263316588437901,0.01329129529570033,uniform_decoder
overactive_decoder,1.05,1.3333333333333333,0.11916284149935381,0.8808371585006461,48.0,0.0006458687070649842,0.999502271847413,0.0563254499706779,87.13911938671413,0.07350553949637104,-0.16718761530552903,0.04263316588437901,0.01329129529570033,uniform_decoder
oracle_decoder,1.05,1.3333333333333333,0.10476504152430634,0.8952349584756937,0.0,0.0,0.9995873004638834,0.05472948118713647,101.09535501880673,0.07350553949637104,-0.16718761530552903,0.04263316588437901,0.01329129529570033,uniform_decoder
uniform_decoder,1.05,1.4166666666666665,0.07403802194122046,0.9259619780587796,0.0,0.021983634268743526,0.9992295159065891,0.054729481187136456,69.71959797624001,0.07403802194122046,-0.1791009922804157,0.027944842492652073,0.026389701911708627,uniform_decoder
static_tailored,1.05,1.4166666666666665,0.2024512530395556,0.7975487469604444,0.0,0.0276848907130917,0.9992882313207604,0.043440611141958366,59.128173150060036,0.07403802194122046,-0.1791009922804157,0.027944842492652073,0.026389701911708627,uniform_decoder
adaptive_decoder,1.05,1.4166666666666665,0.11182934973176975,0.8881706502682303,4.0,0.02290753306305172,0.9995535435736802,0.04477509677804571,95.89500073774396,0.07403802194122046,-0.1791009922804157,0.027944842492652073,0.026389701911708627,uniform_decoder
overactive_decoder,1.05,1.4166666666666665,0.119261602899222,0.8807383971007781,48.0,0.000673296506421443,0.9995022397749321,0.05632544997067787,87.13272071183833,0.07403802194122046,-0.1791009922804157,0.027944842492652073,0.026389701911708627,uniform_decoder
oracle_decoder,1.05,1.4166666666666665,0.1052364277759962,0.8947635722240038,0.0,0.0,0.9995872682651357,0.054729481187136456,101.0953550187796,0.07403802194122046,-0.1791009922804157,0.027944842492652073,0.026389701911708627,uniform_decoder
uniform_decoder,1.05,1.5,0.07434263430223406,0.9256573656977659,0.0,0.02176394791957317,0.9992285156881349,0.05473321523224064,69.74325349263239,0.07434263430223406,-0.20215922183611737,0.01194592512951298,0.04086978708947578,uniform_decoder
static_tailored,1.05,1.5,0.2007971254217338,0.7992028745782662,0.0,0.02857448620716589,0.9992882313207604,0.04344165891135675,59.125507210554154,0.07434263430223406,-0.20215922183611737,0.01194592512951298,0.04086978708947578,uniform_decoder
adaptive_decoder,1.05,1.5,0.11841239573975154,0.8815876042602484,4.0,0.02266342966336424,0.9995243247607295,0.04505811590857745,90.57293736950984,0.07434263430223406,-0.20215922183611737,0.01194592512951298,0.04086978708947578,uniform_decoder
overactive_decoder,1.05,1.5,0.12171471683545194,0.878285283164548,48.0,0.0007232810412013041,0.9995017589364609,0.056329180052732436,87.24013421408598,0.07434263430223406,-0.20215922183611737,0.01194592512951298,0.04086978708947578,uniform_decoder
oracle_decoder,1.05,1.5,0.10777732015974993,0.89222267984025,0.0,0.0,0.9995867855340532,0.05473321523224064,101.17242905451242,0.07434263430223406,-0.20215922183611737,0.01194592512951298,0.04086978708947578,uniform_decoder
uniform_decoder,1.05,1.5833333333333333,0.0742387592590387,0.9257612407409613,0.0,0.021636275818099345,0.99922960892071,0.054730767489270554,69.74425553071212,0.0742387592590387,-0.14655306356393416,0.050761534347157494,0.002684583986316117,uniform_decoder
static_tailored,1.05,1.5833333333333333,0.19788884648531554,0.8021111535146844,0.0,0.02935002302550931,0.9992882313207604,0.043443400930144094,59.128173150069195,0.0742387592590387,-0.14655306356393416,0.050761534347157494,0.002684583986316117,uniform_decoder
adaptive_decoder,1.05,1.5833333333333333,0.10403602935649583,0.8959639706435042,4.0,0.021778505454629383,0.9994897788218293,0.05630644040839922,84.80586702545722,0.0742387592590387,-0.14655306356393416,0.050761534347157494,0.002684583986316117,uniform_decoder
overactive_decoder,1.05,1.5833333333333333,0.11693521079746758,0.8830647892025324,48.0,0.000775906347433439,0.9995021435699184,0.05632673490300601,87.24013421408597,0.0742387592590387,-0.14655306356393416,0.050761534347157494,0.002684583986316117,uniform_decoder
oracle_decoder,1.05,1.5833333333333333,0.10339491595984211,0.8966050840401579,0.0,0.0,0.9995871716813907,0.054730767489270554,101.17242905451242,0.0742387592590387,-0.14655306356393416,0.050761534347157494,0.002684583986316117,uniform_decoder
uniform_decoder,1.05,1.6666666666666665,0.07383246303803204,0.926167536961968,0.0,0.021864282441456676,0.999227719636091,0.05472194083086569,69.74325349264242,0.07383246303803204,-0.1864510919046855,0.0006404366937373639,0.04265704400893729,uniform_decoder
static_tailored,1.05,1.6666666666666665,0.1948361912486036,0.8051638087513964,0.0,0.029937084242138885,0.9992882313207604,0.04344305295305666,59.12682820893322,0.07383246303803204,-0.1864510919046855,0.0006404366937373639,0.04265704400893729,uniform_decoder
adaptive_decoder,1.05,1.6666666666666665,0.11342229968851752,0.8865777003114825,4.0,0.022080739058441823,0.9995852439582223,0.056317917739391446,101.17242905451242,0.07383246303803204,-0.1864510919046855,0.0006404366937373639,0.04265704400893729,uniform_decoder
overactive_decoder,1.05,1.6666666666666665,0.11358968240112344,0.8864103175988766,48.0,0.000805454733384588,0.9995002233993842,0.056317917739391446,87.24013421408598,0.07383246303803204,-0.1864510919046855,0.0006404366937373639,0.04265704400893729,uniform_decoder
oracle_decoder,1.05,1.6666666666666665,0.10281143112965666,0.8971885688703434,0.0,0.0,0.9995852439582223,0.05472194083086569,101.17242905451242,0.07383246303803204,-0.1864510919046855,0.0006404366937373639,0.04265704400893729,uniform_decoder
uniform_decoder,1.05,1.75,0.0734042584693992,0.9265957415306008,0.0,0.021962026442973733,0.9992290443331028,0.054726194112739934,69.74425553071212,0.0734042584693992,-0.417463234676621,-0.20745382648076355,0.25966345398033547,uniform_decoder
static_tailored,1.05,1.75,0.193027770957997,0.8069722290420029,0.0,0.030272744277775796,0.9992882313207604,0.043437807726243484,59.1281731500692,0.0734042584693992,-0.417463234676621,-0.20745382648076355,0.25966345398033547,uniform_decoder
adaptive_decoder,1.05,1.75,0.19194839738244593,0.808051602617554,4.0,0.023044179631073806,0.9995675968017357,0.044960031318411774,98.50580550022023,0.0734042584693992,-0.417463234676621,-0.20745382648076355,0.25966345398033547,uniform_decoder
overactive_decoder,1.05,1.75,0.11905034655496097,0.8809496534450391,48.0,0.0008337759021668627,0.9995022397749321,0.05632216641843693,87.13272071183833,0.0734042584693992,-0.417463234676621,-0.20745382648076355,0.25966345398033547,uniform_decoder
oracle_decoder,1.05,1.75,0.10556526359621361,0.8944347364037863,0.0,0.0,0.9995872682651357,0.054726194112739934,101.09535501880674,0.0734042584693992,-0.417463234676621,-0.20745382648076355,0.25966345398033547,uniform_decoder
uniform_decoder,1.05,1.8333333333333333,0.07307957355947065,0.9269204264405293,0.0,0.02176394791957317,0.9992295849295628,0.05473368028823207,69.71959797626008,0.07307957355947065,-0.17004496241431197,0.021989685927696064,0.03051154035785317,uniform_decoder
static_tailored,1.05,1.8333333333333333,0.1936270089324294,0.8063729910675705,0.0,0.030080967287734166,0.9992882313207604,0.04344305295305666,59.08004305326861,0.07307957355947065,-0.17004496241431197,0.021989685927696064,0.03051154035785317,uniform_decoder
adaptive_decoder,1.05,1.8333333333333333,0.10810380163957319,0.8918961983604268,4.0,0.023739412416723133,0.9994814415669667,0.045031064000282034,83.50670238389047,0.07307957355947065,-0.17004496241431197,0.021989685927696064,0.03051154035785317,uniform_decoder
overactive_decoder,1.05,1.8333333333333333,0.11371837700706094,0.8862816229929391,48.0,0.0008823156942728773,0.9995017589364609,0.05632964461802907,87.2152274763207,0.07307957355947065,-0.17004496241431197,0.021989685927696064,0.03051154035785317,uniform_decoder
oracle_decoder,1.05,1.8333333333333333,0.10076957490727055,0.8992304250927294,0.0,0.0,0.9995867855340531,0.05473368028823207,101.10323560529562,0.07307957355947065,-0.17004496241431197,0.021989685927696064,0.03051154035785317,uniform_decoder
uniform_decoder,1.05,1.9166666666666665,0.07275794481419737,0.9272420551858026,0.0,0.021671830446211997,0.9992295873510909,0.05473356405968701,69.72800155618346,0.07275794481419737,-0.08996519629862845,0.09619246204978077,-0.044554324227845186,uniform_decoder
static_tailored,1.05,1.9166666666666665,0.19649721643642673,0.8035027835635733,0.0,0.029264538318122913,0.9992882313207604,0.04344305295305666,59.1268282089424,0.07275794481419737,-0.08996519629862845,0.09619246204978077,-0.044554324227845186,uniform_decoder
adaptive_decoder,1.05,1.9166666666666665,0.0895046542786817,0.9104953457213183,4.0,0.023614851237761664,0.999288038473503,0.04506563044044604,59.1268282089424,0.07275794481419737,-0.08996519629862845,0.09619246204978077,-0.044554324227845186,uniform_decoder
overactive_decoder,1.05,1.9166666666666665,0.11169611850824933,0.8883038814917507,48.0,0.0009331674061208065,0.9995017589364609,0.056329528512059884,87.23307812022759,0.07275794481419737,-0.08996519629862845,0.09619246204978077,-0.044554324227845186,uniform_decoder
oracle_decoder,1.05,1.9166666666666665,0.09917448264876581,0.9008255173512342,0.0,0.0,0.9995867855340531,0.05473356405968701,101.1803105219196,0.07275794481419737,-0.08996519629862845,0.09619246204978077,-0.044554324227845186,uniform_decoder
uniform_decoder,1.05,2.0,0.0724296552754198,0.9275703447245802,0.0,0.021864282441456676,0.9992295873510909,0.05473321523224064,69.7432534926324,0.0724296552754198,-0.10135295983784087,0.07732418568342458,-0.021497503178152327,uniform_decoder
static_tailored,1.05,2.0,0.20017526634617822,0.7998247336538218,0.0,0.028112112820878086,0.9992882313207604,0.04344305295305666,59.108427339240336,0.0724296552754198,-0.10135295983784087,0.07732418568342458,-0.021497503178152327,uniform_decoder
adaptive_decoder,1.05,2.0,0.09146804105957407,0.9085319589404259,4.0,0.023811386640374705,0.9992879604011113,0.04506563044044604,59.12682820893322,0.0724296552754198,-0.10135295983784087,0.07732418568342458,-0.021497503178152327,uniform_decoder
overactive_decoder,1.05,2.0,0.10929330616280547,0.8907066938371946,48.0,0.0009636305451711284,0.9995017589364609,0.056329180052732436,87.24013421408598,0.0724296552754198,-0.10135295983784087,0.07732418568342458,-0.021497503178152327,uniform_decoder
oracle_decoder,1.05,2.0,0.09610962466731551,0.9038903753326845,0.0,0.0,0.9995867855340532,0.05473321523224064,101.1724290545124,0.0724296552754198,-0.10135295983784087,0.07732418568342458,-0.021497503178152327,uniform_decoder
uniform_decoder,1.125,0.0,0.06393325043770914,0.9360667495622909,0.0,0.028556171605348322,0.9992464653890709,0.05335913930513152,70.81179620845991,0.06393325043770914,-0.30590777906530464,0.056686673566677774,0.006281285446195529,uniform_decoder
static_tailored,1.125,0.0,0.12745394387852996,0.8725460561214701,0.0,0.0,0.9993045466165328,0.04206992100305375,60.492797940405744,0.06393325043770914,-0.30590777906530464,0.056686673566677774,0.006281285446195529,uniform_decoder
adaptive_decoder,1.125,0.0,0.1293107301877749,0.870689269812225,4.0,8.673617379884035e-19,0.9993045466165328,0.043698357251412884,60.492797940405744,0.06393325043770914,-0.30590777906530464,0.056686673566677774,0.006281285446195529,uniform_decoder
overactive_decoder,1.125,0.0,0.1473401941004983,0.8526598058995016,48.0,8.673617379884035e-19,0.9992099605387874,0.043698357251412884,55.31161340263013,0.06393325043770914,-0.30590777906530464,0.056686673566677774,0.006281285446195529,uniform_decoder
oracle_decoder,1.125,0.0,0.12745394387852996,0.8725460561214701,0.0,0.0,0.9993045466165328,0.04206992100305375,60.492797940405744,0.06393325043770914,-0.30590777906530464,0.056686673566677774,0.006281285446195529,uniform_decoder
uniform_decoder,1.125,0.08333333333333333,0.06611482373851824,0.9338851762614817,0.0,0.026813888671417225,0.9992464653890709,0.05335913930513152,70.81179620845991,0.06611482373851824,-0.25014410585847796,0.0640466407401918,0.007221389954624769,uniform_decoder
static_tailored,1.125,0.08333333333333333,0.11567021966962968,0.8843297803303704,0.0,0.003509537222159072,0.9993045466165328,0.0434975770737807,61.03409973896337,0.06611482373851824,-0.25014410585847796,0.0640466407401918,0.007221389954624769,uniform_decoder
adaptive_decoder,1.125,0.08333333333333333,0.11760964804191229,0.8823903519580877,4.0,0.0011561894458173914,0.9993045329283464,0.04493665745016097,61.03409973896337,0.06611482373851824,-0.25014410585847796,0.0640466407401918,0.007221389954624769,uniform_decoder
overactive_decoder,1.125,0.08333333333333333,0.1362980338586417,0.8637019661413583,48.0,2.9832675111170155e-05,0.9992099605387874,0.04512359088872866,55.81953014707992,0.06611482373851824,-0.25014410585847796,0.0640466407401918,0.007221389954624769,uniform_decoder
oracle_decoder,1.125,0.08333333333333333,0.11567021966962968,0.8843297803303704,0.0,0.0,0.9993045466165328,0.0434975770737807,61.03409973896337,0.06611482373851824,-0.25014410585847796,0.0640466407401918,0.007221389954624769,uniform_decoder
uniform_decoder,1.125,0.16666666666666666,0.069939511002923,0.9300604889970769,0.0,0.022986818087836716,0.9992464653890709,0.05335913930513152,70.81179620845991,0.069939511002923,-0.20208336982638245,0.06835018141559927,0.007780124203185579,uniform_decoder
static_tailored,1.125,0.16666666666666666,0.1094021450104032,0.8905978549895968,0.0,0.009427010632027534,0.9993045466165328,0.04377252743088397,61.0335405555822,0.069939511002923,-0.20208336982638245,0.06835018141559927,0.007780124203185579,uniform_decoder
adaptive_decoder,1.125,0.16666666666666666,0.11137967885718546,0.8886203211428145,4.0,0.0032506252546424374,0.9993044766835592,0.04534813032081754,61.0335405555822,0.069939511002923,-0.20208336982638245,0.06835018141559927,0.007780124203185579,uniform_decoder
overactive_decoder,1.125,0.16666666666666666,0.13036353928440722,0.8696364607155928,48.0,8.494128320702533e-05,0.9992099605387874,0.04539821880734426,55.81953014707992,0.069939511002923,-0.20208336982638245,0.06835018141559927,0.007780124203185579,uniform_decoder
oracle_decoder,1.125,0.16666666666666666,0.1094021450104032,0.8905978549895968,0.0,0.0,0.9993045466165328,0.04377252743088397,61.0335405555822,0.069939511002923,-0.20208336982638245,0.06835018141559927,0.007780124203185579,uniform_decoder
uniform_decoder,1.125,0.25,0.07353968242248585,0.9264603175775141,0.0,0.021788059620179694,0.9992464653890709,0.05335913930513152,70.81179620845991,0.07353968242248585,-0.16793203637680673,0.08046985920644703,-0.008564715911110443,uniform_decoder
static_tailored,1.125,0.25,0.10626490834503219,0.8937350916549678,0.0,0.016631139217935454,0.9993045466165328,0.043772430174160847,61.03409973896337,0.07353968242248585,-0.16793203637680673,0.08046985920644703,-0.008564715911110443,uniform_decoder
adaptive_decoder,1.125,0.25,0.10825645125855692,0.8917435487414431,4.0,0.005509860970916055,0.9993043779235339,0.045378665773251475,61.03409973896337,0.07353968242248585,-0.16793203637680673,0.08046985920644703,-0.008564715911110443,uniform_decoder
overactive_decoder,1.125,0.25,0.1302937685700298,0.8697062314299702,48.0,0.0001403063439512805,0.9994563157746384,0.045398121621401846,82.94704691247705,0.07353968242248585,-0.16793203637680673,0.08046985920644703,-0.008564715911110443,uniform_decoder
oracle_decoder,1.125,0.25,0.11041256582135366,0.8895874341786464,0.0,0.0,0.9995411712686542,0.043772430174160847,94.72142654720805,0.07353968242248585,-0.16793203637680673,0.08046985920644703,-0.008564715911110443,uniform_decoder
uniform_decoder,1.125,0.3333333333333333,0.07586915598767209,0.9241308440123279,0.0,0.023094980811356792,0.9992464653890709,0.05335913930513152,70.81179620845991,0.07586915598767209,-0.1705959771138254,0.096969881502109,-0.03460309547878884,uniform_decoder
static_tailored,1.125,0.3333333333333333,0.10548916315185053,0.8945108368481495,0.0,0.022687732936456012,0.9993045466165328,0.043772138243816316,61.02989196482777,0.07586915598767209,-0.1705959771138254,0.096969881502109,-0.03460309547878884,uniform_decoder
adaptive_decoder,1.125,0.3333333333333333,0.1123728071209627,0.8876271928790374,4.0,0.00695325510577307,0.9996134652553759,0.04539782990386125,108.98399263546246,0.07586915598767209,-0.1705959771138254,0.096969881502109,-0.03460309547878884,uniform_decoder
overactive_decoder,1.125,0.3333333333333333,0.14048537379859294,0.8595146262014071,48.0,0.00017051567053950762,0.9995283304510142,0.04539782990386125,92.8640071354421,0.07586915598767209,-0.1705959771138254,0.096969881502109,-0.03460309547878884,uniform_decoder
oracle_decoder,1.125,0.3333333333333333,0.12169264351680642,0.8783073564831936,0.0,0.0,0.9996134652553759,0.043772138243816316,108.98399263546246,0.07586915598767209,-0.1705959771138254,0.096969881502109,-0.03460309547878884,uniform_decoder
uniform_decoder,1.125,0.41666666666666663,0.07724602768348748,0.9227539723165126,0.0,0.02379526019890839,0.9992464653890709,0.05335913930513152,70.81179620845991,0.07724602768348748,-0.15566076992418976,0.1229599578553934,-0.06547458030859789,uniform_decoder
static_tailored,1.125,0.41666666666666663,0.10801474024072047,0.8919852597592796,0.0,0.027006390202611415,0.9993045466165328,0.043772430174160847,61.03409973896337,0.07724602768348748,-0.15566076992418976,0.1229599578553934,-0.06547458030859789,uniform_decoder
adaptive_decoder,1.125,0.41666666666666663,0.11054444544101007,0.88945555455899,4.0,0.007763496392708354,0.9996133243359381,0.045326611291791954,109.01737510749714,0.07724602768348748,-0.15566076992418976,0.1229599578553934,-0.06547458030859789,uniform_decoder
overactive_decoder,1.125,0.41666666666666663,0.14672255570258114,0.8532774442974189,48.0,0.00019996622043810377,0.9995281900934657,0.04539812162140186,92.8732006850331,0.07724602768348748,-0.15566076992418976,0.1229599578553934,-0.06547458030859789,uniform_decoder
oracle_decoder,1.125,0.41666666666666663,0.1285320711157842,0.8714679288842158,0.0,0.0,0.9996133243359381,0.043772430174160847,109.01737510749714,0.07724602768348748,-0.15566076992418976,0.1229599578553934,-0.06547458030859789,uniform_decoder
uniform_decoder,1.125,0.5,0.07774539482211174,0.9222546051778883,0.0,0.022986818087836727,0.9992464653890709,0.05335913930513152,70.81179620845991,0.07774539482211174,-0.20830647478656203,0.06338024803714103,-0.012270790424158299,uniform_decoder
static_tailored,1.125,0.5,0.11385508356048728,0.8861449164395128,0.0,0.030139610199685765,0.9993045466165328,0.043772138243816316,61.03354055558219,0.07774539482211174,-0.20830647478656203,0.06338024803714103,-0.012270790424158299,uniform_decoder
adaptive_decoder,1.125,0.5,0.12559754433110876,0.8744024556688912,4.0,0.009590625029177896,0.9996133243359381,0.04534813032081754,108.98399263546246,0.07774539482211174,-0.20830647478656203,0.06338024803714103,-0.012270790424158299,uniform_decoder
overactive_decoder,1.125,0.5,0.14533204887991616,0.8546679511200839,48.0,0.0002546818127714753,0.9995281900934657,0.04539821880734427,92.8640071354421,0.07774539482211174,-0.20830647478656203,0.06338024803714103,-0.012270790424158299,uniform_decoder
oracle_decoder,1.125,0.5,0.12919685403128336,0.8708031459687167,0.0,0.0,0.9996133243359381,0.04377252743088398,108.98399263546246,0.07774539482211174,-0.20830647478656203,0.06338024803714103,-0.012270790424158299,uniform_decoder
uniform_decoder,1.125,0.5833333333333333,0.07706709906994308,0.9229329009300569,0.0,0.022505985065629484,0.9992464653890709,0.05335913930513152,70.81179620845991,0.07706709906994308,-0.21061025867317895,0.048043801870294965,0.013886022222544482,uniform_decoder
static_tailored,1.125,0.5833333333333333,0.12052175726156607,0.8794782427384339,0.0,0.03236499179804961,0.9993045466165328,0.043771651159530925,61.0335405555822,0.07706709906994308,-0.21061025867317895,0.048043801870294965,0.013886022222544482,uniform_decoder
adaptive_decoder,1.125,0.5833333333333333,0.12516395288247847,0.8748360471175215,4.0,0.011396149677183652,0.9996134300226278,0.045388368985468455,109.02849273428538,0.07706709906994308,-0.21061025867317895,0.048043801870294965,0.013886022222544482,uniform_decoder
overactive_decoder,1.125,0.5833333333333333,0.13980511860978204,0.8601948813902179,48.0,0.0003102797608197376,0.9995282953587553,0.04539782990386124,92.86653148824011,0.07706709906994308,-0.21061025867317895,0.048043801870294965,0.013886022222544482,uniform_decoder
oracle_decoder,1.125,0.5833333333333333,0.12122529459819936,0.8787747054018007,0.0,0.0,0.9996134300226278,0.043772138243816316,109.02849273428538,0.07706709906994308,-0.21061025867317895,0.048043801870294965,0.013886022222544482,uniform_decoder
uniform_decoder,1.125,0.6666666666666666,0.07565792792414232,0.9243420720758577,0.0,0.023094980811356792,0.9992464653890709,0.05335913930513152,70.81179620845991,0.07565792792414232,-0.13074429908202662,0.12181352926346176,-0.0769585921939099,uniform_decoder
static_tailored,1.125,0.6666666666666666,0.1269615866416742,0.8730384133583258,0.0,0.03380740566851899,0.9993045466165328,0.043772138243816316,61.02989196482777,0.07565792792414232,-0.13074429908202662,0.12181352926346176,-0.0769585921939099,uniform_decoder
adaptive_decoder,1.125,0.6666666666666666,0.10223479770982145,0.8977652022901785,4.0,0.01274997242176732,0.9996084118227913,0.04539782990386125,108.63232472416934,0.07565792792414232,-0.13074429908202662,0.12181352926346176,-0.0769585921939099,uniform_decoder
overactive_decoder,1.125,0.6666666666666666,0.1353356681090033,0.8646643318909967,48.0,0.0003407970616555583,0.9995277692048574,0.04539782990386125,92.80517970027685,0.07565792792414232,-0.13074429908202662,0.12181352926346176,-0.0769585921939099,uniform_decoder
oracle_decoder,1.125,0.6666666666666666,0.12205549439228654,0.8779445056077134,0.0,0.0,0.9996129017627449,0.043772138243816316,108.98326598267286,0.07565792792414232,-0.13074429908202662,0.12181352926346176,-0.0769585921939099,uniform_decoder
uniform_decoder,1.125,0.75,0.0743540681201081,0.9256459318798919,0.0,0.023465884225177803,0.9992499696383312,0.054787092072363555,72.07581397360384,0.0743540681201081,-0.14398202364319007,0.11261686851974603,-0.051186223070053216,uniform_decoder
static_tailored,1.125,0.75,0.13536437480674662,0.8646356251932534,0.0,0.03451549530385728,0.9993045466165328,0.043770968121456824,61.02099136979199,0.0743540681201081,-0.14398202364319007,0.11261686851974603,-0.051186223070053216,uniform_decoder
adaptive_decoder,1.125,0.75,0.10358258823951107,0.896417411760489,4.0,0.01357727271798929,0.9995672459449044,0.045378665773251475,100.0102677096753,0.0743540681201081,-0.14398202364319007,0.11261686851974603,-0.051186223070053216,uniform_decoder
overactive_decoder,1.125,0.75,0.13424670256495697,0.865753297435043,48.0,0.00036991631758512717,0.9995282953587553,0.04539734317578735,92.8640071354421,0.0743540681201081,-0.14398202364319007,0.11261686851974603,-0.051186223070053216,uniform_decoder
oracle_decoder,1.125,0.75,0.11653945471145122,0.8834605452885488,0.0,0.0,0.9996134300226278,0.043771651159530925,108.98399263546246,0.0743540681201081,-0.14398202364319007,0.11261686851974603,-0.051186223070053216,uniform_decoder
uniform_decoder,1.125,0.8333333333333333,0.07347708104167837,0.9265229189583216,0.0,0.02298681808783672,0.9992498186846335,0.05506259317277194,72.04302411884856,0.07347708104167837,-0.16950355681735166,0.07240366978396348,-0.031094835094339638,uniform_decoder
static_tailored,1.125,0.8333333333333333,0.14823452996355785,0.8517654700364421,0.0,0.033985461319729855,0.9993045466165328,0.043770968121456824,61.007475804538494,0.07347708104167837,-0.16950355681735166,0.07240366978396348,-0.031094835094339638,uniform_decoder
adaptive_decoder,1.125,0.8333333333333333,0.10855640483896478,0.8914435951610352,4.0,0.014660543509433384,0.9994961642982626,0.045326611291791954,86.63018178392947,0.07347708104167837,-0.16950355681735166,0.07240366978396348,-0.031094835094339638,uniform_decoder
overactive_decoder,1.125,0.8333333333333333,0.12825051618659894,0.871749483813401,48.0,0.0004242593832945362,0.9995281900934657,0.05665795112399471,92.8640071354421,0.07347708104167837,-0.16950355681735166,0.07240366978396348,-0.031094835094339638,uniform_decoder
oracle_decoder,1.125,0.8333333333333333,0.11661389115311492,0.8833861088468851,0.0,0.0,0.9996133243359381,0.05506259317277194,108.98399263546246,0.07347708104167837,-0.16950355681735166,0.07240366978396348,-0.031094835094339638,uniform_decoder
uniform_decoder,1.125,0.9166666666666666,0.07272873212676031,0.9272712678732397,0.0,0.02269782159519949,0.9992498131733628,0.05506171381769349,72.07581397360383,0.07272873212676031,-0.20374613102193515,0.015664864845077606,0.024316520312011602,uniform_decoder
static_tailored,1.125,0.9166666666666666,0.16420660569262796,0.8357933943073721,0.0,0.03211800379880968,0.9993045466165328,0.04377008801124069,61.01784357566718,0.07272873212676031,-0.20374613102193515,0.015664864845077606,0.024316520312011602,uniform_decoder
adaptive_decoder,1.125,0.9166666666666666,0.11626584374466774,0.8837341562553322,4.0,0.016466861878393923,0.9994232546282316,0.04538989215748256,75.95205751454661,0.07272873212676031,-0.20374613102193515,0.015664864845077606,0.024316520312011602,uniform_decoder
overactive_decoder,1.125,0.9166666666666666,0.1205360658409465,0.8794639341590536,48.0,0.0004797283330153285,0.9995282953587553,0.05665707242592964,92.79856481117972,0.07272873212676031,-0.20374613102193515,0.015664864845077606,0.024316520312011602,uniform_decoder
oracle_decoder,1.125,0.9166666666666666,0.10993491053797343,0.8900650894620266,0.0,0.0,0.9996134300226278,0.05506171381769349,108.85127798603396,0.07272873212676031,-0.20374613102193515,0.015664864845077606,0.024316520312011602,uniform_decoder
uniform_decoder,1.125,1.0,0.07198786427381655,0.9280121357261835,0.0,0.023094980811356792,0.999249970239323,0.055062202614131354,72.07581397360384,0.07198786427381655,-0.21338843657284065,0.0018984263037184186,0.036240983080196056,uniform_decoder
static_tailored,1.125,1.0,0.17853591541490746,0.8214640845850926,0.0,0.029653352154257445,0.9993045466165328,0.043772138243816316,61.01784357565748,0.07198786427381655,-0.21338843657284065,0.0018984263037184186,0.036240983080196056,uniform_decoder
adaptive_decoder,1.125,1.0,0.11766511557862978,0.8823348844213702,4.0,0.017316083512774045,0.9996129017627448,0.04539470336639938,108.98399263546246,0.07198786427381655,-0.21338843657284065,0.0018984263037184186,0.036240983080196056,uniform_decoder
overactive_decoder,1.125,1.0,0.11818058952072134,0.8818194104792787,48.0,0.000510494475325341,0.9995277692048573,0.05665756085659633,92.8640071354421,0.07198786427381655,-0.21338843657284065,0.0018984263037184186,0.036240983080196056,uniform_decoder
oracle_decoder,1.125,1.0,0.10824472530611305,0.8917552746938869,0.0,0.0,0.9996129017627448,0.055062202614131354,108.98399263546246,0.07198786427381655,-0.21338843657284065,0.0018984263037184186,0.036240983080196056,uniform_decoder
uniform_decoder,1.125,1.0833333333333333,0.07159479200020247,0.9284052079997975,0.0,0.023331117373390994,0.9992498186846335,0.055062202614131354,72.0593473602914,0.07159479200020247,-0.1259270835814597,0.08596660255692032,-0.029152731424706296,uniform_decoder
static_tailored,1.125,1.0833333333333333,0.18894120890185126,0.8110587910981487,0.0,0.02772867978993392,0.9993045466165328,0.043771651159530925,61.02814403190746,0.07159479200020247,-0.1259270835814597,0.08596660255692032,-0.029152731424706296,uniform_decoder
adaptive_decoder,1.125,1.0833333333333333,0.09567721280090065,0.9043227871990993,4.0,0.016826302837144615,0.9996121980932184,0.05665756085659633,109.02849273428538,0.07159479200020247,-0.1259270835814597,0.08596660255692032,-0.029152731424706296,uniform_decoder
overactive_decoder,1.125,1.0833333333333333,0.11662055873960166,0.8833794412603984,48.0,0.0005390277566168954,0.9995270683393526,0.05665756085659633,92.8732006850331,0.07159479200020247,-0.1259270835814597,0.08596660255692032,-0.029152731424706296,uniform_decoder
oracle_decoder,1.125,1.0833333333333333,0.1023201685089673,0.8976798314910327,0.0,0.0,0.9996121980932184,0.055062202614131354,109.02849273428538,0.07159479200020247,-0.1259270835814597,0.08596660255692032,-0.029152731424706296,uniform_decoder
uniform_decoder,1.125,1.1666666666666665,0.07182899507559892,0.9281710049244011,0.0,0.02298681808783672,0.9992494671030874,0.05505906285025609,72.0593473602914,0.07182899507559892,-0.12977808055186668,0.08328626556596021,-0.02782781696262332,uniform_decoder
static_tailored,1.125,1.1666666666666665,0.1957382829351019,0.8042617170648981,0.0,0.02698165931063753,0.9993045466165328,0.04377252743088399,61.0335405555822,0.07182899507559892,-0.12977808055186668,0.08328626556596021,-0.02782781696262332,uniform_decoder
adaptive_decoder,1.125,1.1666666666666665,0.09684514885617834,0.9031548511438217,4.0,0.016765792129689365,0.9996121980932184,0.0565282831677214,109.02849273428538,0.07182899507559892,-0.12977808055186668,0.08328626556596021,-0.02782781696262332,uniform_decoder
overactive_decoder,1.125,1.1666666666666665,0.11731786113311787,0.8826821388668822,48.0,0.0005928325471302535,0.9995270683393526,0.05665442346657551,92.86653148824011,0.07182899507559892,-0.12977808055186668,0.08328626556596021,-0.02782781696262332,uniform_decoder
oracle_decoder,1.125,1.1666666666666665,0.10325371541654897,0.8967462845834511,0.0,0.0,0.9996121980932184,0.05505906285025609,109.02849273428538,0.07182899507559892,-0.12977808055186668,0.08328626556596021,-0.02782781696262332,uniform_decoder
uniform_decoder,1.125,1.25,0.07246219571539408,0.9275378042846059,0.0,0.022793989577049742,0.9992498186846335,0.055060145207749364,72.0430241188592,0.07246219571539408,-0.15130010929436513,0.04222111467126955,-0.004241342760792203,uniform_decoder
static_tailored,1.125,1.25,0.19974658989910815,0.8002534101008918,0.0,0.027369936768470868,0.9993045466165328,0.04377213824381633,61.03409973896337,0.07246219571539408,-0.15130010929436513,0.04222111467126955,-0.004241342760792203,uniform_decoder
adaptive_decoder,1.125,1.25,0.10266244400986457,0.8973375559901354,4.0,0.01932009025817184,0.9996117411247594,0.04450402587450183,109.01737510749714,0.07246219571539408,-0.15130010929436513,0.04222111467126955,-0.004241342760792203,uniform_decoder
overactive_decoder,1.125,1.25,0.11314430879517882,0.8868556912048212,48.0,0.0006486098019154293,0.9995266131910736,0.05665550499926401,92.8732006850331,0.07246219571539408,-0.15130010929436513,0.04222111467126955,-0.004241342760792203,uniform_decoder
oracle_decoder,1.125,1.25,0.10366996257159371,0.8963300374284063,0.0,0.0,0.9996117411247594,0.055060145207749364,109.01737510749714,0.07246219571539408,-0.15130010929436513,0.04222111467126955,-0.004241342760792203,uniform_decoder
uniform_decoder,1.125,1.3333333333333333,0.07312068856167783,0.9268793114383221,0.0,0.023094980811356792,0.9992496563837235,0.055059062850256094,72.07581397360386,0.07312068856167783,-0.15240773699346888,0.04565459620360796,-0.005832396777069383,uniform_decoder
static_tailored,1.125,1.3333333333333333,0.20158195301831583,0.7984180469816842,0.0,0.028248571260562867,0.9993045466165328,0.04377213824381632,61.02989196482777,0.07312068856167783,-0.15240773699346888,0.04565459620360796,-0.005832396777069383,uniform_decoder
adaptive_decoder,1.125,1.3333333333333333,0.10385992613640072,0.8961400738635993,4.0,0.02259250495523044,0.9995995313670395,0.0442425935751776,106.94855719502267,0.07312068856167783,-0.15240773699346888,0.04565459620360796,-0.005832396777069383,uniform_decoder
overactive_decoder,1.125,1.3333333333333333,0.1153725802716969,0.884627419728303,48.0,0.0006795538265564493,0.9995283304510142,0.056654423466575524,92.80517970025501,0.07312068856167783,-0.15240773699346888,0.04565459620360796,-0.005832396777069383,uniform_decoder
oracle_decoder,1.125,1.3333333333333333,0.10526413018673303,0.894735869813267,0.0,0.0,0.9996134652553759,0.055059062850256094,108.98326598264161,0.07312068856167783,-0.15240773699346888,0.04565459620360796,-0.005832396777069383,uniform_decoder
uniform_decoder,1.125,1.4166666666666665,0.07368345977406572,0.9263165402259342,0.0,0.023228577605773196,0.999249667610126,0.05505906285025609,72.07581397360386,0.07368345977406572,-0.1657057139228237,0.02895731170413594,0.02785310411230464,uniform_decoder
static_tailored,1.125,1.4166666666666665,0.2016017872819406,0.7983982127180594,0.0,0.029207951827523667,0.9993045466165328,0.04377008801124069,61.03354055558221,0.07368345977406572,-0.1657057139228237,0.02895731170413594,0.02785310411230464,uniform_decoder
adaptive_decoder,1.125,1.4166666666666665,0.10791348640520268,0.8920865135947973,4.0,0.024301734437098235,0.9995763456939175,0.04513741476694572,101.95018012133572,0.07368345977406572,-0.1657057139228237,0.02895731170413594,0.02785310411230464,uniform_decoder
overactive_decoder,1.125,1.4166666666666665,0.11535410006755194,0.884645899932448,48.0,0.0007074721031412569,0.9995282953587553,0.05665442346657551,92.80517970027687,0.07368345977406572,-0.1657057139228237,0.02895731170413594,0.02785310411230464,uniform_decoder
oracle_decoder,1.125,1.4166666666666665,0.10120981233494092,0.898790187665059,0.0,0.0,0.9996134300226278,0.05505906285025609,108.9832659826729,0.07368345977406572,-0.1657057139228237,0.02895731170413594,0.02785310411230464,uniform_decoder
uniform_decoder,1.125,1.5,0.07401232597191704,0.925987674028083,0.0,0.02298681808783672,0.9992491835637368,0.055062202614131354,72.07581397360384,0.07401232597191704,-0.1909705962929482,0.01136730811835749,0.03566641646157704,uniform_decoder
static_tailored,1.125,1.5,0.1998880050512989,0.8001119949487011,0.0,0.03013961019968578,0.9993045466165328,0.043770968121456824,61.03354055558219,0.07401232597191704,-0.1909705962929482,0.01136730811835749,0.03566641646157704,uniform_decoder
adaptive_decoder,1.125,1.5,0.11488799471371347,0.8851120052862865,4.0,0.02400805668895861,0.9995439639318311,0.04538836898546846,95.26682567364652,0.07401232597191704,-0.1909705962929482,0.01136730811835749,0.03566641646157704,uniform_decoder
overactive_decoder,1.125,1.5,0.1179347952332646,0.8820652047667354,48.0,0.0007608455216784438,0.9995277692048573,0.05665756085659633,92.8640071354421,0.07401232597191704,-0.1909705962929482,0.01136730811835749,0.03566641646157704,uniform_decoder
oracle_decoder,1.125,1.5,0.10582986271479024,0.8941701372852098,0.0,0.0,0.9996129017627448,0.055062202614131354,108.98399263546246,0.07401232597191704,-0.1909705962929482,0.01136730811835749,0.03566641646157704,uniform_decoder
uniform_decoder,1.125,1.5833333333333333,0.07389825779150336,0.9261017422084966,0.0,0.02285126253002546,0.9992499197456584,0.05506014520774938,72.05917265584641,0.07389825779150336,-0.13635576866623997,0.04895154851558032,-0.0037480519408620515,uniform_decoder
static_tailored,1.125,1.5833333333333333,0.19681030703894592,0.803189692961054,0.0,0.03095399973985406,0.9993045466165328,0.043772430174160847,61.02099136979199,0.07389825779150336,-0.13635576866623997,0.04895154851558032,-0.0037480519408620515,uniform_decoder
adaptive_decoder,1.125,1.5833333333333333,0.10115560883405689,0.8988443911659432,4.0,0.022988131853559666,0.9995054720861873,0.056638333148627915,88.19907140672655,0.07389825779150336,-0.13635576866623997,0.04895154851558032,-0.0037480519408620515,uniform_decoder
overactive_decoder,1.125,1.5833333333333333,0.11322478817695453,0.8867752118230454,48.0,0.0008171807382752087,0.9995281900934657,0.05665550499926401,92.86400713544207,0.07389825779150336,-0.13635576866623997,0.04895154851558032,-0.0037480519408620515,uniform_decoder
oracle_decoder,1.125,1.5833333333333333,0.10203238075233166,0.8979676192476683,0.0,0.0,0.9996133243359381,0.05506014520774938,108.98399263549355,0.07389825779150336,-0.13635576866623997,0.04895154851558032,-0.0037480519408620515,uniform_decoder
uniform_decoder,1.125,1.6666666666666665,0.07345965029026341,0.9265403497097366,0.0,0.023094980811356792,0.9992484958741582,0.05505270209416329,72.04302411884858,0.07345965029026341,-0.1765599652456186,0.012487182565058968,0.026626524745321897,uniform_decoder
static_tailored,1.125,1.6666666666666665,0.19355676933021676,0.8064432306697833,0.0,0.03158099810790871,0.9993045466165328,0.043772138243816316,61.02989196482777,0.07345965029026341,-0.1765599652456186,0.012487182565058968,0.026626524745321897,uniform_decoder
adaptive_decoder,1.125,1.6666666666666665,0.11030846006623161,0.8896915399337684,4.0,0.023281584995428307,0.999611214263245,0.05664806769094395,108.98399263549355,0.07345965029026341,-0.1765599652456186,0.012487182565058968,0.026626524745321897,uniform_decoder
overactive_decoder,1.125,1.6666666666666665,0.11352617468009876,0.8864738253199013,48.0,0.0008474965791436111,0.9995260884273759,0.05664806769094395,92.8640071354421,0.07345965029026341,-0.1765599652456186,0.012487182565058968,0.026626524745321897,uniform_decoder
oracle_decoder,1.125,1.6666666666666665,0.10374861243191057,0.8962513875680894,0.0,0.0,0.999611214263245,0.05505270209416329,108.98399263549355,0.07345965029026341,-0.1765599652456186,0.012487182565058968,0.026626524745321897,uniform_decoder
uniform_decoder,1.125,1.75,0.07300758055622368,0.9269924194437763,0.0,0.023225425535928528,0.9992489202537753,0.055056293312381745,72.0593473602914,0.07300758055622368,-0.41509025322917187,-0.21606202296394797,0.2704252902094323,uniform_decoder
static_tailored,1.125,1.75,0.1916054628830929,0.8083945371169071,0.0,0.03194692138935867,0.9993045466165328,0.04376773051737776,61.02099136979199,0.07300758055622368,-0.41509025322917187,-0.21606202296394797,0.2704252902094323,uniform_decoder
adaptive_decoder,1.125,1.75,0.18987081281058282,0.8101291871894172,4.0,0.024325247351697384,0.9995918412516659,0.04530186779272087,105.3109374069243,0.07300758055622368,-0.41509025322917187,-0.21606202296394797,0.2704252902094323,uniform_decoder
overactive_decoder,1.125,1.75,0.11545059795013887,0.8845494020498611,48.0,0.0008763940150806041,0.9995282953587553,0.05665165606961092,92.80517970025502,0.07300758055622368,-0.41509025322917187,-0.21606202296394797,0.2704252902094323,uniform_decoder
oracle_decoder,1.125,1.75,0.10186685997887013,0.8981331400211299,0.0,0.0,0.9996134300226278,0.055056293312381745,108.98326598264163,0.07300758055622368,-0.41509025322917187,-0.21606202296394797,0.2704252902094323,uniform_decoder
uniform_decoder,1.125,1.8333333333333333,0.07267735687236035,0.9273226431276397,0.0,0.022986818087836716,0.9992498186846335,0.05506259317277194,72.07581397360383,0.07267735687236035,-0.1588580987827781,0.022193406081485293,0.03244583582714547,uniform_decoder
static_tailored,1.125,1.8333333333333333,0.19224478845078047,0.8077552115492195,0.0,0.031745306984169504,0.9993045466165328,0.043772138243816316,61.01784357566718,0.07267735687236035,-0.1588580987827781,0.022193406081485293,0.03244583582714547,uniform_decoder
adaptive_decoder,1.125,1.8333333333333333,0.10477489235116025,0.8952251076488398,4.0,0.025075684070806136,0.9994961642982626,0.04536535616337024,86.63018178392949,0.07267735687236035,-0.1588580987827781,0.022193406081485293,0.03244583582714547,uniform_decoder
overactive_decoder,1.125,1.8333333333333333,0.11026828736773323,0.8897317126322668,48.0,0.0009281887600485107,0.9995277692048574,0.05665795112399471,92.80517970027685,0.07267735687236035,-0.1588580987827781,0.022193406081485293,0.03244583582714547,uniform_decoder
oracle_decoder,1.125,1.8333333333333333,0.0972324854887178,0.9027675145112822,0.0,0.0,0.9996129017627449,0.05506259317277194,108.98326598267289,0.07267735687236035,-0.1588580987827781,0.022193406081485293,0.03244583582714547,uniform_decoder
uniform_decoder,1.125,1.9166666666666665,0.07234459051870597,0.927655409481294,0.0,0.022888037697698912,0.999249970239323,0.055062495573001205,71.99551151543888,0.07234459051870597,-0.07875341758919314,0.09705276404059351,-0.04341701175246784,uniform_decoder
static_tailored,1.125,1.9166666666666665,0.19534327672162563,0.8046567232783743,0.0,0.030872541870760842,0.9993045466165328,0.043772138243816316,61.029891964818106,0.07234459051870597,-0.07875341758919314,0.09705276404059351,-0.04341701175246784,uniform_decoder
adaptive_decoder,1.125,1.9166666666666665,0.08672802975277895,0.9132719702472211,4.0,0.024920019047873457,0.999304332314401,0.04539470336639937,61.029891964818106,0.07234459051870597,-0.07875341758919314,0.09705276404059351,-0.04341701175246784,uniform_decoder
overactive_decoder,1.125,1.9166666666666665,0.10844567703689509,0.8915543229631049,48.0,0.0009826803631457113,0.9995277692048574,0.05665785359691991,92.87320068501127,0.07234459051870597,-0.07875341758919314,0.09705276404059351,-0.04341701175246784,uniform_decoder
oracle_decoder,1.125,1.9166666666666665,0.09584655156779885,0.9041534484322011,0.0,0.0,0.9996129017627449,0.055062495573001205,109.01737510746594,0.07234459051870597,-0.07875341758919314,0.09705276404059351,-0.04341701175246784,uniform_decoder
uniform_decoder,1.125,2.0,0.07199236988868997,0.92800763011131,0.0,0.0230949808113568,0.999249970239323,0.055062202614131354,72.07581397360384,0.07199236988868997,-0.09113449731923838,0.07744236769280971,-0.0392735440124598,uniform_decoder
static_tailored,1.125,2.0,0.19925841975926983,0.8007415802407302,0.0,0.029653352154257434,0.9993045466165328,0.043772138243816316,61.01784357565748,0.07199236988868997,-0.09113449731923838,0.07744236769280971,-0.0392735440124598,uniform_decoder
adaptive_decoder,1.125,2.0,0.08880163612123129,0.9111983638787687,4.0,0.025079949766165528,0.9993042367154743,0.04539470336639938,61.02989196482777,0.07199236988868997,-0.09113449731923838,0.07744236769280971,-0.0392735440124598,uniform_decoder
overactive_decoder,1.125,2.0,0.10613615128827737,0.8938638487117226,48.0,0.001013972059551198,0.9995277692048573,0.05665756085659633,92.8640071354421,0.07199236988868997,-0.09113449731923838,0.07744236769280971,-0.0392735440124598,uniform_decoder
oracle_decoder,1.125,2.0,0.09720632210747077,0.9027936778925292,0.0,0.0,0.9996129017627448,0.055062202614131354,108.98399263546247,0.07199236988868997,-0.09113449731923838,0.07744236769280971,-0.0392735440124598,uniform_decoder
uniform_decoder,1.2,0.0,0.06290548311245829,0.9370945168875418,0.0,0.030111017825735095,0.9992671534414437,0.05375932178420638,73.35685916313791,0.06290548311245829,-0.28760406300339253,0.061056692652925085,0.006825275525895289,uniform_decoder
static_tailored,1.2,0.0,0.12007906277394435,0.8799209372260557,0.0,0.0,0.9993209413803099,0.0424703627832665,62.542999310794954,0.06290548311245829,-0.28760406300339253,0.061056692652925085,0.006825275525895289,uniform_decoder
adaptive_decoder,1.2,0.0,0.12198110552123448,0.8780188944787655,4.0,0.0,0.9993209413803099,0.044098019575497464,62.542999310794954,0.06290548311245829,-0.28760406300339253,0.061056692652925085,0.006825275525895289,uniform_decoder
overactive_decoder,1.2,0.0,0.14039422949619446,0.8596057705038056,48.0,0.0,0.9992262671310661,0.044098019575497464,56.99385582036708,0.06290548311245829,-0.28760406300339253,0.061056692652925085,0.006825275525895289,uniform_decoder
oracle_decoder,1.2,0.0,0.12007906277394435,0.8799209372260557,0.0,0.0,0.9993209413803099,0.0424703627832665,62.542999310794954,0.06290548311245829,-0.28760406300339253,0.061056692652925085,0.006825275525895289,uniform_decoder
uniform_decoder,1.2,0.08333333333333333,0.0651680518808932,0.9348319481191067,0.0,0.02829584315886245,0.9992671534414437,0.05375932178420638,73.35685916313791,0.0651680518808932,-0.22798135793101576,0.06936737189137851,0.007897657657376086,uniform_decoder
static_tailored,1.2,0.08333333333333333,0.10817289151301934,0.8918271084869807,0.0,0.0035231185783790565,0.9993209413803099,0.04383371545765602,63.02212739667343,0.0651680518808932,-0.22798135793101576,0.06936737189137851,0.007897657657376086,uniform_decoder
adaptive_decoder,1.2,0.08333333333333333,0.11015801370618053,0.8898419862938195,4.0,0.0011690436349366914,0.9993209252687846,0.04528751684853009,63.02212739667343,0.0651680518808932,-0.22798135793101576,0.06936737189137851,0.007897657657376086,uniform_decoder
overactive_decoder,1.2,0.08333333333333333,0.12923598829359054,0.8707640117064095,48.0,3.0262302392898745e-05,0.9992262671310661,0.045459083693434064,57.44365112000141,0.0651680518808932,-0.22798135793101576,0.06936737189137851,0.007897657657376086,uniform_decoder
oracle_decoder,1.2,0.08333333333333333,0.10817289151301934,0.8918271084869807,0.0,0.0,0.9993209413803099,0.04383371545765602,63.02212739667343,0.0651680518808932,-0.22798135793101576,0.06936737189137851,0.007897657657376086,uniform_decoder
uniform_decoder,1.2,0.16666666666666666,0.06927964145328414,0.9307203585467159,0.0,0.02415528379995517,0.9992671534414437,0.05375932178420638,73.35685916313791,0.06927964145328414,-0.1772984928045106,0.07398550420476642,0.008505796123713901,uniform_decoder
static_tailored,1.2,0.16666666666666666,0.10218763028963636,0.8978123697103636,0.0,0.00970168935352448,0.9993209413803099,0.04407232399552112,63.020389812074924,0.06927964145328414,-0.1772984928045106,0.07398550420476642,0.008505796123713901,uniform_decoder
adaptive_decoder,1.2,0.16666666666666666,0.10420873504943913,0.8957912649505608,4.0,0.0033858119432891164,0.9993208620366114,0.04565630692509022,63.020389812074924,0.06927964145328414,-0.1772984928045106,0.07398550420476642,0.008505796123713901,uniform_decoder
overactive_decoder,1.2,0.16666666666666666,0.12356333696622884,0.8764366630337712,48.0,8.886534138155078e-05,0.9992262671310661,0.0456974620485493,57.44365112000141,0.06927964145328414,-0.1772984928045106,0.07398550420476642,0.008505796123713901,uniform_decoder
oracle_decoder,1.2,0.16666666666666666,0.10218763028963636,0.8978123697103636,0.0,0.0,0.9993209413803099,0.04407232399552112,63.020389812074924,0.06927964145328414,-0.1772984928045106,0.07398550420476642,0.008505796123713901,uniform_decoder
uniform_decoder,1.2,0.25,0.07314237087831317,0.9268576291216868,0.0,0.02286078349960548,0.9992671534414437,0.05375932178420638,73.35685916313791,0.07314237087831317,-0.14147214275265854,0.0914045701585909,-0.009299784410181788,uniform_decoder
static_tailored,1.2,0.25,0.09927353218370207,0.900726467816298,0.0,0.017366714554052667,0.9993209413803099,0.04407224597391532,63.020389812074924,0.07314237087831317,-0.14147214275265854,0.0914045701585909,-0.009299784410181788,uniform_decoder
adaptive_decoder,1.2,0.25,0.10130740160654642,0.8986925983934536,4.0,0.005796547919743198,0.9993207517234174,0.045681609382231446,63.020389812074924,0.07314237087831317,-0.14147214275265854,0.0914045701585909,-0.009299784410181788,uniform_decoder
overactive_decoder,1.2,0.25,0.12503907337647202,0.874960926623528,48.0,0.00014776818369375427,0.9994754726527975,0.045697384045101756,86.60889683685357,0.07314237087831317,-0.14147214275265854,0.0914045701585909,-0.009299784410181788,uniform_decoder
oracle_decoder,1.2,0.25,0.10350014562830297,0.896499854371697,0.0,0.0,0.9995604037998215,0.04407224597391532,99.62161915366086,0.07314237087831317,-0.14147214275265854,0.0914045701585909,-0.009299784410181788,uniform_decoder
uniform_decoder,1.2,0.3333333333333333,0.0755901902558784,0.9244098097441216,0.0,0.02427675505489311,0.9992671534414437,0.05375932178420638,73.35685916313791,0.0755901902558784,-0.14419070776303086,0.11213786290439287,-0.0373578561030356,uniform_decoder
static_tailored,1.2,0.3333333333333333,0.09857317358345014,0.9014268264165499,0.0,0.02380063276314888,0.99932094138031,0.04407201172974406,63.020389812074924,0.0755901902558784,-0.14419070776303086,0.11213786290439287,-0.0373578561030356,uniform_decoder
adaptive_decoder,1.2,0.3333333333333333,0.1053552413180788,0.8946447586819212,4.0,0.007285566752736051,0.9996392244997576,0.04569714985594412,117.82220633530075,0.0755901902558784,-0.14419070776303086,0.11213786290439287,-0.0373578561030356,uniform_decoder
overactive_decoder,1.2,0.3333333333333333,0.1363936052492238,0.8636063947507762,48.0,0.00017843945827393447,0.9995539839378313,0.04569714985594412,99.00208969197709,0.0755901902558784,-0.14419070776303086,0.11213786290439287,-0.0373578561030356,uniform_decoder
oracle_decoder,1.2,0.3333333333333333,0.11481906402780144,0.8851809359721986,0.0,0.0,0.9996392244997576,0.04407201172974406,117.82220633530075,0.0755901902558784,-0.14419070776303086,0.11213786290439287,-0.0373578561030356,uniform_decoder
uniform_decoder,1.2,0.41666666666666663,0.07703880288667687,0.9229611971133231,0.0,0.02503225493940865,0.9992671534414437,0.05375932178420638,73.35685916313791,0.07703880288667687,-0.12856285374906312,0.13999367241850033,-0.06933336977814156,uniform_decoder
static_tailored,1.2,0.41666666666666663,0.10127218811255269,0.8987278118874473,0.0,0.028345422238301412,0.9993209413803099,0.04407224597391532,63.02212739667343,0.07703880288667687,-0.12856285374906312,0.13999367241850033,-0.06933336977814156,uniform_decoder
adaptive_decoder,1.2,0.41666666666666663,0.10357915873438579,0.8964208412656142,4.0,0.008091749443487213,0.9996390724408525,0.04563815193719412,117.79066789330565,0.07703880288667687,-0.12856285374906312,0.13999367241850033,-0.06933336977814156,uniform_decoder
overactive_decoder,1.2,0.41666666666666663,0.14297695769763552,0.8570230423023645,48.0,0.00020829168532807805,0.9995538324940049,0.04569738404510175,99.02977703036231,0.07703880288667687,-0.12856285374906312,0.13999367241850033,-0.06933336977814156,uniform_decoder
oracle_decoder,1.2,0.41666666666666663,0.12150824526829579,0.8784917547317042,0.0,0.0,0.9996390724408525,0.04407224597391532,117.79066789330565,0.07703880288667687,-0.12856285374906312,0.13999367241850033,-0.06933336977814156,uniform_decoder
uniform_decoder,1.2,0.5,0.07758934245565371,0.9224106575443463,0.0,0.024155283799955175,0.9992671534414437,0.05375932178420638,73.35685916313791,0.07758934245565371,-0.1846160938483537,0.0846089930530867,-0.014710027620001004,uniform_decoder
static_tailored,1.2,0.5,0.10761704677561254,0.8923829532243874,0.0,0.03161351645579193,0.9993209413803099,0.04407201172974406,63.020389812074924,0.07758934245565371,-0.1846160938483537,0.0846089930530867,-0.014710027620001004,uniform_decoder
adaptive_decoder,1.2,0.5,0.11869110285145829,0.8813088971485417,4.0,0.010014863344242259,0.9996390724408525,0.04565630692509022,117.82220633530075,0.07758934245565371,-0.1846160938483537,0.0846089930530867,-0.014710027620001004,uniform_decoder
overactive_decoder,1.2,0.5,0.1442205535951454,0.8557794464048546,48.0,0.0002664513666103844,0.9995538324940048,0.0456974620485493,99.00208969200166,0.07758934245565371,-0.1846160938483537,0.0846089930530867,-0.014710027620001004,uniform_decoder
oracle_decoder,1.2,0.5,0.12278015939386706,0.8772198406061329,0.0,0.0,0.9996390724408525,0.04407232399552112,117.82220633530075,0.07758934245565371,-0.1846160938483537,0.0846089930530867,-0.014710027620001004,uniform_decoder
uniform_decoder,1.2,0.5833333333333333,0.07687072485760456,0.9231292751423954,0.0,0.023634282798779813,0.9992671534414437,0.05375932178420638,73.35685916313791,0.07687072485760456,-0.18856346029280466,0.05326292898485469,-0.004231722576147361,uniform_decoder
static_tailored,1.2,0.5833333333333333,0.11485425849243011,0.8851457415075699,0.0,0.03393630607770152,0.9993209413803099,0.04407162072522423,63.02212739667343,0.07687072485760456,-0.18856346029280466,0.05326292898485469,-0.004231722576147361,uniform_decoder
adaptive_decoder,1.2,0.5833333333333333,0.11866548991943465,0.8813345100805654,4.0,0.011961678534507018,0.9996391864825703,0.04568951490590938,117.82882850969114,0.07687072485760456,-0.18856346029280466,0.05326292898485469,-0.004231722576147361,uniform_decoder
overactive_decoder,1.2,0.5833333333333333,0.1341489771294121,0.8658510228705879,48.0,0.0003256265146741423,0.9995539460744293,0.045697149855944134,99.03971421774209,0.07687072485760456,-0.18856346029280466,0.05326292898485469,-0.004231722576147361,uniform_decoder
oracle_decoder,1.2,0.5833333333333333,0.11982740634997058,0.8801725936500294,0.0,0.0,0.9996391864825703,0.044072011729744065,117.82882850969114,0.07687072485760456,-0.18856346029280466,0.05326292898485469,-0.004231722576147361,uniform_decoder
uniform_decoder,1.2,0.6666666666666666,0.07536741112254752,0.9246325888774525,0.0,0.0242767550548931,0.9992671534414437,0.05375932178420638,73.35685916313791,0.07536741112254752,-0.10800433792960282,0.12822318548157766,-0.08071278786663665,uniform_decoder
static_tailored,1.2,0.6666666666666666,0.12169062717660023,0.8783093728233997,0.0,0.035464628722400075,0.9993209413803099,0.04407201172974406,63.02038981206467,0.07536741112254752,-0.10800433792960282,0.12822318548157766,-0.08071278786663665,uniform_decoder
adaptive_decoder,1.2,0.6666666666666666,0.0966469015661723,0.9033530984338277,4.0,0.013344536788280485,0.9996337672611335,0.04569714985594412,117.19566970849047,0.07536741112254752,-0.10800433792960282,0.12822318548157766,-0.08071278786663665,uniform_decoder
overactive_decoder,1.2,0.6666666666666666,0.12984078152348974,0.8701592184765102,48.0,0.00035663994588921023,0.9995533783193796,0.045697149855944134,99.00208969200166,0.07536741112254752,-0.10800433792960282,0.12822318548157766,-0.08071278786663665,uniform_decoder
oracle_decoder,1.2,0.6666666666666666,0.1163859948621989,0.8836140051378011,0.0,0.0,0.9996386164219847,0.044072011729744065,117.82220633530075,0.07536741112254752,-0.10800433792960282,0.12822318548157766,-0.08071278786663665,uniform_decoder
uniform_decoder,1.2,0.75,0.07399681311070341,0.9260031868892966,0.0,0.02466977065574651,0.9992702355783034,0.0551230426339227,74.50581596469257,0.07399681311070341,-0.12292317510138269,0.11826989067981275,-0.05315443317020823,uniform_decoder
static_tailored,1.2,0.75,0.13050251465312496,0.8694974853468751,0.0,0.036234531911330296,0.9993209413803099,0.04407107206497692,62.98102102011244,0.07399681311070341,-0.12292317510138269,0.11826989067981275,-0.05315443317020823,uniform_decoder
adaptive_decoder,1.2,0.75,0.0982055859139905,0.9017944140860095,4.0,0.014159046436645019,0.9995890033621192,0.045681609382231446,106.14619758834178,0.07399681311070341,-0.12292317510138269,0.11826989067981275,-0.05315443317020823,uniform_decoder
overactive_decoder,1.2,0.75,0.1289454677036832,0.8710545322963168,48.0,0.00038614211201336117,0.9995539460744293,0.04569675894490863,99.00085457877128,0.07399681311070341,-0.12292317510138269,0.11826989067981275,-0.05315443317020823,uniform_decoder
oracle_decoder,1.2,0.75,0.11099173090893437,0.8890082690910657,0.0,0.0,0.9996391864825703,0.04407162072522423,117.72515861502052,0.07399681311070341,-0.12292317510138269,0.11826989067981275,-0.05315443317020823,uniform_decoder
uniform_decoder,1.2,0.8333333333333333,0.07310322378813748,0.9268967762118625,0.0,0.02415528379995517,0.9992698686162087,0.05536229915433019,74.45781751555174,0.07310322378813748,-0.15100514583106694,0.07605684726383806,-0.032488053362721925,uniform_decoder
static_tailored,1.2,0.8333333333333333,0.1441715403649384,0.8558284596350616,0.0,0.03568529967868497,0.9993209413803099,0.04407107206497692,62.99990111210724,0.07310322378813748,-0.15100514583106694,0.07605684726383806,-0.032488053362721925,uniform_decoder
adaptive_decoder,1.2,0.8333333333333333,0.10350031587242269,0.8964996841275773,4.0,0.015312151865450067,0.9995107266001556,0.04563815193719412,89.85322555075525,0.07310322378813748,-0.15100514583106694,0.07605684726383806,-0.032488053362721925,uniform_decoder
overactive_decoder,1.2,0.8333333333333333,0.12331006380747064,0.8766899361925293,48.0,0.000443878905323361,0.9995538324940049,0.05695710411552965,99.00085457877128,0.07310322378813748,-0.15100514583106694,0.07605684726383806,-0.032488053362721925,uniform_decoder
oracle_decoder,1.2,0.8333333333333333,0.11153976588004148,0.8884602341199586,0.0,0.0,0.9996390724408525,0.05536229915433019,117.72515861502052,0.07310322378813748,-0.15100514583106694,0.07605684726383806,-0.032488053362721925,uniform_decoder
uniform_decoder,1.2,0.9166666666666666,0.07233516706125742,0.9276648329387426,0.0,0.023851302666414817,0.9992701992946371,0.05536159222105594,74.50581596469257,0.07233516706125742,-0.18826192934684977,0.03598383804919355,0.02253740702413903,uniform_decoder
static_tailored,1.2,0.9166666666666666,0.16129948143430434,0.8387005185656957,0.0,0.033701393001391085,0.9993209413803099,0.04407036449741089,63.02038981206467,0.07233516706125742,-0.18826192934684977,0.03598383804919355,0.02253740702413903,uniform_decoder
adaptive_decoder,1.2,0.9166666666666666,0.11158643894351938,0.8884135610564806,4.0,0.017250667358288268,0.9994302671845826,0.04569426809459074,77.41600296783801,0.07233516706125742,-0.18826192934684977,0.03598383804919355,0.02253740702413903,uniform_decoder
overactive_decoder,1.2,0.9166666666666666,0.12122585510113763,0.8787741448988624,48.0,0.0005029377355811686,0.9995539460744292,0.05695639736918427,98.88673292822719,0.07233516706125742,-0.18826192934684977,0.03598383804919355,0.02253740702413903,uniform_decoder
oracle_decoder,1.2,0.9166666666666666,0.10594342553584232,0.8940565744641576,0.0,0.0,0.9996391864825702,0.05536159222105594,117.60260410771701,0.07233516706125742,-0.18826192934684977,0.03598383804919355,0.02253740702413903,uniform_decoder
uniform_decoder,1.2,1.0,0.07154805901951526,0.9284519409804848,0.0,0.02427675505489311,0.9992701689324435,0.055361985259287455,74.50581596469257,0.07154805901951526,-0.19756050361316438,0.004995077764993351,0.034954297882503545,uniform_decoder
static_tailored,1.2,1.0,0.17655046571430918,0.8234495342856908,0.0,0.03110485966584865,0.9993209413803099,0.04407201172974406,63.020389812074924,0.07154805901951526,-0.19756050361316438,0.004995077764993351,0.034954297882503545,uniform_decoder
adaptive_decoder,1.2,1.0,0.11276085499047209,0.8872391450095279,4.0,0.018146399743497906,0.9996386164219847,0.04569463517981748,117.82220633530075,0.07154805901951526,-0.19756050361316438,0.004995077764993351,0.034954297882503545,uniform_decoder
overactive_decoder,1.2,1.0,0.1140652713454341,0.8859347286545659,48.0,0.0005342413591181693,0.9995533783193796,0.05695679030267564,99.00208969200166,0.07154805901951526,-0.19756050361316438,0.004995077764993351,0.034954297882503545,uniform_decoder
oracle_decoder,1.2,1.0,0.1040408908762721,0.8959591091237279,0.0,0.0,0.9996386164219847,0.055361985259287455,117.82220633530075,0.07154805901951526,-0.19756050361316438,0.004995077764993351,0.034954297882503545,uniform_decoder
uniform_decoder,1.2,1.0833333333333333,0.07111932265233777,0.9288806773476622,0.0,0.024527206342696464,0.9992698686162087,0.055361985259287455,74.51622294951208,0.07111932265233777,-0.11011278788906012,0.08996147824851687,-0.030487008093005093,uniform_decoder
static_tailored,1.2,1.0833333333333333,0.18750530389469988,0.8124946961053001,0.0,0.029070907730982323,0.9993209413803099,0.04407162072522423,63.02212739667343,0.07111932265233777,-0.11011278788906012,0.08996147824851687,-0.030487008093005093,uniform_decoder
adaptive_decoder,1.2,1.0833333333333333,0.09164323252104296,0.908356767478957,4.0,0.017533694072203787,0.9996378569194596,0.05695679030267564,117.82882850969114,0.07111932265233777,-0.11011278788906012,0.08996147824851687,-0.030487008093005093,uniform_decoder
overactive_decoder,1.2,1.0833333333333333,0.11273580696125082,0.8872641930387491,48.0,0.0005631306521410958,0.999552621887267,0.05695679030267564,99.03971421774209,0.07111932265233777,-0.11011278788906012,0.08996147824851687,-0.030487008093005093,uniform_decoder
oracle_decoder,1.2,1.0833333333333333,0.09830767107123395,0.901692328928766,0.0,0.0,0.9996378569194596,0.055361985259287455,117.82882850969114,0.07111932265233777,-0.11011278788906012,0.08996147824851687,-0.030487008093005093,uniform_decoder
uniform_decoder,1.2,1.1666666666666665,0.07136735523269153,0.9286326447673084,0.0,0.024155283799955168,0.9992693493003504,0.05535945698533724,74.51622294951208,0.07136735523269153,-0.1150205618282405,0.08682735277465531,-0.02890385806539719,uniform_decoder
static_tailored,1.2,1.1666666666666665,0.19461918357568506,0.8053808164243149,0.0,0.028275290677293886,0.9993209413803099,0.04407232399552112,63.01828704423279,0.07136735523269153,-0.1150205618282405,0.08682735277465531,-0.02890385806539719,uniform_decoder
adaptive_decoder,1.2,1.1666666666666665,0.09300796979674456,0.9069920302032555,4.0,0.017421670830865075,0.9996378569194596,0.0568476917275392,117.82882850969114,0.07136735523269153,-0.1150205618282405,0.08682735277465531,-0.02890385806539719,uniform_decoder
overactive_decoder,1.2,1.1666666666666665,0.11359194014971895,0.886408059850281,48.0,0.0006202699531162015,0.999552621887267,0.05695426273744132,99.03971421774209,0.07136735523269153,-0.1150205618282405,0.08682735277465531,-0.02890385806539719,uniform_decoder
oracle_decoder,1.2,1.1666666666666665,0.09940861490109529,0.9005913850989047,0.0,0.0,0.9996378569194596,0.05535945698533724,117.82882850969114,0.07136735523269153,-0.1150205618282405,0.08682735277465531,-0.02890385806539719,uniform_decoder
uniform_decoder,1.2,1.25,0.07204110010971948,0.9279588998902806,0.0,0.02395303397051755,0.9992701992946372,0.05536032950674072,74.45781751555174,0.07204110010971948,-0.13588817733192318,0.045719031757225526,-0.021459178721272957,uniform_decoder
static_tailored,1.2,1.25,0.1988114672086788,0.8011885327913212,0.0,0.028695981381704788,0.9993209413803099,0.044072011729744065,63.00894409044544,0.07204110010971948,-0.13588817733192318,0.045719031757225526,-0.021459178721272957,uniform_decoder
adaptive_decoder,1.2,1.25,0.09850732219769807,0.9014926778023019,4.0,0.02018336014123387,0.9996373635996703,0.04487239070487722,117.79066789330565,0.07204110010971948,-0.13588817733192318,0.045719031757225526,-0.021459178721272957,uniform_decoder
overactive_decoder,1.2,1.25,0.10944288811196137,0.8905571118880387,48.0,0.000679676059336706,0.9995521305610064,0.0569551350049748,99.02977703036231,0.07204110010971948,-0.13588817733192318,0.045719031757225526,-0.021459178721272957,uniform_decoder
oracle_decoder,1.2,1.25,0.1034969835130389,0.8965030164869611,0.0,0.0,0.9996373635996703,0.05536032950674072,117.79066789330565,0.07204110010971948,-0.13588817733192318,0.045719031757225526,-0.021459178721272957,uniform_decoder
uniform_decoder,1.2,1.3333333333333333,0.07273035537249173,0.9272696446275083,0.0,0.0242767550548931,0.9992700954183397,0.05535945698533724,74.50581596470386,0.07273035537249173,-0.1377994100128679,0.048467384001813565,-0.006849319469945626,uniform_decoder
static_tailored,1.2,1.3333333333333333,0.20074598279951222,0.7992540172004878,0.0,0.029633608845266692,0.9993209413803099,0.04407201172974406,63.020389812074924,0.07273035537249173,-0.1377994100128679,0.048467384001813565,-0.006849319469945626,uniform_decoder
adaptive_decoder,1.2,1.3333333333333333,0.09988841447039958,0.9001115855296005,4.0,0.023743415647586235,0.9996241560112825,0.04462810300334715,114.94150691963293,0.07273035537249173,-0.1377994100128679,0.048467384001813565,-0.006849319469945626,uniform_decoder
overactive_decoder,1.2,1.3333333333333333,0.11168182537392432,0.8883181746260757,48.0,0.0007111888519593328,0.9995539839378312,0.056954262737441336,99.00208969200166,0.07273035537249173,-0.1377994100128679,0.048467384001813565,-0.006849319469945626,uniform_decoder
oracle_decoder,1.2,1.3333333333333333,0.10147625686147993,0.89852374313852,0.0,0.0,0.9996392244997575,0.05535945698533724,117.82220633530075,0.07273035537249173,-0.1377994100128679,0.048467384001813565,-0.006849319469945626,uniform_decoder
uniform_decoder,1.2,1.4166666666666665,0.0733218039671751,0.9266781960328249,0.0,0.024419661120585117,0.9992696360425201,0.05535945698533724,74.50581596470386,0.0733218039671751,-0.15250876521183873,0.029732318821803508,0.011225158583382357,uniform_decoder
static_tailored,1.2,1.4166666666666665,0.20080330211085384,0.7991966978891462,0.0,0.030642678131569734,0.9993209413803099,0.04407036449741089,63.01828704423278,0.0733218039671751,-0.15250876521183873,0.029732318821803508,0.011225158583382357,uniform_decoder
adaptive_decoder,1.2,1.4166666666666665,0.10416981833039021,0.8958301816696098,4.0,0.02563482131490635,0.999598942668463,0.04547158073816276,108.57106516281564,0.0733218039671751,-0.15250876521183873,0.029732318821803508,0.011225158583382357,uniform_decoder
overactive_decoder,1.2,1.4166666666666665,0.11155119462246231,0.8884488053775377,48.0,0.0007394254963564382,0.9995539460744292,0.05695426273744132,99.0020896919771,0.0733218039671751,-0.15250876521183873,0.029732318821803508,0.011225158583382357,uniform_decoder
oracle_decoder,1.2,1.4166666666666665,0.10151185129590956,0.8984881487040904,0.0,0.0,0.9996391864825702,0.05535945698533724,117.82220633530076,0.0733218039671751,-0.15250876521183873,0.029732318821803508,0.011225158583382357,uniform_decoder
uniform_decoder,1.2,1.5,0.07367486127898881,0.9263251387210112,0.0,0.024155283799955175,0.9992697140069708,0.055361985259287455,74.50581596469257,0.07367486127898881,-0.1799926028198857,0.010542682655161414,0.03850679786942586,uniform_decoder
static_tailored,1.2,1.5,0.19903570653777813,0.8009642934622219,0.0,0.03161351645579194,0.9993209413803099,0.04407107206497692,63.020389812074924,0.07367486127898881,-0.1799926028198857,0.010542682655161414,0.03850679786942586,uniform_decoder
adaptive_decoder,1.2,1.5,0.11150951569855094,0.8884904843014491,4.0,0.025292825914046888,0.9995634745780422,0.04568951490590938,100.28916447425108,0.07367486127898881,-0.1799926028198857,0.010542682655161414,0.03850679786942586,uniform_decoder
overactive_decoder,1.2,1.5,0.11424958001711276,0.8857504199828873,48.0,0.000796103411529343,0.9995533783193796,0.05695679030267564,99.00208969200166,0.07367486127898881,-0.1799926028198857,0.010542682655161414,0.03850679786942586,uniform_decoder
oracle_decoder,1.2,1.5,0.10204814901732133,0.8979518509826787,0.0,0.0,0.9996386164219847,0.055361985259287455,117.82220633530075,0.07367486127898881,-0.1799926028198857,0.010542682655161414,0.03850679786942586,uniform_decoder
uniform_decoder,1.2,1.5833333333333333,0.0735504391268506,0.9264495608731494,0.0,0.02401253680092715,0.9992700464332989,0.055360329506740726,74.44313272777818,0.0735504391268506,-0.15198558064048637,0.021307718673042306,0.025829162264601947,uniform_decoder
static_tailored,1.2,1.5833333333333333,0.1957949615966462,0.8042050384033538,0.0,0.03246424750891263,0.9993209413803099,0.04407224597391532,63.01300327446843,0.0735504391268506,-0.15198558064048637,0.021307718673042306,0.025829162264601947,uniform_decoder
adaptive_decoder,1.2,1.5833333333333333,0.10436883857542564,0.8956311614245743,4.0,0.024139045400872878,0.9996367947363006,0.05694117439813154,117.72515861502052,0.0735504391268506,-0.15198558064048637,0.021307718673042306,0.025829162264601947,uniform_decoder
overactive_decoder,1.2,1.5833333333333333,0.10961716587513737,0.8903828341248626,48.0,0.0008560763933842349,0.9995538324940049,0.056955135004974816,99.00085457874678,0.0735504391268506,-0.15198558064048637,0.021307718673042306,0.025829162264601947,uniform_decoder
oracle_decoder,1.2,1.5833333333333333,0.09834260052132475,0.9016573994786753,0.0,0.0,0.9996390724408525,0.055360329506740726,117.72515861502052,0.0735504391268506,-0.15198558064048637,0.021307718673042306,0.025829162264601947,uniform_decoder
uniform_decoder,1.2,1.6666666666666665,0.07308022691533511,0.9269197730846649,0.0,0.024276755054893098,0.9992690983974749,0.05535430962930028,74.41017147020051,0.07308022691533511,-0.16687053760742718,0.012758212870365987,0.030054688487451874,uniform_decoder
static_tailored,1.2,1.6666666666666665,0.19234865327069772,0.8076513467293023,0.0,0.03312941232534077,0.9993209413803099,0.044072011729744065,63.02038981206467,0.07308022691533511,-0.16687053760742718,0.012758212870365987,0.030054688487451874,uniform_decoder
adaptive_decoder,1.2,1.6666666666666665,0.10731746978147505,0.892682530218525,4.0,0.024416737458338375,0.9996367947363006,0.05694911706993231,117.72515861502052,0.07308022691533511,-0.16687053760742718,0.012758212870365987,0.030054688487451874,uniform_decoder
overactive_decoder,1.2,1.6666666666666665,0.11051688554602765,0.8894831144539723,48.0,0.0008869887867549463,0.9995515639956595,0.05694911706993232,99.00085457877128,0.07308022691533511,-0.16687053760742718,0.012758212870365987,0.030054688487451874,uniform_decoder
oracle_decoder,1.2,1.6666666666666665,0.10014187907449626,0.8998581209255038,0.0,0.0,0.9996367947363006,0.05535430962930028,117.72515861502052,0.07308022691533511,-0.16687053760742718,0.012758212870365987,0.030054688487451874,uniform_decoder
uniform_decoder,1.2,1.75,0.07260541063974744,0.9273945893602525,0.0,0.02442970819417542,0.9992694356647782,0.05535721986988694,74.51622294951208,0.07260541063974744,-0.4129522832555126,-0.22492261644913888,0.28153611490195574,uniform_decoder
static_tailored,1.2,1.75,0.1902563533697779,0.8097436466302221,0.0,0.03352533557295736,0.9993209413803099,0.04406846586497336,62.97407315839522,0.07260541063974744,-0.4129522832555126,-0.22492261644913888,0.28153611490195574,uniform_decoder
adaptive_decoder,1.2,1.75,0.18789761573223068,0.8121023842677693,4.0,0.025539418593604243,0.9996158119897218,0.04561483305507362,112.82712758332882,0.07260541063974744,-0.4129522832555126,-0.22492261644913888,0.28153611490195574,uniform_decoder
overactive_decoder,1.2,1.75,0.11194344110391972,0.8880565588960803,48.0,0.0009162805072990896,0.9995539460744293,0.05695202631644115,99.00208969200166,0.07260541063974744,-0.4129522832555126,-0.22492261644913888,0.28153611490195574,uniform_decoder
oracle_decoder,1.2,1.75,0.09826189931152761,0.9017381006884724,0.0,0.0,0.9996391864825703,0.05535721986988694,117.82220633530075,0.07260541063974744,-0.4129522832555126,-0.22492261644913888,0.28153611490195574,uniform_decoder
uniform_decoder,1.2,1.8333333333333333,0.07227126996698677,0.9277287300330133,0.0,0.02415528379995517,0.9992698686162086,0.05536229915433018,74.50581596469257,0.07227126996698677,-0.4211424210615814,-0.2467161316523217,0.30793889764813687,uniform_decoder
static_tailored,1.2,1.8333333333333333,0.1909328689002888,0.8090671310997112,0.0,0.033314957431768585,0.9993209413803099,0.044072011729744065,63.02038981206467,0.07227126996698677,-0.4211424210615814,-0.2467161316523217,0.30793889764813687,uniform_decoder
adaptive_decoder,1.2,1.8333333333333333,0.19059350965018088,0.8094064903498192,4.0,0.02634477447252154,0.9995107266001556,0.04569426809459074,89.90428017914704,0.07227126996698677,-0.4211424210615814,-0.2467161316523217,0.30793889764813687,uniform_decoder
overactive_decoder,1.2,1.8333333333333333,0.10799209732107046,0.8920079026789296,48.0,0.0009712531743670359,0.9995533783193795,0.05695710411552964,99.00208969197709,0.07227126996698677,-0.4211424210615814,-0.2467161316523217,0.30793889764813687,uniform_decoder
oracle_decoder,1.2,1.8333333333333333,0.09379273707967004,0.9062072629203299,0.0,0.0,0.9996386164219847,0.05536229915433018,117.82220633530075,0.07227126996698677,-0.4211424210615814,-0.2467161316523217,0.30793889764813687,uniform_decoder
uniform_decoder,1.2,1.9166666666666665,0.07192852282363017,0.9280714771763698,0.0,0.024045448576521536,0.9992701689324435,0.05536222072521643,74.48256571490172,0.07192852282363017,-0.06773863909124703,0.1022525330950214,-0.04201167555184526,uniform_decoder
static_tailored,1.2,1.9166666666666665,0.19425722423831843,0.8057427757616815,0.0,0.03238739126025816,0.9993209413803099,0.04407201172974406,63.013003274468424,0.07192852282363017,-0.06773863909124703,0.1022525330950214,-0.04201167555184526,uniform_decoder
adaptive_decoder,1.2,1.9166666666666665,0.08406975475203271,0.9159302452479673,4.0,0.0261572555126037,0.9993207069601907,0.04569463517981748,63.013003274468424,0.07192852282363017,-0.06773863909124703,0.1022525330950214,-0.04201167555184526,uniform_decoder
overactive_decoder,1.2,1.9166666666666665,0.10638791890987036,0.8936120810901297,48.0,0.0010293271377011261,0.9995533783193795,0.056957025706829374,99.02977703036233,0.07192852282363017,-0.06773863909124703,0.1022525330950214,-0.04201167555184526,uniform_decoder
oracle_decoder,1.2,1.9166666666666665,0.09260862925531385,0.9073913707446861,0.0,0.0,0.9996386164219847,0.05536222072521643,117.82220633530075,0.07192852282363017,-0.06773863909124703,0.1022525330950214,-0.04201167555184526,uniform_decoder
uniform_decoder,1.2,2.0,0.07155308965072225,0.9284469103492777,0.0,0.024276755054893105,0.9992701689324435,0.055361985259287455,74.50581596469257,0.07155308965072225,-0.08112202670382636,0.07737105051368938,-0.0377708325077975,uniform_decoder
static_tailored,1.2,2.0,0.19840002500961798,0.801599974990382,0.0,0.031104859665848663,0.9993209413803099,0.04407201172974406,63.020389812074924,0.07155308965072225,-0.08112202670382636,0.07737105051368938,-0.0377708325077975,uniform_decoder
adaptive_decoder,1.2,2.0,0.08624827503981289,0.9137517249601871,4.0,0.026280725327058062,0.9993205943932965,0.04569463517981748,62.994178164159614,0.07155308965072225,-0.08112202670382636,0.07737105051368938,-0.0377708325077975,uniform_decoder
overactive_decoder,1.2,2.0,0.10306743510058897,0.8969325648994111,48.0,0.001061273777537063,0.9995533783193796,0.05695679030267564,99.00208969200166,0.07155308965072225,-0.08112202670382636,0.07737105051368938,-0.0377708325077975,uniform_decoder
oracle_decoder,1.2,2.0,0.09408518657628132,0.9059148134237187,0.0,0.0,0.9996386164219847,0.055361985259287455,117.82220633530075,0.07155308965072225,-0.08112202670382636,0.07737105051368938,-0.0377708325077975,uniform_decoder
uniform_decoder,1.275,0.0,0.06189848608671366,0.9381015139132863,0.0,0.031580373908395576,0.9992875022562222,0.054138299276791965,75.98381854480074,0.06189848608671366,-0.2681737190889418,0.06585125707378221,0.007428758918444259,uniform_decoder
static_tailored,1.275,0.0,0.11283010371331294,0.8871698962866871,0.0,0.0,0.9993372430234388,0.0428495953788125,64.65355612119885,0.06189848608671366,-0.2681737190889418,0.06585125707378221,0.007428758918444259,uniform_decoder
adaptive_decoder,1.275,0.0,0.1147767032460343,0.8852232967539657,4.0,0.0,0.9993372430234388,0.04447651121472783,64.65355612119885,0.06189848608671366,-0.2681737190889418,0.06585125707378221,0.007428758918444259,uniform_decoder
overactive_decoder,1.275,0.0,0.13356879357433155,0.8664312064256685,48.0,0.0,0.9992424810935937,0.04447651121472783,58.71340086510371,0.06189848608671366,-0.2681737190889418,0.06585125707378221,0.007428758918444259,uniform_decoder
oracle_decoder,1.275,0.0,0.11283010371331294,0.8871698962866871,0.0,0.0,0.9993372430234388,0.0428495953788125,64.65355612119885,0.06189848608671366,-0.2681737190889418,0.06585125707378221,0.007428758918444259,uniform_decoder
uniform_decoder,1.275,0.08333333333333333,0.06422916434436568,0.9357708356556343,0.0,0.02970539859905032,0.9992875022562222,0.054138299276791965,75.98381854480074,0.06422916434436568,-0.20489359362951914,0.07517668517406029,0.008646205676925011,uniform_decoder
static_tailored,1.275,0.08333333333333333,0.10092056183204282,0.8990794381679572,0.0,0.0035155478066673696,0.9993372430234388,0.04414299969569414,65.07787468636161,0.06422916434436568,-0.20489359362951914,0.07517668517406029,0.008646205676925011,uniform_decoder
adaptive_decoder,1.275,0.08333333333333333,0.10294988486997682,0.8970501151300232,4.0,0.0011750954357154018,0.9993372246309047,0.04561188013569957,65.07787468636161,0.06422916434436568,-0.20489359362951914,0.07517668517406029,0.008646205676925011,uniform_decoder
overactive_decoder,1.275,0.08333333333333333,0.12240595609309085,0.8775940439069092,48.0,3.0519174451300455e-05,0.9992424810935937,0.045767770376830885,59.11222172800044,0.06422916434436568,-0.20489359362951914,0.07517668517406029,0.008646205676925011,uniform_decoder
oracle_decoder,1.275,0.08333333333333333,0.10092056183204282,0.8990794381679572,0.0,0.0,0.9993372430234388,0.04414299969569414,65.07787468636161,0.06422916434436568,-0.20489359362951914,0.07517668517406029,0.008646205676925011,uniform_decoder
uniform_decoder,1.275,0.16666666666666666,0.06862047093853002,0.9313795290614699,0.0,0.025264243974938774,0.9992875022562222,0.054138299276791965,75.98381854480074,0.06862047093853002,-0.1518924637415414,0.08007044936850821,0.009300907766306947,uniform_decoder
static_tailored,1.275,0.16666666666666666,0.09528954434473372,0.9047104556552663,0.0,0.009933831277022596,0.9993372430234388,0.04434497825795752,65.07673264864269,0.06862047093853002,-0.1518924637415414,0.08007044936850821,0.009300907766306947,uniform_decoder
adaptive_decoder,1.275,0.16666666666666666,0.09735228690785977,0.9026477130921402,4.0,0.003509803286856819,0.9993371549239733,0.04593747420828846,65.07673264864269,0.06862047093853002,-0.1518924637415414,0.08007044936850821,0.009300907766306947,uniform_decoder
overactive_decoder,1.275,0.16666666666666666,0.11706217995734564,0.8829378200426543,48.0,9.253202815790368e-05,0.9992424810935937,0.04596961270086952,59.11222172800044,0.06862047093853002,-0.1518924637415414,0.08007044936850821,0.009300907766306947,uniform_decoder
oracle_decoder,1.275,0.16666666666666666,0.09528954434473372,0.9047104556552663,0.0,0.0,0.9993372430234388,0.04434497825795752,65.07673264864269,0.06862047093853002,-0.1518924637415414,0.08007044936850821,0.009300907766306947,uniform_decoder
uniform_decoder,1.275,0.25,0.07274177816927217,0.9272582218307278,0.0,0.023883452119306495,0.9992875022562222,0.054138299276791965,75.98381854480074,0.07274177816927217,-0.11456999292767876,0.09858966279918886,-0.010030144743576998,uniform_decoder
static_tailored,1.275,0.25,0.09262674836033682,0.9073732516396632,0.0,0.01804871672221642,0.9993372430234388,0.044344919698475836,65.07673264864269,0.07274177816927217,-0.11456999292767876,0.09858966279918886,-0.010030144743576998,uniform_decoder
adaptive_decoder,1.275,0.25,0.09470085632267954,0.9052991436773205,4.0,0.006069654764493206,0.9993370339385846,0.04595749974965452,65.07673264864269,0.07274177816927217,-0.11456999292767876,0.09858966279918886,-0.010030144743576998,uniform_decoder
overactive_decoder,1.275,0.25,0.11883478065226358,0.8811652193477364,48.0,0.00015489121675923734,0.9994944209637746,0.045969554105099446,90.45793873694232,0.07274177816927217,-0.11456999292767876,0.09858966279918886,-0.010030144743576998,uniform_decoder
oracle_decoder,1.275,0.25,0.09691344924817955,0.9030865507518204,0.0,0.0,0.9995794277051084,0.044344919698475836,104.85421791918073,0.07274177816927217,-0.11456999292767876,0.09858966279918886,-0.010030144743576998,uniform_decoder
uniform_decoder,1.275,0.3333333333333333,0.07530086066775225,0.9246991393322478,0.0,0.02539831118916143,0.9992875022562222,0.054138299276791965,75.98381854480074,0.07530086066775225,-0.11728362559766208,0.12043898943992694,-0.04019875257216289,uniform_decoder
static_tailored,1.275,0.3333333333333333,0.09199521847932149,0.9080047815206785,0.0,0.02484453748750173,0.9993372430234388,0.044344743819851304,65.07673264865353,0.07530086066775225,-0.11728362559766208,0.12043898943992694,-0.04019875257216289,uniform_decoder
adaptive_decoder,1.275,0.3333333333333333,0.09864692809432765,0.9013530719056724,4.0,0.007597492806641087,0.999664385795067,0.045969378118236474,127.72396313867631,0.07530086066775225,-0.11728362559766208,0.12043898943992694,-0.04019875257216289,uniform_decoder
overactive_decoder,1.275,0.3333333333333333,0.13017349195678504,0.8698265080432149,48.0,0.00018585044200181944,0.9995790408791877,0.045969378118236474,105.75191932922452,0.07530086066775225,-0.11728362559766208,0.12043898943992694,-0.04019875257216289,uniform_decoder
oracle_decoder,1.275,0.3333333333333333,0.10821371787711467,0.8917862821228854,0.0,0.0,0.999664385795067,0.044344743819851304,127.72396313867631,0.07530086066775225,-0.11728362559766208,0.12043898943992694,-0.04019875257216289,uniform_decoder
uniform_decoder,1.275,0.41666666666666663,0.07681714389379504,0.923182856106205,0.0,0.02620734021448398,0.9992875022562222,0.054138299276791965,75.98381854480074,0.07681714389379504,-0.10095885841444009,0.1489521010324744,-0.07320337517255317,uniform_decoder
static_tailored,1.275,0.41666666666666663,0.09483178655431301,0.905168213445687,0.0,0.02960216704635681,0.9993372430234388,0.04434491969847583,65.0725911805238,0.07681714389379504,-0.10095885841444009,0.1489521010324744,-0.07320337517255317,uniform_decoder
adaptive_decoder,1.275,0.41666666666666663,0.09692080535701034,0.9030791946429897,4.0,0.00839491503974465,0.9996642238172135,0.045922706291626675,127.69402968874094,0.07681714389379504,-0.10095885841444009,0.1489521010324744,-0.07320337517255317,uniform_decoder
overactive_decoder,1.275,0.41666666666666663,0.13657434151100625,0.8634256584889938,48.0,0.00021593344850214888,0.9995788795647214,0.04596955410509944,105.73071771024975,0.07681714389379504,-0.10095885841444009,0.1489521010324744,-0.07320337517255317,uniform_decoder
oracle_decoder,1.275,0.41666666666666663,0.11471504752914602,0.8852849524708539,0.0,0.0,0.9996642238172135,0.04434491969847583,127.69402968874094,0.07681714389379504,-0.10095885841444009,0.1489521010324744,-0.07320337517255317,uniform_decoder
uniform_decoder,1.275,0.5,0.07741962772379263,0.9225803722762074,0.0,0.02526424397493876,0.9992875022562222,0.054138299276791965,75.98381854480074,0.07741962772379263,-0.16053912925313465,0.0912265954314274,-0.020855698776889548,uniform_decoder
static_tailored,1.275,0.5,0.10164694555665706,0.8983530544433429,0.0,0.03299575106894122,0.9993372430234388,0.044344743819851304,65.07673264864269,0.07741962772379263,-0.16053912925313465,0.0912265954314274,-0.020855698776889548,uniform_decoder
adaptive_decoder,1.275,0.5,0.11204441357545404,0.887955586424546,4.0,0.010408912596976683,0.9996642238172136,0.04593747420828846,127.72396313863412,0.07741962772379263,-0.16053912925313465,0.0912265954314274,-0.020855698776889548,uniform_decoder
overactive_decoder,1.275,0.5,0.13823461374094412,0.8617653862590559,48.0,0.0002774500860370989,0.9995788795647214,0.04596961270086952,105.75191932919667,0.07741962772379263,-0.16053912925313465,0.0912265954314274,-0.020855698776889548,uniform_decoder
oracle_decoder,1.275,0.5,0.11755629950782737,0.8824437004921726,0.0,0.0,0.9996642238172136,0.04434497825795752,127.72396313863412,0.07741962772379263,-0.16053912925313465,0.0912265954314274,-0.020855698776889548,uniform_decoder
uniform_decoder,1.275,0.5833333333333333,0.07666166323508547,0.9233383367649145,0.0,0.02471062928532365,0.9992875022562222,0.054138299276791965,75.98381854480074,0.07666166323508547,-0.1664063046165735,0.061852520996315635,-0.006564581045062276,uniform_decoder
static_tailored,1.275,0.5833333333333333,0.10943579500298811,0.8905642049970119,0.0,0.03540924888432649,0.9993372430234388,0.044344450021917975,65.06923886541097,0.07666166323508547,-0.1664063046165735,0.061852520996315635,-0.006564581045062276,uniform_decoder
adaptive_decoder,1.275,0.5833333333333333,0.11245649462027635,0.8875435053797236,4.0,0.012498752055103757,0.9996643452987621,0.045963589461577935,127.6814619854056,0.07666166323508547,-0.1664063046165735,0.061852520996315635,-0.006564581045062276,uniform_decoder
overactive_decoder,1.275,0.5833333333333333,0.12966926913190502,0.870330730868095,48.0,0.0003401233116136593,0.9995790005487427,0.04596937811823647,105.76055510034371,0.07666166323508547,-0.1664063046165735,0.061852520996315635,-0.006564581045062276,uniform_decoder
oracle_decoder,1.275,0.5833333333333333,0.11416924341305451,0.8858307565869454,0.0,0.0,0.9996643452987621,0.0443447438198513,127.6814619854056,0.07666166323508547,-0.1664063046165735,0.061852520996315635,-0.006564581045062276,uniform_decoder
uniform_decoder,1.275,0.6666666666666666,0.07506714799064705,0.9249328520093529,0.0,0.025398311189161426,0.9992875022562222,0.05413829927679197,75.98381854480074,0.07506714799064705,-0.0851940536250421,0.15178877828714915,-0.08429657814394345,uniform_decoder
static_tailored,1.275,0.6666666666666666,0.1166507412740064,0.8833492587259936,0.0,0.03701903325375945,0.9993372430234388,0.044344743819851304,65.07673264865353,0.07506714799064705,-0.0851940536250421,0.15178877828714915,-0.08429657814394345,uniform_decoder
adaptive_decoder,1.275,0.6666666666666666,0.09133641677124363,0.9086635832287564,4.0,0.01389974839183091,0.9996585674035104,0.045969378118236474,126.75645274568954,0.07506714799064705,-0.0851940536250421,0.15178877828714915,-0.08429657814394345,uniform_decoder
overactive_decoder,1.275,0.6666666666666666,0.12954860716087604,0.870451392839124,48.0,0.0003714589344629515,0.9995783957387756,0.045969378118236474,105.75191932922452,0.07506714799064705,-0.0851940536250421,0.15178877828714915,-0.08429657814394345,uniform_decoder
oracle_decoder,1.275,0.6666666666666666,0.11090229868000845,0.8890977013199916,0.0,0.0,0.9996637380019513,0.044344743819851304,127.72396313867631,0.07506714799064705,-0.0851940536250421,0.15178877828714915,-0.08429657814394345,uniform_decoder
uniform_decoder,1.275,0.75,0.07363321999077552,0.9263667800092245,0.0,0.025812399152316617,0.9992901517178934,0.05543214189106957,76.99827414502113,0.07363321999077552,-0.10185559718127286,0.12387735096204226,-0.05486076150481492,uniform_decoder
static_tailored,1.275,0.75,0.1258402024214392,0.8741597975785608,0.0,0.03784987580882023,0.9993372430234388,0.04434403730563882,65.06081312859304,0.07363321999077552,-0.10185559718127286,0.12387735096204226,-0.05486076150481492,uniform_decoder
adaptive_decoder,1.275,0.75,0.09309565027392787,0.9069043497260721,4.0,0.014694323442954633,0.999610466363706,0.04595749974965452,112.81457546956086,0.07363321999077552,-0.10185559718127286,0.12387735096204226,-0.05486076150481492,uniform_decoder
overactive_decoder,1.275,0.75,0.12382454499245217,0.8761754550075478,48.0,0.00040117471403098496,0.9995790005487427,0.0459690841419932,105.67833800134763,0.07363321999077552,-0.10185559718127286,0.12387735096204226,-0.05486076150481492,uniform_decoder
oracle_decoder,1.275,0.75,0.1056306984254752,0.8943693015745248,0.0,0.0,0.9996643452987621,0.04434445002191799,127.53103013687263,0.07363321999077552,-0.10185559718127286,0.12387735096204226,-0.05486076150481492,uniform_decoder
uniform_decoder,1.275,0.8333333333333333,0.07272640038729718,0.9272735996127028,0.0,0.025264243974938774,0.9992895746521132,0.055634869725355786,77.02831646327631,0.07272640038729718,-0.13257186592265738,0.09893785094043972,-0.033618591622071606,uniform_decoder
static_tailored,1.275,0.8333333333333333,0.14027244930308466,0.8597275506969153,0.0,0.037284514290414815,0.9993372430234388,0.04434403730563882,65.0725911805238,0.07272640038729718,-0.13257186592265738,0.09893785094043972,-0.033618591622071606,uniform_decoder
adaptive_decoder,1.275,0.8333333333333333,0.09868791156040024,0.9013120884395998,4.0,0.015917770933485523,0.9995250953508931,0.045922706291626675,93.17890120675298,0.07272640038729718,-0.13257186592265738,0.09893785094043972,-0.033618591622071606,uniform_decoder
overactive_decoder,1.275,0.8333333333333333,0.12393723685310408,0.8760627631468959,48.0,0.0004622153592881376,0.9995788795647214,0.05722917138677586,105.67833800134763,0.07272640038729718,-0.13257186592265738,0.09893785094043972,-0.033618591622071606,uniform_decoder
oracle_decoder,1.275,0.8333333333333333,0.10663077117581747,0.8933692288241826,0.0,0.0,0.9996642238172135,0.055634869725355786,127.62975163598375,0.07272640038729718,-0.13257186592265738,0.09893785094043972,-0.033618591622071606,uniform_decoder
uniform_decoder,1.275,0.9166666666666666,0.07194115595058542,0.9280588440494146,0.0,0.02495222149776771,0.9992902335819941,0.055634337203309014,76.9982741450211,0.07194115595058542,-0.17290429372281213,0.03826749772707278,0.023213431925087107,uniform_decoder
static_tailored,1.275,0.9166666666666666,0.15853720531228516,0.8414627946877149,0.0,0.0351877897767283,0.9993372430234388,0.0443435042749561,65.07787468636161,0.07194115595058542,-0.17290429372281213,0.03826749772707278,0.023213431925087107,uniform_decoder
adaptive_decoder,1.275,0.9166666666666666,0.10712274811912537,0.8928772518808746,4.0,0.01798662244687819,0.9994368989398483,0.04597145220673217,78.81458807846226,0.07194115595058542,-0.17290429372281213,0.03826749772707278,0.023213431925087107,uniform_decoder
overactive_decoder,1.275,0.9166666666666666,0.11699012452325017,0.8830098754767498,48.0,0.0005247893914995952,0.9995790005487426,0.05722863856545709,105.5663831775887,0.07194115595058542,-0.17290429372281213,0.03826749772707278,0.023213431925087107,uniform_decoder
oracle_decoder,1.275,0.9166666666666666,0.1015472749732172,0.8984527250267829,0.0,0.0,0.999664345298762,0.055634337203309014,127.53103013683044,0.07194115595058542,-0.17290429372281213,0.03826749772707278,0.023213431925087107,uniform_decoder
uniform_decoder,1.275,1.0,0.07110961339903135,0.9288903866009687,0.0,0.02539831118916143,0.9992901822185506,0.0556346333807894,76.99827414502113,0.07110961339903135,-0.18171493210052939,0.008116395263627632,0.03377603573497227,uniform_decoder
static_tailored,1.275,1.0,0.17467877992672215,0.8253212200732778,0.0,0.03246616658050152,0.9993372430234388,0.044344743819851304,65.07673264864269,0.07110961339903135,-0.18171493210052939,0.008116395263627632,0.03377603573497227,uniform_decoder
adaptive_decoder,1.275,1.0,0.1080545974195554,0.8919454025804446,4.0,0.018926640797433475,0.9996637380019512,0.04596748234151911,127.72396313863412,0.07110961339903135,-0.18171493210052939,0.008116395263627632,0.03377603573497227,uniform_decoder
overactive_decoder,1.275,1.0,0.11009298443825354,0.8899070155617465,48.0,0.0005564576387635861,0.9995783957387755,0.05722893490816423,105.75191932919667,0.07110961339903135,-0.18171493210052939,0.008116395263627632,0.03377603573497227,uniform_decoder
oracle_decoder,1.275,1.0,0.09996942954139865,0.9000305704586014,0.0,0.0,0.9996637380019512,0.0556346333807894,127.72396313863412,0.07110961339903135,-0.18171493210052939,0.008116395263627632,0.03377603573497227,uniform_decoder
uniform_decoder,1.275,1.0833333333333333,0.07064546523723514,0.9293545347627649,0.0,0.02566268404779143,0.9992896537499123,0.0556346333807894,77.03805004238659,0.07064546523723514,-0.09433884482604449,0.0962122870175958,-0.04321274482394893,uniform_decoder
static_tailored,1.275,1.0833333333333333,0.1861535893132879,0.813846410686712,0.0,0.030327753396167886,0.9993372430234388,0.044344450021917975,65.06923886541097,0.07064546523723514,-0.09433884482604449,0.0962122870175958,-0.04321274482394893,uniform_decoder
adaptive_decoder,1.275,1.0833333333333333,0.08778557019409607,0.912214429805904,4.0,0.018191985728313185,0.999662928707664,0.05722893490816423,127.6814619854056,0.07064546523723514,-0.09433884482604449,0.0962122870175958,-0.04321274482394893,uniform_decoder
overactive_decoder,1.275,1.0833333333333333,0.10955581182064314,0.8904441881793569,48.0,0.0005855379160041002,0.9995775897571845,0.05722893490816423,105.76055510034371,0.07064546523723514,-0.09433884482604449,0.0962122870175958,-0.04321274482394893,uniform_decoder
oracle_decoder,1.275,1.0833333333333333,0.09696966140949993,0.9030303385905001,0.0,0.0,0.999662928707664,0.0556346333807894,127.6814619854056,0.07064546523723514,-0.09433884482604449,0.0962122870175958,-0.04321274482394893,uniform_decoder
uniform_decoder,1.275,1.1666666666666665,0.07090677635956828,0.9290932236404317,0.0,0.02526424397493877,0.9992893514727464,0.05563272353865688,77.0483610020428,0.07090677635956828,-0.10040638193335778,0.0961383769041471,-0.029717466205549152,uniform_decoder
static_tailored,1.275,1.1666666666666665,0.19356539940806208,0.806434600591938,0.0,0.029484897393889504,0.9993372430234388,0.04434497825795752,65.07259118052379,0.07090677635956828,-0.10040638193335778,0.0961383769041471,-0.029717466205549152,uniform_decoder
adaptive_decoder,1.275,1.1666666666666665,0.08934991082385758,0.9106500891761424,4.0,0.018019965930914265,0.999662928707664,0.05714016520818129,127.6814619854056,0.07090677635956828,-0.10040638193335778,0.0961383769041471,-0.029717466205549152,uniform_decoder
overactive_decoder,1.275,1.1666666666666665,0.11148912327902097,0.8885108767209791,48.0,0.0006459206222016362,0.9995775897571845,0.05722702405317466,105.76055510034371,0.07090677635956828,-0.10040638193335778,0.0961383769041471,-0.029717466205549152,uniform_decoder
oracle_decoder,1.275,1.1666666666666665,0.09567789009124064,0.9043221099087594,0.0,0.0,0.999662928707664,0.05563272353865688,127.6814619854056,0.07090677635956828,-0.10040638193335778,0.0961383769041471,-0.029717466205549152,uniform_decoder
uniform_decoder,1.275,1.25,0.0716200232557174,0.9283799767442826,0.0,0.025059054892916502,0.9992902335819941,0.05563338386806288,77.02831646327631,0.0716200232557174,-0.12061010710865269,0.04909970058287127,-0.02368930163499753,uniform_decoder
static_tailored,1.275,1.25,0.19793099178963616,0.8020690082103639,0.0,0.02993833909979414,0.9993372430234388,0.044344743819851304,65.04247633312771,0.0716200232557174,-0.12061010710865269,0.04909970058287127,-0.02368930163499753,uniform_decoder
adaptive_decoder,1.275,1.25,0.09454630589667323,0.9054536941033268,4.0,0.020987659732354336,0.9996624029359618,0.04521508176521101,127.60949375261582,0.0716200232557174,-0.12061010710865269,0.04909970058287127,-0.02368930163499753,uniform_decoder
overactive_decoder,1.275,1.25,0.10586301664813107,0.894136983351869,48.0,0.0007088793499863427,0.9995770661368232,0.05722768471884385,105.73071771024975,0.0716200232557174,-0.12061010710865269,0.04909970058287127,-0.02368930163499753,uniform_decoder
oracle_decoder,1.275,1.25,0.09984673465077776,0.9001532653492222,0.0,0.0,0.9996624029359618,0.05563338386806288,127.60949375261582,0.0716200232557174,-0.12061010710865269,0.04909970058287127,-0.02368930163499753,uniform_decoder
uniform_decoder,1.275,1.3333333333333333,0.07233798967376531,0.9276620103262347,0.0,0.025398311189161426,0.9992901822185506,0.05563272353865688,76.9982741450331,0.07233798967376531,-0.12341937585509594,0.05657415179237971,-0.007527651486384968,uniform_decoder
static_tailored,1.275,1.3333333333333333,0.19995973284083535,0.8000402671591647,0.0,0.030932734214837873,0.9993372430234388,0.044344743819851304,65.07673264865353,0.07233798967376531,-0.12341937585509594,0.05657415179237971,-0.007527651486384968,uniform_decoder
adaptive_decoder,1.275,1.3333333333333333,0.09611381394785788,0.9038861860521421,4.0,0.024829146934051072,0.999648294723448,0.044989591392983676,123.81241737448988,0.07233798967376531,-0.12341937585509594,0.05657415179237971,-0.007527651486384968,uniform_decoder
overactive_decoder,1.275,1.3333333333333333,0.10948634625721813,0.8905136537427819,48.0,0.0007407902765402564,0.9995790408791877,0.05722702405317465,105.75191932919667,0.07233798967376531,-0.12341937585509594,0.05657415179237971,-0.007527651486384968,uniform_decoder
oracle_decoder,1.275,1.3333333333333333,0.09779428202200345,0.9022057179779965,0.0,0.0,0.999664385795067,0.05563272353865688,127.72396313863412,0.07233798967376531,-0.12341937585509594,0.05657415179237971,-0.007527651486384968,uniform_decoder
uniform_decoder,1.275,1.4166666666666665,0.07295650977044282,0.9270434902295572,0.0,0.025556643220533873,0.9992892632396865,0.05563272353865688,77.04218505151354,0.07295650977044282,-0.13955612216308552,0.03026805825888782,0.01254145824210893,uniform_decoder
static_tailored,1.275,1.4166666666666665,0.20005578172462263,0.7999442182753773,0.0,0.03198852629971072,0.9993372430234388,0.04434350427495609,65.05547192031865,0.07295650977044282,-0.13955612216308552,0.03026805825888782,0.01254145824210893,uniform_decoder
adaptive_decoder,1.275,1.4166666666666665,0.10060514037975002,0.89939485962025,4.0,0.026904806990276434,0.9996212008938289,0.04577892463001462,115.80936951439276,0.07295650977044282,-0.13955612216308552,0.03026805825888782,0.01254145824210893,uniform_decoder
overactive_decoder,1.275,1.4166666666666665,0.1078669079429886,0.8921330920570114,48.0,0.0007691843588837479,0.9995790005487426,0.05722702405317466,105.75191932922453,0.07295650977044282,-0.13955612216308552,0.03026805825888782,0.01254145824210893,uniform_decoder
oracle_decoder,1.275,1.4166666666666665,0.09774143551203171,0.9022585644879683,0.0,0.0,0.999664345298762,0.05563272353865688,127.72396313867633,0.07295650977044282,-0.13955612216308552,0.03026805825888782,0.01254145824210893,uniform_decoder
uniform_decoder,1.275,1.5,0.07333357087760868,0.9266664291223913,0.0,0.025264243974938764,0.9992898927105602,0.0556346333807894,76.99827414502113,0.07333357087760868,-0.1692562161739097,0.009481424885853693,0.04169058523813858,uniform_decoder
static_tailored,1.275,1.5,0.19823982117540057,0.8017601788245994,0.0,0.032995751068941225,0.9993372430234388,0.04434403730563882,65.07673264864268,0.07333357087760868,-0.1692562161739097,0.009481424885853693,0.04169058523813858,uniform_decoder
adaptive_decoder,1.275,1.5,0.1082826932203924,0.8917173067796076,4.0,0.026516570244795565,0.999582770277162,0.045963589461577935,105.66259692911794,0.07333357087760868,-0.1692562161739097,0.009481424885853693,0.04169058523813858,uniform_decoder
overactive_decoder,1.275,1.5,0.11067269202555063,0.8893273079744494,48.0,0.000829074910895291,0.9995783957387755,0.05722893490816423,105.75191932919667,0.07333357087760868,-0.1692562161739097,0.009481424885853693,0.04169058523813858,uniform_decoder
oracle_decoder,1.275,1.5,0.09837131202507249,0.9016286879749276,0.0,0.0,0.9996637380019512,0.0556346333807894,127.72396313863412,0.07333357087760868,-0.1692562161739097,0.009481424885853693,0.04169058523813858,uniform_decoder
uniform_decoder,1.275,1.5833333333333333,0.07319863161480729,0.9268013683851927,0.0,0.025115042139241373,0.9992898268986479,0.05563338386806289,77.00665908482773,0.07319863161480729,-0.1411895887295485,0.020125840654644137,0.01160505472969275,uniform_decoder
static_tailored,1.275,1.5833333333333333,0.19484234412148588,0.8051576558785141,0.0,0.033880357385354644,0.9993372430234388,0.04434491969847583,65.07787468636161,0.07319863161480729,-0.1411895887295485,0.020125840654644137,0.01160505472969275,uniform_decoder
adaptive_decoder,1.275,1.5833333333333333,0.10131938642484786,0.8986806135751522,4.0,0.025229954897544784,0.99966179654328,0.057216968404476695,127.50411213343205,0.07319863161480729,-0.1411895887295485,0.020125840654644137,0.01160505472969275,uniform_decoder
overactive_decoder,1.275,1.5833333333333333,0.10612516824478847,0.8938748317552115,48.0,0.0008926055307241822,0.9995788795647214,0.05722768471884386,105.67833800131991,0.07319863161480729,-0.1411895887295485,0.020125840654644137,0.01160505472969275,uniform_decoder
oracle_decoder,1.275,1.5833333333333333,0.09864782092525423,0.9013521790747457,0.0,0.0,0.9996642238172135,0.05563338386806289,127.62975163598375,0.07319863161480729,-0.1411895887295485,0.020125840654644137,0.01160505472969275,uniform_decoder
uniform_decoder,1.275,1.6666666666666665,0.07269773000456763,0.9273022699954324,0.0,0.02539831118916143,0.9992893514727466,0.05562880268532118,76.83436808632696,0.07269773000456763,-0.15741364271790184,0.010613007489944364,0.033785253264836064,uniform_decoder
static_tailored,1.275,1.6666666666666665,0.19121195813339675,0.8087880418666032,0.0,0.03458178628027863,0.9993372430234388,0.044344743819851304,65.07673264865353,0.07269773000456763,-0.15741364271790184,0.010613007489944364,0.033785253264836064,uniform_decoder
adaptive_decoder,1.275,1.6666666666666665,0.10445626500062652,0.8955437349993735,4.0,0.025497915485587844,0.99966179654328,0.05722310148878926,127.50411213343205,0.07269773000456763,-0.15741364271790184,0.010613007489944364,0.033785253264836064,uniform_decoder
overactive_decoder,1.275,1.6666666666666665,0.10704034504615166,0.8929596549538483,48.0,0.0009239518608869362,0.9995764622245725,0.05722310148878926,105.67833800134763,0.07269773000456763,-0.15741364271790184,0.010613007489944364,0.033785253264836064,uniform_decoder
oracle_decoder,1.275,1.6666666666666665,0.09663829068011169,0.9033617093198884,0.0,0.0,0.9996617965432801,0.05562880268532118,127.50411213347394,0.07269773000456763,-0.15741364271790184,0.010613007489944364,0.033785253264836064,uniform_decoder
uniform_decoder,1.275,1.75,0.07220130468205443,0.9277986953179456,0.0,0.025574285901673294,0.9992896537499123,0.05563102470273071,77.03805004238659,0.07220130468205443,-0.4110395452828939,-0.23399000560504563,0.29294472953014855,uniform_decoder
static_tailored,1.275,1.75,0.18898118861065596,0.8110188113893441,0.0,0.03500729170201391,0.9993372430234388,0.04434206971719074,64.97738948950189,0.07220130468205443,-0.4110395452828939,-0.23399000560504563,0.29294472953014855,uniform_decoder
adaptive_decoder,1.275,1.75,0.18603068732512631,0.8139693126748737,4.0,0.026685558717636237,0.9996393510636499,0.04590071154082444,121.12717019993285,0.07220130468205443,-0.4110395452828939,-0.23399000560504563,0.29294472953014855,uniform_decoder
overactive_decoder,1.275,1.75,0.10854119158823747,0.8914588084117625,48.0,0.0009534662052017536,0.9995790005487427,0.05722532441730294,105.75191932919667,0.07220130468205443,-0.4110395452828939,-0.23399000560504563,0.29294472953014855,uniform_decoder
oracle_decoder,1.275,1.75,0.09476323129013331,0.9052367687098667,0.0,0.0,0.9996643452987621,0.05563102470273071,127.72396313863412,0.07220130468205443,-0.4110395452828939,-0.23399000560504563,0.29294472953014855,uniform_decoder
uniform_decoder,1.275,1.8333333333333333,0.07186466249329582,0.9281353375067042,0.0,0.025264243974938774,0.9992898927105601,0.055634869725355786,77.02831646327633,0.07186466249329582,-0.4197001101949083,-0.25632427524922136,0.30395616742572,uniform_decoder
static_tailored,1.275,1.8333333333333333,0.18969173175396226,0.8103082682460377,0.0,0.03478925773602082,0.9993372430234388,0.044344743819851304,65.07673264865353,0.07186466249329582,-0.4197001101949083,-0.25632427524922136,0.30395616742572,uniform_decoder
adaptive_decoder,1.275,1.8333333333333333,0.1888928418359803,0.8111071581640197,4.0,0.027546387775108278,0.9995250953508931,0.04597145220673217,94.4077314622756,0.07186466249329582,-0.4197001101949083,-0.25632427524922136,0.30395616742572,uniform_decoder
overactive_decoder,1.275,1.8333333333333333,0.10468663137742605,0.8953133686225739,48.0,0.0010115333584806473,0.9995783957387756,0.05722917138677586,105.75191932922452,0.07186466249329582,-0.4197001101949083,-0.25632427524922136,0.30395616742572,uniform_decoder
oracle_decoder,1.275,1.8333333333333333,0.09381220265465247,0.9061877973453475,0.0,0.0,0.9996637380019513,0.055634869725355786,127.72396313867631,0.07186466249329582,-0.4197001101949083,-0.25632427524922136,0.30395616742572,uniform_decoder
uniform_decoder,1.275,1.9166666666666665,0.07151296649159637,0.9284870335084037,0.0,0.025149531807589526,0.9992900194291853,0.05563481068902363,77.04218505151354,0.07151296649159637,-0.05695741357250999,0.10262290429238184,-0.04182721392390879,uniform_decoder
static_tailored,1.275,1.9166666666666665,0.19323870510712493,0.8067612948928751,0.0,0.03380854904962753,0.9993372430234388,0.044344743819851304,65.07787468636161,0.07151296649159637,-0.05695741357250999,0.10262290429238184,-0.04182721392390879,uniform_decoder
adaptive_decoder,1.275,1.9166666666666665,0.08153464926207368,0.9184653507379263,4.0,0.027326662134557145,0.9993369902802853,0.04596748234151911,65.07787468636161,0.07151296649159637,-0.05695741357250999,0.10262290429238184,-0.04182721392390879,uniform_decoder
overactive_decoder,1.275,1.9166666666666665,0.10326784438089494,0.896732155619105,48.0,0.0010731241662174035,0.9995783957387756,0.05722911231677698,105.75191932922452,0.07151296649159637,-0.05695741357250999,0.10262290429238184,-0.04182721392390879,uniform_decoder
oracle_decoder,1.275,1.9166666666666665,0.0897778955928998,0.9102221044071002,0.0,0.0,0.9996637380019513,0.05563481068902363,127.72396313867631,0.07151296649159637,-0.05695741357250999,0.10262290429238184,-0.04182721392390879,uniform_decoder
uniform_decoder,1.275,2.0,0.07111518113713172,0.9288848188628682,0.0,0.025398311189161433,0.9992901822185506,0.0556346333807894,76.99827414502109,0.07111518113713172,-0.07134753412320921,0.07711281564943955,-0.0359948024636015,uniform_decoder
static_tailored,1.275,2.0,0.19759912338579072,0.8024008766142092,0.0,0.03246616658050152,0.9993372430234388,0.044344743819851304,65.07673264864268,0.07111518113713172,-0.07134753412320921,0.07711281564943955,-0.0359948024636015,uniform_decoder
adaptive_decoder,1.275,2.0,0.08381270446693281,0.9161872955330672,4.0,0.027410375076484347,0.999336861732482,0.04596748234151911,65.04247633312771,0.07111518113713172,-0.07134753412320921,0.07711281564943955,-0.0359948024636015,uniform_decoder
overactive_decoder,1.275,2.0,0.10009737081659574,0.8999026291834042,48.0,0.0011055602440361377,0.9995783957387755,0.05722893490816423,105.75191932919667,0.07111518113713172,-0.07134753412320921,0.07711281564943955,-0.0359948024636015,uniform_decoder
oracle_decoder,1.275,2.0,0.09105517998356354,0.9089448200164365,0.0,0.0,0.9996637380019512,0.0556346333807894,127.72396313863412,0.07111518113713172,-0.07134753412320921,0.07711281564943955,-0.0359948024636015,uniform_decoder
uniform_decoder,1.3499999999999999,0.0,0.060919270581162865,0.9390807294188371,0.0,0.03296258023403038,0.9993073532272309,0.054495508110111085,78.6771991909274,0.060919270581162865,-0.24764613674978456,0.07109328428664027,0.008096762990943232,uniform_decoder
static_tailored,1.3499999999999999,0.0,0.10575576921044219,0.8942442307895578,0.0,0.0,0.9993532958019639,0.04320705311976938,66.81115299850698,0.060919270581162865,-0.24764613674978456,0.07109328428664027,0.008096762990943232,uniform_decoder
adaptive_decoder,1.3499999999999999,0.0,0.10774591941241157,0.8922540805875885,4.0,8.673617379884035e-19,0.9993532958019639,0.044833268076338244,66.81115299850698,0.060919270581162865,-0.24764613674978456,0.07109328428664027,0.008096762990943232,uniform_decoder
overactive_decoder,1.3499999999999999,0.0,0.1269094949211072,0.8730905050788929,48.0,8.673617379884035e-19,0.9992584475217047,0.044833268076338244,60.45865854214461,0.060919270581162865,-0.24764613674978456,0.07109328428664027,0.008096762990943232,uniform_decoder
oracle_decoder,1.3499999999999999,0.0,0.10575576921044219,0.8942442307895578,0.0,0.0,0.9993532958019639,0.04320705311976938,66.81115299850698,0.060919270581162865,-0.24764613674978456,0.07109328428664027,0.008096762990943232,uniform_decoder
uniform_decoder,1.3499999999999999,0.08333333333333333,0.06330466176007421,0.9366953382399258,0.0,0.031040999146764236,0.9993073532272309,0.054495508110111085,78.6771991909274,0.06330466176007421,-0.18094474224087803,0.08149536343191792,0.009472805900920573,uniform_decoder
static_tailored,1.3499999999999999,0.08333333333333333,0.09395234601349435,0.9060476539865057,0.0,0.0034888266906161,0.9993532958019639,0.044426820174937307,67.18796928188333,0.06330466176007421,-0.18094474224087803,0.08149536343191792,0.009472805900920573,uniform_decoder
adaptive_decoder,1.3499999999999999,0.08333333333333333,0.09602414190952799,0.903975858090472,4.0,0.001174850748250789,0.9993532753215911,0.045910788084113814,67.18796928188333,0.06330466176007421,-0.18094474224087803,0.08149536343191792,0.009472805900920573,uniform_decoder
overactive_decoder,1.3499999999999999,0.08333333333333333,0.11584460107381772,0.8841553989261823,48.0,3.0614623977149533e-05,0.9992584475217047,0.046051039065153815,60.812871976775675,0.06330466176007421,-0.18094474224087803,0.08149536343191792,0.009472805900920573,uniform_decoder
oracle_decoder,1.3499999999999999,0.08333333333333333,0.09395234601349435,0.9060476539865057,0.0,0.0,0.9993532958019639,0.044426820174937307,67.18796928188333,0.06330466176007421,-0.18094474224087803,0.08149536343191792,0.009472805900920573,uniform_decoder
uniform_decoder,1.3499999999999999,0.16666666666666666,0.06796630613479517,0.9320336938652048,0.0,0.026319915342976733,0.9993073532272309,0.054495508110111085,78.6771991909274,0.06796630613479517,-0.1259643792133495,0.08661196919981236,0.01016940945098372,uniform_decoder
static_tailored,1.3499999999999999,0.16666666666666666,0.08873370941122394,0.9112662905887761,0.0,0.01012549466923423,0.9993532958019639,0.04459251631276054,67.18796928188333,0.06796630613479517,-0.1259643792133495,0.08661196919981236,0.01016940945098372,uniform_decoder
adaptive_decoder,1.3499999999999999,0.16666666666666666,0.09083600939073228,0.9091639906092677,4.0,0.0036228963018739985,0.9993531997901417,0.04619352511977868,67.18796928188333,0.06796630613479517,-0.1259643792133495,0.08661196919981236,0.01016940945098372,uniform_decoder
overactive_decoder,1.3499999999999999,0.16666666666666666,0.1108842889098537,0.8891157110901463,48.0,9.594588297241363e-05,0.9992584475217047,0.04621669322201955,60.810466482831465,0.06796630613479517,-0.1259643792133495,0.08661196919981236,0.01016940945098372,uniform_decoder
oracle_decoder,1.3499999999999999,0.16666666666666666,0.08873370941122394,0.9112662905887761,0.0,0.0,0.9993532958019639,0.04459251631276054,67.18796928188333,0.06796630613479517,-0.1259643792133495,0.08661196919981236,0.01016940945098372,uniform_decoder
uniform_decoder,1.3499999999999999,0.25,0.07234114870321119,0.9276588512967888,0.0,0.024851218836719605,0.9993073532272309,0.054495508110111085,78.6771991909274,0.07234114870321119,-0.08733723580304979,0.10618150019808159,-0.010744975964674462,uniform_decoder
static_tailored,1.3499999999999999,0.25,0.0863429002176044,0.9136570997823956,0.0,0.018678457685339152,0.9993532958019639,0.0445924771863301,67.18375240915917,0.07234114870321119,-0.08733723580304979,0.10618150019808159,-0.010744975964674462,uniform_decoder
adaptive_decoder,1.3499999999999999,0.25,0.0884550508374688,0.9115449491625311,4.0,0.006329207900038318,0.999353069237949,0.04620830817928251,67.18375240915917,0.07234114870321119,-0.08733723580304979,0.10618150019808159,-0.010744975964674462,uniform_decoder
overactive_decoder,1.3499999999999999,0.25,0.11295465583183362,0.8870453441681664,48.0,0.00016167313890296043,0.9995130871807475,0.046216654003521346,94.49970777584046,0.07234114870321119,-0.08733723580304979,0.10618150019808159,-0.010744975964674462,uniform_decoder
oracle_decoder,1.3499999999999999,0.25,0.09067083440994606,0.909329165590054,0.0,0.0,0.9995981690797647,0.0445924771863301,110.44149153948123,0.07234114870321119,-0.08733723580304979,0.10618150019808159,-0.010744975964674462,uniform_decoder
uniform_decoder,1.3499999999999999,0.3333333333333333,0.07500465920608078,0.9249953407939192,0.0,0.026459827805942027,0.9993073532272309,0.054495508110111085,78.6771991909274,0.07500465920608078,-0.08996372198457991,0.12915616245177705,-0.0431102659750229,uniform_decoder
static_tailored,1.3499999999999999,0.3333333333333333,0.08577311020783565,0.9142268897921644,0.0,0.025819833766333997,0.9993532958019639,0.04459235958402646,67.17482117444386,0.07500465920608078,-0.08996372198457991,0.12915616245177705,-0.0431102659750229,uniform_decoder
adaptive_decoder,1.3499999999999999,0.3333333333333333,0.09226818210661832,0.9077318178933816,4.0,0.007889338321856303,0.9996887816814726,0.0462165361257414,138.8135599306129,0.07500465920608078,-0.08996372198457991,0.12915616245177705,-0.0431102659750229,uniform_decoder
overactive_decoder,1.3499999999999999,0.3333333333333333,0.12422474861206859,0.8757752513879314,48.0,0.00019275733947899756,0.999603334682586,0.046216536125741406,113.08085226276573,0.07500465920608078,-0.08996372198457991,0.12915616245177705,-0.0431102659750229,uniform_decoder
oracle_decoder,1.3499999999999999,0.3333333333333333,0.10189719524791668,0.8981028047520834,0.0,0.0,0.9996887816814726,0.04459235958402646,138.8135599306129,0.07500465920608078,-0.08996372198457991,0.12915616245177705,-0.0431102659750229,uniform_decoder
uniform_decoder,1.3499999999999999,0.41666666666666663,0.07658464395105441,0.9234153560489455,0.0,0.02732632589354057,0.9993073532272309,0.054495508110111085,78.6771991909274,0.07658464395105441,-0.07293518398412384,0.15824381822694053,-0.07705752183006515,uniform_decoder
static_tailored,1.3499999999999999,0.41666666666666663,0.08871176744162804,0.911288232558372,0.0,0.030776894399437607,0.9993532958019639,0.0445924771863301,67.18796928188333,0.07658464395105441,-0.07293518398412384,0.15824381822694053,-0.07705752183006515,uniform_decoder
adaptive_decoder,1.3499999999999999,0.41666666666666663,0.090589295371271,0.909410704628729,4.0,0.008673798015156138,0.9996886111753808,0.04618211347402126,138.80316955917675,0.07658464395105441,-0.07293518398412384,0.15824381822694053,-0.07705752183006515,uniform_decoder
overactive_decoder,1.3499999999999999,0.41666666666666663,0.1304129442570819,0.8695870557429182,48.0,0.00022291181011836433,0.9996031648823713,0.046216654003521346,113.05321181522045,0.07658464395105441,-0.07293518398412384,0.15824381822694053,-0.07705752183006515,uniform_decoder
oracle_decoder,1.3499999999999999,0.41666666666666663,0.10817686802436939,0.8918231319756306,0.0,0.0,0.9996886111753808,0.0445924771863301,138.80316955917675,0.07658464395105441,-0.07293518398412384,0.15824381822694053,-0.07705752183006515,uniform_decoder
uniform_decoder,1.3499999999999999,0.5,0.07723943366702733,0.9227605663329727,0.0,0.02631991534297674,0.9993073532272309,0.054495508110111085,78.6771991909274,0.07723943366702733,-0.13614418945173218,0.09812406793271548,-0.023167557569034658,uniform_decoder
static_tailored,1.3499999999999999,0.5,0.09595897050565307,0.904041029494347,0.0,0.034286889886275665,0.9993532958019639,0.04459235958402646,67.17482117444386,0.07723943366702733,-0.13614418945173218,0.09812406793271548,-0.023167557569034658,uniform_decoder
adaptive_decoder,1.3499999999999999,0.5,0.10567767996144932,0.8943223200385507,4.0,0.01077359732074198,0.9996886111753808,0.04619352511977868,138.8135599306129,0.07723943366702733,-0.13614418945173218,0.09812406793271548,-0.023167557569034658,uniform_decoder
overactive_decoder,1.3499999999999999,0.5,0.13246688936698497,0.8675331106330151,48.0,0.00028769156320123486,0.9996031648823714,0.046216693222019545,113.08085226276575,0.07723943366702733,-0.13614418945173218,0.09812406793271548,-0.023167557569034658,uniform_decoder
oracle_decoder,1.3499999999999999,0.5,0.11146815884743061,0.8885318411525693,0.0,0.0,0.9996886111753808,0.04459251631276053,138.8135599306129,0.07723943366702733,-0.13614418945173218,0.09812406793271548,-0.023167557569034658,uniform_decoder
uniform_decoder,1.3499999999999999,0.5833333333333333,0.07644299625326627,0.9235570037467338,0.0,0.02573581075077161,0.9993073532272309,0.054495508110111085,78.6771991909274,0.07644299625326627,-0.1442184163513541,0.08286643799936959,-0.008741227314865515,uniform_decoder
static_tailored,1.3499999999999999,0.5833333333333333,0.1042765281269591,0.8957234718730409,0.0,0.03678459301863659,0.9993532958019639,0.044592162837305195,67.15761087429766,0.07644299625326627,-0.1442184163513541,0.08286643799936959,-0.008741227314865515,uniform_decoder
adaptive_decoder,1.3499999999999999,0.5833333333333333,0.10655065348780984,0.8934493465121902,4.0,0.013008403371107717,0.9996887390539096,0.04621258926661675,138.70964901080092,0.07644299625326627,-0.1442184163513541,0.08286643799936959,-0.008741227314865515,uniform_decoder
overactive_decoder,1.3499999999999999,0.5833333333333333,0.12895035902330734,0.8710496409766927,48.0,0.0003537768551334546,0.9996032922315022,0.04621653612574139,113.05492786055194,0.07644299625326627,-0.1442184163513541,0.08286643799936959,-0.008741227314865515,uniform_decoder
oracle_decoder,1.3499999999999999,0.5833333333333333,0.10871697127139196,0.891283028728608,0.0,0.0,0.9996887390539096,0.04459235958402645,138.70964901080092,0.07644299625326627,-0.1442184163513541,0.08286643799936959,-0.008741227314865515,uniform_decoder
uniform_decoder,1.3499999999999999,0.6666666666666666,0.07476064403479359,0.9252393559652065,0.0,0.02645982780594203,0.9993073532272309,0.054495508110111085,78.6771991909274,0.07476064403479359,-0.062402992746374224,0.15913500644950387,-0.0876773346635332,uniform_decoder
static_tailored,1.3499999999999999,0.6666666666666666,0.11185144038229111,0.8881485596177089,0.0,0.0384712111332022,0.9993532958019639,0.04459235958402646,67.17482117443241,0.07476064403479359,-0.062402992746374224,0.15913500644950387,-0.0876773346635332,uniform_decoder
adaptive_decoder,1.3499999999999999,0.6666666666666666,0.08631296323476649,0.9136870367652336,4.0,0.014417205030363001,0.9996826509766364,0.0462165361257414,137.42869073332992,0.07476064403479359,-0.062402992746374224,0.15913500644950387,-0.0876773346635332,uniform_decoder
overactive_decoder,1.3499999999999999,0.6666666666666666,0.12451194956342229,0.8754880504365777,48.0,0.00038527140134861105,0.9996026555481715,0.0462165361257414,113.08085226276575,0.07476064403479359,-0.062402992746374224,0.15913500644950387,-0.0876773346635332,uniform_decoder
oracle_decoder,1.3499999999999999,0.6666666666666666,0.10562175062532358,0.8943782493746764,0.0,0.0,0.9996880997241874,0.04459235958402646,138.8135599306129,0.07476064403479359,-0.062402992746374224,0.15913500644950387,-0.0876773346635332,uniform_decoder
uniform_decoder,1.3499999999999999,0.75,0.0732668639450317,0.9267331360549683,0.0,0.026899793790025994,0.9993095711367953,0.05571578085683069,79.59551955088203,0.0732668639450317,-0.08085896012464557,0.12941449201243588,-0.05628368801878339,uniform_decoder
static_tailored,1.3499999999999999,0.75,0.12138737483829876,0.8786126251617012,0.0,0.03936179803865022,0.9993532958019639,0.044591885833564236,67.18375240915917,0.0732668639450317,-0.08085896012464557,0.12941449201243588,-0.05628368801878339,uniform_decoder
adaptive_decoder,1.3499999999999999,0.75,0.08826053647077715,0.9117394635292229,4.0,0.015184056514392625,0.9996315275845882,0.04620830817928251,120.06047104412926,0.0732668639450317,-0.08085896012464557,0.12941449201243588,-0.05628368801878339,uniform_decoder
overactive_decoder,1.3499999999999999,0.75,0.11889978105199206,0.8811002189480079,48.0,0.0004150432262895621,0.9996032922315022,0.04621633892231425,112.92190841923784,0.0732668639450317,-0.08085896012464557,0.12941449201243588,-0.05628368801878339,uniform_decoder
oracle_decoder,1.3499999999999999,0.75,0.1004732038042509,0.8995267961957492,0.0,0.0,0.9996887390539096,0.0445921628373052,138.656675427297,0.0732668639450317,-0.08085896012464557,0.12941449201243588,-0.05628368801878339,uniform_decoder
uniform_decoder,1.3499999999999999,0.8333333333333333,0.07234974086061054,0.9276502591393895,0.0,0.026319915342976733,0.9993090995899307,0.055882330719815805,79.65430090704511,0.07234974086061054,-0.11427066447218519,0.10516577764702877,-0.03447260513563115,uniform_decoder
static_tailored,1.3499999999999999,0.8333333333333333,0.13654439620953115,0.8634556037904688,0.0,0.03878336946666625,0.9993532958019639,0.044591885833564236,67.18796928188333,0.07234974086061054,-0.11427066447218519,0.10516577764702877,-0.03447260513563115,uniform_decoder
adaptive_decoder,1.3499999999999999,0.8333333333333333,0.09412557546170491,0.905874424538295,4.0,0.016478450722781073,0.9995392438607961,0.04618211347402126,96.61084792897114,0.07234974086061054,-0.11427066447218519,0.10516577764702877,-0.03447260513563115,uniform_decoder
overactive_decoder,1.3499999999999999,0.8333333333333333,0.1199149752190151,0.8800850247809849,48.0,0.0004792912926959096,0.9996031648823713,0.057476175135190856,112.99833863161948,0.07234974086061054,-0.11427066447218519,0.10516577764702877,-0.03447260513563115,uniform_decoder
oracle_decoder,1.3499999999999999,0.8333333333333333,0.10190142318381967,0.8980985768161803,0.0,0.0,0.9996886111753808,0.055882330719815805,138.75091928123763,0.07234974086061054,-0.11427066447218519,0.10516577764702877,-0.03447260513563115,uniform_decoder
uniform_decoder,1.3499999999999999,0.9166666666666666,0.07154952190415437,0.9284504780958456,0.0,0.025995239322984906,0.9993097662531404,0.05588197229284274,79.54056178243518,0.07154952190415437,-0.15772903494575446,0.04041685243131569,0.024154742627742472,uniform_decoder
static_tailored,1.3499999999999999,0.9166666666666666,0.15592267201538124,0.8440773279846188,0.0,0.03657764532350497,0.9993532958019639,0.044591527018589136,67.18496728114526,0.07154952190415437,-0.15772903494575446,0.04041685243131569,0.024154742627742472,uniform_decoder
adaptive_decoder,1.3499999999999999,0.9166666666666666,0.10288114075075122,0.8971188592492487,4.0,0.01867891784610204,0.999443157258014,0.0462233973091824,80.14730828414972,0.07154952190415437,-0.15772903494575446,0.04041685243131569,0.024154742627742472,uniform_decoder
overactive_decoder,1.3499999999999999,0.9166666666666666,0.11291525600579905,0.8870847439942009,48.0,0.0005452989910804995,0.9996032922315023,0.05747581591105569,112.91615467581401,0.07154952190415437,-0.15772903494575446,0.04041685243131569,0.024154742627742472,uniform_decoder
oracle_decoder,1.3499999999999999,0.9166666666666666,0.09731527818523329,0.9026847218147667,0.0,0.0,0.9996887390539096,0.05588197229284274,138.65667542729702,0.07154952190415437,-0.15772903494575446,0.04041685243131569,0.024154742627742472,uniform_decoder
uniform_decoder,1.3499999999999999,1.0,0.07067555290547226,0.9293244470945278,0.0,0.026459827805942037,0.9993097656929633,0.05588217178849603,79.62395755555606,0.07067555290547226,-0.16590970498744292,0.03186975891831173,0.03271792641015466,uniform_decoder
static_tailored,1.3499999999999999,1.0,0.17292074416471462,0.8270792558352854,0.0,0.03373782108374502,0.9993532958019639,0.04459235958402646,67.17482117444386,0.07067555290547226,-0.16590970498744292,0.03186975891831173,0.03271792641015466,uniform_decoder
adaptive_decoder,1.3499999999999999,1.0,0.10355687101960172,0.8964431289803982,4.0,0.01965751715035112,0.9996880997241874,0.046215258070868064,138.8135599306129,0.07067555290547226,-0.16590970498744292,0.03186975891831173,0.03271792641015466,uniform_decoder
overactive_decoder,1.3499999999999999,1.0,0.11144194381792792,0.8885580561820721,48.0,0.0005771692364394317,0.9996026555481715,0.05747601584837625,113.08085226276575,0.07067555290547226,-0.16590970498744292,0.03186975891831173,0.03271792641015466,uniform_decoder
oracle_decoder,1.3499999999999999,1.0,0.09604195532409193,0.9039580446759081,0.0,0.0,0.9996880997241874,0.05588217178849603,138.8135599306129,0.07067555290547226,-0.16590970498744292,0.03186975891831173,0.03271792641015466,uniform_decoder
uniform_decoder,1.3499999999999999,1.0833333333333333,0.07017648228337692,0.9298235177166231,0.0,0.026743608797451985,0.9993093664835198,0.05588217178849603,79.65430090704511,0.07017648228337692,-0.07866452496553941,0.0999490040577999,-0.04471509507044178,uniform_decoder
static_tailored,1.3499999999999999,1.0833333333333333,0.18488552961291366,0.8151144703870863,0.0,0.03149990829084529,0.9993532958019639,0.044592162837305195,67.17224703217356,0.07017648228337692,-0.07866452496553941,0.0999490040577999,-0.04471509507044178,uniform_decoder
adaptive_decoder,1.3499999999999999,1.0833333333333333,0.08411164363091375,0.9158883563690863,4.0,0.01879782155698412,0.99968724753335,0.05747601584837625,138.70964901080092,0.07017648228337692,-0.07866452496553941,0.0999490040577999,-0.04471509507044178,uniform_decoder
overactive_decoder,1.3499999999999999,1.0833333333333333,0.10587785242304407,0.894122147576956,48.0,0.0006062872860883157,0.9996018068835111,0.05747601584837625,113.05492786055194,0.07017648228337692,-0.07866452496553941,0.0999490040577999,-0.04471509507044178,uniform_decoder
oracle_decoder,1.3499999999999999,1.0833333333333333,0.0932333339887005,0.9067666660112995,0.0,0.0,0.99968724753335,0.05588217178849603,138.70964901080092,0.07017648228337692,-0.07866452496553941,0.0999490040577999,-0.04471509507044178,uniform_decoder
uniform_decoder,1.3499999999999999,1.1666666666666665,0.0704504143015189,0.9295495856984811,0.0,0.02631991534297674,0.9993090995899307,0.05588087909343755,79.649916747898,0.0704504143015189,-0.11835420518723157,0.0668884132039653,0.0021028775528650016,uniform_decoder
static_tailored,1.3499999999999999,1.1666666666666665,0.19257668662268654,0.8074233133773134,0.0,0.030611255206148737,0.9993532958019639,0.04459251631276053,67.18796928188331,0.0704504143015189,-0.11835420518723157,0.0668884132039653,0.0021028775528650016,uniform_decoder
adaptive_decoder,1.3499999999999999,1.1666666666666665,0.09252045430295044,0.9074795456970496,4.0,0.018563009196286968,0.99968724753335,0.04600647508462481,138.70964901080092,0.0704504143015189,-0.11835420518723157,0.0668884132039653,0.0021028775528650016,uniform_decoder
overactive_decoder,1.3499999999999999,1.1666666666666665,0.10792602198645321,0.8920739780135468,48.0,0.0006698160052678701,0.9996018068835111,0.05747472037832814,113.05492786055194,0.0704504143015189,-0.11835420518723157,0.0668884132039653,0.0021028775528650016,uniform_decoder
oracle_decoder,1.3499999999999999,1.1666666666666665,0.09207354806567189,0.9079264519343281,0.0,0.0,0.99968724753335,0.05588087909343755,138.70964901080092,0.0704504143015189,-0.11835420518723157,0.0668884132039653,0.0021028775528650016,uniform_decoder
uniform_decoder,1.3499999999999999,1.25,0.07120199656352216,0.9287980034364778,0.0,0.026106689146808897,0.9993097662531403,0.05588132770954847,79.65430090704511,0.07120199656352216,-0.1055257273766492,0.07151973417326718,-0.025662315317117376,uniform_decoder
static_tailored,1.3499999999999999,1.25,0.19710508679962327,0.8028949132003768,0.0,0.031097696130112828,0.9993532958019639,0.04459235958402645,67.17224703218506,0.07120199656352216,-0.1055257273766492,0.07151973417326718,-0.025662315317117376,uniform_decoder
adaptive_decoder,1.3499999999999999,1.25,0.09078579461820696,0.9092142053817931,4.0,0.021734207551337415,0.9996866937655415,0.0455326776998216,138.5959659943349,0.07120199656352216,-0.1055257273766492,0.07151973417326718,-0.025662315317117376,uniform_decoder
overactive_decoder,1.3499999999999999,1.25,0.10703791314864136,0.8929620868513586,48.0,0.0007362440733497958,0.9996012554062628,0.05747516993454601,113.00169895625196,0.07120199656352216,-0.1055257273766492,0.07151973417326718,-0.025662315317117376,uniform_decoder
oracle_decoder,1.3499999999999999,1.25,0.09631195853772039,0.9036880414622797,0.0,0.0,0.9996866937655415,0.05588132770954847,138.5959659943349,0.07120199656352216,-0.1055257273766492,0.07151973417326718,-0.025662315317117376,uniform_decoder
uniform_decoder,1.3499999999999999,1.3333333333333333,0.07194671847922733,0.9280532815207727,0.0,0.026459827805942027,0.9993097656929633,0.05588087909343756,79.54056178244791,0.07194671847922733,-0.10932236253492963,0.058831538534610574,-0.007857971320319176,uniform_decoder
static_tailored,1.3499999999999999,1.3333333333333333,0.1992230498961956,0.8007769501038045,0.0,0.03214643770237686,0.9993532958019639,0.04459235958402646,67.17482117443241,0.07194671847922733,-0.10932236253492963,0.058831538534610574,-0.007857971320319176,uniform_decoder
adaptive_decoder,1.3499999999999999,1.3333333333333333,0.09254082201503772,0.9074591779849623,4.0,0.025849569862973196,0.9996717974606151,0.04532709457800189,133.65582675583963,0.07194671847922733,-0.10932236253492963,0.058831538534610574,-0.007857971320319176,uniform_decoder
overactive_decoder,1.3499999999999999,1.3333333333333333,0.10596559753476004,0.89403440246524,48.0,0.0007683924772490454,0.999603334682586,0.05747472037832815,113.08085226276575,0.07194671847922733,-0.10932236253492963,0.058831538534610574,-0.007857971320319176,uniform_decoder
oracle_decoder,1.3499999999999999,1.3333333333333333,0.09423046282609712,0.9057695371739029,0.0,0.0,0.9996887816814726,0.05588087909343756,138.8135599306129,0.07194671847922733,-0.10932236253492963,0.058831538534610574,-0.007857971320319176,uniform_decoder
uniform_decoder,1.3499999999999999,1.4166666666666665,0.07259072838572894,0.927409271614271,0.0,0.0266399288403777,0.9993087651632707,0.05588087909343755,79.65639773551844,0.07259072838572894,-0.12689186981467693,0.030565182109858948,0.014214108155639135,uniform_decoder
static_tailored,1.3499999999999999,1.4166666666666665,0.19935869393267663,0.8006413060673234,0.0,0.03324596886016249,0.9993532958019639,0.04459152701858912,67.13342144760311,0.07259072838572894,-0.12689186981467693,0.030565182109858948,0.014214108155639135,uniform_decoder
adaptive_decoder,1.3499999999999999,1.4166666666666665,0.09722389682387843,0.9027761031761216,4.0,0.02811052636086131,0.9996430008970395,0.046060862433990345,123.72126240052454,0.07259072838572894,-0.12689186981467693,0.030565182109858948,0.014214108155639135,uniform_decoder
overactive_decoder,1.3499999999999999,1.4166666666666665,0.10431294485370401,0.895687055146296,48.0,0.0007967951288528043,0.9996032922315023,0.05747472037832814,113.08085226276576,0.07259072838572894,-0.12689186981467693,0.030565182109858948,0.014214108155639135,uniform_decoder
oracle_decoder,1.3499999999999999,1.4166666666666665,0.0940933467259521,0.9059066532740478,0.0,0.0,0.9996887390539096,0.05588087909343755,138.8135599306129,0.07259072838572894,-0.12689186981467693,0.030565182109858948,0.014214108155639135,uniform_decoder
uniform_decoder,1.3499999999999999,1.5,0.07299148693291305,0.927008513067087,0.0,0.026319915342976733,0.999309566209751,0.05588217178849603,79.54056178243518,0.07299148693291305,-0.15879055546209342,0.008195095438340334,0.045202193557875525,uniform_decoder
static_tailored,1.3499999999999999,1.5,0.19749943770154338,0.8025005622984567,0.0,0.03428688988627567,0.9993532958019639,0.044591885833564236,67.17482117443241,0.07299148693291305,-0.15879055546209342,0.008195095438340334,0.045202193557875525,uniform_decoder
adaptive_decoder,1.3499999999999999,1.5,0.10521139194653176,0.8947886080534683,4.0,0.027678834026662217,0.9996017736853503,0.04621258926661674,111.41129991101117,0.07299148693291305,-0.15879055546209342,0.008195095438340334,0.045202193557875525,uniform_decoder
overactive_decoder,1.3499999999999999,1.5,0.10721557073663689,0.8927844292633631,48.0,0.0008598000825838897,0.9996026555481715,0.05747601584837625,113.08085226276576,0.07299148693291305,-0.15879055546209342,0.008195095438340334,0.045202193557875525,uniform_decoder
oracle_decoder,1.3499999999999999,1.5,0.0948114029062795,0.9051885970937205,0.0,0.0,0.9996880997241874,0.05588217178849603,138.8135599306129,0.07299148693291305,-0.15879055546209342,0.008195095438340334,0.045202193557875525,uniform_decoder
uniform_decoder,1.3499999999999999,1.5833333333333333,0.07284586399766126,0.9271541360023388,0.0,0.026165023856359233,0.9993091174070647,0.05588132770954846,79.64352053713662,0.07284586399766126,-0.13060476276113359,0.018811884697005357,0.014393102140921278,uniform_decoder
static_tailored,1.3499999999999999,1.5833333333333333,0.1939514454991503,0.8060485545008497,0.0,0.03520296844727388,0.9993532958019639,0.0445924771863301,67.18496728114528,0.07284586399766126,-0.13060476276113359,0.018811884697005357,0.014393102140921278,uniform_decoder
adaptive_decoder,1.3499999999999999,1.5833333333333333,0.0984032996585822,0.9015967003414178,4.0,0.026258367733201657,0.9996860549593222,0.05746768624912076,138.4416574430808,0.07284586399766126,-0.13060476276113359,0.018811884697005357,0.014393102140921278,uniform_decoder
overactive_decoder,1.3499999999999999,1.5833333333333333,0.10275939676403154,0.8972406032359684,48.0,0.0009268014226528525,0.9996031648823713,0.05747516993454601,112.99833863161948,0.07284586399766126,-0.13060476276113359,0.018811884697005357,0.014393102140921278,uniform_decoder
oracle_decoder,1.3499999999999999,1.5833333333333333,0.09519553069174672,0.9048044693082533,0.0,0.0,0.9996886111753808,0.05588132770954846,138.75091928123763,0.07284586399766126,-0.13060476276113359,0.018811884697005357,0.014393102140921278,uniform_decoder
uniform_decoder,1.3499999999999999,1.6666666666666665,0.07231537130696929,0.9276846286930307,0.0,0.02645982780594203,0.9993090995899307,0.05587818121913363,79.3041454431638,0.07231537130696929,-0.14821792343661053,0.008282104311970266,0.0378041598898693,uniform_decoder
static_tailored,1.3499999999999999,1.6666666666666665,0.190146102490922,0.809853897509078,0.0,0.03593866820446062,0.9993532958019639,0.04459235958402646,67.17482117443242,0.07231537130696929,-0.14821792343661053,0.008282104311970266,0.0378041598898693,uniform_decoder
adaptive_decoder,1.3499999999999999,1.6666666666666665,0.10172988273630312,0.8982701172636969,4.0,0.026515756344481587,0.9996860549593222,0.05747201731829775,138.4416574430808,0.07231537130696929,-0.14821792343661053,0.008282104311970266,0.0378041598898693,uniform_decoder
overactive_decoder,1.3499999999999999,1.6666666666666665,0.10368851345553168,0.8963114865444683,48.0,0.0009584292929836238,0.9996006192415559,0.057472017318297756,112.92190841923784,0.07231537130696929,-0.14821792343661053,0.008282104311970266,0.0378041598898693,uniform_decoder
oracle_decoder,1.3499999999999999,1.6666666666666665,0.09324904312657602,0.906750956873424,0.0,0.0,0.9996860549593223,0.05587818121913363,138.44165744312983,0.07231537130696929,-0.14821792343661053,0.008282104311970266,0.0378041598898693,uniform_decoder
uniform_decoder,1.3499999999999999,1.75,0.07179848482772827,0.9282015151722718,0.0,0.026659170006439192,0.9993093664835196,0.05587971714782956,79.6116774737452,0.07179848482772827,-0.4093410163350454,-0.2432170674695538,0.3045973836961271,uniform_decoder
static_tailored,1.3499999999999999,1.75,0.18777995479083426,0.8122200452091657,0.0,0.036393202596214765,0.9993532958019639,0.044590555551339506,67.01990658539295,0.07179848482772827,-0.4093410163350454,-0.2432170674695538,0.3045973836961271,uniform_decoder
adaptive_decoder,1.3499999999999999,1.75,0.18427070427593858,0.8157292957240614,4.0,0.02776411059686196,0.9996623184335601,0.04616129767452544,130.29104749117104,0.07179848482772827,-0.4093410163350454,-0.2432170674695538,0.3045973836961271,uniform_decoder
overactive_decoder,1.3499999999999999,1.75,0.1052541499670273,0.8947458500329727,48.0,0.000988005345462184,0.9996032922315022,0.05747355610455433,113.08085226276576,0.07179848482772827,-0.4093410163350454,-0.2432170674695538,0.3045973836961271,uniform_decoder
oracle_decoder,1.3499999999999999,1.75,0.09138163243776881,0.9086183675622312,0.0,0.0,0.9996887390539096,0.05587971714782956,138.8135599306129,0.07179848482772827,-0.4093410163350454,-0.2432170674695538,0.3045973836961271,uniform_decoder
uniform_decoder,1.3499999999999999,1.8333333333333333,0.07146055637731699,0.928539443622683,0.0,0.02631991534297674,0.999309566209751,0.05588233071981581,79.65430090704511,0.07146055637731699,-0.4184472713785849,-0.266041697880604,0.31530900076540763,uniform_decoder
static_tailored,1.3499999999999999,1.8333333333333333,0.1885211671503428,0.8114788328496572,0.0,0.036168636390988135,0.9993532958019639,0.04459235958402646,67.17482117443241,0.07146055637731699,-0.4184472713785849,-0.266041697880604,0.31530900076540763,uniform_decoder
adaptive_decoder,1.3499999999999999,1.8333333333333333,0.18728960106527537,0.8127103989347246,4.0,0.028681434041660115,0.9995392438607961,0.0462233973091824,99.18211048951738,0.07146055637731699,-0.4184472713785849,-0.266041697880604,0.31530900076540763,uniform_decoder
overactive_decoder,1.3499999999999999,1.8333333333333333,0.10150138462833601,0.898498615371664,48.0,0.0010490779363642507,0.9996026555481715,0.05747617513519086,113.08085226276573,0.07146055637731699,-0.4184472713785849,-0.266041697880604,0.31530900076540763,uniform_decoder
oracle_decoder,1.3499999999999999,1.8333333333333333,0.09061595332863026,0.9093840466713697,0.0,0.0,0.9996880997241874,0.05588233071981581,138.8135599306129,0.07146055637731699,-0.4184472713785849,-0.266041697880604,0.31530900076540763,uniform_decoder
uniform_decoder,1.3499999999999999,1.9166666666666665,0.07110082185966163,0.9288991781403384,0.0,0.026200911042046155,0.9993093763617235,0.05588229104245198,79.65639773551844,0.07110082185966163,-0.16522525721963469,-0.01597504237554043,0.07881171569992076,uniform_decoder
static_tailored,1.3499999999999999,1.9166666666666665,0.19228677036472833,0.8077132296352717,0.0,0.03513653790417188,0.9993532958019639,0.04459235958402646,67.18496728114526,0.07110082185966163,-0.16522525721963469,-0.01597504237554043,0.07881171569992076,uniform_decoder
adaptive_decoder,1.3499999999999999,1.9166666666666665,0.10401593517183341,0.8959840648281666,4.0,0.028434285253970595,0.9994108903547474,0.04622339730918241,76.75404901256299,0.07110082185966163,-0.16522525721963469,-0.01597504237554043,0.07881171569992076,uniform_decoder
overactive_decoder,1.3499999999999999,1.9166666666666665,0.10025933868128793,0.8997406613187121,48.0,0.0011141129426268657,0.9996026555481715,0.0574761353687731,113.08085226276573,0.07110082185966163,-0.16522525721963469,-0.01597504237554043,0.07881171569992076,uniform_decoder
oracle_decoder,1.3499999999999999,1.9166666666666665,0.08675373116816927,0.9132462688318307,0.0,0.0,0.9996880997241874,0.05588229104245198,138.8135599306129,0.07110082185966163,-0.16522525721963469,-0.01597504237554043,0.07881171569992076,uniform_decoder
uniform_decoder,1.3499999999999999,2.0,0.07068166676732672,0.9293183332326733,0.0,0.026459827805942027,0.9993097656929633,0.055882171788496034,79.62395755555606,0.07068166676732672,-0.061840779289121336,0.07667234531752362,-0.033953308052019196,uniform_decoder
static_tailored,1.3499999999999999,2.0,0.19685431967797246,0.8031456803220276,0.0,0.03373782108374502,0.9993532958019639,0.04459235958402646,67.17482117443241,0.07068166676732672,-0.061840779289121336,0.07667234531752362,-0.033953308052019196,uniform_decoder
adaptive_decoder,1.3499999999999999,2.0,0.08149811454682265,0.9185018854531773,4.0,0.028468578907396052,0.9993528837132245,0.046215258070868064,67.17224703218504,0.07068166676732672,-0.061840779289121336,0.07667234531752362,-0.033953308052019196,uniform_decoder
overactive_decoder,1.3499999999999999,2.0,0.09723439286661156,0.9027656071333885,48.0,0.001146882211067591,0.9996026555481715,0.057476015848376256,113.08085226276575,0.07068166676732672,-0.061840779289121336,0.07667234531752362,-0.033953308052019196,uniform_decoder
oracle_decoder,1.3499999999999999,2.0,0.08812535297925925,0.9118746470207407,0.0,0.0,0.9996880997241874,0.055882171788496034,138.8135599306129,0.07068166676732672,-0.061840779289121336,0.07667234531752362,-0.033953308052019196,uniform_decoder
uniform_decoder,1.425,0.0,0.05997380788082152,0.9400261921191785,0.0,0.034257202002499536,0.9993265706293938,0.054830706436547846,81.42012931094719,0.05997380788082152,-0.2260644756769407,0.07680394041683405,0.008834502435877307,uniform_decoder
static_tailored,1.425,0.0,0.09889893100565503,0.901101068994345,0.0,0.0,0.9993689635539907,0.043542492448608125,69.00154931458468,0.05997380788082152,-0.2260644756769407,0.07680394041683405,0.008834502435877307,uniform_decoder
adaptive_decoder,1.425,0.0,0.10093135409521413,0.8990686459047859,4.0,0.0,0.9993689635539907,0.0451680475300072,69.00154931458468,0.05997380788082152,-0.2260644756769407,0.07680394041683405,0.008834502435877307,uniform_decoder
overactive_decoder,1.425,0.0,0.12045644455678049,0.8795435554432195,48.0,0.0,0.9992740309874001,0.0451680475300072,62.21759709584131,0.05997380788082152,-0.2260644756769407,0.07680394041683405,0.008834502435877307,uniform_decoder
oracle_decoder,1.425,0.0,0.09889893100565503,0.901101068994345,0.0,0.0,0.9993689635539907,0.043542492448608125,69.00154931458468,0.05997380788082152,-0.2260644756769407,0.07680394041683405,0.008834502435877307,uniform_decoder
uniform_decoder,1.425,0.08333333333333333,0.062400268030273785,0.9375997319697262,0.0,0.03230203029796256,0.9993265706293938,0.054830706436547846,81.42012931094719,0.062400268030273785,-0.1562089887981083,0.08834083167311046,0.010383325577284445,uniform_decoder
static_tailored,1.425,0.08333333333333333,0.08729957277106536,0.9127004272289346,0.0,0.003445004268593392,0.9993689635539907,0.04468662729620951,69.336428550902,0.062400268030273785,-0.1562089887981083,0.08834083167311046,0.010383325577284445,uniform_decoder
adaptive_decoder,1.425,0.08333333333333333,0.08941192474746984,0.9105880752525302,4.0,0.0011688452853405168,0.9993689412182576,0.04618540555882347,69.336428550902,0.062400268030273785,-0.1562089887981083,0.08834083167311046,0.010383325577284445,uniform_decoder
overactive_decoder,1.425,0.08333333333333333,0.10958125642126557,0.8904187435787344,48.0,3.056088752300379e-05,0.9992740309874001,0.046310337768798,62.53246335902496,0.062400268030273785,-0.1562089887981083,0.08834083167311046,0.010383325577284445,uniform_decoder
oracle_decoder,1.425,0.08333333333333333,0.08729957277106536,0.9127004272289346,0.0,0.0,0.9993689635539907,0.04468662729620951,69.336428550902,0.062400268030273785,-0.1562089887981083,0.08834083167311046,0.010383325577284445,uniform_decoder
uniform_decoder,1.425,0.16666666666666666,0.06732092767141956,0.9326790723285805,0.0,0.027316874712267056,0.9993265706293938,0.054830706436547846,81.42012931094719,0.06732092767141956,-0.09961999145681702,0.09361198063037748,0.011114952710958798,uniform_decoder
static_tailored,1.425,0.16666666666666666,0.08253822605298491,0.9174617739470151,0.0,0.010278973458092257,0.9993689635539907,0.04481689691657323,69.33278425593127,0.06732092767141956,-0.09961999145681702,0.09361198063037748,0.011114952710958798,uniform_decoder
adaptive_decoder,1.425,0.16666666666666666,0.0846779008325878,0.9153220991674123,4.0,0.00372546361225962,0.9993688606164443,0.04642631308220096,69.33278425593127,0.06732092767141956,-0.09961999145681702,0.09361198063037748,0.011114952710958798,uniform_decoder
overactive_decoder,1.425,0.16666666666666666,0.10504661538360256,0.8949533846163974,48.0,9.911342289328679e-05,0.9992740309874001,0.046440658836472234,62.53246335902496,0.06732092767141956,-0.09961999145681702,0.09361198063037748,0.011114952710958798,uniform_decoder
oracle_decoder,1.425,0.16666666666666666,0.08253822605298491,0.9174617739470151,0.0,0.0,0.9993689635539907,0.04481689691657323,69.33278425593127,0.06732092767141956,-0.09961999145681702,0.09361198063037748,0.011114952710958798,uniform_decoder
uniform_decoder,1.425,0.25,0.07194333101310216,0.9280566689868979,0.0,0.025772143185458642,0.9993265706293938,0.054830706436547846,81.42012931094719,0.07194333101310216,-0.05988992870426281,0.12062622229460869,-0.019620768927404688,uniform_decoder
static_tailored,1.425,0.25,0.08043313112467942,0.9195668688753206,0.0,0.01925765594888243,0.9993689635539907,0.044816876995599136,69.336428550902,0.07194333101310216,-0.05988992870426281,0.12062622229460869,-0.019620768927404688,uniform_decoder
adaptive_decoder,1.425,0.25,0.08258106334399806,0.9174189366560019,4.0,0.00657534774149776,0.9993687217714902,0.04643594997415134,69.336428550902,0.07194333101310216,-0.05988992870426281,0.12062622229460869,-0.019620768927404688,uniform_decoder
overactive_decoder,1.425,0.25,0.10902012935781083,0.8909798706421892,48.0,0.000168114682142001,0.9995314066377875,0.04644063876670578,98.73944406269489,0.07194333101310216,-0.05988992870426281,0.12062622229460869,-0.019620768927404688,uniform_decoder
oracle_decoder,1.425,0.25,0.08639751267848811,0.9136024873215118,0.0,0.0,0.9996165629178172,0.044816876995599136,116.40720035752692,0.07194333101310216,-0.05988992870426281,0.12062622229460869,-0.019620768927404688,uniform_decoder
uniform_decoder,1.425,0.3333333333333333,0.07470474946046589,0.9252952505395341,0.0,0.027462002674268213,0.9993265706293938,0.054830706436547846,81.42012931094719,0.07470474946046589,-0.06232479426541469,0.13826940444591052,-0.04607416078176671,uniform_decoder
static_tailored,1.425,0.3333333333333333,0.07991793005517611,0.9200820699448239,0.0,0.026727604581597456,0.9993689635539907,0.0448168169844519,69.33206045843683,0.07470474946046589,-0.06232479426541469,0.13826940444591052,-0.04607416078176671,uniform_decoder
adaptive_decoder,1.425,0.3333333333333333,0.08623290322449459,0.9137670967755054,4.0,0.008161570010758996,0.9997122717409777,0.046440578310023004,151.23084058480057,0.07470474946046589,-0.06232479426541469,0.13826940444591052,-0.04607416078176671,uniform_decoder
overactive_decoder,1.425,0.3333333333333333,0.11856115249476008,0.8814388475052399,48.0,0.0001991728505924489,0.9996267256776687,0.046440578310023004,121.01187229313447,0.07470474946046589,-0.06232479426541469,0.13826940444591052,-0.04607416078176671,uniform_decoder
oracle_decoder,1.425,0.3333333333333333,0.09588422638772445,0.9041157736122756,0.0,0.0,0.9997122717409777,0.0448168169844519,151.23084058480057,0.07470474946046589,-0.06232479426541469,0.13826940444591052,-0.04607416078176671,uniform_decoder
uniform_decoder,1.425,0.41666666666666663,0.07634460999786444,0.9236553900021356,0.0,0.02838347455119469,0.9993265706293938,0.054830706436547846,81.42012931094719,0.07634460999786444,-0.0445845081729119,0.16784382401741696,-0.08086640915745202,uniform_decoder
static_tailored,1.425,0.41666666666666663,0.08292466102939773,0.9170753389706022,0.0,0.03187074321684106,0.9993689635539907,0.044816876995599136,69.33278425593127,0.07634460999786444,-0.0445845081729119,0.16784382401741696,-0.08086640915745202,uniform_decoder
adaptive_decoder,1.425,0.41666666666666663,0.08459854408799439,0.9154014559120056,4.0,0.008929763081085266,0.9997120942122254,0.046418184081020095,151.2450640265206,0.07634460999786444,-0.0445845081729119,0.16784382401741696,-0.08086640915745202,uniform_decoder
overactive_decoder,1.425,0.41666666666666663,0.12451071098795052,0.8754892890120495,48.0,0.00022925190298680822,0.9996265488907887,0.04644063876670579,120.99749976840204,0.07634460999786444,-0.0445845081729119,0.16784382401741696,-0.08086640915745202,uniform_decoder
oracle_decoder,1.425,0.41666666666666663,0.10191293245267019,0.8980870675473298,0.0,0.0,0.9997120942122254,0.044816876995599136,151.2450640265206,0.07634460999786444,-0.0445845081729119,0.16784382401741696,-0.08086640915745202,uniform_decoder
uniform_decoder,1.425,0.5,0.07705167933268084,0.9229483206673191,0.0,0.02731687471226706,0.9993265706293938,0.054830706436547846,81.42012931094719,0.07705167933268084,-0.11150381219508186,0.10528875014814731,-0.025483753010339415,uniform_decoder
static_tailored,1.425,0.5,0.09056280807073416,0.9094371919292659,0.0,0.035488422901292636,0.9993689635539907,0.0448168169844519,69.3320604584368,0.07705167933268084,-0.11150381219508186,0.10528875014814731,-0.025483753010339415,uniform_decoder
adaptive_decoder,1.425,0.5,0.09960609651064331,0.9003939034893567,4.0,0.011109963142171239,0.9997120942122254,0.04642631308220096,151.23084058480057,0.07705167933268084,-0.11150381219508186,0.10528875014814731,-0.025483753010339415,uniform_decoder
overactive_decoder,1.425,0.5,0.12693303693996918,0.8730669630600308,48.0,0.0002971953016618089,0.9996265488907887,0.04644065883647225,121.01187229309855,0.07705167933268084,-0.11150381219508186,0.10528875014814731,-0.025483753010339415,uniform_decoder
oracle_decoder,1.425,0.5,0.10562571791246778,0.8943742820875322,0.0,0.0,0.9997120942122254,0.04481689691657324,151.23084058480057,0.07705167933268084,-0.11150381219508186,0.10528875014814731,-0.025483753010339415,uniform_decoder
uniform_decoder,1.425,0.5833333333333333,0.07621753892890558,0.9237824610710944,0.0,0.026711457573032605,0.9993265706293938,0.054830706436547846,81.42012931094719,0.07621753892890558,-0.12208079702273153,0.08893253744924016,-0.013128875887674632,uniform_decoder
static_tailored,1.425,0.5833333333333333,0.09938288009989268,0.9006171199001073,0.0,0.03806406221894321,0.9993689635539907,0.044816716139100106,69.31961140823634,0.07621753892890558,-0.12208079702273153,0.08893253744924016,-0.013128875887674632,uniform_decoder
adaptive_decoder,1.425,0.5833333333333333,0.10095683297998465,0.8990431670200154,4.0,0.01349115617870601,0.9997122273587151,0.04643844943865389,151.12092730323047,0.07621753892890558,-0.12208079702273153,0.08893253744924016,-0.013128875887674632,uniform_decoder
overactive_decoder,1.425,0.5833333333333333,0.12389912968254072,0.8761008703174593,48.0,0.0003666008253907706,0.9996266814808801,0.046440578310023004,120.94555596147154,0.07621753892890558,-0.12208079702273153,0.08893253744924016,-0.013128875887674632,uniform_decoder
oracle_decoder,1.425,0.5833333333333333,0.10405539308359649,0.8959446069164035,0.0,0.0,0.9997122273587151,0.044816816984451904,151.12092730323047,0.07621753892890558,-0.12208079702273153,0.08893253744924016,-0.013128875887674632,uniform_decoder
uniform_decoder,1.425,0.6666666666666666,0.0744510676207189,0.9255489323792812,0.0,0.027462002674268213,0.9993265706293938,0.054830706436547846,81.42012931094719,0.0744510676207189,-0.03972222635314562,0.1664388444174534,-0.09082281299507422,uniform_decoder
static_tailored,1.425,0.6666666666666666,0.10729884500052214,0.8927011549994779,0.0,0.03982278921302354,0.9993689635539907,0.0448168169844519,69.33206045843683,0.0744510676207189,-0.03972222635314562,0.1664388444174534,-0.09082281299507422,uniform_decoder
adaptive_decoder,1.425,0.6666666666666666,0.08158177613852935,0.9184182238614707,4.0,0.014896132846980494,0.9997058818164807,0.046440578310023004,149.33939851821788,0.0744510676207189,-0.03972222635314562,0.1664388444174534,-0.09082281299507422,uniform_decoder
overactive_decoder,1.425,0.6666666666666666,0.11968287154263386,0.8803171284573661,48.0,0.0003981026575614936,0.9996260185351495,0.046440578310023004,121.01187229313447,0.0744510676207189,-0.03972222635314562,0.1664388444174534,-0.09082281299507422,uniform_decoder
oracle_decoder,1.425,0.6666666666666666,0.10055784767866921,0.8994421523213307,0.0,0.0,0.9997115616313473,0.044816816984451904,151.23084058480057,0.0744510676207189,-0.03972222635314562,0.1664388444174534,-0.09082281299507422,uniform_decoder
uniform_decoder,1.425,0.75,0.07290095040269243,0.9270990495973076,0.0,0.027933314519148572,0.9993283679858591,0.055975410475288784,82.29359022902693,0.07290095040269243,-0.06001419322454875,0.1369099485641853,-0.08263278301735245,uniform_decoder
static_tailored,1.425,0.75,0.11715100655846004,0.88284899344154,0.0,0.04077165286379313,0.9993689635539907,0.04481657322163117,69.336428550902,0.07290095040269243,-0.06001419322454875,0.1369099485641853,-0.08263278301735245,uniform_decoder
adaptive_decoder,1.425,0.75,0.08370422571749564,0.9162957742825044,4.0,0.015629544143777582,0.9996520928766842,0.04643594997415134,127.9325458904575,0.07290095040269243,-0.06001419322454875,0.1369099485641853,-0.08263278301735245,uniform_decoder
overactive_decoder,1.425,0.75,0.11472480600662432,0.8852751939933756,48.0,0.000427785504251333,0.9996266814808801,0.04644047672491422,120.87298909824393,0.07290095040269243,-0.06001419322454875,0.1369099485641853,-0.08263278301735245,uniform_decoder
oracle_decoder,1.425,0.75,0.1012465343803762,0.8987534656196238,0.0,0.0,0.9997122273587151,0.04481671613910009,151.12092730323047,0.07290095040269243,-0.06001419322454875,0.1369099485641853,-0.08263278301735245,uniform_decoder
uniform_decoder,1.425,0.8333333333333333,0.07197602689382804,0.9280239731061719,0.0,0.027316874712267066,0.9993282097848886,0.05610664058695634,82.32049932573057,0.07197602689382804,-0.09616836003353202,0.1093146407956478,-0.0350380853543048,uniform_decoder
static_tailored,1.425,0.8333333333333333,0.1329922521697363,0.8670077478302637,0.0,0.04018317254589746,0.9993689635539907,0.04481657322163117,69.33278425593127,0.07197602689382804,-0.09616836003353202,0.1093146407956478,-0.0350380853543048,uniform_decoder
adaptive_decoder,1.425,0.8333333333333333,0.08981652118930941,0.9101834788106906,4.0,0.016995547192946412,0.9995531510402966,0.046418184081020095,100.15328077725475,0.07197602689382804,-0.09616836003353202,0.1093146407956478,-0.0350380853543048,uniform_decoder
overactive_decoder,1.425,0.8333333333333333,0.11552364161666766,0.8844763583833324,48.0,0.0004951391013224199,0.9996265488907887,0.05770007027848357,120.951237677215,0.07197602689382804,-0.09616836003353202,0.1093146407956478,-0.0350380853543048,uniform_decoder
oracle_decoder,1.425,0.8333333333333333,0.0973630824995171,0.9026369175004829,0.0,0.0,0.9997120942122254,0.05610664058695634,151.20848592956023,0.07197602689382804,-0.09616836003353202,0.1093146407956478,-0.0350380853543048,uniform_decoder
uniform_decoder,1.425,0.9166666666666666,0.07116275404004148,0.9288372459599585,0.0,0.026981107143391955,0.9993286691265449,0.05610645415118855,82.22641411850476,0.07116275404004148,-0.14279057620709631,0.044847127497470565,0.025362643521135646,uniform_decoder
static_tailored,1.425,0.9166666666666666,0.1534570740826156,0.8465429259173844,0.0,0.03787239426523654,0.9993689635539907,0.04481638650344383,69.32120146799676,0.07116275404004148,-0.14279057620709631,0.044847127497470565,0.025362643521135646,uniform_decoder
adaptive_decoder,1.425,0.9166666666666666,0.09886517134810555,0.9011348286518944,4.0,0.01932614413408082,0.9994490539549221,0.046452006718720275,81.41451600081237,0.07116275404004148,-0.14279057620709631,0.044847127497470565,0.025362643521135646,uniform_decoder
overactive_decoder,1.425,0.9166666666666666,0.10962016486256777,0.8903798351374322,48.0,0.0005644930701405389,0.9996266814808801,0.05769988253946715,120.87298909824392,0.07116275404004148,-0.14279057620709631,0.044847127497470565,0.025362643521135646,uniform_decoder
oracle_decoder,1.425,0.9166666666666666,0.09325683667937064,0.9067431633206293,0.0,0.0,0.999712227358715,0.05610645415118855,151.12092730317218,0.07116275404004148,-0.14279057620709631,0.044847127497470565,0.025362643521135646,uniform_decoder
uniform_decoder,1.425,1.0,0.07024853093428735,0.9297514690657127,0.0,0.027462002674268224,0.9993287165844704,0.056106558137726116,82.312314688163,0.07024853093428735,-0.15020312790585585,0.03578687348930591,0.031791090056641956,uniform_decoder
static_tailored,1.425,1.0,0.17127515979778746,0.8287248402022125,0.0,0.03492127437330645,0.9993689635539907,0.0448168169844519,69.3320604584368,0.07024853093428735,-0.15020312790585585,0.03578687348930591,0.031791090056641956,uniform_decoder
adaptive_decoder,1.425,1.0,0.0992751094256856,0.9007248905743144,4.0,0.020341104555721648,0.9997115616313473,0.04643991042110086,151.23084058480057,0.07024853093428735,-0.15020312790585585,0.03578687348930591,0.031791090056641956,uniform_decoder
overactive_decoder,1.425,1.0,0.10780210667096327,0.8921978933290368,48.0,0.0005964138882091934,0.9996260185351494,0.057699987248642795,121.01187229309855,0.07024853093428735,-0.15020312790585585,0.03578687348930591,0.031791090056641956,uniform_decoder
oracle_decoder,1.425,1.0,0.09226761278637369,0.9077323872136263,0.0,0.0,0.9997115616313473,0.056106558137726116,151.23084058480057,0.07024853093428735,-0.15020312790585585,0.03578687348930591,0.031791090056641956,uniform_decoder
uniform_decoder,1.425,1.0833333333333333,0.06971523913556056,0.9302847608644395,0.0,0.027771361407086446,0.9993284417394387,0.056106558137726116,82.32049932573057,0.06971523913556056,-0.06314893126868396,0.10360127716952477,-0.0702638162661965,uniform_decoder
static_tailored,1.425,1.0833333333333333,0.18369986040169037,0.8163001395983096,0.0,0.03258890365246731,0.9993689635539907,0.044816716139100106,69.3320604584368,0.06971523913556056,-0.06314893126868396,0.10360127716952477,-0.0702638162661965,uniform_decoder
adaptive_decoder,1.425,1.0833333333333333,0.08062628561546199,0.919373714384538,4.0,0.019352501635308692,0.9997106740193552,0.057699987248642795,151.0511639406724,0.06971523913556056,-0.06314893126868396,0.10360127716952477,-0.0702638162661965,uniform_decoder
overactive_decoder,1.425,1.0833333333333333,0.10234766285679266,0.8976523371432074,48.0,0.0006254290322935364,0.9996251346306055,0.057699987248642795,120.94555596147154,0.06971523913556056,-0.06314893126868396,0.10360127716952477,-0.0702638162661965,uniform_decoder
oracle_decoder,1.425,1.0833333333333333,0.094785186501503,0.905214813498497,0.0,0.0,0.9997106740193552,0.056106558137726116,151.0511639406724,0.06971523913556056,-0.06314893126868396,0.10360127716952477,-0.0702638162661965,uniform_decoder
uniform_decoder,1.425,1.1666666666666665,0.07000103798962647,0.9299989620103736,0.0,0.027316874712267066,0.9993282097848887,0.056105874918712315,82.29036422325586,0.07000103798962647,-0.10343194323914665,0.07057336593329572,0.0010771430359532317,uniform_decoder
static_tailored,1.425,1.1666666666666665,0.19165218616937013,0.8083478138306299,0.0,0.03165595240836125,0.9993689635539907,0.04481689691657324,69.33278425593127,0.07000103798962647,-0.10343194323914665,0.07057336593329572,0.0010771430359532317,uniform_decoder
adaptive_decoder,1.425,1.1666666666666665,0.0888252468536724,0.9111747531463276,4.0,0.01905342458951489,0.9997106740193552,0.04625024723977199,151.0511639406724,0.07000103798962647,-0.10343194323914665,0.07057336593329572,0.0010771430359532317,uniform_decoder
overactive_decoder,1.425,1.1666666666666665,0.10449843564253755,0.8955015643574624,48.0,0.0006920011660056367,0.9996251346306055,0.057699299464506776,120.94555596147154,0.07000103798962647,-0.10343194323914665,0.07057336593329572,0.0010771430359532317,uniform_decoder
oracle_decoder,1.425,1.1666666666666665,0.08860521425420254,0.9113947857457975,0.0,0.0,0.9997106740193552,0.056105874918712315,151.0511639406724,0.07000103798962647,-0.10343194323914665,0.07057336593329572,0.0010771430359532317,uniform_decoder
uniform_decoder,1.425,1.25,0.0707896832671293,0.9292103167328707,0.0,0.02709667283020459,0.9993286691265449,0.056106114502431186,82.32049932573057,0.0707896832671293,-0.09069302616700332,0.08095243025397154,-0.0273637371982074,uniform_decoder
static_tailored,1.425,1.25,0.19633311370279788,0.8036668862972021,0.0,0.032175551903544534,0.9993689635539907,0.044816816984451904,69.3320604584368,0.0707896832671293,-0.09069302616700332,0.08095243025397154,-0.0273637371982074,uniform_decoder
adaptive_decoder,1.425,1.25,0.08722942211725618,0.9127705778827438,4.0,0.02242499250963278,0.9997100970909313,0.045825957282566714,150.88652413788205,0.0707896832671293,-0.09069302616700332,0.08095243025397154,-0.0273637371982074,uniform_decoder
overactive_decoder,1.425,1.25,0.10510307578265468,0.8948969242173453,48.0,0.0007618093395407783,0.9996245601111434,0.05769954060153708,120.8652794563171,0.0707896832671293,-0.09069302616700332,0.08095243025397154,-0.0273637371982074,uniform_decoder
oracle_decoder,1.425,1.25,0.09290235700955687,0.9070976429904432,0.0,0.0,0.9997100970909313,0.056106114502431186,150.88652413788205,0.0707896832671293,-0.09069302616700332,0.08095243025397154,-0.0273637371982074,uniform_decoder
uniform_decoder,1.425,1.3333333333333333,0.0715593148933445,0.9284406851066556,0.0,0.027462002674268213,0.9993287165844704,0.05610587491871232,82.17779830346082,0.0715593148933445,-0.09556004109803969,0.07777737051385436,-0.007834423770156794,uniform_decoder
static_tailored,1.425,1.3333333333333333,0.19853527810290728,0.8014647218970927,0.0,0.03327607521297766,0.9993689635539907,0.0448168169844519,69.30175943559644,0.0715593148933445,-0.09556004109803969,0.07777737051385436,-0.007834423770156794,uniform_decoder
adaptive_decoder,1.425,1.3333333333333333,0.08917152934004423,0.9108284706599558,4.0,0.026805241762370036,0.9996945361485091,0.045640919256474476,144.5762600078378,0.0715593148933445,-0.09556004109803969,0.07777737051385436,-0.007834423770156794,uniform_decoder
overactive_decoder,1.425,1.3333333333333333,0.10666049272561709,0.8933395072743829,48.0,0.0007940454780994665,0.9996267256776687,0.057699299464506776,121.01187229309855,0.0715593148933445,-0.09556004109803969,0.07777737051385436,-0.007834423770156794,uniform_decoder
oracle_decoder,1.425,1.3333333333333333,0.09079472945030595,0.909205270549694,0.0,0.0,0.9997122717409777,0.05610587491871232,151.23084058480057,0.0715593148933445,-0.09556004109803969,0.07777737051385436,-0.007834423770156794,uniform_decoder
uniform_decoder,1.425,1.4166666666666665,0.0722272725502009,0.9277727274497991,0.0,0.027670854626491447,0.9993279070487513,0.056105874918712315,82.31016576139226,0.0722272725502009,-0.11455736207851501,0.030626826555815785,-0.003937012763926321,uniform_decoder
static_tailored,1.425,1.4166666666666665,0.19871104764975014,0.8012889523502499,0.0,0.034416381220650986,0.9993689635539907,0.044816386503443814,69.23964160358864,0.0722272725502009,-0.11455736207851501,0.030626826555815785,-0.003937012763926321,uniform_decoder
adaptive_decoder,1.425,1.4166666666666665,0.09402829850987249,0.9059717014901275,4.0,0.02925809032610292,0.9996642384803895,0.046318864700187784,132.367756071886,0.0722272725502009,-0.11455736207851501,0.030626826555815785,-0.003937012763926321,uniform_decoder
overactive_decoder,1.425,1.4166666666666665,0.10089866125306035,0.8991013387469396,48.0,0.00082232050415526,0.9996266814808801,0.057699299464506776,121.0118722931345,0.0722272725502009,-0.11455736207851501,0.030626826555815785,-0.003937012763926321,uniform_decoder
oracle_decoder,1.425,1.4166666666666665,0.0948845692075854,0.9051154307924146,0.0,0.0,0.999712227358715,0.056105874918712315,151.23084058480057,0.0722272725502009,-0.11455736207851501,0.030626826555815785,-0.003937012763926321,uniform_decoder
uniform_decoder,1.425,1.5,0.07265131209399121,0.9273486879060088,0.0,0.02731687471226706,0.9993286032754211,0.056106558137726116,82.11900219777817,0.07265131209399121,-0.1486223450845448,0.02003925362282858,0.04902303117839195,uniform_decoder
static_tailored,1.425,1.5,0.19681320185264323,0.8031867981473568,0.0,0.03548842290129263,0.9993689635539907,0.04481657322163117,69.3320604584368,0.07265131209399121,-0.1486223450845448,0.02003925362282858,0.04902303117839195,uniform_decoder
adaptive_decoder,1.425,1.5,0.10229768535106779,0.8977023146489322,4.0,0.028789306536195162,0.9996204167179342,0.04643844943865389,117.56108729187522,0.07265131209399121,-0.1486223450845448,0.02003925362282858,0.04902303117839195,uniform_decoder
overactive_decoder,1.425,1.5,0.1071285090826492,0.8928714909173507,48.0,0.0008883363430643951,0.9996260185351494,0.057699987248642795,121.01187229309855,0.07265131209399121,-0.1486223450845448,0.02003925362282858,0.04902303117839195,uniform_decoder
oracle_decoder,1.425,1.5,0.09137823726687164,0.9086217627331283,0.0,0.0,0.9997115616313473,0.056106558137726116,151.23084058480057,0.07265131209399121,-0.1486223450845448,0.02003925362282858,0.04902303117839195,uniform_decoder
uniform_decoder,1.425,1.5833333333333333,0.07249483630721276,0.9275051636927872,0.0,0.02715707236947905,0.9993282097848886,0.056106114502431186,82.32125118591124,0.07249483630721276,-0.12025953425102431,0.028605591725190657,0.01741146367470989,uniform_decoder
static_tailored,1.425,1.5833333333333333,0.193120781161162,0.8068792188388381,0.0,0.03643364946166055,0.9993689635539907,0.044816876995599136,69.32120146798462,0.07249483630721276,-0.12025953425102431,0.028605591725190657,0.01741146367470989,uniform_decoder
adaptive_decoder,1.425,1.5833333333333333,0.09562393423523582,0.9043760657647641,4.0,0.027231239395988024,0.9997094314275172,0.057695242965027795,150.67270651381273,0.07249483630721276,-0.12025953425102431,0.028605591725190657,0.01741146367470989,uniform_decoder
overactive_decoder,1.425,1.5833333333333333,0.1021344370652785,0.8978655629347215,48.0,0.0009587158552071041,0.9996265488907887,0.05769954060153708,120.951237677215,0.07249483630721276,-0.12025953425102431,0.028605591725190657,0.01741146367470989,uniform_decoder
oracle_decoder,1.425,1.5833333333333333,0.09186607134100881,0.9081339286589912,0.0,0.0,0.9997120942122254,0.056106114502431186,151.20848592956023,0.07249483630721276,-0.12025953425102431,0.028605591725190657,0.01741146367470989,uniform_decoder
uniform_decoder,1.425,1.6666666666666665,0.07193600516668855,0.9280639948333115,0.0,0.02746200267426822,0.9993282097848887,0.05610438354920752,81.88155999539693,0.07193600516668855,-0.13930930717635365,0.02251940328922964,0.042094313151898766,uniform_decoder
static_tailored,1.425,1.6666666666666665,0.1891498829724789,0.8108501170275211,0.0,0.037201573764392024,0.9993689635539907,0.044816816984451904,69.3320604584368,0.07193600516668855,-0.13930930717635365,0.02251940328922964,0.042094313151898766,uniform_decoder
adaptive_decoder,1.425,1.6666666666666665,0.09914153153465442,0.9008584684653456,4.0,0.02747002205198601,0.9997094314275172,0.057697799385451956,150.67270651381273,0.07193600516668855,-0.13930930717635365,0.02251940328922964,0.042094313151898766,uniform_decoder
overactive_decoder,1.425,1.6666666666666665,0.10441791736477493,0.8955820826352251,48.0,0.0009904835732665552,0.9996238972264189,0.057697799385451956,120.75393709817965,0.07193600516668855,-0.13930930717635365,0.02251940328922964,0.042094313151898766,uniform_decoder
oracle_decoder,1.425,1.6666666666666665,0.08998317448720955,0.9100168255127905,0.0,0.0,0.9997094314275172,0.05610438354920752,150.67270651381273,0.07193600516668855,-0.13930930717635365,0.02251940328922964,0.042094313151898766,uniform_decoder
uniform_decoder,1.425,1.75,0.07139980734459468,0.9286001926554053,0.0,0.0276849083659043,0.9993284417394387,0.0561052428367783,82.22284769897641,0.07139980734459468,-0.4078447190849757,-0.25255611426264407,0.31643881688473047,uniform_decoder
static_tailored,1.425,1.75,0.18665194613845365,0.8133480538615463,0.0,0.03768446760249611,0.9993689635539907,0.04481587232488168,69.1878192153167,0.07139980734459468,-0.4078447190849757,-0.25255611426264407,0.31643881688473047,uniform_decoder
adaptive_decoder,1.425,1.75,0.18261723338642172,0.8173827666135782,4.0,0.028776134230965315,0.9996845935699211,0.04639836906508468,140.40664470280797,0.07139980734459468,-0.4078447190849757,-0.25255611426264407,0.31643881688473047,uniform_decoder
overactive_decoder,1.425,1.75,0.10209057379659399,0.897909426203406,48.0,0.0010199724902908637,0.9996266814808801,0.057698663503583485,121.01187229309855,0.07139980734459468,-0.4078447190849757,-0.25255611426264407,0.31643881688473047,uniform_decoder
oracle_decoder,1.425,1.75,0.088125773544592,0.911874226455408,0.0,0.0,0.9997122273587151,0.0561052428367783,151.23084058480057,0.07139980734459468,-0.4078447190849757,-0.25255611426264407,0.31643881688473047,uniform_decoder
uniform_decoder,1.425,1.8333333333333333,0.07106161768565845,0.9289383823143416,0.0,0.027316874712267066,0.999328603275421,0.05610664058695633,82.32049932574417,0.07106161768565845,-0.4173701059763369,-0.2758171704638963,0.32680542713324345,uniform_decoder
static_tailored,1.425,1.8333333333333333,0.1874203392493055,0.8125796607506945,0.0,0.03745449142303813,0.9993689635539907,0.044816816984451904,69.3320604584368,0.07106161768565845,-0.4173701059763369,-0.2758171704638963,0.32680542713324345,uniform_decoder
adaptive_decoder,1.425,1.8333333333333333,0.18578266814021022,0.8142173318597898,4.0,0.029758711169207457,0.9995569149242239,0.046452006718720275,104.23590166856054,0.07106161768565845,-0.4173701059763369,-0.2758171704638963,0.32680542713324345,uniform_decoder
overactive_decoder,1.425,1.8333333333333333,0.0984437219940677,0.9015562780059323,48.0,0.0010839566708713132,0.9996260185351495,0.05770007027848356,121.0118722931345,0.07106161768565845,-0.4173701059763369,-0.2758171704638963,0.32680542713324345,uniform_decoder
oracle_decoder,1.425,1.8333333333333333,0.08753863465748568,0.9124613653425143,0.0,0.0,0.9997115616313473,0.05610664058695633,151.23084058480057,0.07106161768565845,-0.4173701059763369,-0.2758171704638963,0.32680542713324345,uniform_decoder
uniform_decoder,1.425,1.9166666666666665,0.07069463930320347,0.9293053606967965,0.0,0.027194171762491687,0.9993281151387375,0.05610662003635794,82.312314688163,0.07069463930320347,-0.15814281046720513,-0.019107424736704744,0.08404565947123137,uniform_decoder
static_tailored,1.425,1.9166666666666665,0.19139994501320592,0.8086000549867941,0.0,0.036372822739352856,0.9993689635539907,0.0448168169844519,69.32120146799676,0.07069463930320347,-0.15814281046720513,-0.019107424736704744,0.08404565947123137,uniform_decoder
adaptive_decoder,1.425,1.9166666666666665,0.10174879940793594,0.8982512005920641,4.0,0.029480981827684483,0.9994146945670795,0.04645200671872028,78.3150814025408,0.07069463930320347,-0.15814281046720513,-0.019107424736704744,0.08404565947123137,uniform_decoder
overactive_decoder,1.425,1.9166666666666665,0.09736925984160126,0.9026307401583987,48.0,0.0011523569678208612,0.9996260185351495,0.05770004958252402,121.01187229313447,0.07069463930320347,-0.15814281046720513,-0.019107424736704744,0.08404565947123137,uniform_decoder
oracle_decoder,1.425,1.9166666666666665,0.08384624812546503,0.916153751874535,0.0,0.0,0.9997115616313473,0.05610662003635794,151.23084058480057,0.07069463930320347,-0.15814281046720513,-0.019107424736704744,0.08404565947123137,uniform_decoder
uniform_decoder,1.425,2.0,0.07025519709928582,0.9297448029007142,0.0,0.02746200267426822,0.9993287165844704,0.056106558137726116,82.312314688163,0.07025519709928582,-0.052628740943258576,0.07605632951628777,-0.031657036180417555,uniform_decoder
static_tailored,1.425,2.0,0.19616384549754423,0.8038361545024557,0.0,0.03492127437330646,0.9993689635539907,0.0448168169844519,69.3320604584368,0.07025519709928582,-0.052628740943258576,0.07605632951628777,-0.031657036180417555,uniform_decoder
adaptive_decoder,1.425,2.0,0.07930621032581961,0.9206937896741804,4.0,0.029463981539819523,0.9993685247191133,0.04643991042110086,69.3320604584368,0.07025519709928582,-0.052628740943258576,0.07605632951628777,-0.031657036180417555,uniform_decoder
overactive_decoder,1.425,2.0,0.09448514349707822,0.9055148565029217,48.0,0.001185313350804328,0.9996260185351494,0.057699987248642795,121.01187229309855,0.07025519709928582,-0.052628740943258576,0.07605632951628777,-0.031657036180417555,uniform_decoder
oracle_decoder,1.425,2.0,0.08530298597852617,0.9146970140214739,0.0,0.0,0.9997115616313473,0.056106558137726116,151.23084058480057,0.07025519709928582,-0.052628740943258576,0.07605632951628777,-0.031657036180417555,uniform_decoder
uniform_decoder,1.5,0.0,0.059066980551934364,0.9409330194480656,0.0,0.03546489281689064,0.9993450427388458,0.05514394205845005,84.19471823440115,0.059066980551934364,-0.20348531097100192,0.08300197348256155,0.009647331345060477,uniform_decoder
static_tailored,1.5,0.0,0.09229597252267384,0.9077040274773261,0.0,0.0,0.9993841312334605,0.04385595975923255,71.20991052307,0.059066980551934364,-0.20348531097100192,0.08300197348256155,0.009647331345060477,uniform_decoder
adaptive_decoder,1.5,0.0,0.09436915833898205,0.9056308416610179,4.0,0.0,0.9993841312334605,0.04548089629926219,71.20991052307,0.059066980551934364,-0.20348531097100192,0.08300197348256155,0.009647331345060477,uniform_decoder
overactive_decoder,1.5,0.0,0.11424364608459144,0.8857563539154085,48.0,0.0,0.9992891170648364,0.04548089629926219,63.978039209498,0.059066980551934364,-0.20348531097100192,0.08300197348256155,0.009647331345060477,uniform_decoder
oracle_decoder,1.5,0.0,0.09229597252267384,0.9077040274773261,0.0,0.0,0.9993841312334605,0.04385595975923255,71.20991052307,0.059066980551934364,-0.20348531097100192,0.08300197348256155,0.009647331345060477,uniform_decoder
uniform_decoder,1.5,0.08333333333333333,0.061520884290144594,0.9384791157098554,0.0,0.033488720575221224,0.9993450427388458,0.05514394205845005,84.19471823440115,0.061520884290144594,-0.13077011573183805,0.09572623314087929,0.011383632291977103,uniform_decoder
static_tailored,1.5,0.08333333333333333,0.0809858328423921,0.9190141671576079,0.0,0.0033861352021860303,0.9993841312334605,0.044923903070824514,71.50778959840343,0.061520884290144594,-0.13077011573183805,0.09572623314087929,0.011383632291977103,uniform_decoder
adaptive_decoder,1.5,0.08333333333333333,0.08313668148240624,0.9168633185175937,4.0,0.00115763277739409,0.9993841073023638,0.046436988772215776,71.50778959840343,0.061520884290144594,-0.13077011573183805,0.09572623314087929,0.011383632291977103,uniform_decoder
overactive_decoder,1.5,0.08333333333333333,0.10363797488995029,0.8963620251100497,48.0,3.0370823776500097e-05,0.9992891170648364,0.04654714602944104,64.25840664416991,0.061520884290144594,-0.13077011573183805,0.09572623314087929,0.011383632291977103,uniform_decoder
oracle_decoder,1.5,0.08333333333333333,0.0809858328423921,0.9190141671576079,0.0,0.0,0.9993841312334605,0.044923903070824514,71.50778959840343,0.061520884290144594,-0.13077011573183805,0.09572623314087929,0.011383632291977103,uniform_decoder
uniform_decoder,1.5,0.16666666666666666,0.06668757967054138,0.9333124203294586,0.0,0.02826169491720396,0.9993450427388458,0.05514394205845005,84.19471823440115,0.06668757967054138,-0.07297055024430966,0.10106658819116238,0.01214075465797855,uniform_decoder
static_tailored,1.5,0.16666666666666666,0.07671402172703216,0.9232859782729679,0.0,0.010396737360557623,0.9993841312334605,0.045019995313470604,71.50778959840343,0.06668757967054138,-0.07297055024430966,0.10106658819116238,0.01214075465797855,uniform_decoder
adaptive_decoder,1.5,0.16666666666666666,0.07888882832331048,0.9211111716766895,4.0,0.0038179400227673576,0.999384022453957,0.046637632704605705,71.50778959840343,0.06668757967054138,-0.07297055024430966,0.10106658819116238,0.01214075465797855,uniform_decoder
overactive_decoder,1.5,0.16666666666666666,0.09955935951620383,0.9004406404837961,48.0,0.00010204283606325487,0.9992891170648364,0.046643381393579326,64.25558667935852,0.06668757967054138,-0.07297055024430966,0.10106658819116238,0.01214075465797855,uniform_decoder
oracle_decoder,1.5,0.16666666666666666,0.07671402172703216,0.9232859782729679,0.0,0.0,0.9993841312334605,0.045019995313470604,71.50778959840343,0.06668757967054138,-0.07297055024430966,0.10106658819116238,0.01214075465797855,uniform_decoder
uniform_decoder,1.5,0.25,0.07155077600984182,0.9284492239901582,0.0,0.026646789603968307,0.9993450427388458,0.05514394205845005,84.19471823440115,0.07155077600984182,-0.0323472025696389,0.12940402629432138,-0.020973968224548598,uniform_decoder
static_tailored,1.5,0.25,0.07490209606869816,0.9250979039313019,0.0,0.019788364034651028,0.9993841312334605,0.04501999422262087,71.5048652819531,0.07155077600984182,-0.0323472025696389,0.12940402629432138,-0.020973968224548598,uniform_decoder
adaptive_decoder,1.5,0.25,0.07708352221519053,0.9229164777848095,4.0,0.006808313447745542,0.9993838767022124,0.046642266989056554,71.5048652819531,0.07155077600984182,-0.0323472025696389,0.12940402629432138,-0.020973968224548598,uniform_decoder
overactive_decoder,1.5,0.25,0.10384021464202808,0.8961597853579719,48.0,0.00017421928302966368,0.9995493234373943,0.04664338009656238,103.18202856520581,0.07155077600984182,-0.0323472025696389,0.12940402629432138,-0.020973968224548598,uniform_decoder
oracle_decoder,1.5,0.25,0.0808975779380682,0.9191024220619318,0.0,0.0,0.9996345530201591,0.04501999422262087,122.77669508627031,0.07155077600984182,-0.0323472025696389,0.12940402629432138,-0.020973968224548598,uniform_decoder
uniform_decoder,1.5,0.3333333333333333,0.07440394284081471,0.9255960571591852,0.0,0.028416821909086194,0.9993450427388458,0.05514394205845005,84.19471823440115,0.07440394284081471,-0.03446451390459651,0.14775293953550553,-0.06275406939316153,uniform_decoder
static_tailored,1.5,0.3333333333333333,0.07443461850004887,0.9255653814999512,0.0,0.02756953285005069,0.9993841312334606,0.04501999067387515,71.50778959840343,0.07440394284081471,-0.03446451390459651,0.14775293953550553,-0.06275406939316153,uniform_decoder
adaptive_decoder,1.5,0.3333333333333333,0.08054905772662696,0.919450942273373,4.0,0.008414661715931597,0.9997347433465787,0.04664337593028711,165.13223820790608,0.07440394284081471,-0.03446451390459651,0.14775293953550553,-0.06275406939316153,uniform_decoder
overactive_decoder,1.5,0.3333333333333333,0.11319139280442031,0.8868086071955796,48.0,0.0002051130464659421,0.9996491018584351,0.04664337593028712,129.56375725399315,0.07440394284081471,-0.03446451390459651,0.14775293953550553,-0.06275406939316153,uniform_decoder
oracle_decoder,1.5,0.3333333333333333,0.09307103290337582,0.9069289670966242,0.0,0.0,0.9997347433465787,0.04501999067387515,165.13223820790608,0.07440394284081471,-0.03446451390459651,0.14775293953550553,-0.06275406939316153,uniform_decoder
uniform_decoder,1.5,0.41666666666666663,0.07610002732979394,0.9238999726702061,0.0,0.02937971230351129,0.9993450427388458,0.05514394205845005,84.19471823440115,0.07610002732979394,-0.016004831949134973,0.17772228267235715,-0.08459846067661025,uniform_decoder
static_tailored,1.5,0.41666666666666663,0.07747764515312472,0.9225223548468753,0.0,0.03288560334057691,0.9993841312334605,0.04501999422262087,71.50778959840343,0.07610002732979394,-0.016004831949134973,0.17772228267235715,-0.08459846067661025,uniform_decoder
adaptive_decoder,1.5,0.41666666666666663,0.07895681926582379,0.9210431807341762,4.0,0.009164383757076762,0.9997345603613744,0.04663267972910736,165.17699624187296,0.07610002732979394,-0.016004831949134973,0.17772228267235715,-0.08459846067661025,uniform_decoder
overactive_decoder,1.5,0.41666666666666663,0.1188808570404341,0.881119142959566,48.0,0.000234982800180769,0.9996489196441878,0.046643380096562395,129.56488834585465,0.07610002732979394,-0.016004831949134973,0.17772228267235715,-0.08459846067661025,uniform_decoder
oracle_decoder,1.5,0.41666666666666663,0.09593743554174841,0.9040625644582516,0.0,0.0,0.9997345603613744,0.04501999422262087,165.17699624187296,0.07610002732979394,-0.016004831949134973,0.17772228267235715,-0.08459846067661025,uniform_decoder
uniform_decoder,1.5,0.5,0.07685899334016091,0.9231410066598391,0.0,0.028261694917203966,0.9993450427388458,0.05514394205845005,84.19471823440115,0.07685899334016091,-0.08669349501709454,0.1127047625323545,-0.02779129359859575,uniform_decoder
static_tailored,1.5,0.5,0.08546390507486075,0.9145360949251392,0.0,0.03660262683163711,0.9993841312334605,0.04501999067387515,71.50778959840343,0.07685899334016091,-0.08669349501709454,0.1127047625323545,-0.02779129359859575,uniform_decoder
adaptive_decoder,1.5,0.5,0.0938400406021291,0.9061599593978709,4.0,0.011419288169688105,0.9997345603613744,0.046637632704605705,165.1603400223573,0.07685899334016091,-0.08669349501709454,0.1127047625323545,-0.02779129359859575,uniform_decoder
overactive_decoder,1.5,0.5,0.1216446321791012,0.8783553678208988,48.0,0.0003059858005237887,0.9996489196441877,0.046643381393579326,129.56375725395225,0.07685899334016091,-0.08669349501709454,0.1127047625323545,-0.02779129359859575,uniform_decoder
oracle_decoder,1.5,0.5,0.10004133547937509,0.8999586645206249,0.0,0.0,0.9997345603613744,0.0450199953134706,165.1603400223573,0.07685899334016091,-0.08669349501709454,0.1127047625323545,-0.02779129359859575,uniform_decoder
uniform_decoder,1.5,0.5833333333333333,0.07598781904728902,0.924012180952711,0.0,0.027632502849131768,0.9993450427388458,0.05514394205845005,84.19471823440115,0.07598781904728902,-0.10007452363989358,0.09498936370489186,-0.0147425216128628,uniform_decoder
static_tailored,1.5,0.5833333333333333,0.09475778857239375,0.9052422114276062,0.0,0.039250196686965215,0.9993841312334605,0.04501998383947458,71.50192529483385,0.07598781904728902,-0.10007452363989358,0.09498936370489186,-0.0147425216128628,uniform_decoder
adaptive_decoder,1.5,0.5833333333333333,0.09567941327927754,0.9043205867207225,4.0,0.013947919717022748,0.9997346976013068,0.04664302678570355,165.08203194840763,0.07598781904728902,-0.10007452363989358,0.09498936370489186,-0.0147425216128628,uniform_decoder
overactive_decoder,1.5,0.5833333333333333,0.11907151165870099,0.880928488341299,48.0,0.0003786149343992177,0.9996490563059036,0.04664337593028711,129.45582723179493,0.07598781904728902,-0.10007452363989358,0.09498936370489186,-0.0147425216128628,uniform_decoder
oracle_decoder,1.5,0.5833333333333333,0.09898309406854622,0.9010169059314538,0.0,0.0,0.9997346976013068,0.04501999067387515,165.08203194840763,0.07598781904728902,-0.10007452363989358,0.09498936370489186,-0.0147425216128628,uniform_decoder
uniform_decoder,1.5,0.6666666666666666,0.07414122708263367,0.9258587729173663,0.0,0.028416821909086204,0.9993450427388461,0.05514394205845006,84.19471823442971,0.07414122708263367,-0.01724285645830669,0.17366154563698927,-0.09370175925584276,uniform_decoder
static_tailored,1.5,0.6666666666666666,0.10299589319369704,0.8970041068063029,0.0,0.04107628582028517,0.9993841312334605,0.04501999067387515,71.50778959840343,0.07414122708263367,-0.01724285645830669,0.17366154563698927,-0.09370175925584276,uniform_decoder
adaptive_decoder,1.5,0.6666666666666666,0.07714408389448033,0.9228559161055196,4.0,0.015337624668859113,0.9997281496451732,0.04664337593028711,162.63008077865953,0.07414122708263367,-0.01724285645830669,0.17366154563698927,-0.09370175925584276,uniform_decoder
overactive_decoder,1.5,0.6666666666666666,0.11507054544311482,0.8849294545568852,48.0,0.0004099847341360416,0.9996483729361912,0.04664337593028711,129.56375725399315,0.07414122708263367,-0.01724285645830669,0.17366154563698927,-0.09370175925584276,uniform_decoder
oracle_decoder,1.5,0.6666666666666666,0.0957203736650061,0.9042796263349939,0.0,0.0,0.9997340113405795,0.04501999067387515,165.13223820790608,0.07414122708263367,-0.01724285645830669,0.17366154563698927,-0.09370175925584276,uniform_decoder
uniform_decoder,1.5,0.75,0.0725382926025206,0.9274617073974794,0.0,0.028913139629944903,0.9993464385288414,0.056212513219991295,85.01704021269171,0.0725382926025206,-0.039402087685402445,0.14213472517886896,-0.08489689789569728,uniform_decoder
static_tailored,1.5,0.75,0.113135236854735,0.886864763145265,0.0,0.04208173277246499,0.9993841312334605,0.04501997234258272,71.50778959840343,0.0725382926025206,-0.039402087685402445,0.14213472517886896,-0.08489689789569728,uniform_decoder
adaptive_decoder,1.5,0.75,0.07942722995453609,0.9205727700454639,4.0,0.01603237723020753,0.9996720817056657,0.046642266989056554,136.48334412032415,0.0725382926025206,-0.039402087685402445,0.14213472517886896,-0.08489689789569728,uniform_decoder
overactive_decoder,1.5,0.75,0.11018034853736938,0.8898196514626306,48.0,0.000439446656732827,0.9996490563059036,0.04664912834287363,129.45582723179493,0.0725382926025206,-0.039402087685402445,0.14213472517886896,-0.08489689789569728,uniform_decoder
oracle_decoder,1.5,0.75,0.09657535529764281,0.9034246447023572,0.0,0.0,0.9997346976013068,0.04501998383947457,165.08203194840766,0.0725382926025206,-0.039402087685402445,0.14213472517886896,-0.08489689789569728,uniform_decoder
uniform_decoder,1.5,0.8333333333333333,0.07160767598222201,0.928392324017778,0.0,0.028261694917203966,0.9993465727314936,0.05630967423151931,85.0107733214739,0.07160767598222201,-0.07833044908187714,0.11948209911647231,-0.03663807711951487,uniform_decoder
static_tailored,1.5,0.8333333333333333,0.12961872625719012,0.8703812737428098,0.0,0.04148613401799859,0.9993841312334605,0.04501997234258272,71.50778959840343,0.07160767598222201,-0.07833044908187714,0.11948209911647231,-0.03663807711951487,uniform_decoder
adaptive_decoder,1.5,0.8333333333333333,0.08576103785124356,0.9142389621487564,4.0,0.01747066826952076,0.9995668006054159,0.04663267972910736,103.81098896233716,0.07160767598222201,-0.07833044908187714,0.11948209911647231,-0.03663807711951487,uniform_decoder
overactive_decoder,1.5,0.8333333333333333,0.1129203270144691,0.8870796729855309,48.0,0.0005097995041621121,0.9996489196441878,0.05790272832752347,129.52895121495047,0.07160767598222201,-0.07833044908187714,0.11948209911647231,-0.03663807711951487,uniform_decoder
oracle_decoder,1.5,0.8333333333333333,0.09330998190018577,0.9066900180998142,0.0,0.0,0.9997345603613744,0.05630967423151931,165.1603400223573,0.07160767598222201,-0.07833044908187714,0.11948209911647231,-0.03663807711951487,uniform_decoder
uniform_decoder,1.5,0.9166666666666666,0.07078299638541871,0.9292170036145813,0.0,0.027910988115476324,0.9993468366786543,0.05630965635229714,84.96747601503024,0.07078299638541871,-0.18262682863892538,-0.007690037514520195,0.08132194821442937,uniform_decoder
static_tailored,1.5,0.9166666666666666,0.15114002854598207,0.8488599714540179,0.0,0.039074320494937996,0.9993841312334605,0.0450199542614043,71.47294141166262,0.07078299638541871,-0.18262682863892538,-0.007690037514520195,0.08132194821442937,uniform_decoder
adaptive_decoder,1.5,0.9166666666666666,0.10778436609535191,0.8922156339046481,4.0,0.019928673303829633,0.9997346976013068,0.046659115908542034,165.08203194840763,0.07078299638541871,-0.18262682863892538,-0.007690037514520195,0.08132194821442937,uniform_decoder
overactive_decoder,1.5,0.9166666666666666,0.10589262989814818,0.8941073701018518,48.0,0.0005824074638022732,0.9996490563059035,0.05790270863342967,129.45582723175394,0.07078299638541871,-0.18262682863892538,-0.007690037514520195,0.08132194821442937,uniform_decoder
oracle_decoder,1.5,0.9166666666666666,0.08937865679097125,0.9106213432090288,0.0,0.0,0.9997346976013068,0.05630965635229714,165.08203194840763,0.07078299638541871,-0.18262682863892538,-0.007690037514520195,0.08132194821442937,uniform_decoder
uniform_decoder,1.5,1.0,0.06983081616866824,0.9301691838313317,0.0,0.028416821909086204,0.9993469285347146,0.056309666742381664,85.02560188113739,0.06983081616866824,-0.13465279960654353,0.039657872153204585,0.02225404951338661,uniform_decoder
static_tailored,1.5,1.0,0.16973986408488712,0.8302601359151129,0.0,0.036018755006317724,0.9993841312334605,0.04501999067387515,71.50778959840343,0.06983081616866824,-0.13465279960654353,0.039657872153204585,0.02225404951338661,uniform_decoder
adaptive_decoder,1.5,1.0,0.09521380424233289,0.9047861957576671,4.0,0.02098077873547989,0.9997340113405794,0.04664330589464763,165.13223820783716,0.06983081616866824,-0.13465279960654353,0.039657872153204585,0.02225404951338661,uniform_decoder
overactive_decoder,1.5,1.0,0.10431764874680023,0.8956823512531997,48.0,0.0006142393338145206,0.9996483729361911,0.05790272003017259,129.56375725395225,0.06983081616866824,-0.13465279960654353,0.039657872153204585,0.02225404951338661,uniform_decoder
oracle_decoder,1.5,1.0,0.09045776811817623,0.9095422318818238,0.0,0.0,0.9997340113405794,0.056309666742381664,165.13223820783716,0.06983081616866824,-0.13465279960654353,0.039657872153204585,0.02225404951338661,uniform_decoder
uniform_decoder,1.5,1.0833333333333333,0.06926418931569145,0.9307358106843086,0.0,0.02874612880637668,0.9993467708791585,0.056309666742381664,85.0107733214739,0.06926418931569145,-0.04784991092017902,0.11891118641988242,-0.07355294183069304,uniform_decoder
static_tailored,1.5,1.0833333333333333,0.18259467604261884,0.8174053239573812,0.0,0.033596990482559354,0.9993841312334605,0.04501998383947458,71.50778959840342,0.06926418931569145,-0.04784991092017902,0.11891118641988242,-0.07355294183069304,uniform_decoder
adaptive_decoder,1.5,1.0833333333333333,0.07733189746244196,0.922668102537558,4.0,0.019858340495317848,0.9997330960940894,0.05790272003017259,164.86002221136468,0.06926418931569145,-0.04784991092017902,0.11891118641988242,-0.07355294183069304,uniform_decoder
overactive_decoder,1.5,1.0833333333333333,0.10168803444967421,0.8983119655503258,48.0,0.0006430238753485235,0.9996474615440979,0.05790272003017259,129.45102840474817,0.06926418931569145,-0.04784991092017902,0.11891118641988242,-0.07355294183069304,uniform_decoder
oracle_decoder,1.5,1.0833333333333333,0.09160340311816773,0.9083965968818323,0.0,0.0,0.9997330960940894,0.056309666742381664,164.86002221136468,0.06926418931569145,-0.04784991092017902,0.11891118641988242,-0.07355294183069304,uniform_decoder
uniform_decoder,1.5,1.1666666666666665,0.06956101783875149,0.9304389821612485,0.0,0.028261694917203966,0.9993465727314936,0.05630958056625833,84.95407874593097,0.06956101783875149,-0.08868221246862568,0.07418944742690645,-0.005217684275669418,uniform_decoder
static_tailored,1.5,1.1666666666666665,0.19079049921626826,0.8092095007837318,0.0,0.0326212728051092,0.9993841312334605,0.045019995313470604,71.49322365855821,0.06956101783875149,-0.08868221246862568,0.07418944742690645,-0.005217684275669418,uniform_decoder
adaptive_decoder,1.5,1.1666666666666665,0.08531946835135192,0.914680531648648,4.0,0.01949486475483193,0.9997330960940894,0.0464839157565521,164.86002221136468,0.06956101783875149,-0.08868221246862568,0.07418944742690645,-0.005217684275669418,uniform_decoder
overactive_decoder,1.5,1.1666666666666665,0.10121330069960079,0.8987866993003992,48.0,0.0007125326733781787,0.9996474615440979,0.05790262748039872,129.45102840474817,0.06956101783875149,-0.08868221246862568,0.07418944742690645,-0.005217684275669418,uniform_decoder
oracle_decoder,1.5,1.1666666666666665,0.08635069251189635,0.9136493074881037,0.0,0.0,0.9997330960940894,0.05630958056625833,164.86002221136468,0.06956101783875149,-0.08868221246862568,0.07418944742690645,-0.005217684275669418,uniform_decoder
uniform_decoder,1.5,1.25,0.07038536801394546,0.9296146319860545,0.0,0.028030162910963885,0.9993468366786543,0.05630961544248139,85.0107733214739,0.07038536801394546,-0.07616707374076052,0.10032550118701579,-0.028781566994269658,uniform_decoder
static_tailored,1.5,1.25,0.19561394483295821,0.8043860551670418,0.0,0.03317410300996187,0.9993841312334605,0.04501999067387517,71.50778959840343,0.07038536801394546,-0.07616707374076052,0.10032550118701579,-0.028781566994269658,uniform_decoder
adaptive_decoder,1.5,1.25,0.0838782690190021,0.9161217309809979,4.0,0.023062323235404622,0.9997325010464394,0.046095863125718714,164.63362698879257,0.07038536801394546,-0.07616707374076052,0.10032550118701579,-0.028781566994269658,uniform_decoder
overactive_decoder,1.5,1.25,0.10567565798226891,0.8943243420177311,48.0,0.0007856268256617263,0.9996468690016045,0.057902664529163206,129.33993000803665,0.07038536801394546,-0.07616707374076052,0.10032550118701579,-0.028781566994269658,uniform_decoder
oracle_decoder,1.5,1.25,0.089625383382316,0.910374616617684,0.0,0.0,0.9997325010464394,0.05630961544248139,164.63362698879257,0.07038536801394546,-0.07616707374076052,0.10032550118701579,-0.028781566994269658,uniform_decoder
uniform_decoder,1.5,1.3333333333333333,0.07117818202702988,0.9288218179729701,0.0,0.0284168219090862,0.9993469285347146,0.05630958056625833,84.9262993703946,0.07117818202702988,-0.08218006968834256,0.08001743080142797,-0.012213211870321868,uniform_decoder
static_tailored,1.5,1.3333333333333333,0.19789532543118005,0.80210467456882,0.0,0.03432374826550231,0.9993841312334606,0.04501999067387516,71.44410065465841,0.07117818202702988,-0.08218006968834256,0.08001743080142797,-0.012213211870321868,uniform_decoder
adaptive_decoder,1.5,1.3333333333333333,0.08600564577617793,0.913994354223822,4.0,0.027697321580101363,0.9997164054567074,0.045931606323587906,156.68928839404555,0.07117818202702988,-0.08218006968834256,0.08001743080142797,-0.012213211870321868,uniform_decoder
overactive_decoder,1.5,1.3333333333333333,0.10340567929008386,0.8965943207099162,48.0,0.0008178125516096305,0.9996491018584351,0.05790262748039872,129.56375725395225,0.07117818202702988,-0.08218006968834256,0.08001743080142797,-0.012213211870321868,uniform_decoder
oracle_decoder,1.5,1.3333333333333333,0.0884586226716219,0.9115413773283781,0.0,0.0,0.9997347433465787,0.05630958056625833,165.13223820783716,0.07117818202702988,-0.08218006968834256,0.08001743080142797,-0.012213211870321868,uniform_decoder
uniform_decoder,1.5,1.4166666666666665,0.07186859733556288,0.9281314026644372,0.0,0.028649560238922952,0.9993463011964437,0.05630958056625833,84.98760038490039,0.07186859733556288,-0.1025904555224644,0.04980730340105391,-0.009981722060553769,uniform_decoder
static_tailored,1.5,1.4166666666666665,0.19811145611578881,0.8018885438842112,0.0,0.03550191684858462,0.9993841312334605,0.045019954261404295,71.43096703837482,0.07186859733556288,-0.1025904555224644,0.04980730340105391,-0.009981722060553769,uniform_decoder
adaptive_decoder,1.5,1.4166666666666665,0.09101848958859847,0.9089815104114015,4.0,0.030350308549998952,0.9996848252664452,0.04655442859582051,141.81512704513594,0.07186859733556288,-0.1025904555224644,0.04980730340105391,-0.009981722060553769,uniform_decoder
overactive_decoder,1.5,1.4166666666666665,0.10207912241256326,0.8979208775874368,48.0,0.000845836781410975,0.9996490563059035,0.05790262748039872,129.56375725403407,0.07186859733556288,-0.1025904555224644,0.04980730340105391,-0.009981722060553769,uniform_decoder
oracle_decoder,1.5,1.4166666666666665,0.09313466276850721,0.9068653372314928,0.0,0.0,0.9997346976013068,0.05630958056625833,165.132238207975,0.07186859733556288,-0.1025904555224644,0.04980730340105391,-0.009981722060553769,uniform_decoder
uniform_decoder,1.5,1.5,0.0723154027790461,0.9276845972209539,0.0,0.028261694917203966,0.9993468959925008,0.056309666742381664,84.81077483004705,0.0723154027790461,-0.1387754450265398,0.018507867148896785,0.053131794814630574,uniform_decoder
static_tailored,1.5,1.5,0.19617938093656676,0.8038206190634333,0.0,0.03660262683163712,0.9993841312334605,0.04501997234258272,71.50778959840343,0.0723154027790461,-0.1387754450265398,0.018507867148896785,0.053131794814630574,uniform_decoder
adaptive_decoder,1.5,1.5,0.09954197527713533,0.9004580247228646,4.0,0.029853815185687225,0.999638640510591,0.04664302678570355,124.13952095369228,0.0723154027790461,-0.1387754450265398,0.018507867148896785,0.053131794814630574,uniform_decoder
overactive_decoder,1.5,1.5,0.10387573783838688,0.8961242621616131,48.0,0.0009147557792201804,0.9996483729361912,0.05790272003017259,129.56375725399315,0.0723154027790461,-0.1387754450265398,0.018507867148896785,0.053131794814630574,uniform_decoder
oracle_decoder,1.5,1.5,0.08807942274044894,0.9119205772595511,0.0,0.0,0.9997340113405795,0.056309666742381664,165.13223820790606,0.0723154027790461,-0.1387754450265398,0.018507867148896785,0.053131794814630574,uniform_decoder
uniform_decoder,1.5,1.5833333333333333,0.07214790457738969,0.9278520954226103,0.0,0.02809776055414423,0.9993465727314936,0.056309615442481385,85.02347791619742,0.07214790457738969,-0.11017981291630886,0.02740441806030243,0.02064341898262128,uniform_decoder
static_tailored,1.5,1.5833333333333333,0.19234846290125412,0.8076515370987458,0.0,0.03757476866149652,0.9993841312334605,0.04501999422262087,71.48720637622125,0.07214790457738969,-0.11017981291630886,0.02740441806030243,0.02064341898262128,uniform_decoder
adaptive_decoder,1.5,1.5833333333333333,0.09298299593074061,0.9070170040692593,4.0,0.0281476214204959,0.9997318143232147,0.05790148010346904,164.34793867144114,0.07214790457738969,-0.11017981291630886,0.02740441806030243,0.02064341898262128,uniform_decoder
overactive_decoder,1.5,1.5833333333333333,0.0990393891779552,0.9009606108220448,48.0,0.0009884163940724825,0.9996489196441878,0.05790266452916319,129.52895121495047,0.07214790457738969,-0.11017981291630886,0.02740441806030243,0.02064341898262128,uniform_decoder
oracle_decoder,1.5,1.5833333333333333,0.08866661240714135,0.9113333875928586,0.0,0.0,0.9997345603613744,0.056309615442481385,165.1603400223573,0.07214790457738969,-0.11017981291630886,0.02740441806030243,0.02064341898262128,uniform_decoder
uniform_decoder,1.5,1.6666666666666665,0.07156211180636575,0.9284378881936343,0.0,0.028416821909086194,0.9993465727314936,0.056309269523229,84.65059445197994,0.07156211180636575,-0.13071056777509896,0.0203486439433162,0.030677686879709554,uniform_decoder
static_tailored,1.5,1.6666666666666665,0.18822155652591205,0.811778443474088,0.0,0.03837285200357663,0.9993841312334605,0.045019990673875146,71.50778959840343,0.07156211180636575,-0.13071056777509896,0.0203486439433162,0.030677686879709554,uniform_decoder
adaptive_decoder,1.5,1.6666666666666665,0.09669270634787566,0.9033072936521244,4.0,0.028362323363664736,0.9997318143232147,0.057902304174920254,164.34793867144114,0.07156211180636575,-0.13071056777509896,0.0203486439433162,0.030677686879709554,uniform_decoder
overactive_decoder,1.5,1.6666666666666665,0.10133100730586649,0.8986689926941335,48.0,0.0010201915762709849,0.9996461851687249,0.05790230417492026,129.19276089628087,0.07156211180636575,-0.13071056777509896,0.0203486439433162,0.030677686879709554,uniform_decoder
oracle_decoder,1.5,1.6666666666666665,0.09009818224531015,0.9099018177546898,0.0,0.0,0.9997318143232147,0.056309269523229,164.34793867144117,0.07156211180636575,-0.13071056777509896,0.0203486439433162,0.030677686879709554,uniform_decoder
uniform_decoder,1.5,1.75,0.07100774618150163,0.9289922538184984,0.0,0.028652516709744346,0.9993467708791582,0.05630946710445457,84.85650510973363,0.07100774618150163,-0.40653800528326456,-0.2619598200435447,0.3284132958007505,uniform_decoder
static_tailored,1.5,1.75,0.18559584348922364,0.8144041565107764,0.0,0.038883338085291715,0.9993841312334605,0.045019887970075625,71.38934084923541,0.07100774618150163,-0.40653800528326456,-0.2619598200435447,0.3284132958007505,uniform_decoder
adaptive_decoder,1.5,1.75,0.18106884588275765,0.8189311541172424,4.0,0.029725746299069353,0.999706076183233,0.046613664670824465,151.5705338256983,0.07100774618150163,-0.40653800528326456,-0.2619598200435447,0.3284132958007505,uniform_decoder
overactive_decoder,1.5,1.75,0.09905671316281325,0.9009432868371867,48.0,0.0010494599062632153,0.9996490563059036,0.057902508574823264,129.56375725399315,0.07100774618150163,-0.40653800528326456,-0.2619598200435447,0.3284132958007505,uniform_decoder
oracle_decoder,1.5,1.75,0.08500225314158513,0.9149977468584148,0.0,0.0,0.9997346976013068,0.05630946710445457,165.13223820790606,0.07100774618150163,-0.40653800528326456,-0.2619598200435447,0.3284132958007505,uniform_decoder
uniform_decoder,1.5,1.8333333333333333,0.07067014308881389,0.9293298569111861,0.0,0.028261694917203956,0.9993468959925008,0.05630967423151932,85.01077332148834,0.07067014308881389,-0.4164546400317275,-0.28560061511957346,0.33433521896482943,uniform_decoder
static_tailored,1.5,1.8333333333333333,0.18638786031688875,0.8136121396831113,0.0,0.038649057788081594,0.9993841312334605,0.045019990673875146,71.50778959840342,0.07067014308881389,-0.4164546400317275,-0.28560061511957346,0.33433521896482943,uniform_decoder
adaptive_decoder,1.5,1.8333333333333333,0.18437015070592094,0.815629849294079,4.0,0.03077148576333555,0.9995763016808078,0.046659115908542034,109.57672181872054,0.07067014308881389,-0.4164546400317275,-0.28560061511957346,0.33433521896482943,uniform_decoder
overactive_decoder,1.5,1.8333333333333333,0.0955190502420661,0.9044809497579339,48.0,0.0011162571907957933,0.9996483729361912,0.05790272832752348,129.56375725399317,0.07067014308881389,-0.4164546400317275,-0.28560061511957346,0.33433521896482943,uniform_decoder
oracle_decoder,1.5,1.8333333333333333,0.08537985083367486,0.9146201491663252,0.0,0.0,0.9997340113405795,0.05630967423151932,165.13223820790608,0.07067014308881389,-0.4164546400317275,-0.28560061511957346,0.33433521896482943,uniform_decoder
uniform_decoder,1.5,1.9166666666666665,0.07029660762860779,0.9297033923713922,0.0,0.028135885219400608,0.9993463011964439,0.05630967242786727,85.02560188113739,0.07029660762860779,-0.151405463445787,-0.022436525408830656,0.08584240305777059,uniform_decoder
static_tailored,1.5,1.9166666666666665,0.1905763026449117,0.8094236973550883,0.0,0.03751968055115638,0.9993841312334605,0.04501999067387515,71.47294141166262,0.07029660762860779,-0.151405463445787,-0.022436525408830656,0.08584240305777059,uniform_decoder
adaptive_decoder,1.5,1.9166666666666665,0.09961846162969831,0.9003815383703017,4.0,0.030465946265658888,0.999421425780836,0.04665911590854204,79.84929669329424,0.07029660762860779,-0.151405463445787,-0.022436525408830656,0.08584240305777059,uniform_decoder
overactive_decoder,1.5,1.9166666666666665,0.09460265074228985,0.9053973492577101,48.0,0.0011879384784491008,0.9996483729361912,0.057902726321577336,129.56375725399315,0.07029660762860779,-0.151405463445787,-0.022436525408830656,0.08584240305777059,uniform_decoder
oracle_decoder,1.5,1.9166666666666665,0.08175181959023757,0.9182481804097624,0.0,0.0,0.9997340113405795,0.05630967242786727,165.13223820790608,0.07029660762860779,-0.151405463445787,-0.022436525408830656,0.08584240305777059,uniform_decoder
uniform_decoder,1.5,2.0,0.06983803825888063,0.9301619617411194,0.0,0.028416821909086204,0.9993469285347146,0.056309666742381664,85.02560188113739,0.06983803825888063,-0.04373515085163943,0.09296943326283022,-0.03407823192756867,uniform_decoder
static_tailored,1.5,2.0,0.19552562435769166,0.8044743756423083,0.0,0.03601875500631772,0.9993841312334605,0.04501999067387515,71.50778959840343,0.06983803825888063,-0.04373515085163943,0.09296943326283022,-0.03407823192756867,uniform_decoder
adaptive_decoder,1.5,2.0,0.0772373175701711,0.922762682429829,4.0,0.030389450069043287,0.9993836700677476,0.04664330589464763,71.50778959840343,0.06983803825888063,-0.04373515085163943,0.09296943326283022,-0.03407823192756867,uniform_decoder
overactive_decoder,1.5,2.0,0.09567459130351369,0.9043254086964863,48.0,0.0012209467430519395,0.9996483729361911,0.05790272003017259,129.56375725395225,0.06983803825888063,-0.04373515085163943,0.09296943326283022,-0.03407823192756867,uniform_decoder
oracle_decoder,1.5,2.0,0.08354210508531301,0.916457894914687,0.0,0.0,0.9997340113405794,0.056309666742381664,165.13223820783716,0.06983803825888063,-0.04373515085163943,0.09296943326283022,-0.03407823192756867,uniform_decoder
uniform_decoder,1.575,0.0,0.058202582219631725,0.9417974177803683,0.0,0.03658724515998795,0.999362681844541,0.05543551594522954,86.9824835059133,0.058202582219631725,-0.17997797498167387,0.08970298245894703,0.01054067970184664,uniform_decoder
static_tailored,1.575,0.0,0.08597645778539872,0.9140235422146012,0.0,0.0,0.999398705359843,0.04414775491435992,73.42116820271647,0.058202582219631725,-0.17997797498167387,0.08970298245894703,0.01054067970184664,uniform_decoder
adaptive_decoder,1.575,0.0,0.08808870552048034,0.9119112944795197,4.0,0.0,0.999398705359843,0.04577211404289522,73.42116820271647,0.058202582219631725,-0.17997797498167387,0.08970298245894703,0.01054067970184664,uniform_decoder
overactive_decoder,1.575,0.0,0.10829869177078896,0.891701308229211,48.0,0.0,0.9993036127775763,0.04577211404289522,65.72796365158686,0.058202582219631725,-0.17997797498167387,0.08970298245894703,0.01054067970184664,uniform_decoder
oracle_decoder,1.575,0.0,0.08597645778539872,0.9140235422146012,0.0,0.0,0.999398705359843,0.04414775491435992,73.42116820271647,0.058202582219631725,-0.17997797498167387,0.08970298245894703,0.01054067970184664,uniform_decoder
uniform_decoder,1.575,0.08333333333333333,0.06067057642073798,0.939329423579262,0.0,0.034602034266543624,0.999362681844541,0.05543551594522954,86.9824835059133,0.06067057642073798,-0.1047206760638603,0.10365947460199085,0.012479476238514614,uniform_decoder
static_tailored,1.575,0.08333333333333333,0.07502730054028114,0.9249726994597188,0.0,0.003314242306784855,0.999398705359843,0.04514013638482109,73.6858369168651,0.06067057642073798,-0.1047206760638603,0.10365947460199085,0.012479476238514614,uniform_decoder
adaptive_decoder,1.575,0.08333333333333333,0.07721448820413074,0.9227855117958692,4.0,0.0011417738019299897,0.9993986801095609,0.046666855008354956,73.6858369168651,0.06067057642073798,-0.1047206760638603,0.10365947460199085,0.012479476238514614,uniform_decoder
overactive_decoder,1.575,0.08333333333333333,0.09802983503066642,0.9019701649693336,48.0,3.0057640661159825e-05,0.9993036127775763,0.04676295022864528,65.9778324493299,0.06067057642073798,-0.1047206760638603,0.10365947460199085,0.012479476238514614,uniform_decoder
oracle_decoder,1.575,0.08333333333333333,0.07502730054028114,0.9249726994597188,0.0,0.0,0.999398705359843,0.04514013638482109,73.6858369168651,0.06067057642073798,-0.1047206760638603,0.10365947460199085,0.012479476238514614,uniform_decoder
uniform_decoder,1.575,0.16666666666666666,0.06606897620574297,0.9339310237942571,0.0,0.029152511816681978,0.999362681844541,0.05543551594522954,86.9824835059133,0.06606897620574297,-0.046131517201736985,0.10896539603864347,0.013249448936895353,uniform_decoder
static_tailored,1.575,0.16666666666666666,0.07126555068308159,0.9287344493169184,0.0,0.010481373632320976,0.999398705359843,0.04520659803887596,73.68507810030582,0.06606897620574297,-0.046131517201736985,0.10896539603864347,0.013249448936895353,uniform_decoder
adaptive_decoder,1.575,0.16666666666666666,0.07347322353140537,0.9265267764685946,4.0,0.003900809039712081,0.9993985918751236,0.046829205197666764,73.68507810030582,0.06606897620574297,-0.046131517201736985,0.10896539603864347,0.013249448936895353,uniform_decoder
overactive_decoder,1.575,0.16666666666666666,0.09442662998979108,0.9055733700102089,48.0,0.00010474366841032487,0.9993036127775763,0.04682956801767958,65.9778324493299,0.06606897620574297,-0.046131517201736985,0.10896539603864347,0.013249448936895353,uniform_decoder
oracle_decoder,1.575,0.16666666666666666,0.07126555068308159,0.9287344493169184,0.0,0.0,0.999398705359843,0.04520659803887596,73.68507810030582,0.06606897620574297,-0.046131517201736985,0.10896539603864347,0.013249448936895353,uniform_decoder
uniform_decoder,1.575,0.25,0.0711655463157465,0.9288344536842535,0.0,0.027473140009968155,0.999362681844541,0.05543551594522954,86.9824835059133,0.06974876216247627,-0.013563110159652537,0.1385132971174599,-0.022301817659567725,static_tailored
static_tailored,1.575,0.25,0.06974876216247627,0.9302512378375237,0.0,0.02027289593586313,0.999398705359843,0.04520662402664709,73.67706558854437,0.06974876216247627,-0.013563110159652537,0.1385132971174599,-0.022301817659567725,static_tailored
adaptive_decoder,1.575,0.25,0.07196140179124291,0.9280385982087571,4.0,0.007028434593352308,0.999398440660235,0.046829205197666764,73.67706558854437,0.06974876216247627,-0.013563110159652537,0.1385132971174599,-0.022301817659567725,static_tailored
overactive_decoder,1.575,0.25,0.09899492064100468,0.9010050793589953,48.0,0.00017999272928643993,0.999566790195537,0.046832207291155725,107.83191571386108,0.06974876216247627,-0.013563110159652537,0.1385132971174599,-0.022301817659567725,static_tailored
oracle_decoder,1.575,0.25,0.0757532783444296,0.9242467216555704,0.0,0.0,0.999652091739291,0.04520662402664709,129.5770225686058,0.06974876216247627,-0.013563110159652537,0.1385132971174599,-0.022301817659567725,static_tailored
uniform_decoder,1.575,0.3333333333333333,0.07410468902848606,0.9258953109715139,0.0,0.02931903698607713,0.999362681844541,0.05543551594522954,86.9824835059133,0.06932266736845032,-0.03545383203490628,0.1690376110695797,-0.0667880065175312,static_tailored
static_tailored,1.575,0.3333333333333333,0.06932266736845032,0.9306773326315497,0.0,0.02834780107081034,0.999398705359843,0.04520659803887596,73.68507810030582,0.06932266736845032,-0.03545383203490628,0.1690376110695797,-0.0667880065175312,static_tailored
adaptive_decoder,1.575,0.3333333333333333,0.0752192670040907,0.9247807329959092,4.0,0.008649299532024783,0.9997561112366302,0.04682670569854777,180.69275101626567,0.06932266736845032,-0.03545383203490628,0.1690376110695797,-0.0667880065175312,static_tailored
overactive_decoder,1.575,0.3333333333333333,0.11101117719623915,0.8889888228037608,48.0,0.00021059674413580017,0.9996703784567171,0.04683516890877972,138.75000586847426,0.06932266736845032,-0.03545383203490628,0.1690376110695797,-0.0667880065175312,static_tailored
oracle_decoder,1.575,0.3333333333333333,0.08772373282408316,0.9122762671759168,0.0,0.0,0.9997561112366302,0.04520659803887596,180.69275101626567,0.06932266736845032,-0.03545383203490628,0.1690376110695797,-0.0667880065175312,static_tailored
uniform_decoder,1.575,0.41666666666666663,0.07585353991926137,0.9241464600807386,0.0,0.030319713221324,0.999362681844541,0.05543551594522954,86.9824835059133,0.072373009340426,-0.007697625291920329,0.18784449532978276,-0.10475496932088996,static_tailored
static_tailored,1.575,0.41666666666666663,0.072373009340426,0.927626990659574,0.0,0.03382399203564926,0.999398705359843,0.04520662402664709,73.68507810030582,0.072373009340426,-0.007697625291920329,0.18784449532978276,-0.10475496932088996,static_tailored
adaptive_decoder,1.575,0.41666666666666663,0.07366721586243496,0.926332784137565,4.0,0.009378035603065943,0.9997559243715324,0.04682729723738721,180.7831819562886,0.072373009340426,-0.007697625291920329,0.18784449532978276,-0.10475496932088996,static_tailored
overactive_decoder,1.575,0.41666666666666663,0.11353212116199114,0.8864678788380088,48.0,0.00024013661876969524,0.9996701923845817,0.04682958644261003,138.768913516698,0.072373009340426,-0.007697625291920329,0.18784449532978276,-0.10475496932088996,static_tailored
oracle_decoder,1.575,0.41666666666666663,0.09376251026208188,0.9062374897379182,0.0,0.0,0.9997559243715324,0.04520662402664709,180.7831819562886,0.072373009340426,-0.007697625291920329,0.18784449532978276,-0.10475496932088996,static_tailored
uniform_decoder,1.575,0.5,0.07666370036407104,0.923336299635929,0.0,0.029152511816681975,0.999362681844541,0.05543551594522954,86.9824835059133,0.07666370036407104,-0.061790680433120033,0.12035305116931046,-0.030076294076072044,uniform_decoder
static_tailored,1.575,0.5,0.0806638240532349,0.9193361759467651,0.0,0.03763243264991939,0.999398705359843,0.045206583962891234,73.68507810030582,0.07666370036407104,-0.061790680433120033,0.12035305116931046,-0.030076294076072044,uniform_decoder
adaptive_decoder,1.575,0.5,0.08838538502945929,0.9116146149705407,4.0,0.011702888301010265,0.9997559243715325,0.046829205197666764,180.7831819563708,0.07666370036407104,-0.061790680433120033,0.12035305116931046,-0.030076294076072044,uniform_decoder
overactive_decoder,1.575,0.5,0.11660938619467613,0.8833906138053239,48.0,0.0003140916186769405,0.9996701923845818,0.04682956801767957,138.75000586847426,0.07666370036407104,-0.061790680433120033,0.12035305116931046,-0.030076294076072044,uniform_decoder
oracle_decoder,1.575,0.5,0.09472328527911408,0.9052767147208859,0.0,0.0,0.9997559243715325,0.045206598038875945,180.7831819563708,0.07666370036407104,-0.061790680433120033,0.12035305116931046,-0.030076294076072044,uniform_decoder
uniform_decoder,1.575,0.5833333333333333,0.07575606828511558,0.9242439317148844,0.0,0.028500176368927117,0.999362681844541,0.05543551594522954,86.9824835059133,0.07575606828511558,-0.07827945006221851,0.10100895385655345,-0.01613055801681822,uniform_decoder
static_tailored,1.575,0.5833333333333333,0.09040102891712294,0.909598971082877,0.0,0.040346213696049384,0.999398705359843,0.045206598038875966,73.6858369168651,0.07575606828511558,-0.07827945006221851,0.10100895385655345,-0.01613055801681822,uniform_decoder
adaptive_decoder,1.575,0.5833333333333333,0.09071871227293664,0.9092812877270634,4.0,0.01437982478537595,0.999756064522596,0.046828087775774324,180.71711090696783,0.07575606828511558,-0.07827945006221851,0.10100895385655345,-0.01613055801681822,uniform_decoder
overactive_decoder,1.575,0.5833333333333333,0.11447372913104789,0.8855262708689521,48.0,0.00038984394685554787,0.9996703319409193,0.04683220729115571,138.67826085305327,0.07575606828511558,-0.07827945006221851,0.10100895385655345,-0.01613055801681822,uniform_decoder
oracle_decoder,1.575,0.5833333333333333,0.09415154150085883,0.9058484584991412,0.0,0.0,0.999756064522596,0.04520662402664709,180.71711090696783,0.07575606828511558,-0.07827945006221851,0.10100895385655345,-0.01613055801681822,uniform_decoder
uniform_decoder,1.575,0.6666666666666666,0.07383356217858505,0.926166437821415,0.0,0.029319036986077133,0.999362681844541,0.05543551594522954,86.9824835059133,0.07383356217858505,0.004945510524366319,0.18076410172609214,-0.09628454550432554,adaptive_decoder
static_tailored,1.575,0.6666666666666666,0.09894261530821832,0.9010573846917816,0.0,0.042234961404974326,0.999398705359843,0.04520659803887596,73.68507810030582,0.07383356217858505,0.004945510524366319,0.18076410172609214,-0.09628454550432554,adaptive_decoder
adaptive_decoder,1.575,0.6666666666666666,0.0729975545655952,0.9270024454344048,4.0,0.015744292183219794,0.9997493697743062,0.04682721784914061,177.45839056323217,0.07383356217858505,0.004945510524366319,0.18076410172609214,-0.09628454550432554,adaptive_decoder
overactive_decoder,1.575,0.6666666666666666,0.1106808314921669,0.8893191685078331,48.0,0.00042095513674613805,0.9996696340257962,0.046829568017679575,138.75000586847426,0.07383356217858505,0.004945510524366319,0.18076410172609214,-0.09628454550432554,adaptive_decoder
oracle_decoder,1.575,0.6666666666666666,0.09111562466032183,0.9088843753396781,0.0,0.0,0.99975536363359,0.04520659803887596,180.69275101626567,0.07383356217858505,0.004945510524366319,0.18076410172609214,-0.09628454550432554,adaptive_decoder
uniform_decoder,1.575,0.75,0.07218130460838383,0.9278186953916162,0.0,0.029840322554072023,0.9993637011814726,0.056428578361251466,87.74856238303352,0.07218130460838383,-0.01910186642138982,0.1702921750568356,-0.08809841834841943,uniform_decoder
static_tailored,1.575,0.75,0.10934156431941867,0.8906584356805813,0.0,0.04329511670295804,0.999398705359843,0.045206266353648605,73.68507810030582,0.07218130460838383,-0.01910186642138982,0.1702921750568356,-0.08809841834841943,uniform_decoder
adaptive_decoder,1.575,0.75,0.07542695815280355,0.9245730418471965,4.0,0.016394916519898637,0.999691427130146,0.04682901495084178,145.76960710815186,0.07218130460838383,-0.01910186642138982,0.1702921750568356,-0.08809841834841943,uniform_decoder
overactive_decoder,1.575,0.75,0.11163972775143241,0.8883602722485676,48.0,0.00045007753014059685,0.9996703319409193,0.04683806767619884,138.67826085305327,0.07218130460838383,-0.01910186642138982,0.1702921750568356,-0.08809841834841943,uniform_decoder
oracle_decoder,1.575,0.75,0.09239000955490785,0.9076099904450922,0.0,0.0,0.999756064522596,0.045206266353648605,180.71711090696786,0.07218130460838383,-0.01910186642138982,0.1702921750568356,-0.08809841834841943,uniform_decoder
uniform_decoder,1.575,0.8333333333333333,0.07124673891722808,0.9287532610827719,0.0,0.029152511816681975,0.9993641027454189,0.056495908422519774,87.70849600250796,0.07124673891722808,-0.06081993510753229,0.1232654390154946,-0.036451689711438987,uniform_decoder
static_tailored,1.575,0.8333333333333333,0.12642452149327404,0.873575478506726,0.0,0.0426952212899952,0.999398705359843,0.04520638531930925,73.68507810030582,0.07124673891722808,-0.06081993510753229,0.1232654390154946,-0.036451689711438987,uniform_decoder
adaptive_decoder,1.575,0.8333333333333333,0.08195678731975518,0.9180432126802448,4.0,0.01790562063496645,0.9995801803400902,0.04682729723738721,107.58932958704372,0.07124673891722808,-0.06081993510753229,0.1232654390154946,-0.036451689711438987,uniform_decoder
overactive_decoder,1.575,0.8333333333333333,0.1088554969693021,0.8911445030306979,48.0,0.0005233199856081444,0.9996701923845817,0.05808729781096729,138.7450462218053,0.07124673891722808,-0.06081993510753229,0.1232654390154946,-0.036451689711438987,uniform_decoder
oracle_decoder,1.575,0.8333333333333333,0.08913260830776873,0.9108673916922313,0.0,0.0,0.9997559243715324,0.056495908422519774,180.7831819562886,0.07124673891722808,-0.06081993510753229,0.1232654390154946,-0.036451689711438987,uniform_decoder
uniform_decoder,1.575,0.9166666666666666,0.0704120486014226,0.9295879513985774,0.0,0.02878639189060604,0.9993641860677411,0.05649597521617985,87.71718846414116,0.0704120486014226,-0.1668864435097702,0.0017366505697979384,0.08162907884496598,uniform_decoder
static_tailored,1.575,0.9166666666666666,0.14896973318124268,0.8510302668187573,0.0,0.04018641719950813,0.999398705359843,0.045206515437874996,73.62631993598637,0.0704120486014226,-0.1668864435097702,0.0017366505697979384,0.08162907884496598,uniform_decoder
adaptive_decoder,1.575,0.9166666666666666,0.1034030677581724,0.8965969322418276,4.0,0.02048820285400183,0.999756064522596,0.046846478935598346,180.71711090696783,0.0704120486014226,-0.1668864435097702,0.0017366505697979384,0.08162907884496598,uniform_decoder
overactive_decoder,1.575,0.9166666666666666,0.10381738229372135,0.8961826177062786,48.0,0.000599085714126646,0.9996703319409193,0.058088153066478604,138.67826085305327,0.0704120486014226,-0.1668864435097702,0.0017366505697979384,0.08162907884496598,uniform_decoder
oracle_decoder,1.575,0.9166666666666666,0.08568490996732822,0.9143150900326718,0.0,0.0,0.999756064522596,0.05649597521617985,180.71711090696783,0.0704120486014226,-0.1668864435097702,0.0017366505697979384,0.08162907884496598,uniform_decoder
uniform_decoder,1.575,1.0,0.06942429357565838,0.9305757064243416,0.0,0.029319036986077133,0.9993643181016583,0.05649553464313151,87.74672290441248,0.06942429357565838,-0.1193146072986423,0.04346395446060998,0.021251464019111686,uniform_decoder
static_tailored,1.575,1.0,0.16831186228238743,0.8316881377176126,0.0,0.037033138229567095,0.999398705359843,0.045206266353648605,73.68507810030582,0.06942429357565838,-0.1193146072986423,0.04346395446060998,0.021251464019111686,uniform_decoder
adaptive_decoder,1.575,1.0,0.09137472366906128,0.9086252763309387,4.0,0.021575205885283517,0.99975536363359,0.04682721784914061,180.69275101626567,0.06942429357565838,-0.1193146072986423,0.04346395446060998,0.021251464019111686,uniform_decoder
overactive_decoder,1.575,1.0,0.1009927111643327,0.8990072888356673,48.0,0.000630701465445716,0.9996696340257962,0.058088153066478604,138.75000586847426,0.06942429357565838,-0.1193146072986423,0.04346395446060998,0.021251464019111686,uniform_decoder
oracle_decoder,1.575,1.0,0.08701109068511514,0.9129889093148849,0.0,0.0,0.99975536363359,0.05649548611755073,180.69275101626567,0.06942429357565838,-0.1193146072986423,0.04346395446060998,0.021251464019111686,uniform_decoder
uniform_decoder,1.575,1.0833333333333333,0.06882537464196488,0.9311746253580351,0.0,0.02966566326500147,0.999364268757173,0.056495664178810065,87.70849600250796,0.06882537464196488,-0.03282300174101484,0.1227229188261757,-0.07526256792043073,uniform_decoder
static_tailored,1.575,1.0833333333333333,0.18156752364860146,0.8184324763513986,0.0,0.034527015292610326,0.999398705359843,0.04520638531930925,73.68507810030582,0.06882537464196488,-0.03282300174101484,0.1227229188261757,-0.07526256792043073,uniform_decoder
adaptive_decoder,1.575,1.0833333333333333,0.07422865405899623,0.9257713459410037,4.0,0.02031829560949958,0.9997544286007264,0.05808599054765049,180.30840301124965,0.06882537464196488,-0.03282300174101484,0.1227229188261757,-0.07526256792043073,uniform_decoder
overactive_decoder,1.575,1.0833333333333333,0.09846786116892502,0.901532138831075,48.0,0.0006591408784376217,0.9996687029590671,0.05808832467723805,138.5847503270914,0.06882537464196488,-0.03282300174101484,0.1227229188261757,-0.07526256792043073,uniform_decoder
oracle_decoder,1.575,1.0833333333333333,0.08827427385893111,0.911725726141069,0.0,0.0,0.9997544286007264,0.056495664178810065,180.30840301124965,0.06882537464196488,-0.03282300174101484,0.1227229188261757,-0.07526256792043073,uniform_decoder
uniform_decoder,1.575,1.1666666666666665,0.06913232778364016,0.9308676722163598,0.0,0.029152511816681978,0.9993641027454188,0.05649590842251976,87.62496317124747,0.06913232778364016,-0.07415577109576994,0.07772312975104202,-0.0058015145662317965,uniform_decoder
static_tailored,1.575,1.1666666666666665,0.18998976756736713,0.8100102324326328,0.0,0.033510074594210564,0.999398705359843,0.045206598038875966,73.67706558855795,0.06913232778364016,-0.07415577109576994,0.07772312975104202,-0.0058015145662317965,uniform_decoder
adaptive_decoder,1.575,1.1666666666666665,0.08200436151266566,0.9179956384873343,4.0,0.019891767374686987,0.9997544286007264,0.04670843154939289,180.30840301124965,0.06913232778364016,-0.07415577109576994,0.07772312975104202,-0.0058015145662317965,uniform_decoder
overactive_decoder,1.575,1.1666666666666665,0.09807539846762674,0.9019246015323733,48.0,0.0007314764507172751,0.9996687029590671,0.0580885329486102,138.5847503270914,0.06913232778364016,-0.07415577109576994,0.07772312975104202,-0.0058015145662317965,uniform_decoder
oracle_decoder,1.575,1.1666666666666665,0.0831071647025658,0.9168928352974342,0.0,0.0,0.9997544286007264,0.05649590842251976,180.30840301124965,0.06913232778364016,-0.07415577109576994,0.07772312975104202,-0.0058015145662317965,uniform_decoder
uniform_decoder,1.575,1.25,0.06999095922086455,0.9300090407791355,0.0,0.028908670605468825,0.999364186067741,0.056495908422519774,87.71718846412584,0.06999095922086455,-0.061999039753058864,0.1040166994525891,-0.029906586953715453,uniform_decoder
static_tailored,1.575,1.25,0.19494603931784837,0.8050539606821516,0.0,0.03409612304898129,0.999398705359843,0.04520662402664709,73.68507810030582,0.06999095922086455,-0.061999039753058864,0.1040166994525891,-0.029906586953715453,uniform_decoder
adaptive_decoder,1.575,1.25,0.08073112143056262,0.9192688785694374,4.0,0.023648752467368597,0.9997538205194955,0.04634346595464696,180.0076414511505,0.06999095922086455,-0.061999039753058864,0.1040166994525891,-0.029906586953715453,uniform_decoder
overactive_decoder,1.575,1.25,0.10257881664977306,0.8974211833502269,48.0,0.0008077585747165358,0.999668097456384,0.05808729781096729,138.43899909512012,0.06999095922086455,-0.061999039753058864,0.1040166994525891,-0.029906586953715453,uniform_decoder
oracle_decoder,1.575,1.25,0.08648635066772338,0.9135136493322766,0.0,0.0,0.9997538205194955,0.056495908422519774,180.0076414511505,0.06999095922086455,-0.061999039753058864,0.1040166994525891,-0.029906586953715453,uniform_decoder
uniform_decoder,1.575,1.3333333333333333,0.0708053505792212,0.9291946494207788,0.0,0.029319036986077143,0.9993643181016583,0.05649553464313151,87.68379440245282,0.0708053505792212,-0.06922526498448972,0.08196980362322409,-0.01134649426718267,uniform_decoder
static_tailored,1.575,1.3333333333333333,0.1973017329160288,0.8026982670839712,0.0,0.035292179135165434,0.999398705359843,0.04520659803887596,73.58816584301763,0.0708053505792212,-0.06922526498448972,0.08196980362322409,-0.01134649426718267,uniform_decoder
adaptive_decoder,1.575,1.3333333333333333,0.08304076519979357,0.9169592348002065,4.0,0.02852748012133763,0.9997373226680819,0.04619989238341643,170.1226975564719,0.0708053505792212,-0.06922526498448972,0.08196980362322409,-0.01134649426718267,uniform_decoder
overactive_decoder,1.575,1.3333333333333333,0.10029081165097944,0.8997091883490206,48.0,0.0008397677678950019,0.9996703784567171,0.05808729781096729,138.75000586847426,0.0708053505792212,-0.06922526498448972,0.08196980362322409,-0.01134649426718267,uniform_decoder
oracle_decoder,1.575,1.3333333333333333,0.08523890003056894,0.9147610999694311,0.0,0.0,0.9997561112366302,0.05649460847528439,180.69275101626567,0.0708053505792212,-0.06922526498448972,0.08196980362322409,-0.01134649426718267,uniform_decoder
uniform_decoder,1.575,1.4166666666666665,0.0715167948251299,0.9284832051748702,0.0,0.029573748384536233,0.9993638613964246,0.0564952073919924,87.67233227817438,0.0715167948251299,-0.09102485091367986,0.05000531307692641,-0.008313161245496123,uniform_decoder
static_tailored,1.575,1.4166666666666665,0.19755820286053183,0.8024417971394682,0.0,0.03650537730386485,0.999398705359843,0.045206266353648605,73.63068855377173,0.0715167948251299,-0.09102485091367986,0.05000531307692641,-0.008313161245496123,uniform_decoder
adaptive_decoder,1.575,1.4166666666666665,0.08819275171925725,0.9118072482807428,4.0,0.031381125610502665,0.9997046887079698,0.04676905370699545,152.13537366314742,0.0715167948251299,-0.09102485091367986,0.05000531307692641,-0.008313161245496123,uniform_decoder
overactive_decoder,1.575,1.4166666666666665,0.09895510555540385,0.9010448944445961,48.0,0.0008674311584544289,0.9996703319409193,0.05808780850688704,138.75000586847426,0.0715167948251299,-0.09102485091367986,0.05000531307692641,-0.008313161245496123,uniform_decoder
oracle_decoder,1.575,1.4166666666666665,0.08989717711815125,0.9101028228818487,0.0,0.0,0.999756064522596,0.05649483871863285,180.71711090696786,0.0715167948251299,-0.09102485091367986,0.05000531307692641,-0.008313161245496123,uniform_decoder
uniform_decoder,1.575,1.5,0.07198576547055335,0.9280142345294466,0.0,0.029152511816681975,0.999364359768201,0.056495908422519774,87.58119269704858,0.07198576547055335,-0.12927047079935192,0.020339980020635504,0.05750482574310433,uniform_decoder
static_tailored,1.575,1.5,0.1955959305716799,0.8044040694283201,0.0,0.03763243264991938,0.999398705359843,0.045206266353648605,73.68507810030582,0.07198576547055335,-0.12927047079935192,0.020339980020635504,0.05750482574310433,uniform_decoder
adaptive_decoder,1.575,1.5,0.09694314345477038,0.9030568565452296,4.0,0.030862813433896172,0.9996563951953457,0.04682808777577432,131.17602998759494,0.07198576547055335,-0.12927047079935192,0.020339980020635504,0.05750482574310433,uniform_decoder
overactive_decoder,1.575,1.5,0.10159143104576676,0.8984085689542333,48.0,0.0009391424118597794,0.9996696340257962,0.05808846436059223,138.75000586847426,0.07198576547055335,-0.12927047079935192,0.020339980020635504,0.05750482574310433,uniform_decoder
oracle_decoder,1.575,1.5,0.08492044713327018,0.9150795528667298,0.0,0.0,0.99975536363359,0.056495908422519774,180.69275101626567,0.07198576547055335,-0.12927047079935192,0.020339980020635504,0.05750482574310433,uniform_decoder
uniform_decoder,1.575,1.5833333333333333,0.07180707807977897,0.9281929219202211,0.0,0.028985212391617762,0.9993641027454189,0.05649548611755073,87.73333138251807,0.07180707807977897,-0.10038859656942661,0.0260931552036008,0.024070521292720103,uniform_decoder
static_tailored,1.575,1.5833333333333333,0.19163227195936605,0.808367728040634,0.0,0.03862935850752288,0.999398705359843,0.04520659803887596,73.67706558855797,0.07180707807977897,-0.10038859656942661,0.0260931552036008,0.024070521292720103,uniform_decoder
adaptive_decoder,1.575,1.5833333333333333,0.09048067913215058,0.9095193208678494,4.0,0.029005518998690374,0.9997531185890893,0.058088153066478604,179.63565106259668,0.07180707807977897,-0.10038859656942661,0.0260931552036008,0.024070521292720103,uniform_decoder
overactive_decoder,1.575,1.5833333333333333,0.09608354254358992,0.90391645745641,48.0,0.0010159835824224844,0.9996701923845817,0.058088153066478604,138.7450462218053,0.07180707807977897,-0.10038859656942661,0.0260931552036008,0.024070521292720103,uniform_decoder
oracle_decoder,1.575,1.5833333333333333,0.08560227964431422,0.9143977203556858,0.0,0.0,0.9997559243715324,0.05649548611755073,180.7831819562886,0.07180707807977897,-0.10038859656942661,0.0260931552036008,0.024070521292720103,uniform_decoder
uniform_decoder,1.575,1.6666666666666665,0.07119579449330846,0.9288042055066915,0.0,0.029319036986077143,0.9993641027454189,0.05649460847528439,87.4303872321691,0.07119579449330846,-0.12244099063358338,0.018006848563002914,0.035080304556585104,uniform_decoder
static_tailored,1.575,1.6666666666666665,0.18735892651880007,0.8126410734812,0.0,0.039455545805927944,0.999398705359843,0.04520659803887596,73.68507810030582,0.07119579449330846,-0.12244099063358338,0.018006848563002914,0.035080304556585104,uniform_decoder
adaptive_decoder,1.575,1.6666666666666665,0.09438333772035123,0.9056166622796488,4.0,0.029194661656103387,0.9997531185890893,0.05808729781096729,179.63565106259668,0.07119579449330846,-0.12244099063358338,0.018006848563002914,0.035080304556585104,uniform_decoder
overactive_decoder,1.575,1.6666666666666665,0.09837894931491725,0.9016210506850828,48.0,0.001047645056787329,0.9996673985017491,0.05808729781096729,138.25166479032507,0.07119579449330846,-0.12244099063358338,0.018006848563002914,0.035080304556585104,uniform_decoder
oracle_decoder,1.575,1.6666666666666665,0.08705927112965489,0.912940728870345,0.0,0.0,0.9997531185890893,0.05649460847528439,179.6356510625967,0.07119579449330846,-0.12244099063358338,0.018006848563002914,0.035080304556585104,uniform_decoder
uniform_decoder,1.575,1.75,0.07062439063512874,0.9293756093648713,0.0,0.029563407829301395,0.9993642687571731,0.05649528429720646,87.51184594886819,0.07062439063512874,-0.40540782367177236,-0.2713820829370527,0.3404656094166927,uniform_decoder
static_tailored,1.575,1.75,0.18460979928364685,0.8153902007163532,0.0,0.03999277707937376,0.999398705359843,0.04520601705946165,73.59297338310293,0.07062439063512874,-0.40540782367177236,-0.2713820829370527,0.3404656094166927,uniform_decoder
adaptive_decoder,1.575,1.75,0.17962324475345834,0.8203767552465416,4.0,0.030618581751566083,0.9997266861820924,0.04680886754954636,163.88883233293384,0.07062439063512874,-0.40540782367177236,-0.2713820829370527,0.3404656094166927,uniform_decoder
overactive_decoder,1.575,1.75,0.09615690015548531,0.9038430998445147,48.0,0.0010765746753821127,0.9996703319409193,0.058087957380754326,138.75000586847426,0.07062439063512874,-0.40540782367177236,-0.2713820829370527,0.3404656094166927,uniform_decoder
oracle_decoder,1.575,1.75,0.08201568715239585,0.9179843128476042,0.0,0.0,0.999756064522596,0.05649528429720646,180.71711090696786,0.07062439063512874,-0.40540782367177236,-0.2713820829370527,0.3404656094166927,uniform_decoder
uniform_decoder,1.575,1.8333333333333333,0.07028805948502988,0.9297119405149701,0.0,0.029152511816681978,0.9993643597682011,0.05649553464313152,87.70849600250796,0.07028805948502988,-0.4156869787365458,-0.29400929303123446,0.3460820436979309,uniform_decoder
static_tailored,1.575,1.8333333333333333,0.18542186993185364,0.8145781300681464,0.0,0.03975526913628898,0.999398705359843,0.04520658396289123,73.68507810030582,0.07028805948502988,-0.4156869787365458,-0.29400929303123446,0.3460820436979309,uniform_decoder
adaptive_decoder,1.575,1.8333333333333333,0.18304949378718915,0.8169505062128108,4.0,0.03172160517377794,0.9995951068946105,0.046846478935598346,115.21116204458939,0.07028805948502988,-0.4156869787365458,-0.29400929303123446,0.3460820436979309,uniform_decoder
overactive_decoder,1.575,1.8333333333333333,0.09301633833943498,0.906983661660565,48.0,0.0011460816558043687,0.9996696340257962,0.058088153066478604,138.75000586847426,0.07028805948502988,-0.4156869787365458,-0.29400929303123446,0.3460820436979309,uniform_decoder
oracle_decoder,1.575,1.8333333333333333,0.0825061816278475,0.9174938183721525,0.0,0.0,0.99975536363359,0.05649548611755073,180.69275101626567,0.07028805948502988,-0.4156869787365458,-0.29400929303123446,0.3460820436979309,uniform_decoder
uniform_decoder,1.575,1.9166666666666665,0.06990855499319389,0.9300914450068061,0.0,0.029027475634497563,0.9993638613964246,0.05649553464313152,87.74672290441248,0.06990855499319389,-0.14502060526734867,-0.023551851434977074,0.07095160609046866,uniform_decoder
static_tailored,1.575,1.9166666666666665,0.18981354246415408,0.810186457535846,0.0,0.03858006488057382,0.999398705359843,0.045206468089912195,73.63068855377173,0.06990855499319389,-0.14502060526734867,-0.023551851434977074,0.07095160609046866,uniform_decoder
adaptive_decoder,1.575,1.9166666666666665,0.09762272599723124,0.9023772740027688,4.0,0.031396274456298334,0.9994318978987886,0.04684647893559835,81.35778368973484,0.06990855499319389,-0.14502060526734867,-0.023551851434977074,0.07095160609046866,uniform_decoder
overactive_decoder,1.575,1.9166666666666665,0.09246962133892087,0.9075303786610791,48.0,0.00122095510192223,0.9996696340257962,0.058087957380754326,138.75000586847426,0.06990855499319389,-0.14502060526734867,-0.023551851434977074,0.07095160609046866,uniform_decoder
oracle_decoder,1.575,1.9166666666666665,0.08290855091254096,0.9170914490874591,0.0,0.0,0.99975536363359,0.056495284297206454,180.69275101626567,0.06990855499319389,-0.14502060526734867,-0.023551851434977074,0.07095160609046866,uniform_decoder
uniform_decoder,1.575,2.0,0.0694320729617893,0.9305679270382107,0.0,0.029319036986077147,0.9993643181016583,0.05649553464313151,87.74672290441248,0.0694320729617893,-0.035180134809377844,0.09224798904400888,-0.03149672929347843,uniform_decoder
static_tailored,1.575,2.0,0.19493733622645035,0.8050626637735496,0.0,0.0370331382295671,0.999398705359843,0.045206266353648605,73.68507810031937,0.0694320729617893,-0.035180134809377844,0.09224798904400888,-0.03149672929347843,uniform_decoder
adaptive_decoder,1.575,2.0,0.07529051478200399,0.924709485217996,4.0,0.03124727190566752,0.9993982264682632,0.046829568017679575,73.68507810031937,0.0694320729617893,-0.035180134809377844,0.09224798904400888,-0.03149672929347843,uniform_decoder
overactive_decoder,1.575,2.0,0.09310826963116477,0.9068917303688352,48.0,0.0012538912939255972,0.9996696340257962,0.058088153066478604,138.75000586847426,0.0694320729617893,-0.035180134809377844,0.09224798904400888,-0.03149672929347843,uniform_decoder
oracle_decoder,1.575,2.0,0.08095375457936825,0.9190462454206317,0.0,0.0,0.99975536363359,0.05649548611755073,180.69275101626567,0.0694320729617893,-0.035180134809377844,0.09224798904400888,-0.03149672929347843,uniform_decoder
uniform_decoder,1.65,0.0,0.05738335795860188,0.9426166420413982,0.0,0.03762663605947171,0.999379423343327,0.0557059436596345,89.76480674970767,0.05738335795860188,-0.15562363260476395,0.09691863915975661,0.011519972408306527,uniform_decoder
static_tailored,1.65,0.0,0.0799630993444186,0.9200369006555814,0.0,0.0,0.9994126135538388,0.044418392660528494,75.62039088715966,0.05738335795860188,-0.15562363260476395,0.09691863915975661,0.011519972408306527,uniform_decoder
adaptive_decoder,1.65,0.0,0.0821125598261471,0.9178874401738529,4.0,0.0,0.9994126135538388,0.04604221484107041,75.62039088715966,0.05738335795860188,-0.15562363260476395,0.09691863915975661,0.011519972408306527,uniform_decoder
overactive_decoder,1.65,0.0,0.10264273849852543,0.8973572615014745,48.0,0.0,0.9993174461367728,0.04604221484107041,67.45579700241417,0.05738335795860188,-0.15562363260476395,0.09691863915975661,0.011519972408306527,uniform_decoder
oracle_decoder,1.65,0.0,0.0799630993444186,0.9200369006555814,0.0,0.0,0.9994126135538388,0.044418392660528494,75.62039088715966,0.05738335795860188,-0.15562363260476395,0.09691863915975661,0.011519972408306527,uniform_decoder
uniform_decoder,1.65,0.08333333333333333,0.059852591286886365,0.9401474087131136,0.0,0.035643560660152784,0.999379423343327,0.0557059436596345,89.76480674970767,0.059852591286886365,-0.07816101461965894,0.11214228025276757,0.013676348698557389,uniform_decoder
static_tailored,1.65,0.08333333333333333,0.06943327072533872,0.9305667292746613,0.0,0.003231284196040523,0.9994126135538388,0.04533680198550438,75.8569790093869,0.059852591286886365,-0.07816101461965894,0.11214228025276757,0.013676348698557389,uniform_decoder
adaptive_decoder,1.65,0.08333333333333333,0.07165458289952752,0.9283454171004725,4.0,0.0011218256006969107,0.9994125872663921,0.046876355370995895,75.8569790093869,0.059852591286886365,-0.07816101461965894,0.11214228025276757,0.013676348698557389,uniform_decoder
overactive_decoder,1.65,0.08333333333333333,0.09276544934217382,0.9072345506578262,48.0,2.9634640962563398e-05,0.9993174461367728,0.04695922261253631,67.67800114516999,0.059852591286886365,-0.07816101461965894,0.11214228025276757,0.013676348698557389,uniform_decoder
oracle_decoder,1.65,0.08333333333333333,0.06943327072533872,0.9305667292746613,0.0,0.0,0.9994126135538388,0.04533680198550438,75.8569790093869,0.059852591286886365,-0.07816101461965894,0.11214228025276757,0.013676348698557389,uniform_decoder
uniform_decoder,1.65,0.16666666666666666,0.0654673218086137,0.9345326781913863,0.0,0.02998990663072308,0.999379423343327,0.0557059436596345,89.76480674970767,0.0654673218086137,-0.019221168954953266,0.11729096029563571,0.014442927346782876,uniform_decoder
static_tailored,1.65,0.16666666666666666,0.0661915904475808,0.9338084095524192,0.0,0.010535532477863487,0.9994126135538388,0.045381091170250125,75.85410890369619,0.0654673218086137,-0.019221168954953266,0.11729096029563571,0.014442927346782876,uniform_decoder
adaptive_decoder,1.65,0.16666666666666666,0.06842987454077586,0.9315701254592241,4.0,0.003974589843196393,0.9994124965135026,0.047002667894314176,75.85410890369619,0.0654673218086137,-0.019221168954953266,0.11729096029563571,0.014442927346782876,uniform_decoder
overactive_decoder,1.65,0.16666666666666666,0.08964719473726743,0.9103528052627325,48.0,0.00010722651608329605,0.9993174461367728,0.047003656918837323,67.67761164604462,0.0654673218086137,-0.019221168954953266,0.11729096029563571,0.014442927346782876,uniform_decoder
oracle_decoder,1.65,0.16666666666666666,0.0661915904475808,0.9338084095524192,0.0,0.0,0.9994126135538388,0.045381091170250125,75.85410890369619,0.0654673218086137,-0.019221168954953266,0.11729096029563571,0.014442927346782876,uniform_decoder
uniform_decoder,1.65,0.25,0.07078933461919072,0.9292106653808093,0.0,0.028251801638307285,0.999379423343327,0.0557059436596345,89.76480674970767,0.0649672506582152,-0.01473203683981687,0.14791139448370413,-0.035337104508819064,static_tailored
static_tailored,1.65,0.25,0.0649672506582152,0.9350327493417848,0.0,0.02071375729516696,0.9994126135538388,0.045381091170250125,75.85410890369619,0.0649672506582152,-0.01473203683981687,0.14791139448370413,-0.035337104508819064,static_tailored
adaptive_decoder,1.65,0.25,0.0672088594112894,0.9327911405887106,4.0,0.007236120563723619,0.9994123412876195,0.047002667894314176,75.85410890369619,0.0649672506582152,-0.01473203683981687,0.14791139448370413,-0.035337104508819064,static_tailored
overactive_decoder,1.65,0.25,0.09447957252148273,0.9055204274785172,48.0,0.00018544279991502787,0.9995837676571304,0.04700413153073096,112.6930631550591,0.0649672506582152,-0.01473203683981687,0.14791139448370413,-0.035337104508819064,static_tailored
oracle_decoder,1.65,0.25,0.07290606016453563,0.9270939398354644,0.0,0.0,0.9996691395937874,0.045380983132520945,136.83703901229512,0.0649672506582152,-0.01473203683981687,0.14791139448370413,-0.035337104508819064,static_tailored
uniform_decoder,1.65,0.3333333333333333,0.07380907877010963,0.9261909212298903,0.0,0.030166953725122073,0.999379423343327,0.0557059436596345,89.76480674970767,0.06457686979366378,-0.03651656507078755,0.17979547049441835,-0.07084039469767606,static_tailored
static_tailored,1.65,0.3333333333333333,0.06457686979366378,0.9354231302063363,0.0,0.029064991502097928,0.9994126135538388,0.045381091170250125,75.84969093757252,0.06457686979366378,-0.03651656507078755,0.17979547049441835,-0.07084039469767606,static_tailored
adaptive_decoder,1.65,0.3333333333333333,0.0702414640272396,0.9297585359727604,4.0,0.008866261192657697,0.9997763161354971,0.046992242451448174,198.10814980498884,0.06457686979366378,-0.03651656507078755,0.17979547049441835,-0.07084039469767606,static_tailored
overactive_decoder,1.65,0.3333333333333333,0.10626470120021085,0.8937352987997892,48.0,0.00021564489179590074,0.9996904965669833,0.04700650832844255,148.57773244578422,0.06457686979366378,-0.03651656507078755,0.17979547049441835,-0.07084039469767606,static_tailored
oracle_decoder,1.65,0.3333333333333333,0.08268637440418647,0.9173136255958135,0.0,0.0,0.9997763161354971,0.045381091170250125,198.10814980498884,0.06457686979366378,-0.03651656507078755,0.17979547049441835,-0.07084039469767606,static_tailored
uniform_decoder,1.65,0.41666666666666663,0.07560744462109703,0.924392555378903,0.0,0.031205940336006845,0.999379423343327,0.0557059436596345,89.76480674970767,0.06760869910188073,-0.007132520260088049,0.2119144069733701,-0.10939411013194658,static_tailored
static_tailored,1.65,0.41666666666666663,0.06760869910188073,0.9323913008981193,0.0,0.03468893085544881,0.9994126135538388,0.045381091170250125,75.84969093757252,0.06760869910188073,-0.007132520260088049,0.2119144069733701,-0.10939411013194658,static_tailored
adaptive_decoder,1.65,0.41666666666666663,0.06872822056220942,0.9312717794377906,4.0,0.009571912033300206,0.9997761269331751,0.047003656918837323,198.2747689316678,0.06760869910188073,-0.007132520260088049,0.2119144069733701,-0.10939411013194658,static_tailored
overactive_decoder,1.65,0.41666666666666663,0.11195654993583373,0.8880434500641663,48.0,0.00024474765402703573,0.9996903081726016,0.04700884955595106,148.61668470293165,0.06760869910188073,-0.007132520260088049,0.2119144069733701,-0.10939411013194658,static_tailored
oracle_decoder,1.65,0.41666666666666663,0.08841566340493477,0.9115843365950652,0.0,0.0,0.9997761269331751,0.04538076768964624,198.2747689316678,0.06760869910188073,-0.007132520260088049,0.2119144069733701,-0.10939411013194658,static_tailored
uniform_decoder,1.65,0.5,0.07646781898981257,0.9235321810101874,0.0,0.029989906630723095,0.999379423343327,0.0557059436596345,89.76480674970767,0.07616066282694407,-0.038621711435093506,0.1282115085204003,-0.052998699942200696,static_tailored
static_tailored,1.65,0.5,0.07616066282694407,0.9238393371730559,0.0,0.038581293953762405,0.9994126135538388,0.045381091170250125,75.85410890369619,0.07616066282694407,-0.038621711435093506,0.1282115085204003,-0.052998699942200696,static_tailored
adaptive_decoder,1.65,0.5,0.08324390146874004,0.9167560985312599,4.0,0.011962225058705193,0.9997761269331751,0.047002667894314176,198.2747689316678,0.07616066282694407,-0.038621711435093506,0.1282115085204003,-0.052998699942200696,static_tailored
overactive_decoder,1.65,0.5,0.1118314446041912,0.8881685553958087,48.0,0.0003215444562151008,0.9996903081726016,0.0470034827352108,148.60663313006918,0.07616066282694407,-0.038621711435093506,0.1282115085204003,-0.052998699942200696,static_tailored
oracle_decoder,1.65,0.5,0.09404833826727724,0.9059516617327228,0.0,0.0,0.9997761269331751,0.04538093732597697,198.2747689316678,0.07616066282694407,-0.038621711435093506,0.1282115085204003,-0.052998699942200696,static_tailored
uniform_decoder,1.65,0.5833333333333333,0.07552422321258895,0.924475776787411,0.0,0.02931625408087855,0.999379423343327,0.0557059436596345,89.76480674970767,0.07552422321258895,-0.056772949431365544,0.10696307370391861,-0.017274663042170114,uniform_decoder
static_tailored,1.65,0.5833333333333333,0.08630958242729414,0.9136904175727059,0.0,0.04135586937194979,0.9994126135538388,0.04538098313252095,75.8569790093869,0.07552422321258895,-0.056772949431365544,0.10696307370391861,-0.017274663042170114,uniform_decoder
adaptive_decoder,1.65,0.5833333333333333,0.08607146926489236,0.9139285307351076,4.0,0.014788088487120515,0.9997762688384425,0.04699530057064513,198.22441528201662,0.07552422321258895,-0.056772949431365544,0.10696307370391861,-0.017274663042170114,uniform_decoder
overactive_decoder,1.65,0.5833333333333333,0.11010886609112996,0.88989113390887,48.0,0.0004003167064647597,0.9996904494719039,0.04700413153073096,148.54740749002886,0.07552422321258895,-0.056772949431365544,0.10696307370391861,-0.017274663042170114,uniform_decoder
oracle_decoder,1.65,0.5833333333333333,0.0895640821458833,0.9104359178541167,0.0,0.0,0.9997762688384425,0.045381091170250125,198.22441528201662,0.07552422321258895,-0.056772949431365544,0.10696307370391861,-0.017274663042170114,uniform_decoder
uniform_decoder,1.65,0.6666666666666666,0.07353014793930686,0.9264698520606931,0.0,0.030166953725122073,0.9993794233433271,0.0557059436596345,89.76480674972373,0.07353014793930686,0.026756274105988603,0.1877079630937855,-0.09854381306109805,adaptive_decoder
static_tailored,1.65,0.6666666666666666,0.09513645523826104,0.9048635447617389,0.0,0.043302670015753775,0.9994126135538388,0.045381091170250125,75.84969093755824,0.07353014793930686,0.026756274105988603,0.1877079630937855,-0.09854381306109805,adaptive_decoder
adaptive_decoder,1.65,0.6666666666666666,0.06913678269823673,0.9308632173017632,4.0,0.01611726738271194,0.9997694819287892,0.04699331895623681,193.99997316630336,0.07353014793930686,0.026756274105988603,0.1877079630937855,-0.09854381306109805,adaptive_decoder
overactive_decoder,1.65,0.6666666666666666,0.10651655913728558,0.8934834408627144,48.0,0.00043105562156681214,0.9996897427652053,0.047002735036608144,148.57773244578422,0.07353014793930686,0.026756274105988603,0.1877079630937855,-0.09854381306109805,adaptive_decoder
oracle_decoder,1.65,0.6666666666666666,0.08674670325020425,0.9132532967497957,0.0,0.0,0.9997755591013177,0.04538020948519333,198.1081498050868,0.07353014793930686,0.026756274105988603,0.1877079630937855,-0.09854381306109805,adaptive_decoder
uniform_decoder,1.65,0.75,0.07183200759529712,0.9281679924047028,0.0,0.03071557760315562,0.9993802347543073,0.05662508095682353,90.47076139273247,0.07183200759529712,0.0008102264813511789,0.1761675756125916,-0.08954408676607893,adaptive_decoder
static_tailored,1.65,0.75,0.10576909311443919,0.8942309068855608,0.0,0.044415518406841985,0.9994126135538388,0.045380456572084706,75.84969093757252,0.07183200759529712,0.0008102264813511789,0.1761675756125916,-0.08954408676607893,adaptive_decoder
adaptive_decoder,1.65,0.75,0.07169812162312773,0.9283018783768723,4.0,0.01671983902539223,0.9997100754271527,0.04699785485749129,155.85261397276943,0.07183200759529712,0.0008102264813511789,0.1761675756125916,-0.08954408676607893,adaptive_decoder
overactive_decoder,1.65,0.75,0.10756608286331268,0.8924339171366873,48.0,0.0004597332351042503,0.9996904494719039,0.04700884955595108,148.54740749002886,0.07183200759529712,0.0008102264813511789,0.1761675756125916,-0.08954408676607893,adaptive_decoder
oracle_decoder,1.65,0.75,0.0881154096805917,0.9118845903194083,0.0,0.0,0.9997762688384425,0.04538076768964624,198.22441528201662,0.07183200759529712,0.0008102264813511789,0.1761675756125916,-0.08954408676607893,adaptive_decoder
uniform_decoder,1.65,0.8333333333333333,0.07089490866425671,0.9291050913357433,0.0,0.029989906630723078,0.9993807368879789,0.05666910920392627,90.39695183320886,0.07089490866425671,-0.04369622550154116,0.12685861526204426,-0.04202302626296946,uniform_decoder
static_tailored,1.65,0.8333333333333333,0.12340852808012648,0.8765914719198735,0.0,0.04381401270590627,0.9994126135538388,0.045381091170250125,75.84969093757252,0.07089490866425671,-0.04369622550154116,0.12685861526204426,-0.04202302626296946,uniform_decoder
adaptive_decoder,1.65,0.8333333333333333,0.07839913532866712,0.9216008646713328,4.0,0.018302359005269966,0.9995932814271965,0.047003656918837323,111.49421825858073,0.07089490866425671,-0.04369622550154116,0.12685861526204426,-0.04202302626296946,uniform_decoder
overactive_decoder,1.65,0.8333333333333333,0.10499530708653157,0.8950046929134684,48.0,0.0005357532664453281,0.9996903081726016,0.0582544481014157,148.6066331300692,0.07089490866425671,-0.04369622550154116,0.12685861526204426,-0.04202302626296946,uniform_decoder
oracle_decoder,1.65,0.8333333333333333,0.08636430830676517,0.9136356916932349,0.0,0.0,0.9997761269331751,0.05666207125285469,198.2747689316678,0.07089490866425671,-0.04369622550154116,0.12685861526204426,-0.04202302626296946,uniform_decoder
uniform_decoder,1.65,0.9166666666666666,0.07005137674166469,0.9299486232583353,0.0,0.029609110109513035,0.9993806563007751,0.0566700603118795,90.4577814802815,0.07005137674166469,-0.1513535107385074,0.004885943307413461,0.08201755997395718,uniform_decoder
static_tailored,1.65,0.9166666666666666,0.14694314279241136,0.8530568572075886,0.0,0.041212247351334184,0.9994126135538388,0.04538107991142895,75.76757276924695,0.07005137674166469,-0.1513535107385074,0.004885943307413461,0.08201755997395718,uniform_decoder
adaptive_decoder,1.65,0.9166666666666666,0.09925906633794215,0.9007409336620579,4.0,0.021006648729645482,0.9997762688384425,0.04701575898635353,198.22441528201662,0.07005137674166469,-0.1513535107385074,0.004885943307413461,0.08201755997395718,uniform_decoder
overactive_decoder,1.65,0.9166666666666666,0.10038206583026175,0.8996179341697382,48.0,0.0006145774953143847,0.9996904494719038,0.05825692251606372,148.54740748997554,0.07005137674166469,-0.1513535107385074,0.004885943307413461,0.08201755997395718,uniform_decoder
oracle_decoder,1.65,0.9166666666666666,0.08217744337668952,0.9178225566233105,0.0,0.0,0.9997762688384425,0.056667750798894564,198.22441528201662,0.07005137674166469,-0.1513535107385074,0.004885943307413461,0.08201755997395718,uniform_decoder
uniform_decoder,1.65,1.0,0.06903047691161146,0.9309695230883885,0.0,0.030166953725122073,0.9993808239096583,0.0566701338941909,90.45849363872694,0.06903047691161146,-0.10424178346796721,0.04718679408359708,0.02041329094986084,uniform_decoder
static_tailored,1.65,1.0,0.16698746512589646,0.8330125348741035,0.0,0.03796781610879676,0.9994126135538388,0.045381091170250125,75.84969093757252,0.06903047691161146,-0.10424178346796721,0.04718679408359708,0.02041329094986084,uniform_decoder
adaptive_decoder,1.65,1.0,0.08775717962880497,0.912242820371195,4.0,0.022126313877810166,0.9997755591013177,0.04699331895623681,198.1081498050868,0.06903047691161146,-0.10424178346796721,0.04718679408359708,0.02041329094986084,uniform_decoder
overactive_decoder,1.65,1.0,0.09782941383417426,0.9021705861658258,48.0,0.000645862508654188,0.9996897427652053,0.058261514804526314,148.5777324457842,0.06903047691161146,-0.10424178346796721,0.04718679408359708,0.02041329094986084,uniform_decoder
oracle_decoder,1.65,1.0,0.08372773952767952,0.9162722604723205,0.0,0.0,0.9997755591013177,0.056664573214407814,198.1081498050868,0.06903047691161146,-0.10424178346796721,0.04718679408359708,0.02041329094986084,uniform_decoder
uniform_decoder,1.65,1.0833333333333333,0.06840043784781122,0.9315995621521888,0.0,0.030529951798085413,0.9993808728330403,0.056669909450357325,90.39695183320886,0.06840043784781122,-0.01812045395881875,0.14972220812094286,-0.07672291318879657,uniform_decoder
static_tailored,1.65,1.0833333333333333,0.18061549946610844,0.8193845005338916,0.0,0.03538229703198215,0.9994126135538388,0.04538065126600562,75.85410890369619,0.06840043784781122,-0.01812045395881875,0.14972220812094286,-0.07672291318879657,uniform_decoder
adaptive_decoder,1.65,1.0833333333333333,0.07131474534031502,0.928685254659685,4.0,0.020739532926698136,0.9997746119713905,0.058251473271286366,197.58879561080332,0.06840043784781122,-0.01812045395881875,0.14972220812094286,-0.07672291318879657,uniform_decoder
overactive_decoder,1.65,1.0833333333333333,0.10067034195883023,0.8993296580411698,48.0,0.0006738553929227041,0.9996887996781496,0.05825757427883046,148.35386217927535,0.06840043784781122,-0.01812045395881875,0.14972220812094286,-0.07672291318879657,uniform_decoder
oracle_decoder,1.65,1.0833333333333333,0.0850946485420911,0.9149053514579089,0.0,0.0,0.9997746119713905,0.05666523294244535,197.58879561080332,0.06840043784781122,-0.01812045395881875,0.14972220812094286,-0.07672291318879657,uniform_decoder
uniform_decoder,1.65,1.1666666666666665,0.06871655880886018,0.9312834411911398,0.0,0.02998990663072308,0.9993807368879789,0.05666923768037698,90.2868294765708,0.06871655880886018,-0.05990048519226929,0.08116159195495401,-0.024913640429404263,uniform_decoder
static_tailored,1.65,1.1666666666666665,0.1892477555500884,0.8107522444499116,0.0,0.03432567047767004,0.9994126135538388,0.04538093732597698,75.85410890369619,0.06871655880886018,-0.05990048519226929,0.08116159195495401,-0.024913640429404263,uniform_decoder
adaptive_decoder,1.65,1.1666666666666665,0.07887908932415456,0.9211209106758455,4.0,0.02024478229330573,0.9997746119713905,0.04691288250568218,197.58879561080332,0.06871655880886018,-0.05990048519226929,0.08116159195495401,-0.024913640429404263,uniform_decoder
overactive_decoder,1.65,1.1666666666666665,0.09508751108570873,0.9049124889142912,48.0,0.0007489056655755987,0.9996887996781496,0.058260598483657874,148.35386217927535,0.06871655880886018,-0.05990048519226929,0.08116159195495401,-0.024913640429404263,uniform_decoder
oracle_decoder,1.65,1.1666666666666665,0.08353635632735405,0.916463643672646,0.0,0.0,0.9997746119713905,0.05666100451225694,197.58879561080332,0.06871655880886018,-0.05990048519226929,0.08116159195495401,-0.024913640429404263,uniform_decoder
uniform_decoder,1.65,1.25,0.06960800216994574,0.9303919978300542,0.0,0.02973451690830441,0.9993806563007753,0.0566700603118795,90.45778148031388,0.06960800216994574,-0.04823534149675144,0.10746010627988174,-0.0356307342733708,uniform_decoder
static_tailored,1.65,1.25,0.19432751920857672,0.8056724807914233,0.0,0.03494484364742483,0.9994126135538388,0.045381091170250125,75.85410890369619,0.06960800216994574,-0.04823534149675144,0.10746010627988174,-0.0356307342733708,uniform_decoder
adaptive_decoder,1.65,1.25,0.0777847590367817,0.9222152409632183,4.0,0.024187005981132607,0.999773995843716,0.046569930656433126,197.19894998857782,0.06960800216994574,-0.04823534149675144,0.10746010627988174,-0.0356307342733708,uniform_decoder
overactive_decoder,1.65,1.25,0.09962185333675107,0.9003781466632489,48.0,0.0008282748242296533,0.9996881861797257,0.058254448101415696,148.16964749023953,0.06960800216994574,-0.04823534149675144,0.10746010627988174,-0.0356307342733708,uniform_decoder
oracle_decoder,1.65,1.25,0.08443553217265223,0.9155644678273478,0.0,0.0,0.999773995843716,0.05666207125285469,197.19894998857782,0.06960800216994574,-0.04823534149675144,0.10746010627988174,-0.0356307342733708,uniform_decoder
uniform_decoder,1.65,1.3333333333333333,0.07044248808200662,0.9295575119179934,0.0,0.03016695372512208,0.9993808239096583,0.05667013389419091,90.4323505990633,0.07044248808200662,-0.056732933067557216,0.08363034131837471,-0.010127180527884078,uniform_decoder
static_tailored,1.65,1.3333333333333333,0.1967527438368549,0.8032472561631451,0.0,0.0361845866782723,0.9994126135538388,0.045380209485193335,75.72037162995477,0.07044248808200662,-0.056732933067557216,0.08363034131837471,-0.010127180527884078,uniform_decoder
adaptive_decoder,1.65,1.3333333333333333,0.08027265367603016,0.9197273463239698,4.0,0.02929780932553096,0.9997572267961157,0.046446671272128814,185.01777496448702,0.07044248808200662,-0.056732933067557216,0.08363034131837471,-0.010127180527884078,uniform_decoder
overactive_decoder,1.65,1.3333333333333333,0.09731907257385902,0.9026809274261409,48.0,0.0008599935875908852,0.9996904965669833,0.058254448101415696,148.5777324457842,0.07044248808200662,-0.056732933067557216,0.08363034131837471,-0.010127180527884078,uniform_decoder
oracle_decoder,1.65,1.3333333333333333,0.08216650242182283,0.9178334975781772,0.0,0.0,0.9997763161354971,0.05666207125285469,198.1081498050868,0.07044248808200662,-0.056732933067557216,0.08363034131837471,-0.010127180527884078,uniform_decoder
uniform_decoder,1.65,1.4166666666666665,0.0711736007281265,0.9288263992718735,0.0,0.03044335501007139,0.9993805243051492,0.056669909450357325,90.34790250297354,0.0711736007281265,-0.0798895691978694,0.04995663004870026,-0.006300333273655213,uniform_decoder
static_tailored,1.65,1.4166666666666665,0.19704930769939039,0.8029506923006096,0.0,0.03743008295007326,0.9994126135538388,0.045381091170250125,75.81764916911959,0.0711736007281265,-0.0798895691978694,0.04995663004870026,-0.006300333273655213,uniform_decoder
adaptive_decoder,1.65,1.4166666666666665,0.08554773331053873,0.9144522666894612,4.0,0.03234967243367358,0.9997237716444849,0.04696422159963254,163.40671277955227,0.0711736007281265,-0.0798895691978694,0.04995663004870026,-0.006300333273655213,uniform_decoder
overactive_decoder,1.65,1.4166666666666665,0.09597655051295756,0.9040234494870425,48.0,0.0008871991038817165,0.9996904494719038,0.05826186781276269,148.57773244578422,0.0711736007281265,-0.0798895691978694,0.04995663004870026,-0.006300333273655213,uniform_decoder
oracle_decoder,1.65,1.4166666666666665,0.08679782449847544,0.9132021755015246,0.0,0.0,0.9997762688384425,0.05666266084253479,198.22441528201665,0.0711736007281265,-0.0798895691978694,0.04995663004870026,-0.006300333273655213,uniform_decoder
uniform_decoder,1.65,1.5,0.07166406416338748,0.9283359358366126,0.0,0.029989906630723085,0.9993809324545735,0.05666830185861839,90.34319851500824,0.07166406416338748,-0.12012451708004074,0.01825712845024287,0.05785250777999027,uniform_decoder
static_tailored,1.65,1.5,0.19506056099702185,0.8049394390029782,0.0,0.038581293953762426,0.9994126135538388,0.04538109117025013,75.84969093757252,0.07166406416338748,-0.12012451708004074,0.01825712845024287,0.05785250777999027,uniform_decoder
adaptive_decoder,1.65,1.5,0.09449872545240008,0.9055012745475999,4.0,0.0318139580131581,0.999673639526708,0.04699530057064513,138.70203856480882,0.07166406416338748,-0.12012451708004074,0.01825712845024287,0.05785250777999027,uniform_decoder
overactive_decoder,1.65,1.5,0.0985560024044614,0.9014439975955386,48.0,0.0009615895120136573,0.9996897427652053,0.058258222815579186,148.5777324457842,0.07166406416338748,-0.12012451708004074,0.01825712845024287,0.05785250777999027,uniform_decoder
oracle_decoder,1.65,1.5,0.08271293720188272,0.9172870627981173,0.0,0.0,0.9997755591013177,0.05666588981527278,198.10814980508684,0.07166406416338748,-0.12012451708004074,0.01825712845024287,0.05785250777999027,uniform_decoder
uniform_decoder,1.65,1.5833333333333333,0.07147402726952379,0.9285259727304762,0.0,0.02981998708571929,0.9993807368879789,0.0566698786712718,90.43385419132318,0.07147402726952379,-0.09090567639721986,0.043131303781412174,0.005068950941132065,uniform_decoder
static_tailored,1.65,1.5833333333333333,0.190969730767162,0.8090302692328379,0.0,0.039600981408615774,0.9994126135538388,0.04538109117025013,75.85410890369619,0.07147402726952379,-0.09090567639721986,0.043131303781412174,0.005068950941132065,uniform_decoder
adaptive_decoder,1.65,1.5833333333333333,0.08811582868666996,0.91188417131333,4.0,0.029810612227524052,0.9997732844496875,0.05825692251606372,196.7238221217411,0.07147402726952379,-0.09090567639721986,0.043131303781412174,0.005068950941132065,uniform_decoder
overactive_decoder,1.65,1.5833333333333333,0.09731622048469114,0.9026837795153089,48.0,0.0010415081807817028,0.9996903081726016,0.05825692251606372,148.6066331300692,0.07147402726952379,-0.09090567639721986,0.043131303781412174,0.005068950941132065,uniform_decoder
oracle_decoder,1.65,1.5833333333333333,0.08709334662793702,0.912906653372063,0.0,0.0,0.9997761269331751,0.056664573214407814,198.2747689316678,0.07147402726952379,-0.09090567639721986,0.043131303781412174,0.005068950941132065,uniform_decoder
uniform_decoder,1.65,1.6666666666666665,0.07083878855026089,0.9291612114497391,0.0,0.03016695372512208,0.9993807368879789,0.05666910920392627,90.20252334549555,0.07083878855026089,-0.11451615122267196,0.015508867300074149,0.039708225496088614,uniform_decoder
static_tailored,1.65,1.6666666666666665,0.186559429153022,0.813440570846978,0.0,0.040453253117857906,0.9994126135538388,0.045381091170250125,75.84969093757252,0.07083878855026089,-0.11451615122267196,0.015508867300074149,0.039708225496088614,uniform_decoder
adaptive_decoder,1.65,1.6666666666666665,0.09221196499016385,0.9077880350098362,4.0,0.029969348518116085,0.9997732844496875,0.058254448101415696,196.7238221217411,0.07083878855026089,-0.11451615122267196,0.015508867300074149,0.039708225496088614,uniform_decoder
overactive_decoder,1.65,1.6666666666666665,0.09556440144848968,0.9044355985515103,48.0,0.0010729461669031542,0.9996874778207762,0.0582544481014157,147.9378339181121,0.07083878855026089,-0.11451615122267196,0.015508867300074149,0.039708225496088614,uniform_decoder
oracle_decoder,1.65,1.6666666666666665,0.08415483081460412,0.9158451691853959,0.0,0.0,0.9997732844496875,0.05666207125285469,196.7238221217411,0.07083878855026089,-0.11451615122267196,0.015508867300074149,0.039708225496088614,uniform_decoder
uniform_decoder,1.65,1.75,0.07025145503726218,0.9297485449627378,0.0,0.03041932130085544,0.9993808728330404,0.05666958738028824,90.27933333205226,0.07025145503726218,-0.40444096485210057,-0.2807787947612391,0.35254198891338245,uniform_decoder
static_tailored,1.65,1.75,0.1836915251556825,0.8163084748443175,0.0,0.04101631942659839,0.9994126135538388,0.04538093732597697,75.78394848434174,0.07025145503726218,-0.40444096485210057,-0.2807787947612391,0.35254198891338245,uniform_decoder
adaptive_decoder,1.65,1.75,0.17827739871050002,0.8217226012895,4.0,0.03145082990323345,0.9997463629844867,0.04698559173355412,177.47814380706092,0.07025145503726218,-0.40444096485210057,-0.2807787947612391,0.35254198891338245,uniform_decoder
overactive_decoder,1.65,1.75,0.09339368118606302,0.9066063188139369,48.0,0.0011014298636804305,0.9996904494719039,0.058256276120623396,148.5777324457842,0.07025145503726218,-0.40444096485210057,-0.2807787947612391,0.35254198891338245,uniform_decoder
oracle_decoder,1.65,1.75,0.07916884328949353,0.9208311567105065,0.0,0.0,0.9997762688384425,0.0566639192560047,198.22441528201662,0.07025145503726218,-0.40444096485210057,-0.2807787947612391,0.35254198891338245,uniform_decoder
uniform_decoder,1.65,1.8333333333333333,0.06991693480295132,0.9300830651970486,0.0,0.029989906630723078,0.9993809324545736,0.056669237680376974,90.39695183320887,0.06991693480295132,-0.4150535232723641,-0.3038041799534326,0.35781475017669656,uniform_decoder
static_tailored,1.65,1.8333333333333333,0.18452011593268283,0.8154798840673172,0.0,0.040776620141663576,0.9994126135538388,0.04538093732597697,75.84969093755822,0.06991693480295132,-0.4150535232723641,-0.3038041799534326,0.35781475017669656,uniform_decoder
adaptive_decoder,1.65,1.8333333333333333,0.18181759281798676,0.8181824071820132,4.0,0.03261127547038433,0.9996132805666248,0.04701575898635353,121.14462500012878,0.06991693480295132,-0.4150535232723641,-0.3038041799534326,0.35781475017669656,uniform_decoder
overactive_decoder,1.65,1.8333333333333333,0.09032994039356328,0.9096700596064368,48.0,0.0011735469786474993,0.9996897427652053,0.05825692251606372,148.57773244578422,0.06991693480295132,-0.4150535232723641,-0.3038041799534326,0.35781475017669656,uniform_decoder
oracle_decoder,1.65,1.8333333333333333,0.07976661331721563,0.9202333866827843,0.0,0.0,0.9997755591013175,0.05666457321440781,198.10814980498884,0.06991693480295132,-0.4150535232723641,-0.3038041799534326,0.35781475017669656,uniform_decoder
uniform_decoder,1.65,1.9166666666666665,0.06953196043745462,0.9304680395625454,0.0,0.029869700636061786,0.9993805243051492,0.056669878671271795,90.45849363872694,0.06953196043745462,-0.1389921731411992,-0.027342545285585735,0.07632447865742509,uniform_decoder
static_tailored,1.65,1.9166666666666665,0.18910906581842846,0.8108909341815715,0.0,0.03955747096550335,0.9994126135538388,0.045380983132520945,75.81764916911959,0.06953196043745462,-0.1389921731411992,-0.027342545285585735,0.07632447865742509,uniform_decoder
adaptive_decoder,1.65,1.9166666666666665,0.09575834853190966,0.9042416514680903,4.0,0.03227146398992979,0.9994420186012011,0.04701575898635354,82.84201342119408,0.06953196043745462,-0.1389921731411992,-0.027342545285585735,0.07632447865742509,uniform_decoder
overactive_decoder,1.65,1.9166666666666665,0.08991540447430872,0.9100845955256913,48.0,0.0012515184916414284,0.9996897427652053,0.05826213582484228,148.57773244578422,0.06953196043745462,-0.1389921731411992,-0.027342545285585735,0.07632447865742509,uniform_decoder
oracle_decoder,1.65,1.9166666666666665,0.08032526534641082,0.9196747346535892,0.0,0.0,0.9997755591013175,0.0566639192560047,198.10814980498884,0.06953196043745462,-0.1389921731411992,-0.027342545285585735,0.07632447865742509,uniform_decoder
uniform_decoder,1.65,2.0,0.06903881302832464,0.9309611869716754,0.0,0.03016695372512208,0.9993808239096583,0.0566701338941909,90.45849363872694,0.06903881302832464,-0.0269799720254299,0.09135006440457896,-0.028700458435117256,uniform_decoder
static_tailored,1.65,2.0,0.1943964795719273,0.8056035204280727,0.0,0.03796781610879675,0.9994126135538388,0.045381091170250125,75.84969093757252,0.06903881302832464,-0.0269799720254299,0.09135006440457896,-0.028700458435117256,uniform_decoder
adaptive_decoder,1.65,2.0,0.07346378292815452,0.9265362170718455,4.0,0.03204010306318276,0.9994121215732343,0.047000507543756086,75.84969093757252,0.06903881302832464,-0.0269799720254299,0.09135006440457896,-0.028700458435117256,uniform_decoder
overactive_decoder,1.65,2.0,0.09066159440887431,0.9093384055911257,48.0,0.0012842682230533662,0.9996897427652053,0.05826151480452631,148.5777324457842,0.06903881302832464,-0.0269799720254299,0.09135006440457896,-0.028700458435117256,uniform_decoder
oracle_decoder,1.65,2.0,0.07848266585382646,0.9215173341461735,0.0,0.0,0.9997755591013177,0.056664573214407814,198.1081498050868,0.06903881302832464,-0.0269799720254299,0.09135006440457896,-0.028700458435117256,uniform_decoder
uniform_decoder,1.7249999999999999,0.0,0.05661107625411475,0.9433889237458852,0.0,0.03858607488754146,0.9993952241315693,0.05595591660152137,92.52339506654225,0.05661107625411475,-0.13051413259098968,0.10465588697600138,0.012590529303212484,uniform_decoder
static_tailored,1.7249999999999999,0.0,0.0742719822155575,0.9257280177844425,0.0,0.0,0.9994258033545155,0.044668563851738265,77.79314665630876,0.05661107625411475,-0.13051413259098968,0.10465588697600138,0.012590529303212484,uniform_decoder
adaptive_decoder,1.7249999999999999,0.0,0.07645669909885011,0.9235433009011499,4.0,0.0,0.9994258033545155,0.046291888492989264,77.79314665630876,0.05661107625411475,-0.13051413259098968,0.10465588697600138,0.012590529303212484,uniform_decoder
overactive_decoder,1.7249999999999999,0.0,0.09729072306060425,0.9027092769393957,48.0,0.0,0.9993305649646615,0.046291888492989264,69.15068087164752,0.05661107625411475,-0.13051413259098968,0.10465588697600138,0.012590529303212484,uniform_decoder
oracle_decoder,1.7249999999999999,0.0,0.0742719822155575,0.9257280177844425,0.0,0.0,0.9994258033545155,0.044668563851738265,77.79314665630876,0.05661107625411475,-0.13051413259098968,0.10465588697600138,0.012590529303212484,uniform_decoder
uniform_decoder,1.7249999999999999,0.08333333333333333,0.05906939612442622,0.9409306038755738,0.0,0.03661540435665201,0.9993952241315693,0.05595591660152137,92.52339506654225,0.05906939612442622,-0.051198153555879485,0.1211693020815386,0.014979316730767989,uniform_decoder
static_tailored,1.7249999999999999,0.08333333333333333,0.06420685058764539,0.9357931494123546,0.0,0.0031391285798659184,0.9994258033545155,0.045515343100196684,78.00433045343517,0.05906939612442622,-0.051198153555879485,0.1211693020815386,0.014979316730767989,uniform_decoder
adaptive_decoder,1.7249999999999999,0.08333333333333333,0.06646005319838394,0.9335399468016161,4.0,0.0010983331424025188,0.9994257763087893,0.047066850884548525,78.00433045343517,0.05906939612442622,-0.051198153555879485,0.1211693020815386,0.014979316730767989,uniform_decoder
overactive_decoder,1.7249999999999999,0.08333333333333333,0.08784761731643936,0.9121523826835607,48.0,2.9114993779012172e-05,0.9993305649646615,0.047137403942537195,69.34980711490196,0.05906939612442622,-0.051198153555879485,0.1211693020815386,0.014979316730767989,uniform_decoder
oracle_decoder,1.7249999999999999,0.08333333333333333,0.06420685058764539,0.9357931494123546,0.0,0.0,0.9994258033545155,0.045515343100196684,78.00433045343517,0.05906939612442622,-0.051198153555879485,0.1211693020815386,0.014979316730767989,uniform_decoder
uniform_decoder,1.7249999999999999,0.16666666666666666,0.06488434290847825,0.9351156570915218,0.0,0.03078200762419434,0.9993952241315693,0.05595591660152137,92.52339506654225,0.06148608494375839,-0.015722177930018785,0.1260184330522404,0.015722177930018733,static_tailored
static_tailored,1.7249999999999999,0.16666666666666666,0.06148608494375839,0.9385139150562416,0.0,0.010561877652472322,0.9994258033545155,0.04554341399234845,78.00433045343517,0.06148608494375839,-0.015722177930018785,0.1260184330522404,0.015722177930018733,static_tailored
adaptive_decoder,1.7249999999999999,0.16666666666666666,0.06375276404489064,0.9362472359551094,4.0,0.004039825111823226,0.9994256838863714,0.04715956727938928,78.00433045343517,0.06148608494375839,-0.015722177930018785,0.1260184330522404,0.015722177930018733,static_tailored
overactive_decoder,1.7249999999999999,0.16666666666666666,0.08521527536222712,0.9147847246377729,48.0,0.0001095027337747336,0.9993305649646615,0.04716559649743234,69.34669987839078,0.06148608494375839,-0.015722177930018785,0.1260184330522404,0.015722177930018733,static_tailored
oracle_decoder,1.7249999999999999,0.16666666666666666,0.06148608494375839,0.9385139150562416,0.0,0.0,0.9994258033545155,0.04554341399234845,78.00433045343517,0.06148608494375839,-0.015722177930018785,0.1260184330522404,0.015722177930018733,static_tailored
uniform_decoder,1.7249999999999999,0.25,0.0704234888844388,0.9295765111155612,0.0,0.028990844363881597,0.9993952241315693,0.05595591660152137,92.52339506654225,0.06054767998830274,-0.015973278869654984,0.16686428368319986,-0.03746463509221943,static_tailored
static_tailored,1.7249999999999999,0.25,0.06054767998830274,0.9394523200116973,0.0,0.021113580450153126,0.9994258033545155,0.04554341399234845,78.00433045343517,0.06054767998830274,-0.015973278869654984,0.16686428368319986,-0.03746463509221943,static_tailored
adaptive_decoder,1.7249999999999999,0.25,0.06281607345377713,0.9371839265462228,4.0,0.0074317835837653815,0.9994255260677998,0.04715956727938928,78.00433045343517,0.06054767998830274,-0.015973278869654984,0.16686428368319986,-0.03746463509221943,static_tailored
overactive_decoder,1.7249999999999999,0.25,0.09224335055366767,0.9077566494463323,48.0,0.0001905789117195779,0.9996002242133488,0.04716558209693403,117.76885923129704,0.06054767998830274,-0.015973278869654984,0.16686428368319986,-0.03746463509221943,static_tailored
oracle_decoder,1.7249999999999999,0.25,0.06847553291357103,0.931524467086429,0.0,0.0,0.9996856647840318,0.045543387870508364,144.5875311532504,0.06054767998830274,-0.015973278869654984,0.16686428368319986,-0.03746463509221943,static_tailored
uniform_decoder,1.7249999999999999,0.3333333333333333,0.07351885677179813,0.9264811432282019,0.0,0.030962572493866417,0.9993952241315693,0.05595591660152137,92.52339506654225,0.06018808874804427,-0.037456713417497386,0.19080543945982506,-0.07487929761706312,static_tailored
static_tailored,1.7249999999999999,0.3333333333333333,0.06018808874804427,0.9398119112519557,0.0,0.02972399052111968,0.9994258033545156,0.045543196748687634,77.98785716562045,0.06018808874804427,-0.037456713417497386,0.19080543945982506,-0.07487929761706312,static_tailored
adaptive_decoder,1.7249999999999999,0.3333333333333333,0.06560958127834021,0.9343904187216598,4.0,0.009066505376425104,0.9997953226592738,0.04714155516542591,217.6880973693377,0.06018808874804427,-0.037456713417497386,0.19080543945982506,-0.07487929761706312,static_tailored
overactive_decoder,1.7249999999999999,0.3333333333333333,0.10180584326404996,0.89819415673595,48.0,0.00022027998505151395,0.9997094210601065,0.047165402919939016,159.04657524197333,0.06018808874804427,-0.037456713417497386,0.19080543945982506,-0.07487929761706312,static_tailored
oracle_decoder,1.7249999999999999,0.3333333333333333,0.0779554645114959,0.9220445354885041,0.0,0.0,0.9997953226592738,0.045543196748687634,217.6880973693377,0.06018808874804427,-0.037456713417497386,0.19080543945982506,-0.07487929761706312,static_tailored
uniform_decoder,1.7249999999999999,0.41666666666666663,0.07536369702625635,0.9246363029737437,0.0,0.03203665786785304,0.9993952241315693,0.05595591660152137,92.52339506654225,0.06317890697394284,-0.0065184515326514375,0.22310225473686715,-0.11389036403398514,static_tailored
static_tailored,1.7249999999999999,0.41666666666666663,0.06317890697394284,0.9368210930260572,0.0,0.03548382746105328,0.9994258033545155,0.045543387870508364,77.99641503288997,0.06317890697394284,-0.0065184515326514375,0.22310225473686715,-0.11389036403398514,static_tailored
adaptive_decoder,1.7249999999999999,0.41666666666666663,0.06413432963947877,0.9358656703605213,4.0,0.009747236833157253,0.9997951325915915,0.047165079716572356,217.85642460810553,0.06317890697394284,-0.0065184515326514375,0.22310225473686715,-0.11389036403398514,static_tailored
overactive_decoder,1.7249999999999999,0.41666666666666663,0.10719951349488445,0.8928004865051156,48.0,0.0002488515714942381,0.9997092318085551,0.047165079716572356,159.1132589652526,0.06317890697394284,-0.0065184515326514375,0.22310225473686715,-0.11389036403398514,static_tailored
oracle_decoder,1.7249999999999999,0.41666666666666663,0.08336445661284819,0.9166355433871518,0.0,0.0,0.9997951325915915,0.04554291981387798,217.85642460810553,0.06317890697394284,-0.0065184515326514375,0.22310225473686715,-0.11389036403398514,static_tailored
uniform_decoder,1.7249999999999999,0.5,0.07627306903572721,0.9237269309642728,0.0,0.03078200762419434,0.9993952241315693,0.05595591660152137,92.52339506654225,0.07194951256998158,-0.03736422954879509,0.13625517294197265,-0.05644103407573551,static_tailored
static_tailored,1.7249999999999999,0.5,0.07194951256998158,0.9280504874300184,0.0,0.03945306095985348,0.9994258033545155,0.04554341399234845,78.00433045343517,0.07194951256998158,-0.03736422954879509,0.13625517294197265,-0.05644103407573551,static_tailored
adaptive_decoder,1.7249999999999999,0.5,0.07841372507094634,0.9215862749290537,4.0,0.012198833787526557,0.9997951325915915,0.04715956727938928,217.85642460810553,0.07194951256998158,-0.03736422954879509,0.13625517294197265,-0.05644103407573551,static_tailored
overactive_decoder,1.7249999999999999,0.5,0.10731174539366452,0.8926882546063355,48.0,0.000328378283290468,0.9997092318085551,0.047165079716572356,159.11325896525258,0.07194951256998158,-0.03736422954879509,0.13625517294197265,-0.05644103407573551,static_tailored
oracle_decoder,1.7249999999999999,0.5,0.08929622916639171,0.9107037708336083,0.0,0.0,0.9997951325915915,0.04554291981387798,217.85642460810553,0.07194951256998158,-0.03736422954879509,0.13625517294197265,-0.05644103407573551,static_tailored
uniform_decoder,1.7249999999999999,0.5833333333333333,0.07529393444700318,0.9247060655529968,0.0,0.030082720243645892,0.9993952241315693,0.05595591660152137,92.52339506654225,0.07529393444700318,-0.03562873390705885,0.11282373147212657,-0.018158454132660765,uniform_decoder
static_tailored,1.7249999999999999,0.5833333333333333,0.08247802961883577,0.9175219703811642,0.0,0.042283326592624855,0.9994258033545155,0.04554341399234846,78.00433045343517,0.07529393444700318,-0.03562873390705885,0.11282373147212657,-0.018158454132660765,uniform_decoder
adaptive_decoder,1.7249999999999999,0.5833333333333333,0.08173135998031812,0.9182686400196819,4.0,0.015173981989906304,0.9997952751472047,0.04714623044056193,217.82584616270827,0.07529393444700318,-0.03562873390705885,0.11282373147212657,-0.018158454132660765,uniform_decoder
overactive_decoder,1.7249999999999999,0.5833333333333333,0.10597720390978926,0.8940227960902107,48.0,0.00041006520083337693,0.999709373752054,0.04716558209693403,159.06279925433515,0.07529393444700318,-0.03562873390705885,0.11282373147212657,-0.018158454132660765,uniform_decoder
oracle_decoder,1.7249999999999999,0.5833333333333333,0.0852211086368593,0.9147788913631407,0.0,0.0,0.9997952751472047,0.045543387870508364,217.82584616270827,0.07529393444700318,-0.03562873390705885,0.11282373147212657,-0.018158454132660765,uniform_decoder
uniform_decoder,1.7249999999999999,0.6666666666666666,0.07323270861860182,0.9267672913813982,0.0,0.030962572493866414,0.9993952241315693,0.05595591660152137,92.52339506654225,0.07323270861860182,0.04810728404351882,0.1965073043206395,-0.10045509945373773,adaptive_decoder
static_tailored,1.7249999999999999,0.6666666666666666,0.09157261921115215,0.9084273807888479,0.0,0.04428371703042198,0.9994258033545155,0.045543196748687634,77.98785716562045,0.07323270861860182,0.04810728404351882,0.1965073043206395,-0.10045509945373773,adaptive_decoder
adaptive_decoder,1.7249999999999999,0.6666666666666666,0.06555379118756248,0.9344462088124376,4.0,0.016457350974490456,0.9997884484026636,0.04714317701655646,212.45051617891343,0.07323270861860182,0.04810728404351882,0.1965073043206395,-0.10045509945373773,adaptive_decoder
overactive_decoder,1.7249999999999999,0.6666666666666666,0.1030635547868729,0.8969364452131271,48.0,0.00044033103292620356,0.9997086637452042,0.047168522402196565,159.04657524197333,0.07323270861860182,0.04810728404351882,0.1965073043206395,-0.10045509945373773,adaptive_decoder
oracle_decoder,1.7249999999999999,0.6666666666666666,0.08261385971662735,0.9173861402833726,0.0,0.0,0.9997945620788213,0.045543196748687634,217.59744459303175,0.07323270861860182,0.04810728404351882,0.1965073043206395,-0.10045509945373773,adaptive_decoder
uniform_decoder,1.7249999999999999,0.75,0.07149204687329927,0.9285079531267008,0.0,0.03153712083803598,0.9993959846932736,0.056803464475575174,93.1665789812546,0.07149204687329927,0.020262264359772623,0.18181531137939752,-0.09062300812946583,adaptive_decoder
static_tailored,1.7249999999999999,0.75,0.10241481398831584,0.8975851860116841,0.0,0.04544714060307934,0.9994258033545155,0.04554341399234845,77.98785716562045,0.07149204687329927,0.020262264359772623,0.18181531137939752,-0.09062300812946583,adaptive_decoder
adaptive_decoder,1.7249999999999999,0.75,0.06823315723067211,0.9317668427693279,4.0,0.017007942644066465,0.9997279854331222,0.04715387229558609,166.7985496447806,0.07149204687329927,0.020262264359772623,0.18181531137939752,-0.09062300812946583,adaptive_decoder
overactive_decoder,1.7249999999999999,0.75,0.10370764644912042,0.8962923535508796,48.0,0.00046847176271873526,0.999709373752054,0.04716558209693403,159.06279925433515,0.07149204687329927,0.020262264359772623,0.18181531137939752,-0.09062300812946583,adaptive_decoder
oracle_decoder,1.7249999999999999,0.75,0.08406563062244213,0.9159343693775579,0.0,0.0,0.9997952751472047,0.045543387870508364,217.82584616270833,0.07149204687329927,0.020262264359772623,0.18181531137939752,-0.09062300812946583,adaptive_decoder
uniform_decoder,1.7249999999999999,0.8333333333333333,0.07055353837960518,0.9294464616203948,0.0,0.03078200762419434,0.999396433379147,0.05683198364089066,93.05973839895215,0.07055353837960518,-0.02701413764999348,0.13024698505853702,-0.04112436537518276,uniform_decoder
static_tailored,1.7249999999999999,0.8333333333333333,0.12056804137693516,0.8794319586230648,0.0,0.044846557221510715,0.9994258033545155,0.04554291981387798,77.98785716562045,0.07055353837960518,-0.02701413764999348,0.13024698505853702,-0.04112436537518276,uniform_decoder
adaptive_decoder,1.7249999999999999,0.8333333333333333,0.07508149937661664,0.9249185006233833,4.0,0.018662939199698938,0.999606097854037,0.047163294430847415,115.53211786598654,0.07055353837960518,-0.02701413764999348,0.13024698505853702,-0.04112436537518276,uniform_decoder
overactive_decoder,1.7249999999999999,0.8333333333333333,0.10133977178874087,0.8986602282112591,48.0,0.0005471558538907632,0.9997092318085551,0.058405319960580106,159.1132589652526,0.07055353837960518,-0.02701413764999348,0.13024698505853702,-0.04112436537518276,uniform_decoder
oracle_decoder,1.7249999999999999,0.8333333333333333,0.08253863878240071,0.9174613612175992,0.0,0.0,0.9997951325915915,0.056813225629298,217.85642460810553,0.07055353837960518,-0.02701413764999348,0.13024698505853702,-0.04112436537518276,uniform_decoder
uniform_decoder,1.7249999999999999,0.9166666666666666,0.06970213199282455,0.9302978680071754,0.0,0.030381154921198094,0.9993962067397245,0.05683198364089066,93.17183248612933,0.06970213199282455,-0.13607651811723107,0.009520808860799108,0.08248769785004273,uniform_decoder
static_tailored,1.7249999999999999,0.9166666666666666,0.14505615626992896,0.854943843730071,0.0,0.042155809797585014,0.9994258033545155,0.045542370928344685,77.88336565183228,0.06970213199282455,-0.13607651811723107,0.009520808860799108,0.08248769785004273,uniform_decoder
adaptive_decoder,1.7249999999999999,0.9166666666666666,0.09535041339157091,0.9046495866084291,4.0,0.021488694736018613,0.9997952751472047,0.047168522402196565,217.82584616270827,0.06970213199282455,-0.13607651811723107,0.009520808860799108,0.08248769785004273,uniform_decoder
overactive_decoder,1.7249999999999999,0.9166666666666666,0.09746381102317005,0.90253618897683,48.0,0.0006289371089979435,0.999709373752054,0.05840934919781793,159.06279925433515,0.06970213199282455,-0.13607651811723107,0.009520808860799108,0.08248769785004273,uniform_decoder
oracle_decoder,1.7249999999999999,0.9166666666666666,0.07885602521549114,0.9211439747845088,0.0,0.0,0.9997952751472047,0.056823033039526696,217.82584616270827,0.06970213199282455,-0.13607651811723107,0.009520808860799108,0.08248769785004273,uniform_decoder
uniform_decoder,1.7249999999999999,1.0,0.06865053034238743,0.9313494696576126,0.0,0.03096257249386641,0.9993964051316373,0.0568315465438194,93.15438581460799,0.06865053034238743,-0.08948405657699349,0.060967718857837895,0.0197481759408953,uniform_decoder
static_tailored,1.7249999999999999,1.0,0.16576242615970369,0.8342375738402963,0.0,0.03882657318495627,0.9994258033545155,0.04554291981387798,77.98785716562045,0.06865053034238743,-0.08948405657699349,0.060967718857837895,0.0197481759408953,uniform_decoder
adaptive_decoder,1.7249999999999999,1.0,0.084358326028759,0.915641673971241,4.0,0.022636062916647923,0.9997945620788213,0.04714317701655646,217.59744459303175,0.06865053034238743,-0.08948405657699349,0.060967718857837895,0.0197481759408953,uniform_decoder
overactive_decoder,1.7249999999999999,1.0,0.0970723787390706,0.9029276212609294,48.0,0.0006597892952224499,0.9997086637452042,0.058409349197817935,159.04657524197333,0.06865053034238743,-0.08948405657699349,0.060967718857837895,0.0197481759408953,uniform_decoder
oracle_decoder,1.7249999999999999,1.0,0.08060830280624057,0.9193916971937595,0.0,0.0,0.9997945620788213,0.0568172875447501,217.59744459303175,0.06865053034238743,-0.08948405657699349,0.060967718857837895,0.0197481759408953,uniform_decoder
uniform_decoder,1.7249999999999999,1.0833333333333333,0.06799064512720156,0.9320093548727985,0.0,0.031340972038727065,0.9993965415973809,0.05683123638827667,93.05973839895215,0.06799064512720156,-0.0037903632040196533,0.1538730023273779,-0.0779237057628204,uniform_decoder
static_tailored,1.7249999999999999,1.0833333333333333,0.17973534405996938,0.8202646559400306,0.0,0.03616650962330789,0.9994258033545155,0.04554285348654254,78.00433045343517,0.06799064512720156,-0.0037903632040196533,0.1538730023273779,-0.0779237057628204,uniform_decoder
adaptive_decoder,1.7249999999999999,1.0833333333333333,0.06858663960806065,0.9314133603919393,4.0,0.021121795196125445,0.999793610198015,0.058400736810203614,216.91639573825987,0.06799064512720156,-0.0037903632040196533,0.1538730023273779,-0.0779237057628204,uniform_decoder
overactive_decoder,1.7249999999999999,1.0833333333333333,0.09774904600100408,0.9022509539989959,48.0,0.0006872471237961169,0.9997077159501536,0.0584104607851305,158.7581718573345,0.06799064512720156,-0.0037903632040196533,0.1538730023273779,-0.0779237057628204,uniform_decoder
oracle_decoder,1.7249999999999999,1.0833333333333333,0.08206599339959549,0.9179340066004045,0.0,0.0,0.999793610198015,0.05681840859819614,216.91639573825987,0.06799064512720156,-0.0037903632040196533,0.1538730023273779,-0.0779237057628204,uniform_decoder
uniform_decoder,1.7249999999999999,1.1666666666666665,0.06831494155306736,0.9316850584469326,0.0,0.03078200762419435,0.999396433379147,0.05683154654381941,92.94893752287028,0.06831494155306736,-0.04596058203061442,0.08449296701203209,-0.025841946987678433,uniform_decoder
static_tailored,1.7249999999999999,1.1666666666666665,0.18856193033098606,0.811438069669014,0.0,0.03507171329641683,0.9994258033545155,0.04554341399234846,78.00433045343517,0.06831494155306736,-0.04596058203061442,0.08449296701203209,-0.025841946987678433,uniform_decoder
adaptive_decoder,1.7249999999999999,1.1666666666666665,0.07594099500922562,0.9240590049907744,4.0,0.02055701433720838,0.999793610198015,0.0470986620601785,216.91639573825987,0.06831494155306736,-0.04596058203061442,0.08449296701203209,-0.025841946987678433,uniform_decoder
overactive_decoder,1.7249999999999999,1.1666666666666665,0.09225061075907973,0.9077493892409203,48.0,0.0007648987289623734,0.9997077159501536,0.05841617075778204,158.7581718573345,0.06831494155306736,-0.04596058203061442,0.08449296701203209,-0.025841946987678433,uniform_decoder
oracle_decoder,1.7249999999999999,1.1666666666666665,0.08059688000890218,0.9194031199910978,0.0,0.0,0.999793610198015,0.05681156028955797,216.91639573825987,0.06831494155306736,-0.04596058203061442,0.08449296701203209,-0.025841946987678433,uniform_decoder
uniform_decoder,1.7249999999999999,1.25,0.06923770056694716,0.9307622994330529,0.0,0.030515833376012408,0.9993962067397247,0.056830960305291695,93.17183248616358,0.06923770056694716,-0.0349169522135453,0.11064317886605037,-0.03602134396862803,uniform_decoder
static_tailored,1.7249999999999999,1.25,0.19375624315626405,0.806243756843736,0.0,0.03572384089620126,0.9994258033545155,0.04554341399234845,78.00433045343517,0.06923770056694716,-0.0349169522135453,0.11064317886605037,-0.03602134396862803,uniform_decoder
adaptive_decoder,1.7249999999999999,1.25,0.07503425734200612,0.9249657426579939,4.0,0.02467991776043145,0.9997929907928491,0.046776485007023305,216.42030236985343,0.06923770056694716,-0.0349169522135453,0.11064317886605037,-0.03602134396862803,uniform_decoder
overactive_decoder,1.7249999999999999,1.25,0.09680610961126446,0.9031938903887355,48.0,0.0008472519361640455,0.9997070992029751,0.05840531996058011,158.53179533400416,0.06923770056694716,-0.0349169522135453,0.11064317886605037,-0.03602134396862803,uniform_decoder
oracle_decoder,1.7249999999999999,1.25,0.0815231462883098,0.9184768537116902,0.0,0.0,0.9997929907928491,0.056813225629298005,216.42030236985343,0.06923770056694716,-0.0349169522135453,0.11064317886605037,-0.03602134396862803,uniform_decoder
uniform_decoder,1.7249999999999999,1.3333333333333333,0.07009091749432819,0.9299090825056718,0.0,0.030962572493866414,0.999396433379147,0.05682998136719558,93.15438581460799,0.07009091749432819,-0.04473438192241556,0.08499826053199913,-0.00856463500522676,uniform_decoder
static_tailored,1.7249999999999999,1.3333333333333333,0.19624637046359003,0.8037536295364099,0.0,0.03700456737898309,0.9994258033545155,0.045543196748687634,77.82755126543616,0.07009091749432819,-0.04473438192241556,0.08499826053199913,-0.00856463500522676,uniform_decoder
adaptive_decoder,1.7249999999999999,1.3333333333333333,0.07769554669333158,0.9223044533066684,4.0,0.03001073403469923,0.9997760771192886,0.04667295708286601,201.53072884345045,0.07009091749432819,-0.04473438192241556,0.08499826053199913,-0.00856463500522676,uniform_decoder
overactive_decoder,1.7249999999999999,1.3333333333333333,0.0944918577345435,0.9055081422654565,48.0,0.0008785785771783954,0.9997094210601065,0.05840531996058011,159.04657524197333,0.07009091749432819,-0.04473438192241556,0.08499826053199913,-0.00856463500522676,uniform_decoder
oracle_decoder,1.7249999999999999,1.3333333333333333,0.07924297319418908,0.920757026805811,0.0,0.0,0.9997953226592738,0.056813225629298005,217.68809736933773,0.07009091749432819,-0.04473438192241556,0.08499826053199913,-0.00856463500522676,uniform_decoder
uniform_decoder,1.7249999999999999,1.4166666666666665,0.07084041065262754,0.9291595893473724,0.0,0.03126030591776643,0.9993962478484856,0.05683123638827667,92.9981553341024,0.07084041065262754,-0.06920857971588647,0.0700566686151682,-0.003956105707855965,uniform_decoder
static_tailored,1.7249999999999999,1.4166666666666665,0.19658259044994808,0.8034174095500519,0.0,0.0382797490811155,0.9994258033545155,0.04554285348654253,77.97765408708496,0.07084041065262754,-0.06920857971588647,0.0700566686151682,-0.003956105707855965,uniform_decoder
adaptive_decoder,1.7249999999999999,1.4166666666666665,0.08307869189528383,0.9169213081047162,4.0,0.03325759335947962,0.9997420314955667,0.047141379017883345,175.71411866160267,0.07084041065262754,-0.06920857971588647,0.0700566686151682,-0.003956105707855965,uniform_decoder
overactive_decoder,1.7249999999999999,1.4166666666666665,0.0976216892429369,0.9023783107570631,48.0,0.0009052418773677264,0.999709373752054,0.05840624790062997,159.06279925433515,0.07084041065262754,-0.06920857971588647,0.0700566686151682,-0.003956105707855965,uniform_decoder
oracle_decoder,1.7249999999999999,1.4166666666666665,0.08383893550861174,0.9161610644913882,0.0,0.0,0.9997952751472047,0.05681416089692078,217.82584616270833,0.07084041065262754,-0.06920857971588647,0.0700566686151682,-0.003956105707855965,uniform_decoder
uniform_decoder,1.7249999999999999,1.5,0.07135163680129206,0.9286483631987079,0.0,0.03078200762419434,0.9993965727904264,0.0568315465438194,93.07893719799323,0.07135163680129206,-0.11135099217604241,0.016010263215730847,0.06280005433367376,uniform_decoder
static_tailored,1.7249999999999999,1.5,0.19457080074605004,0.80542919925395,0.0,0.03945306095985349,0.9994258033545155,0.04554341399234845,77.98785716562045,0.07135163680129206,-0.11135099217604241,0.016010263215730847,0.06280005433367376,uniform_decoder
adaptive_decoder,1.7249999999999999,1.5,0.0922050977152112,0.9077949022847888,4.0,0.03270901487425515,0.9996903403923262,0.04714623044056193,146.75110298661693,0.07135163680129206,-0.11135099217604241,0.016010263215730847,0.06280005433367376,uniform_decoder
overactive_decoder,1.7249999999999999,1.5,0.09566766974753486,0.9043323302524652,48.0,0.0009821970565078422,0.9997086637452042,0.058411596024421975,159.04657524197333,0.07135163680129206,-0.11135099217604241,0.016010263215730847,0.06280005433367376,uniform_decoder
oracle_decoder,1.7249999999999999,1.5,0.07979117822923695,0.920208821770763,0.0,0.0,0.9997945620788213,0.056819553753749176,217.59744459303175,0.07135163680129206,-0.11135099217604241,0.016010263215730847,0.06280005433367376,uniform_decoder
uniform_decoder,1.7249999999999999,1.5833333333333333,0.0711501003439968,0.9288498996560032,0.0,0.030610182559910413,0.999396433379147,0.056831929231624376,93.1084110799364,0.0711501003439968,-0.08174744407638992,0.04204543531735619,0.00807601879230601,uniform_decoder
static_tailored,1.7249999999999999,1.5833333333333333,0.19035817118484671,0.8096418288151532,0.0,0.04049360125470808,0.9994258033545155,0.045543387870508364,78.00433045343517,0.0711501003439968,-0.08174744407638992,0.04204543531735619,0.00807601879230601,uniform_decoder
adaptive_decoder,1.7249999999999999,1.5833333333333333,0.08588611555743807,0.9141138844425619,4.0,0.030567699471568746,0.9997922754317361,0.058409349197817935,215.8224128558399,0.0711501003439968,-0.08174744407638992,0.04204543531735619,0.00807601879230601,uniform_decoder
overactive_decoder,1.7249999999999999,1.5833333333333333,0.09461683060090212,0.9053831693990979,48.0,0.0010650885392355879,0.9997092318085551,0.058409349197817935,159.1132589652526,0.0711501003439968,-0.08174744407638992,0.04204543531735619,0.00807601879230601,uniform_decoder
oracle_decoder,1.7249999999999999,1.5833333333333333,0.08430375948296029,0.9156962405170397,0.0,0.0,0.9997951325915915,0.0568172875447501,217.85642460810553,0.0711501003439968,-0.08174744407638992,0.04204543531735619,0.00807601879230601,uniform_decoder
uniform_decoder,1.7249999999999999,1.6666666666666665,0.07049247986139806,0.9295075201386019,0.0,0.030962572493866417,0.999396433379147,0.05683198364089066,92.94893752287028,0.07049247986139806,-0.10694781000226196,0.012870725848999438,0.04453899359987967,uniform_decoder
static_tailored,1.7249999999999999,1.6666666666666665,0.18582021718665706,0.8141797828133429,0.0,0.041369994003003126,0.9994258033545155,0.04554291981387798,77.98785716562045,0.07049247986139806,-0.10694781000226196,0.012870725848999438,0.04453899359987967,uniform_decoder
adaptive_decoder,1.7249999999999999,1.6666666666666665,0.09017592355417824,0.9098240764458217,4.0,0.03068892975099835,0.9997922754317361,0.05840531996058011,215.8224128558399,0.07049247986139806,-0.10694781000226196,0.012870725848999438,0.04453899359987967,uniform_decoder
overactive_decoder,1.7249999999999999,1.6666666666666665,0.09288836632190679,0.9071116336780932,48.0,0.0010962046335064096,0.9997063869109417,0.05840531996058011,158.25131755741907,0.07049247986139806,-0.10694781000226196,0.012870725848999438,0.04453899359987967,uniform_decoder
oracle_decoder,1.7249999999999999,1.6666666666666665,0.08138635629005855,0.9186136437099415,0.0,0.0,0.9997922754317361,0.056813225629298005,215.8224128558399,0.07049247986139806,-0.10694781000226196,0.012870725848999438,0.04453899359987967,uniform_decoder
uniform_decoder,1.7249999999999999,1.75,0.0698902980618167,0.9301097019381833,0.0,0.03122225595977462,0.9993965415973809,0.05683167984760218,93.020789228483,0.0698902980618167,-0.4036242779061484,-0.2901084971619199,0.3645909261919196,uniform_decoder
static_tailored,1.7249999999999999,1.75,0.1828383787220832,0.8171616212779168,0.0,0.041957937549122394,0.9994258033545155,0.04554341399234845,77.94799436912342,0.0698902980618167,-0.4036242779061484,-0.2901084971619199,0.3645909261919196,uniform_decoder
adaptive_decoder,1.7249999999999999,1.75,0.17702767701830768,0.8229723229816923,4.0,0.03222508648844768,0.999765064320637,0.04714537273306822,192.4665880879041,0.0698902980618167,-0.4036242779061484,-0.2901084971619199,0.3645909261919196,uniform_decoder
overactive_decoder,1.7249999999999999,1.75,0.0907679805924099,0.9092320194075901,48.0,0.0011241486524598521,0.999709373752054,0.05840827065942275,159.06279925433515,0.0698902980618167,-0.4036242779061484,-0.2901084971619199,0.3645909261919196,uniform_decoder
oracle_decoder,1.7249999999999999,1.75,0.07646280825350942,0.9235371917464906,0.0,0.0,0.9997952751472047,0.05681620002589858,217.82584616270833,0.0698902980618167,-0.4036242779061484,-0.2901084971619199,0.3645909261919196,uniform_decoder
uniform_decoder,1.7249999999999999,1.8333333333333333,0.06955799771067488,0.9304420022893252,0.0,0.03078200762419435,0.9993965727904264,0.05683198364089066,93.07893719799321,0.06955799771067488,-0.41454114805215375,-0.29597868281490075,0.36948485819067955,uniform_decoder
static_tailored,1.7249999999999999,1.8333333333333333,0.18368003413212902,0.816319965867871,0.0,0.04171703444549816,0.9994258033545155,0.045542370928344685,77.98785716562045,0.06955799771067488,-0.41454114805215375,-0.29597868281490075,0.36948485819067955,uniform_decoder
adaptive_decoder,1.7249999999999999,1.8333333333333333,0.18067090500640087,0.8193290949935992,4.0,0.03345048988325167,0.9996307836842864,0.047168522402196565,127.38115997816149,0.06955799771067488,-0.41454114805215375,-0.29597868281490075,0.36948485819067955,uniform_decoder
overactive_decoder,1.7249999999999999,1.8333333333333333,0.09139228530531479,0.9086077146946852,48.0,0.0011987713846851329,0.9997086637452042,0.05840934919781793,159.04657524197333,0.06955799771067488,-0.41454114805215375,-0.29597868281490075,0.36948485819067955,uniform_decoder
oracle_decoder,1.7249999999999999,1.8333333333333333,0.07716197974629023,0.9228380202537098,0.0,0.0,0.9997945620788213,0.05681728754475009,217.59744459303175,0.06955799771067488,-0.41454114805215375,-0.29597868281490075,0.36948485819067955,uniform_decoder
uniform_decoder,1.7249999999999999,1.9166666666666665,0.06916797384253638,0.9308320261574636,0.0,0.030660777508566852,0.9993962478484854,0.056831929231624376,93.14406011361568,0.06916797384253638,-0.1333207683614737,-0.02972116726831141,0.08187853578623637,uniform_decoder
static_tailored,1.7249999999999999,1.9166666666666665,0.1884600497821634,0.8115399502178366,0.0,0.040455806508149596,0.9994258033545155,0.04554341399234845,77.97765408708496,0.06916797384253638,-0.1333207683614737,-0.02972116726831141,0.08187853578623637,uniform_decoder
adaptive_decoder,1.7249999999999999,1.9166666666666665,0.09402120703387146,0.9059787929661285,4.0,0.03308985025648354,0.9994517334215429,0.04716852240219657,84.3037691665921,0.06916797384253638,-0.1333207683614737,-0.02972116726831141,0.08187853578623637,uniform_decoder
overactive_decoder,1.7249999999999999,1.9166666666666665,0.08780204982278782,0.9121979501772122,48.0,0.0012797482954900782,0.9997086637452042,0.05840827065942275,159.04657524197333,0.06916797384253638,-0.1333207683614737,-0.02972116726831141,0.08187853578623637,uniform_decoder
oracle_decoder,1.7249999999999999,1.9166666666666665,0.07786589620662987,0.9221341037933701,0.0,0.0,0.9997945620788213,0.05681620002589858,217.59744459303175,0.06916797384253638,-0.1333207683614737,-0.02972116726831141,0.08187853578623637,uniform_decoder
uniform_decoder,1.7249999999999999,2.0,0.06865942099913827,0.9313405790008618,0.0,0.030962572493866417,0.9993964051316373,0.0568315465438194,93.15438581460799,0.06865942099913827,-0.019146976746207547,0.09028660736921926,-0.025707739425766835,uniform_decoder
static_tailored,1.7249999999999999,2.0,0.19390042930267315,0.8060995706973269,0.0,0.038826573184956276,0.9994258033545155,0.04554291981387797,77.98785716562045,0.06865942099913827,-0.019146976746207547,0.09028660736921926,-0.025707739425766835,uniform_decoder
adaptive_decoder,1.7249999999999999,2.0,0.07175416475748156,0.9282458352425185,4.0,0.03277088103347664,0.9994253028176151,0.04715500790053198,77.98785716562045,0.06865942099913827,-0.019146976746207547,0.09028660736921926,-0.025707739425766835,uniform_decoder
overactive_decoder,1.7249999999999999,2.0,0.08833518457761791,0.9116648154223821,48.0,0.0013122131689633698,0.9997086637452042,0.05841832633541154,159.04657524197333,0.06865942099913827,-0.019146976746207547,0.09028660736921926,-0.025707739425766835,uniform_decoder
oracle_decoder,1.7249999999999999,2.0,0.07612982875442324,0.9238701712455768,0.0,0.0,0.9997945620788213,0.0568172875447501,217.59744459303175,0.06865942099913827,-0.019146976746207547,0.09028660736921926,-0.025707739425766835,uniform_decoder
uniform_decoder,1.8,0.0,0.05588662334276669,0.9441133766572333,0.0,0.03946905872989605,0.9994100605057921,0.056186264608115266,95.24072410773583,0.05588662334276669,-0.10475067951489184,0.11291614757595468,0.013757445183635404,uniform_decoder
static_tailored,1.8,0.0,0.06891299178547548,0.9310870082145245,0.0,0.0,0.9994382405171023,0.04489909802338666,79.92583906511771,0.05588662334276669,-0.10475067951489184,0.11291614757595468,0.013757445183635404,uniform_decoder
adaptive_decoder,1.8,0.0,0.07113094032475102,0.928869059675249,4.0,0.0,0.9994382405171023,0.04652196316428597,79.92583906511771,0.05588662334276669,-0.10475067951489184,0.11291614757595468,0.013757445183635404,uniform_decoder
overactive_decoder,1.8,0.0,0.09225176786913332,0.9077482321308666,48.0,0.0,0.9993429352015127,0.04652196316428597,70.80270206438081,0.05588662334276669,-0.10475067951489184,0.11291614757595468,0.013757445183635404,uniform_decoder
oracle_decoder,1.8,0.0,0.06891299178547548,0.9310870082145245,0.0,0.0,0.9994382405171023,0.04489909802338666,79.92583906511771,0.05588662334276669,-0.10475067951489184,0.11291614757595468,0.013757445183635404,uniform_decoder
uniform_decoder,1.8,0.08333333333333333,0.058322735306019405,0.9416772646939806,0.0,0.03752008028634476,0.9994100605057921,0.056186264608115266,95.24072410773583,0.058322735306019405,-0.02394455784427132,0.13072734104306463,0.016392835518366955,uniform_decoder
static_tailored,1.8,0.08333333333333333,0.05934574775330483,0.9406542522466952,0.0,0.003039531381038753,0.9994382405171023,0.04567715748789486,80.11453033607296,0.058322735306019405,-0.02394455784427132,0.13072734104306463,0.016392835518366955,uniform_decoder
adaptive_decoder,1.8,0.08333333333333333,0.06162861982748469,0.9383713801725153,4.0,0.0010718215851484253,0.9994382129814365,0.04723969208188437,80.11453033607296,0.058322735306019405,-0.02394455784427132,0.13072734104306463,0.016392835518366955,uniform_decoder
overactive_decoder,1.8,0.08333333333333333,0.08327406839817554,0.9167259316018245,48.0,2.8511536628382764e-05,0.9993429352015127,0.04729888957313198,70.98019024499996,0.058322735306019405,-0.02394455784427132,0.13072734104306463,0.016392835518366955,uniform_decoder
oracle_decoder,1.8,0.08333333333333333,0.05934574775330483,0.9406542522466952,0.0,0.0,0.9994382405171023,0.04567715748789486,80.11453033607296,0.058322735306019405,-0.02394455784427132,0.13072734104306463,0.016392835518366955,uniform_decoder
uniform_decoder,1.8,0.16666666666666666,0.06432132710693038,0.9356786728930696,0.0,0.031524599640169224,0.9994100605057921,0.056186264608115266,95.24072410773583,0.05713899152130887,-0.017087127064843576,0.13511544492152208,0.01708712706484359,static_tailored
static_tailored,1.8,0.16666666666666666,0.05713899152130887,0.9428610084786911,0.0,0.010563043270736221,0.9994382405171023,0.04569375135170087,80.11453033607296,0.05713899152130887,-0.017087127064843576,0.13511544492152208,0.01708712706484359,static_tailored
adaptive_decoder,1.8,0.16666666666666666,0.059431911422578663,0.9405680885774214,4.0,0.00409706999059649,0.9994381196987632,0.04730192449655972,80.11453033607296,0.05713899152130887,-0.017087127064843576,0.13511544492152208,0.01708712706484359,static_tailored
overactive_decoder,1.8,0.16666666666666666,0.08112134505502538,0.9188786549449746,48.0,0.0001115841665652977,0.9993429352015127,0.047315585686093564,70.98019024499996,0.05713899152130887,-0.017087127064843576,0.13511544492152208,0.01708712706484359,static_tailored
oracle_decoder,1.8,0.16666666666666666,0.05713899152130887,0.9428610084786911,0.0,0.0,0.9994382405171023,0.04569375135170087,80.11453033607296,0.05713899152130887,-0.017087127064843576,0.13511544492152208,0.01708712706484359,static_tailored
uniform_decoder,1.8,0.25,0.07006904230712513,0.9299309576928749,0.0,0.029689921646201583,0.9994100605057921,0.056186264608115266,95.24072410773583,0.056476977389771865,-0.017284615704191132,0.17717914156422873,-0.03953150130765932,static_tailored
static_tailored,1.8,0.25,0.056476977389771865,0.9435230226102281,0.0,0.021475065870051175,0.9994382405171023,0.045693706232035065,80.11453033607296,0.056476977389771865,-0.017284615704191132,0.17717914156422873,-0.03953150130765932,static_tailored
adaptive_decoder,1.8,0.25,0.0587700501377032,0.9412299498622968,4.0,0.007615906094947317,0.9994379606373837,0.04730135495738997,80.11453033607296,0.056476977389771865,-0.017284615704191132,0.17717914156422873,-0.03953150130765932,static_tailored
overactive_decoder,1.8,0.25,0.08837617536703864,0.9116238246329613,48.0,0.0001954117825521966,0.9996161353496094,0.047315401457742066,123.06204890304443,0.056476977389771865,-0.017284615704191132,0.17717914156422873,-0.03953150130765932,static_tailored
oracle_decoder,1.8,0.25,0.06437060078678744,0.9356293992132125,0.0,0.0,0.9997016426381914,0.04569357932276005,152.8613458305371,0.056476977389771865,-0.017284615704191132,0.17717914156422873,-0.03953150130765932,static_tailored
uniform_decoder,1.8,0.3333333333333333,0.07323544233731148,0.9267645576626885,0.0,0.03170808351489937,0.9994100605057921,0.056186264608115266,95.24072410773583,0.056144011337312026,-0.03825790339569364,0.20201518650395817,-0.07887045755308927,static_tailored
static_tailored,1.8,0.3333333333333333,0.056144011337312026,0.9438559886626879,0.0,0.030327899921532137,0.9994382405171023,0.045693456844466025,80.09733164815337,0.056144011337312026,-0.03825790339569364,0.20201518650395817,-0.07887045755308927,static_tailored
adaptive_decoder,1.8,0.3333333333333333,0.06131423893889104,0.938685761061109,4.0,0.009250839651940639,0.9998131167402959,0.04730192449655972,239.63565454383402,0.056144011337312026,-0.03825790339569364,0.20201518650395817,-0.07887045755308927,static_tailored
overactive_decoder,1.8,0.3333333333333333,0.09762848016525658,0.9023715198347434,48.0,0.00022452552958045286,0.9997271380186802,0.04731531682155325,170.14767456105739,0.056144011337312026,-0.03825790339569364,0.20201518650395817,-0.07887045755308927,static_tailored
oracle_decoder,1.8,0.3333333333333333,0.07352445255113878,0.9264755474488612,0.0,0.0,0.9998131167402959,0.045693456844466025,239.63565454383402,0.056144011337312026,-0.03825790339569364,0.20201518650395817,-0.07887045755308927,static_tailored
uniform_decoder,1.8,0.41666666666666663,0.0751239265269613,0.9248760734730387,0.0,0.03281809837853409,0.9994100605057921,0.056186264608115266,95.24072410773583,0.05907468018077666,-0.005856385554506832,0.23439340816257392,-0.11820280014986796,static_tailored
static_tailored,1.8,0.41666666666666663,0.05907468018077666,0.9409253198192233,0.0,0.036212365856237855,0.9994382405171023,0.04569375135170086,80.11160161850275,0.05907468018077666,-0.005856385554506832,0.23439340816257392,-0.11820280014986796,static_tailored
adaptive_decoder,1.8,0.41666666666666663,0.05987668727858046,0.9401233127214196,4.0,0.009905242132647173,0.9998129271792842,0.04731531682155325,239.77584529749143,0.05907468018077666,-0.005856385554506832,0.23439340816257392,-0.11820280014986796,static_tailored
overactive_decoder,1.8,0.41666666666666663,0.10271909226137643,0.8972809077386236,48.0,0.0002524846767871647,0.9997269492755934,0.04731531682155325,170.25587171352922,0.05907468018077666,-0.005856385554506832,0.23439340816257392,-0.11820280014986796,static_tailored
oracle_decoder,1.8,0.41666666666666663,0.07860688106246852,0.9213931189375315,0.0,0.0,0.9998129271792842,0.045693456844466025,239.77584529749143,0.05907468018077666,-0.005856385554506832,0.23439340816257392,-0.11820280014986796,static_tailored
uniform_decoder,1.8,0.5,0.07608088629008275,0.9239191137099172,0.0,0.03152459964016923,0.9994100605057921,0.056186264608115266,95.24072410773583,0.0680229310183037,-0.035929457642879026,0.16562547172786024,-0.05983380078978518,static_tailored
static_tailored,1.8,0.5,0.0680229310183037,0.9319770689816963,0.0,0.04025186372456575,0.9994382405171023,0.045693456844466025,80.11453033607296,0.0680229310183037,-0.035929457642879026,0.16562547172786024,-0.05983380078978518,static_tailored
adaptive_decoder,1.8,0.5,0.07388985236457579,0.9261101476354242,4.0,0.012414283242872514,0.9998129271792842,0.04730135495738997,239.77584529749137,0.0680229310183037,-0.035929457642879026,0.16562547172786024,-0.05983380078978518,static_tailored
overactive_decoder,1.8,0.5,0.10819576714336858,0.8918042328566315,48.0,0.0003346285391361508,0.9997269492755935,0.04731531682155325,170.2558717135984,0.0680229310183037,-0.035929457642879026,0.16562547172786024,-0.05983380078978518,static_tailored
oracle_decoder,1.8,0.5,0.08480444174639197,0.915195558253608,0.0,0.0,0.9998129271792842,0.045693456844466025,239.77584529749137,0.0680229310183037,-0.035929457642879026,0.16562547172786024,-0.05983380078978518,static_tailored
uniform_decoder,1.8,0.5833333333333333,0.07506658212533518,0.9249334178746649,0.0,0.03080570986157598,0.9994100605057921,0.056186264608115266,95.24072410773583,0.07506658212533518,-0.014915784403960306,0.11856369980950489,-0.018767871250316256,uniform_decoder
static_tailored,1.8,0.5833333333333333,0.07889895012278084,0.9211010498772192,0.0,0.043133032725542975,0.9994382405171023,0.04569317737067879,80.11453033607295,0.07506658212533518,-0.014915784403960306,0.11856369980950489,-0.018767871250316256,uniform_decoder
adaptive_decoder,1.8,0.5833333333333333,0.07768951795343183,0.9223104820465682,4.0,0.015538895207034447,0.9998130693562273,0.04728966116499226,239.76977323208544,0.07506658212533518,-0.014915784403960306,0.11856369980950489,-0.018767871250316256,uniform_decoder
overactive_decoder,1.8,0.5833333333333333,0.1020765836798752,0.8979234163201248,48.0,0.00041912369036121864,0.9997270908390705,0.04731498777507298,170.21534324632742,0.07506658212533518,-0.014915784403960306,0.11856369980950489,-0.018767871250316256,uniform_decoder
oracle_decoder,1.8,0.5833333333333333,0.08112044007105529,0.9188795599289448,0.0,0.0,0.9998130693562273,0.04569317737067879,239.76977323208544,0.07506658212533518,-0.014915784403960306,0.11856369980950489,-0.018767871250316256,uniform_decoder
uniform_decoder,1.8,0.6666666666666666,0.0729426393487479,0.9270573606512521,0.0,0.031708083514899364,0.9994100605057921,0.05618626460811527,95.24072410773584,0.0729426393487479,0.06892217074611154,0.20292397886003702,-0.10199742258454239,adaptive_decoder
static_tailored,1.8,0.6666666666666666,0.08824443483420312,0.9117555651657969,0.0,0.04518272723085337,0.9994382405171023,0.04569345684446602,80.09733164815337,0.0729426393487479,0.06892217074611154,0.20292397886003702,-0.10199742258454239,adaptive_decoder
adaptive_decoder,1.8,0.6666666666666666,0.06223852661754428,0.9377614733824557,4.0,0.01676634649057711,0.9998062517555484,0.04727825349392395,233.02802894866983,0.0729426393487479,0.06892217074611154,0.20292397886003702,-0.10199742258454239,adaptive_decoder
overactive_decoder,1.8,0.6666666666666666,0.09930778191720463,0.9006922180827954,48.0,0.00044882823329872205,0.9997263826527273,0.047314987775072995,170.1476745611264,0.0729426393487479,0.06892217074611154,0.20292397886003702,-0.10199742258454239,adaptive_decoder
oracle_decoder,1.8,0.6666666666666666,0.0787148596743461,0.9212851403256539,0.0,0.0,0.999812358101224,0.04569317737067879,239.4056413167808,0.0729426393487479,0.06892217074611154,0.20292397886003702,-0.10199742258454239,adaptive_decoder
uniform_decoder,1.8,0.75,0.07116271701899525,0.9288372829810048,0.0,0.032307122522472746,0.999410771062691,0.0569651268545995,95.81970013781162,0.07116271701899525,0.03918785572335709,0.18720770430604497,-0.09132121778018416,adaptive_decoder
static_tailored,1.8,0.75,0.0992739041750004,0.9007260958249996,0.0,0.046394539211038775,0.9994382405171023,0.045692397288904486,80.08658773919146,0.07116271701899525,0.03918785572335709,0.18720770430604497,-0.09132121778018416,adaptive_decoder
adaptive_decoder,1.8,0.75,0.0650226500486277,0.9349773499513723,4.0,0.017261458194577896,0.9997451276699343,0.04731078757103544,178.6789025403149,0.07116271701899525,0.03918785572335709,0.18720770430604497,-0.09132121778018416,adaptive_decoder
overactive_decoder,1.8,0.75,0.10006273514266281,0.8999372648573372,48.0,0.0004763527251508814,0.9997270908390705,0.04731488950778049,170.21534324632742,0.07116271701899525,0.03918785572335709,0.18720770430604497,-0.09132121778018416,adaptive_decoder
oracle_decoder,1.8,0.75,0.0802390694271614,0.9197609305728386,0.0,0.0,0.9998130693562273,0.045693016171198815,239.76977323208538,0.07116271701899525,0.03918785572335709,0.18720770430604497,-0.09132121778018416,adaptive_decoder
uniform_decoder,1.8,0.8333333333333333,0.07022366623729549,0.9297763337627045,0.0,0.031524599640169224,0.9994111695283144,0.056979882928084126,95.68115031783694,0.07022366623729549,-0.010823049199586172,0.13341793402255409,-0.03990138402320353,uniform_decoder
static_tailored,1.8,0.8333333333333333,0.11789899280685787,0.8821010071931421,0.0,0.04579724382823474,0.9994382405171023,0.04569375135170086,80.08658773919146,0.07022366623729549,-0.010823049199586172,0.13341793402255409,-0.03990138402320353,uniform_decoder
adaptive_decoder,1.8,0.8333333333333333,0.07199569833274669,0.9280043016672533,4.0,0.018989475906997108,0.9996186258933943,0.04730765564637535,119.71002667580152,0.07022366623729549,-0.010823049199586172,0.13341793402255409,-0.03990138402320353,uniform_decoder
overactive_decoder,1.8,0.8333333333333333,0.09788687917928421,0.9021131208207158,48.0,0.0005575867084207147,0.9997269492755934,0.05854137358315396,170.25587171352922,0.07022366623729549,-0.010823049199586172,0.13341793402255409,-0.03990138402320353,uniform_decoder
oracle_decoder,1.8,0.8333333333333333,0.07892379004564085,0.9210762099543591,0.0,0.0,0.9998129271792842,0.05694953447263367,239.77584529749143,0.07022366623729549,-0.010823049199586172,0.13341793402255409,-0.03990138402320353,uniform_decoder
uniform_decoder,1.8,0.9166666666666666,0.06936517528631125,0.9306348247136887,0.0,0.03110869917663804,0.9994108151437969,0.05698217087680752,95.84268463555395,0.06936517528631125,-0.12110046534379819,0.012538295577912948,0.0772300735150968,uniform_decoder
static_tailored,1.8,0.9166666666666666,0.143303806051105,0.8566961939488951,0.0,0.0430214148302624,0.9994382405171023,0.04569317737067879,79.98596704730635,0.06936517528631125,-0.12110046534379819,0.012538295577912948,0.0772300735150968,uniform_decoder
adaptive_decoder,1.8,0.9166666666666666,0.09167310755794708,0.9083268924420529,4.0,0.021935381963477676,0.9998130693562273,0.04730623558410977,239.76977323208538,0.06936517528631125,-0.12110046534379819,0.012538295577912948,0.0772300735150968,uniform_decoder
overactive_decoder,1.8,0.9166666666666666,0.09435833066825956,0.9056416693317404,48.0,0.0006422220896530902,0.9997270908390705,0.05854689156430201,170.2153432463274,0.06936517528631125,-0.12110046534379819,0.012538295577912948,0.0772300735150968,uniform_decoder
oracle_decoder,1.8,0.9166666666666666,0.07673824804373074,0.9232617519562692,0.0,0.0,0.9998130693562273,0.05695509022672773,239.76977323208538,0.06936517528631125,-0.12110046534379819,0.012538295577912948,0.0772300735150968,uniform_decoder
uniform_decoder,1.8,1.0,0.06828529672492399,0.931714703275076,0.0,0.031708083514899364,0.9994110395028819,0.05698196243677924,95.83309210546585,0.06828529672492399,-0.07508692216622535,0.06460511421330223,0.019263066340665783,uniform_decoder
static_tailored,1.8,1.0,0.16463207422725215,0.8353679257727479,0.0,0.039613471217659936,0.9994382405171023,0.045693456844466025,80.08658773919146,0.06828529672492399,-0.07508692216622535,0.06460511421330223,0.019263066340665783,uniform_decoder
adaptive_decoder,1.8,1.0,0.0811734721531662,0.9188265278468338,4.0,0.02310663336978465,0.999812358101224,0.04727825349392395,239.4056413167808,0.06828529672492399,-0.07508692216622535,0.06460511421330223,0.019263066340665783,uniform_decoder
overactive_decoder,1.8,1.0,0.09419313189342014,0.9058068681065798,48.0,0.0006725516730695233,0.9997263826527273,0.05854689156430201,170.1476745611264,0.06828529672492399,-0.07508692216622535,0.06460511421330223,0.019263066340665783,uniform_decoder
oracle_decoder,1.8,1.0,0.07765171586445396,0.922348284135546,0.0,0.0,0.999812358101224,0.056955090226727734,239.4056413167808,0.06828529672492399,-0.07508692216622535,0.06460511421330223,0.019263066340665783,uniform_decoder
uniform_decoder,1.8,1.0833333333333333,0.06759691596881592,0.9324030840311841,0.0,0.03210090650207458,0.9994112525186,0.05698195602257338,95.71903326369369,0.06759691596881592,0.010124056336291536,0.15780120842628745,-0.0788573631488398,adaptive_decoder
static_tailored,1.8,1.0833333333333333,0.1789235332938854,0.8210764667061146,0.0,0.036883573417491294,0.9994382405171023,0.04569375135170086,80.11453033607295,0.06759691596881592,0.010124056336291536,0.15780120842628745,-0.0788573631488398,adaptive_decoder
adaptive_decoder,1.8,1.0833333333333333,0.0660393554522588,0.9339606445477412,4.0,0.02146795694077927,0.9998114083271448,0.058535242636396714,238.53178151768535,0.06759691596881592,0.010124056336291536,0.15780120842628745,-0.0788573631488398,adaptive_decoder
overactive_decoder,1.8,1.0833333333333333,0.09497384797445378,0.9050261520255463,48.0,0.0006993983634842282,0.9997254369753378,0.058548442046416016,169.7891540647974,0.06759691596881592,0.010124056336291536,0.15780120842628745,-0.0788573631488398,adaptive_decoder
oracle_decoder,1.8,1.0833333333333333,0.07918814853422808,0.9208118514657719,0.0,0.0,0.9998114083271448,0.056956651659189735,238.53178151768535,0.06759691596881592,0.010124056336291536,0.15780120842628745,-0.0788573631488398,adaptive_decoder
uniform_decoder,1.8,1.1666666666666665,0.06792837552235023,0.9320716244776498,0.0,0.03152459964016923,0.9994111695283145,0.05698217087680752,95.65235261128826,0.06792837552235023,-0.03237603064355223,0.08770656066276215,-0.026588806828203825,uniform_decoder
static_tailored,1.8,1.1666666666666665,0.1879295381771256,0.8120704618228745,0.0,0.03575209040346612,0.9994382405171023,0.04569317737067879,80.11453033607295,0.06792837552235023,-0.03237603064355223,0.08770656066276215,-0.026588806828203825,uniform_decoder
adaptive_decoder,1.8,1.1666666666666665,0.07318587328646464,0.9268141267135354,4.0,0.02083293453614436,0.9998114083271448,0.04726713963237565,238.53178151768535,0.06792837552235023,-0.03237603064355223,0.08770656066276215,-0.026588806828203825,uniform_decoder
overactive_decoder,1.8,1.1666666666666665,0.08956406986564747,0.9104359301343525,48.0,0.0007795374555362822,0.9997254369753378,0.05855670340670463,169.7891540647974,0.06792837552235023,-0.03237603064355223,0.08770656066276215,-0.026588806828203825,uniform_decoder
oracle_decoder,1.8,1.1666666666666665,0.07780653341351974,0.9221934665864803,0.0,0.0,0.9998114083271448,0.05694729393343102,238.53178151768535,0.06792837552235023,-0.03237603064355223,0.08770656066276215,-0.026588806828203825,uniform_decoder
uniform_decoder,1.8,1.25,0.0688809442492169,0.9311190557507831,0.0,0.03125239267222075,0.9994108151437971,0.05698216874273763,95.84268463559008,0.0688809442492169,-0.022078889020299107,0.11355645384318012,-0.03610617387065136,uniform_decoder
static_tailored,1.8,1.25,0.19322987554483323,0.8067701244551668,0.0,0.03643693039165946,0.9994382405171023,0.045693456844466025,80.11453033607295,0.0688809442492169,-0.022078889020299107,0.11355645384318012,-0.03610617387065136,uniform_decoder
adaptive_decoder,1.8,1.25,0.07247329066525823,0.9275267093347418,4.0,0.02513037252753376,0.999810790100584,0.04696818757978993,237.90944037867985,0.0688809442492169,-0.022078889020299107,0.11355645384318012,-0.03610617387065136,uniform_decoder
overactive_decoder,1.8,1.25,0.09413138199285187,0.9058686180071481,48.0,0.0008647710055628786,0.9997248214147493,0.05854137358315397,169.51713484422814,0.0688809442492169,-0.022078889020299107,0.11355645384318012,-0.03610617387065136,uniform_decoder
oracle_decoder,1.8,1.25,0.07875609149923679,0.9212439085007632,0.0,0.0,0.999810790100584,0.05694953447263367,237.90944037867985,0.0688809442492169,-0.022078889020299107,0.11355645384318012,-0.03610617387065136,uniform_decoder
uniform_decoder,1.8,1.3333333333333333,0.06975164274934532,0.9302483572506547,0.0,0.03170808351489936,0.9994111695283145,0.05698151146697708,95.83309210546585,0.06975164274934532,-0.03325462678694416,0.08607608392450104,-0.006671836372770706,uniform_decoder
static_tailored,1.8,1.3333333333333333,0.19578045650462722,0.8042195434953727,0.0,0.03775598503953907,0.9994382405171023,0.04569345684446602,79.92583906511771,0.06975164274934532,-0.03325462678694416,0.08607608392450104,-0.006671836372770706,uniform_decoder
adaptive_decoder,1.8,1.3333333333333333,0.07530244318525209,0.924697556814748,4.0,0.030668928938659593,0.9997938513015995,0.04687984981631194,219.8342519715252,0.06975164274934532,-0.03325462678694416,0.08607608392450104,-0.006671836372770706,uniform_decoder
overactive_decoder,1.8,1.3333333333333333,0.09180897759585549,0.9081910224041445,48.0,0.000895615305890022,0.9997271380186802,0.05854137358315397,170.1476745611264,0.06975164274934532,-0.03325462678694416,0.08607608392450104,-0.006671836372770706,uniform_decoder
oracle_decoder,1.8,1.3333333333333333,0.07646820635734604,0.9235317936426539,0.0,0.0,0.9998131167402959,0.05694953447263367,239.635654543834,0.06975164274934532,-0.03325462678694416,0.08607608392450104,-0.006671836372770706,uniform_decoder
uniform_decoder,1.8,1.4166666666666665,0.07051830365711347,0.9294816963428866,0.0,0.03202673170910105,0.9994110091398385,0.056979882928084126,95.60761376636884,0.07051830365711347,-0.05900058880937976,0.07768433664187248,-0.0012962076320628515,uniform_decoder
static_tailored,1.8,1.4166666666666665,0.196155730537955,0.803844269462045,0.0,0.03905837103263821,0.9994382405171023,0.045692532829473276,80.09733164815339,0.07051830365711347,-0.05900058880937976,0.07768433664187248,-0.0012962076320628515,uniform_decoder
adaptive_decoder,1.8,1.4166666666666665,0.08077973896778884,0.9192202610322111,4.0,0.03410688626116657,0.9997594391820045,0.047301924496559705,189.14990752589884,0.07051830365711347,-0.05900058880937976,0.07768433664187248,-0.0012962076320628515,uniform_decoder
overactive_decoder,1.8,1.4166666666666665,0.09660214773416353,0.9033978522658365,48.0,0.0009216642628826368,0.9997270908390705,0.058542632047119944,170.21534324632742,0.07051830365711347,-0.05900058880937976,0.07768433664187248,-0.0012962076320628515,uniform_decoder
oracle_decoder,1.8,1.4166666666666665,0.08102119661995248,0.9189788033800476,0.0,0.0,0.9998130693562273,0.056950801403208094,239.76977323208538,0.07051830365711347,-0.05900058880937976,0.07768433664187248,-0.0012962076320628515,uniform_decoder
uniform_decoder,1.8,1.5,0.07104951845030838,0.9289504815496916,0.0,0.031524599640169224,0.999411258367259,0.05698196243677924,95.7713389126579,0.07104951845030838,-0.10295956355647436,0.013617585588788204,0.06793408005067808,uniform_decoder
static_tailored,1.8,1.5,0.1941240559409543,0.8058759440590457,0.0,0.04025186372456576,0.9994382405171023,0.045692397288904486,80.08658773919146,0.07104951845030838,-0.10295956355647436,0.013617585588788204,0.06793408005067808,uniform_decoder
adaptive_decoder,1.8,1.5,0.090057669120297,0.909942330879703,4.0,0.03355003378426726,0.9997064722402363,0.04728233793162481,155.35905845520355,0.07104951845030838,-0.10295956355647436,0.013617585588788204,0.06793408005067808,uniform_decoder
overactive_decoder,1.8,1.5,0.09292622350742753,0.9070737764925725,48.0,0.0010010693878336498,0.9997263826527273,0.05855004115947799,170.1476745611264,0.07104951845030838,-0.10295956355647436,0.013617585588788204,0.06793408005067808,uniform_decoder
oracle_decoder,1.8,1.5,0.07701700434315259,0.9229829956568474,0.0,0.0,0.999812358101224,0.056958262248237246,239.4056413167808,0.07104951845030838,-0.10295956355647436,0.013617585588788204,0.06793408005067808,uniform_decoder
uniform_decoder,1.8,1.5833333333333333,0.07083634624107195,0.9291636537589281,0.0,0.03135154675775945,0.9994111695283144,0.056981564874102074,95.7410807539894,0.07083634624107195,-0.07292680126287993,0.04201251291857906,0.011245735635192104,uniform_decoder
static_tailored,1.8,1.5833333333333333,0.18979479755523734,0.8102052024447627,0.0,0.041311464414397356,0.9994382405171023,0.04569357932276005,80.11453033607295,0.07083634624107195,-0.07292680126287993,0.04201251291857906,0.011245735635192104,uniform_decoder
adaptive_decoder,1.8,1.5833333333333333,0.08378821787287662,0.9162117821271234,4.0,0.03127942039424702,0.9998100759125451,0.05854689156430201,237.16593366704276,0.07083634624107195,-0.07292680126287993,0.04201251291857906,0.011245735635192104,uniform_decoder
overactive_decoder,1.8,1.5833333333333333,0.09229867494002536,0.9077013250599746,48.0,0.0010868281703851042,0.9997269492755934,0.05854689156430201,170.25587171352922,0.07083634624107195,-0.07292680126287993,0.04201251291857906,0.011245735635192104,uniform_decoder
oracle_decoder,1.8,1.5833333333333333,0.08164643334279893,0.918353566657201,0.0,0.0,0.9998129271792842,0.056955090226727734,239.77584529749143,0.07083634624107195,-0.07292680126287993,0.04201251291857906,0.011245735635192104,uniform_decoder
uniform_decoder,1.8,1.6666666666666665,0.07015793044717994,0.92984206955282,0.0,0.03170808351489938,0.9994111695283145,0.05697935511583133,95.65235261128826,0.07015793044717994,-0.09974392007036643,0.01010929537097036,0.04954890715098737,uniform_decoder
static_tailored,1.8,1.6666666666666665,0.1851382385718921,0.814861761428108,0.0,0.04221008735386541,0.9994382405171023,0.045693456844466025,80.08658773919146,0.07015793044717994,-0.09974392007036643,0.01010929537097036,0.04954890715098737,uniform_decoder
adaptive_decoder,1.8,1.6666666666666665,0.08827153718691959,0.9117284628130804,4.0,0.031365362212393146,0.9998100759125451,0.05854137358315397,237.16593366704276,0.07015793044717994,-0.09974392007036643,0.01010929537097036,0.04954890715098737,uniform_decoder
overactive_decoder,1.8,1.6666666666666665,0.0903503803079974,0.9096496196920026,48.0,0.001117535160219332,0.9997241103058632,0.05854137358315397,169.18405691356048,0.07015793044717994,-0.09974392007036643,0.01010929537097036,0.04954890715098737,uniform_decoder
oracle_decoder,1.8,1.6666666666666665,0.07875384788174997,0.92124615211825,0.0,0.0,0.9998100759125451,0.05694953447263367,237.16593366704285,0.07015793044717994,-0.09974392007036643,0.01010929537097036,0.04954890715098737,uniform_decoder
uniform_decoder,1.8,1.75,0.0695419491763849,0.9304580508236151,0.0,0.03197440681954631,0.9994112525186,0.05698196243677924,95.7190332636937,0.0695419491763849,-0.4029448557707997,-0.29933291109373217,0.3765638719207014,uniform_decoder
static_tailored,1.8,1.75,0.18204744676613674,0.8179525532338633,0.0,0.04282191675427092,0.9994382405171023,0.04569370623203507,80.07166827024054,0.0695419491763849,-0.4029448557707997,-0.29933291109373217,0.3765638719207014,uniform_decoder
adaptive_decoder,1.8,1.75,0.17586998033885393,0.8241300196611461,4.0,0.03295156351559897,0.9997827646666493,0.04728966116499226,208.9949293554945,0.0695419491763849,-0.4029448557707997,-0.29933291109373217,0.3765638719207014,uniform_decoder
overactive_decoder,1.8,1.75,0.08827928437336503,0.9117207156266349,48.0,0.0011448588181096947,0.9997270908390705,0.058545399980595526,170.21534324632742,0.0695419491763849,-0.4029448557707997,-0.29933291109373217,0.3765638719207014,uniform_decoder
oracle_decoder,1.8,1.75,0.07389717618388174,0.9261028238161183,0.0,0.0,0.9998130693562273,0.05695358825831385,239.76977323208538,0.0695419491763849,-0.4029448557707997,-0.29933291109373217,0.3765638719207014,uniform_decoder
uniform_decoder,1.8,1.8333333333333333,0.06921216389242163,0.9307878361075783,0.0,0.03152459964016923,0.9994112583672591,0.05698217087680752,95.77133891267596,0.06921216389242163,-0.4141373387447601,-0.30511788559217967,0.3810472983567208,uniform_decoder
static_tailored,1.8,1.8333333333333333,0.18289882435037652,0.8171011756496235,0.0,0.0425807420278978,0.9994382405171023,0.04569317737067879,80.09733164815339,0.06921216389242163,-0.4141373387447601,-0.30511788559217967,0.3810472983567208,uniform_decoder
adaptive_decoder,1.8,1.8333333333333333,0.17960555560717484,0.8203944443928252,4.0,0.03424213290650085,0.999647587477012,0.04730623558410977,133.9232987725958,0.06921216389242163,-0.4141373387447601,-0.30511788559217967,0.3810472983567208,uniform_decoder
overactive_decoder,1.8,1.8333333333333333,0.08896145567700312,0.9110385443229969,48.0,0.0012218812338596742,0.9997263826527272,0.05854689156430201,170.14767456105739,0.06921216389242163,-0.4141373387447601,-0.30511788559217967,0.3810472983567208,uniform_decoder
oracle_decoder,1.8,1.8333333333333333,0.07469172127505762,0.9253082787249424,0.0,0.0,0.999812358101224,0.05695509022672773,239.40564131678082,0.06921216389242163,-0.4141373387447601,-0.30511788559217967,0.3810472983567208,uniform_decoder
uniform_decoder,1.8,1.9166666666666665,0.06881744206747964,0.9311825579325204,0.0,0.031402842351289866,0.9994110091398386,0.05698217087680752,95.7872977688595,0.06881744206747964,-0.12800385495735325,-0.03368802049553267,0.08758276023045529,uniform_decoder
static_tailored,1.8,1.9166666666666665,0.18786351584565825,0.8121364841543417,0.0,0.041279271776265274,0.9994382405171023,0.04569357932276005,80.09733164815337,0.06881744206747964,-0.12800385495735325,-0.03368802049553267,0.08758276023045529,uniform_decoder
adaptive_decoder,1.8,1.9166666666666665,0.09240647015347977,0.9075935298465202,4.0,0.03385530319777108,0.9994610013129006,0.04730623558410976,85.74508056662425,0.06881744206747964,-0.12800385495735325,-0.03368802049553267,0.08758276023045529,uniform_decoder
overactive_decoder,1.8,1.9166666666666665,0.08550949870155909,0.9144905012984409,48.0,0.0013057658765246274,0.9997263826527272,0.05854539998059552,170.14767456105739,0.06881744206747964,-0.12800385495735325,-0.03368802049553267,0.08758276023045529,uniform_decoder
oracle_decoder,1.8,1.9166666666666665,0.07553002364594683,0.9244699763540531,0.0,0.0,0.999812358101224,0.05695358825831384,239.4056413167808,0.06881744206747964,-0.12800385495735325,-0.03368802049553267,0.08758276023045529,uniform_decoder
uniform_decoder,1.8,2.0,0.06829473840144942,0.9317052615985506,0.0,0.03170808351489936,0.9994110395028819,0.05698196243677924,95.83309210546585,0.06829473840144942,-0.0116894987869473,0.0890698679539048,-0.022538235914404327,uniform_decoder
static_tailored,1.8,2.0,0.19344648942203588,0.8065535105779641,0.0,0.03961347121765993,0.9994382405171023,0.045693456844466025,80.08658773919146,0.06829473840144942,-0.0116894987869473,0.0890698679539048,-0.022538235914404327,uniform_decoder
adaptive_decoder,1.8,2.0,0.07015792642481328,0.9298420735751867,4.0,0.03344274390683166,0.9994377357413616,0.04729452497002502,80.09733164815339,0.06829473840144942,-0.0116894987869473,0.0890698679539048,-0.022538235914404327,uniform_decoder
overactive_decoder,1.8,2.0,0.08612844623425851,0.9138715537657415,48.0,0.0013378567641729783,0.9997263826527273,0.05856002956784316,170.1476745611264,0.06829473840144942,-0.0116894987869473,0.0890698679539048,-0.022538235914404327,uniform_decoder
oracle_decoder,1.8,2.0,0.0738949875894117,0.9261050124105883,0.0,0.0,0.999812358101224,0.056955090226727734,239.4056413167808,0.06829473840144942,-0.0116894987869473,0.0890698679539048,-0.022538235914404327,uniform_decoder
