leakage,recovery,q_star,eta_star,floor_bound,coherence_floor,passes_99p1_target
0.0,0.01,0.99,0.0,0.0,1.0,1
0.0,0.02,0.9800000000000001,0.0,0.0,1.0,1
0.0,0.03,0.97,0.0,0.0,1.0,1
0.0,0.04,0.96,0.0,0.0,1.0,1
0.0,0.05,0.9499999999999998,0.0,0.0,1.0,1
0.0,0.060000000000000005,0.94,0.0,0.0,1.0,1
0.0,0.06999999999999999,0.9300000000000002,0.0,0.0,1.0,1
0.0,0.08,0.92,0.0,0.0,1.0,1
0.0,0.09,0.91,0.0,0.0,1.0,1
0.0,0.09999999999999999,0.8999999999999999,0.0,0.0,1.0,1
0.0,0.11,0.89,0.0,0.0,1.0,1
0.0,0.12,0.8800000000000001,0.0,0.0,1.0,1
0.0,0.13,0.8699999999999999,0.0,0.0,1.0,1
0.0,0.14,0.86,0.0,0.0,1.0,1
0.0,0.15000000000000002,0.8500000000000001,0.0,0.0,1.0,1
0.0,0.16,0.84,0.0,0.0,1.0,1
0.0,0.17,0.8300000000000001,0.0,0.0,1.0,1
0.0,0.18000000000000002,0.82,0.0,0.0,1.0,1
0.0,0.19,0.81,0.0,0.0,1.0,1
0.0,0.2,0.7999999999999999,0.0,0.0,1.0,1
0.0,0.21000000000000002,0.79,0.0,0.0,1.0,1
0.0,0.22,0.78,0.0,0.0,1.0,1
0.0,0.23,0.77,0.0,0.0,1.0,1
0.0,0.24000000000000002,0.7599999999999999,0.0,0.0,1.0,1
0.0,0.25,0.7499999999999999,0.0,0.0,1.0,1
0.0,0.26,0.74,0.0,0.0,1.0,1
0.0,0.27,0.73,0.0,0.0,1.0,1
0.0,0.28,0.72,0.0,0.0,1.0,1
0.0,0.29000000000000004,0.7099999999999999,0.0,0.0,1.0,1
0.0,0.3,0.7000000000000001,0.0,0.0,1.0,1
0.0,0.31,0.69,0.0,0.0,1.0,1
0.0,0.32,0.6799999999999998,0.0,0.0,1.0,1
0.0,0.33,0.6699999999999999,0.0,0.0,1.0,1
0.0,0.34,0.66,0.0,0.0,1.0,1
0.0,0.35000000000000003,0.6499999999999999,0.0,0.0,1.0,1
0.0,0.36000000000000004,0.6399999999999999,0.0,0.0,1.0,1
0.0,0.37,0.63,0.0,0.0,1.0,1
0.0,0.38,0.6200000000000001,0.0,0.0,1.0,1
0.0,0.39,0.61,0.0,0.0,1.0,1
0.0,0.4,0.6000000000000001,0.0,0.0,1.0,1
0.0,0.41000000000000003,0.5900000000000001,0.0,0.0,1.0,1
0.0,0.42000000000000004,0.58,0.0,0.0,1.0,1
0.0,0.43,0.5700000000000001,0.0,0.0,1.0,1
0.0,0.44,0.56,0.0,0.0,1.0,1
0.0,0.45,0.55,0.0,0.0,1.0,1
0.0,0.46,0.54,0.0,0.0,1.0,1
0.0,0.47000000000000003,0.53,0.0,0.0,1.0,1
0.0,0.48000000000000004,0.5200000000000001,0.0,0.0,1.0,1
0.0,0.49,0.51,0.0,0.0,1.0,1
0.0,0.5,0.5000000000000001,0.0,0.0,1.0,1
0.0,0.51,0.48999999999999994,0.0,0.0,1.0,1
0.0,0.52,0.48,0.0,0.0,1.0,1
0.0,0.53,0.47000000000000003,0.0,0.0,1.0,1
0.0,0.54,0.46,0.0,0.0,1.0,1
0.0,0.55,0.45,0.0,0.0,1.0,1
0.0,0.56,0.43999999999999995,0.0,0.0,1.0,1
0.0,0.5700000000000001,0.43,0.0,0.0,1.0,1
0.0,0.5800000000000001,0.41999999999999993,0.0,0.0,1.0,1
0.0,0.59,0.41000000000000003,0.0,0.0,1.0,1
0.0,0.6,0.4,0.0,0.0,1.0,1
0.0,0.61,0.39,0.0,0.0,1.0,1
0.0,0.62,0.38,0.0,0.0,1.0,1
0.0,0.63,0.36999999999999994,0.0,0.0,1.0,1
0.0,0.64,0.36,0.0,0.0,1.0,1
0.0,0.65,0.35,0.0,0.0,1.0,1
0.0,0.66,0.3399999999999999,0.0,0.0,1.0,1
0.0,0.67,0.32999999999999996,0.0,0.0,1.0,1
0.0,0.68,0.32,0.0,0.0,1.0,1
0.0,0.6900000000000001,0.3099999999999999,0.0,0.0,1.0,1
0.0,0.7000000000000001,0.29999999999999993,0.0,0.0,1.0,1
0.0,0.7100000000000001,0.29,0.0,0.0,1.0,1
0.0,0.72,0.28,0.0,0.0,1.0,1
0.0,0.73,0.2700000000000001,0.0,0.0,1.0,1
0.0,0.74,0.26,0.0,0.0,1.0,1
0.0,0.75,0.25,0.0,0.0,1.0,1
0.0,0.76,0.24,0.0,0.0,1.0,1
0.0,0.77,0.22999999999999995,0.0,0.0,1.0,1
0.0,0.78,0.21999999999999997,0.0,0.0,1.0,1
0.0,0.79,0.20999999999999994,0.0,0.0,1.0,1
0.0,0.8,0.19999999999999993,0.0,0.0,1.0,1
0.0,0.81,0.18999999999999992,0.0,0.0,1.0,1
0.0,0.8200000000000001,0.17999999999999994,0.0,0.0,1.0,1
0.0,0.8300000000000001,0.16999999999999993,0.0,0.0,1.0,1
0.0,0.8400000000000001,0.15999999999999992,0.0,0.0,1.0,1
0.0,0.85,0.15000000000000002,0.0,0.0,1.0,1
0.0,0.86,0.14,0.0,0.0,1.0,1
0.0,0.87,0.13000000000000003,0.0,0.0,1.0,1
0.0,0.88,0.12,0.0,0.0,1.0,1
0.0,0.89,0.10999999999999999,0.0,0.0,1.0,1
0.0,0.9,0.09999999999999996,0.0,0.0,1.0,1
0.0,0.91,0.08999999999999996,0.0,0.0,1.0,1
0.0,0.92,0.07999999999999997,0.0,0.0,1.0,1
0.0,0.93,0.06999999999999995,0.0,0.0,1.0,1
0.0,0.9400000000000001,0.05999999999999994,0.0,0.0,1.0,1
0.0,0.9500000000000001,0.04999999999999993,0.0,0.0,1.0,1
0.0,0.9600000000000001,0.039999999999999925,0.0,0.0,1.0,1
0.0,0.97,0.03000000000000003,0.0,0.0,1.0,1
0.0,0.98,0.020000000000000014,0.0,0.0,1.0,1
0.0,0.99,0.010000000000000009,0.0,0.0,1.0,1
0.0,1.0,0.0,0.0,0.0,1.0,1
0.00025,0.01,0.99,0.00024999999999999995,0.024999999999999974,0.975,0
0.00025,0.02,0.9800000000000001,0.00024999999999999995,0.012500000000000056,0.9874999999999999,0
0.00025,0.03,0.97,0.00024999999999999995,0.008333333333333325,0.9916666666666667,1
0.00025,0.04,0.96,0.00024999999999999995,0.006249999999999993,0.99375,1
0.00025,0.05,0.9499999999999998,0.00024999999999999995,0.004999999999999984,0.995,1
0.00025,0.060000000000000005,0.94,0.00024999999999999995,0.004166666666666662,0.9958333333333333,1
0.00025,0.06999999999999999,0.9300000000000002,0.00024999999999999995,0.0035714285714285787,0.9964285714285714,1
0.00025,0.08,0.92,0.00024999999999999995,0.003125000000000001,0.996875,1
0.00025,0.09,0.91,0.00024999999999999995,0.0027777777777777783,0.9972222222222222,1
0.00025,0.09999999999999999,0.8999999999999999,0.00024999999999999995,0.0024999999999999974,0.9975,1
0.00025,0.11,0.89,0.00024999999999999995,0.0022727272727272726,0.9977272727272727,1
0.00025,0.12,0.8800000000000001,0.00024999999999999995,0.002083333333333335,0.9979166666666667,1
0.00025,0.13,0.8699999999999999,0.00024999999999999995,0.001923076923076921,0.9980769230769231,1
0.00025,0.14,0.86,0.00024999999999999995,0.0017857142857142852,0.9982142857142857,1
0.00025,0.15000000000000002,0.8500000000000001,0.00024999999999999995,0.0016666666666666674,0.9983333333333333,1
0.00025,0.16,0.84,0.00024999999999999995,0.0015624999999999994,0.9984375,1
0.00025,0.17,0.8300000000000001,0.00024999999999999995,0.001470588235294118,0.9985294117647059,1
0.00025,0.18000000000000002,0.82,0.00024999999999999995,0.0013888888888888883,0.9986111111111111,1
0.00025,0.19,0.81,0.00024999999999999995,0.0013157894736842107,0.9986842105263158,1
0.00025,0.2,0.7999999999999999,0.00024999999999999995,0.0012499999999999994,0.99875,1
0.00025,0.21000000000000002,0.79,0.00024999999999999995,0.0011904761904761904,0.9988095238095238,1
0.00025,0.22,0.78,0.00024999999999999995,0.0011363636363636363,0.9988636363636364,1
0.00025,0.23,0.77,0.00024999999999999995,0.0010869565217391302,0.9989130434782608,1
0.00025,0.24000000000000002,0.7599999999999999,0.00024999999999999995,0.001041666666666666,0.9989583333333333,1
0.00025,0.25,0.7499999999999999,0.00024999999999999995,0.0009999999999999994,0.999,1
0.00025,0.26,0.74,0.00024999999999999995,0.0009615384615384613,0.9990384615384615,1
0.00025,0.27,0.73,0.00024999999999999995,0.0009259259259259256,0.9990740740740741,1
0.00025,0.28,0.72,0.00024999999999999995,0.0008928571428571426,0.9991071428571429,1
0.00025,0.29000000000000004,0.7099999999999999,0.00024999999999999995,0.0008620689655172408,0.9991379310344828,1
0.00025,0.3,0.7000000000000001,0.00024999999999999995,0.0008333333333333334,0.9991666666666666,1
0.00025,0.31,0.69,0.00024999999999999995,0.0008064516129032255,0.9991935483870967,1
0.00025,0.32,0.6799999999999998,0.00024999999999999995,0.0007812499999999994,0.99921875,1
0.00025,0.33,0.6699999999999999,0.00024999999999999995,0.0007575757575757572,0.9992424242424243,1
0.00025,0.34,0.66,0.00024999999999999995,0.0007352941176470587,0.9992647058823529,1
0.00025,0.35000000000000003,0.6499999999999999,0.00024999999999999995,0.000714285714285714,0.9992857142857143,1
0.00025,0.36000000000000004,0.6399999999999999,0.00024999999999999995,0.0006944444444444441,0.9993055555555556,1
0.00025,0.37,0.63,0.00024999999999999995,0.0006756756756756756,0.9993243243243243,1
0.00025,0.38,0.6200000000000001,0.00024999999999999995,0.0006578947368421054,0.9993421052631579,1
0.00025,0.39,0.61,0.00024999999999999995,0.0006410256410256409,0.9993589743589744,1
0.00025,0.4,0.6000000000000001,0.00024999999999999995,0.000625,0.999375,1
0.00025,0.41000000000000003,0.5900000000000001,0.00024999999999999995,0.0006097560975609756,0.999390243902439,1
0.00025,0.42000000000000004,0.58,0.00024999999999999995,0.0005952380952380951,0.9994047619047619,1
0.00025,0.43,0.5700000000000001,0.00024999999999999995,0.0005813953488372093,0.9994186046511628,1
0.00025,0.44,0.56,0.00024999999999999995,0.0005681818181818182,0.9994318181818181,1
0.00025,0.45,0.55,0.00024999999999999995,0.0005555555555555556,0.9994444444444445,1
0.00025,0.46,0.54,0.00024999999999999995,0.0005434782608695651,0.9994565217391305,1
0.00025,0.47000000000000003,0.53,0.00024999999999999995,0.0005319148936170212,0.999468085106383,1
0.00025,0.48000000000000004,0.5200000000000001,0.00024999999999999995,0.0005208333333333333,0.9994791666666667,1
0.00025,0.49,0.51,0.00024999999999999995,0.000510204081632653,0.9994897959183674,1
0.00025,0.5,0.5000000000000001,0.00024999999999999995,0.0005,0.9995,1
0.00025,0.51,0.48999999999999994,0.00024999999999999995,0.0004901960784313724,0.9995098039215686,1
0.00025,0.52,0.48,0.00024999999999999995,0.00048076923076923063,0.9995192307692308,1
0.00025,0.53,0.47000000000000003,0.00024999999999999995,0.00047169811320754707,0.9995283018867924,1
0.00025,0.54,0.46,0.00024999999999999995,0.0004629629629629628,0.999537037037037,1
0.00025,0.55,0.45,0.00024999999999999995,0.00045454545454545444,0.9995454545454545,1
0.00025,0.56,0.43999999999999995,0.00024999999999999995,0.0004464285714285713,0.9995535714285714,1
0.00025,0.5700000000000001,0.43,0.00024999999999999995,0.00043859649122807,0.999561403508772,1
0.00025,0.5800000000000001,0.41999999999999993,0.00024999999999999995,0.0004310344827586206,0.9995689655172414,1
0.00025,0.59,0.41000000000000003,0.00024999999999999995,0.00042372881355932197,0.9995762711864407,1
0.00025,0.6,0.4,0.00024999999999999995,0.0004166666666666666,0.9995833333333334,1
0.00025,0.61,0.39,0.00024999999999999995,0.00040983606557377044,0.9995901639344262,1
0.00025,0.62,0.38,0.00024999999999999995,0.00040322580645161285,0.9995967741935484,1
0.00025,0.63,0.36999999999999994,0.00024999999999999995,0.00039682539682539666,0.9996031746031746,1
0.00025,0.64,0.36,0.00024999999999999995,0.0003906249999999999,0.999609375,1
0.00025,0.65,0.35,0.00024999999999999995,0.0003846153846153845,0.9996153846153846,1
0.00025,0.66,0.3399999999999999,0.00024999999999999995,0.0003787878787878786,0.9996212121212121,1
0.00025,0.67,0.32999999999999996,0.00024999999999999995,0.00037313432835820885,0.9996268656716418,1
0.00025,0.68,0.32,0.00024999999999999995,0.00036764705882352935,0.9996323529411765,1
0.00025,0.6900000000000001,0.3099999999999999,0.00024999999999999995,0.00036231884057971,0.9996376811594203,1
0.00025,0.7000000000000001,0.29999999999999993,0.00024999999999999995,0.00035714285714285703,0.9996428571428572,1
0.00025,0.7100000000000001,0.29,0.00024999999999999995,0.000352112676056338,0.9996478873239436,1
0.00025,0.72,0.28,0.00024999999999999995,0.0003472222222222222,0.9996527777777777,1
0.00025,0.73,0.2700000000000001,0.00024999999999999995,0.0003424657534246575,0.9996575342465753,1
0.00025,0.74,0.26,0.00024999999999999995,0.0003378378378378378,0.9996621621621622,1
0.00025,0.75,0.25,0.00024999999999999995,0.00033333333333333327,0.9996666666666667,1
0.00025,0.76,0.24,0.00024999999999999995,0.00032894736842105257,0.999671052631579,1
0.00025,0.77,0.22999999999999995,0.00024999999999999995,0.0003246753246753246,0.9996753246753247,1
0.00025,0.78,0.21999999999999997,0.00024999999999999995,0.00032051282051282046,0.9996794871794872,1
0.00025,0.79,0.20999999999999994,0.00024999999999999995,0.00031645569620253154,0.9996835443037975,1
0.00025,0.8,0.19999999999999993,0.00024999999999999995,0.0003124999999999999,0.9996875,1
0.00025,0.81,0.18999999999999992,0.00024999999999999995,0.0003086419753086419,0.9996913580246913,1
0.00025,0.8200000000000001,0.17999999999999994,0.00024999999999999995,0.0003048780487804877,0.9996951219512196,1
0.00025,0.8300000000000001,0.16999999999999993,0.00024999999999999995,0.00030120481927710835,0.9996987951807229,1
0.00025,0.8400000000000001,0.15999999999999992,0.00024999999999999995,0.00029761904761904754,0.999702380952381,1
0.00025,0.85,0.15000000000000002,0.00024999999999999995,0.0002941176470588235,0.9997058823529412,1
0.00025,0.86,0.14,0.00024999999999999995,0.0002906976744186046,0.9997093023255814,1
0.00025,0.87,0.13000000000000003,0.00024999999999999995,0.0002873563218390804,0.9997126436781609,1
0.00025,0.88,0.12,0.00024999999999999995,0.000284090909090909,0.9997159090909091,1
0.00025,0.89,0.10999999999999999,0.00024999999999999995,0.0002808988764044943,0.9997191011235955,1
0.00025,0.9,0.09999999999999996,0.00024999999999999995,0.0002777777777777777,0.9997222222222222,1
0.00025,0.91,0.08999999999999996,0.00024999999999999995,0.00027472527472527467,0.9997252747252747,1
0.00025,0.92,0.07999999999999997,0.00024999999999999995,0.00027173913043478256,0.9997282608695652,1
0.00025,0.93,0.06999999999999995,0.00024999999999999995,0.0002688172043010752,0.999731182795699,1
0.00025,0.9400000000000001,0.05999999999999994,0.00024999999999999995,0.0002659574468085106,0.9997340425531915,1
0.00025,0.9500000000000001,0.04999999999999993,0.00024999999999999995,0.00026315789473684205,0.9997368421052631,1
0.00025,0.9600000000000001,0.039999999999999925,0.00024999999999999995,0.0002604166666666666,0.9997395833333333,1
0.00025,0.97,0.03000000000000003,0.00024999999999999995,0.00025773195876288655,0.9997422680412371,1
0.00025,0.98,0.020000000000000014,0.00024999999999999995,0.0002551020408163265,0.9997448979591836,1
0.00025,0.99,0.010000000000000009,0.00024999999999999995,0.00025252525252525247,0.9997474747474747,1
0.00025,1.0,0.0,0.00024999999999999995,0.00024999999999999995,0.99975,1
0.0005,0.01,0.99,0.0005,0.049999999999999954,0.9500000000000001,0
0.0005,0.02,0.9800000000000001,0.0005,0.025000000000000116,0.9749999999999999,0
0.0005,0.03,0.97,0.0005,0.016666666666666653,0.9833333333333334,0
0.0005,0.04,0.96,0.0005,0.012499999999999989,0.9875,0
0.0005,0.05,0.9499999999999998,0.0005,0.009999999999999969,0.99,0
0.0005,0.060000000000000005,0.94,0.0005,0.008333333333333326,0.9916666666666667,1
0.0005,0.06999999999999999,0.9300000000000002,0.0005,0.007142857142857159,0.9928571428571429,1
0.0005,0.08,0.92,0.0005,0.006250000000000003,0.99375,1
0.0005,0.09,0.91,0.0005,0.0055555555555555575,0.9944444444444445,1
0.0005,0.09999999999999999,0.8999999999999999,0.0005,0.004999999999999996,0.995,1
0.0005,0.11,0.89,0.0005,0.004545454545454546,0.9954545454545455,1
0.0005,0.12,0.8800000000000001,0.0005,0.004166666666666671,0.9958333333333333,1
0.0005,0.13,0.8699999999999999,0.0005,0.003846153846153843,0.9961538461538462,1
0.0005,0.14,0.86,0.0005,0.0035714285714285713,0.9964285714285714,1
0.0005,0.15000000000000002,0.8500000000000001,0.0005,0.0033333333333333353,0.9966666666666667,1
0.0005,0.16,0.84,0.0005,0.0031249999999999993,0.996875,1
0.0005,0.17,0.8300000000000001,0.0005,0.0029411764705882366,0.9970588235294118,1
0.0005,0.18000000000000002,0.82,0.0005,0.002777777777777777,0.9972222222222222,1
0.0005,0.19,0.81,0.0005,0.002631578947368422,0.9973684210526316,1
0.0005,0.2,0.7999999999999999,0.0005,0.002499999999999999,0.9975,1
0.0005,0.21000000000000002,0.79,0.0005,0.0023809523809523816,0.9976190476190476,1
0.0005,0.22,0.78,0.0005,0.002272727272727273,0.9977272727272727,1
0.0005,0.23,0.77,0.0005,0.002173913043478261,0.9978260869565218,1
0.0005,0.24000000000000002,0.7599999999999999,0.0005,0.0020833333333333324,0.9979166666666667,1
0.0005,0.25,0.7499999999999999,0.0005,0.001999999999999999,0.998,1
0.0005,0.26,0.74,0.0005,0.001923076923076923,0.9980769230769231,1
0.0005,0.27,0.73,0.0005,0.0018518518518518517,0.9981481481481481,1
0.0005,0.28,0.72,0.0005,0.0017857142857142857,0.9982142857142857,1
0.0005,0.29000000000000004,0.7099999999999999,0.0005,0.0017241379310344819,0.9982758620689656,1
0.0005,0.3,0.7000000000000001,0.0005,0.001666666666666667,0.9983333333333333,1
0.0005,0.31,0.69,0.0005,0.0016129032258064514,0.9983870967741936,1
0.0005,0.32,0.6799999999999998,0.0005,0.0015624999999999992,0.9984375,1
0.0005,0.33,0.6699999999999999,0.0005,0.001515151515151515,0.9984848484848485,1
0.0005,0.34,0.66,0.0005,0.0014705882352941178,0.9985294117647059,1
0.0005,0.35000000000000003,0.6499999999999999,0.0005,0.0014285714285714281,0.9985714285714286,1
0.0005,0.36000000000000004,0.6399999999999999,0.0005,0.0013888888888888885,0.9986111111111111,1
0.0005,0.37,0.63,0.0005,0.0013513513513513514,0.9986486486486487,1
0.0005,0.38,0.6200000000000001,0.0005,0.001315789473684211,0.9986842105263158,1
0.0005,0.39,0.61,0.0005,0.001282051282051282,0.9987179487179487,1
0.0005,0.4,0.6000000000000001,0.0005,0.0012500000000000002,0.99875,1
0.0005,0.41000000000000003,0.5900000000000001,0.0005,0.0012195121951219514,0.998780487804878,1
0.0005,0.42000000000000004,0.58,0.0005,0.0011904761904761904,0.9988095238095238,1
0.0005,0.43,0.5700000000000001,0.0005,0.0011627906976744188,0.9988372093023256,1
0.0005,0.44,0.56,0.0005,0.0011363636363636365,0.9988636363636364,1
0.0005,0.45,0.55,0.0005,0.0011111111111111113,0.9988888888888889,1
0.0005,0.46,0.54,0.0005,0.0010869565217391304,0.9989130434782608,1
0.0005,0.47000000000000003,0.53,0.0005,0.0010638297872340426,0.9989361702127659,1
0.0005,0.48000000000000004,0.5200000000000001,0.0005,0.0010416666666666669,0.9989583333333333,1
0.0005,0.49,0.51,0.0005,0.0010204081632653062,0.9989795918367347,1
0.0005,0.5,0.5000000000000001,0.0005,0.0010000000000000002,0.999,1
0.0005,0.51,0.48999999999999994,0.0005,0.000980392156862745,0.9990196078431373,1
0.0005,0.52,0.48,0.0005,0.0009615384615384615,0.9990384615384615,1
0.0005,0.53,0.47000000000000003,0.0005,0.0009433962264150943,0.9990566037735849,1
0.0005,0.54,0.46,0.0005,0.0009259259259259259,0.9990740740740741,1
0.0005,0.55,0.45,0.0005,0.0009090909090909091,0.9990909090909091,1
0.0005,0.56,0.43999999999999995,0.0005,0.0008928571428571428,0.9991071428571429,1
0.0005,0.5700000000000001,0.43,0.0005,0.0008771929824561403,0.9991228070175439,1
0.0005,0.5800000000000001,0.41999999999999993,0.0005,0.0008620689655172413,0.9991379310344828,1
0.0005,0.59,0.41000000000000003,0.0005,0.0008474576271186442,0.9991525423728813,1
0.0005,0.6,0.4,0.0005,0.0008333333333333334,0.9991666666666666,1
0.0005,0.61,0.39,0.0005,0.000819672131147541,0.9991803278688525,1
0.0005,0.62,0.38,0.0005,0.0008064516129032258,0.9991935483870967,1
0.0005,0.63,0.36999999999999994,0.0005,0.0007936507936507935,0.9992063492063492,1
0.0005,0.64,0.36,0.0005,0.00078125,0.99921875,1
0.0005,0.65,0.35,0.0005,0.0007692307692307692,0.9992307692307693,1
0.0005,0.66,0.3399999999999999,0.0005,0.0007575757575757575,0.9992424242424243,1
0.0005,0.67,0.32999999999999996,0.0005,0.0007462686567164179,0.9992537313432835,1
0.0005,0.68,0.32,0.0005,0.0007352941176470589,0.9992647058823529,1
0.0005,0.6900000000000001,0.3099999999999999,0.0005,0.0007246376811594201,0.9992753623188406,1
0.0005,0.7000000000000001,0.29999999999999993,0.0005,0.0007142857142857143,0.9992857142857143,1
0.0005,0.7100000000000001,0.29,0.0005,0.0007042253521126761,0.9992957746478873,1
0.0005,0.72,0.28,0.0005,0.0006944444444444445,0.9993055555555556,1
0.0005,0.73,0.2700000000000001,0.0005,0.0006849315068493151,0.9993150684931507,1
0.0005,0.74,0.26,0.0005,0.0006756756756756757,0.9993243243243243,1
0.0005,0.75,0.25,0.0005,0.0006666666666666666,0.9993333333333333,1
0.0005,0.76,0.24,0.0005,0.0006578947368421052,0.9993421052631579,1
0.0005,0.77,0.22999999999999995,0.0005,0.0006493506493506494,0.9993506493506493,1
0.0005,0.78,0.21999999999999997,0.0005,0.000641025641025641,0.9993589743589744,1
0.0005,0.79,0.20999999999999994,0.0005,0.0006329113924050633,0.9993670886075949,1
0.0005,0.8,0.19999999999999993,0.0005,0.000625,0.999375,1
0.0005,0.81,0.18999999999999992,0.0005,0.0006172839506172839,0.9993827160493827,1
0.0005,0.8200000000000001,0.17999999999999994,0.0005,0.0006097560975609756,0.999390243902439,1
0.0005,0.8300000000000001,0.16999999999999993,0.0005,0.0006024096385542168,0.9993975903614458,1
0.0005,0.8400000000000001,0.15999999999999992,0.0005,0.0005952380952380952,0.9994047619047619,1
0.0005,0.85,0.15000000000000002,0.0005,0.0005882352941176471,0.9994117647058823,1
0.0005,0.86,0.14,0.0005,0.0005813953488372093,0.9994186046511628,1
0.0005,0.87,0.13000000000000003,0.0005,0.0005747126436781609,0.9994252873563219,1
0.0005,0.88,0.12,0.0005,0.0005681818181818182,0.9994318181818181,1
0.0005,0.89,0.10999999999999999,0.0005,0.0005617977528089888,0.999438202247191,1
0.0005,0.9,0.09999999999999996,0.0005,0.0005555555555555556,0.9994444444444445,1
0.0005,0.91,0.08999999999999996,0.0005,0.0005494505494505495,0.9994505494505495,1
0.0005,0.92,0.07999999999999997,0.0005,0.0005434782608695652,0.9994565217391305,1
0.0005,0.93,0.06999999999999995,0.0005,0.0005376344086021505,0.9994623655913979,1
0.0005,0.9400000000000001,0.05999999999999994,0.0005,0.0005319148936170213,0.999468085106383,1
0.0005,0.9500000000000001,0.04999999999999993,0.0005,0.0005263157894736842,0.9994736842105263,1
0.0005,0.9600000000000001,0.039999999999999925,0.0005,0.0005208333333333333,0.9994791666666667,1
0.0005,0.97,0.03000000000000003,0.0005,0.0005154639175257732,0.9994845360824742,1
0.0005,0.98,0.020000000000000014,0.0005,0.0005102040816326531,0.9994897959183674,1
0.0005,0.99,0.010000000000000009,0.0005,0.000505050505050505,0.9994949494949495,1
0.0005,1.0,0.0,0.0005,0.0005,0.9995,1
0.00075,0.01,0.99,0.00075,0.07499999999999994,0.925,0
0.00075,0.02,0.9800000000000001,0.00075,0.03750000000000018,0.9624999999999998,0
0.00075,0.03,0.97,0.00075,0.024999999999999977,0.975,0
0.00075,0.04,0.96,0.00075,0.018749999999999985,0.9812500000000001,0
0.00075,0.05,0.9499999999999998,0.00075,0.014999999999999954,0.9850000000000001,0
0.00075,0.060000000000000005,0.94,0.00075,0.012499999999999989,0.9875,0
0.00075,0.06999999999999999,0.9300000000000002,0.00075,0.010714285714285739,0.9892857142857142,0
0.00075,0.08,0.92,0.00075,0.009375000000000005,0.990625,0
0.00075,0.09,0.91,0.00075,0.008333333333333337,0.9916666666666667,1
0.00075,0.09999999999999999,0.8999999999999999,0.00075,0.007499999999999994,0.9925,1
0.00075,0.11,0.89,0.00075,0.006818181818181819,0.9931818181818182,1
0.00075,0.12,0.8800000000000001,0.00075,0.006250000000000006,0.99375,1
0.00075,0.13,0.8699999999999999,0.00075,0.005769230769230764,0.9942307692307693,1
0.00075,0.14,0.86,0.00075,0.005357142857142856,0.9946428571428572,1
0.00075,0.15000000000000002,0.8500000000000001,0.00075,0.005000000000000003,0.995,1
0.00075,0.16,0.84,0.00075,0.004687499999999999,0.9953125,1
0.00075,0.17,0.8300000000000001,0.00075,0.004411764705882355,0.9955882352941177,1
0.00075,0.18000000000000002,0.82,0.00075,0.004166666666666666,0.9958333333333333,1
0.00075,0.19,0.81,0.00075,0.003947368421052633,0.9960526315789474,1
0.00075,0.2,0.7999999999999999,0.00075,0.003749999999999999,0.99625,1
0.00075,0.21000000000000002,0.79,0.00075,0.003571428571428572,0.9964285714285714,1
0.00075,0.22,0.78,0.00075,0.0034090909090909094,0.9965909090909091,1
0.00075,0.23,0.77,0.00075,0.0032608695652173916,0.9967391304347826,1
0.00075,0.24000000000000002,0.7599999999999999,0.00075,0.003124999999999999,0.996875,1
0.00075,0.25,0.7499999999999999,0.00075,0.0029999999999999988,0.997,1
0.00075,0.26,0.74,0.00075,0.0028846153846153848,0.9971153846153846,1
0.00075,0.27,0.73,0.00075,0.0027777777777777775,0.9972222222222222,1
0.00075,0.28,0.72,0.00075,0.002678571428571428,0.9973214285714286,1
0.00075,0.29000000000000004,0.7099999999999999,0.00075,0.002586206896551723,0.9974137931034482,1
0.00075,0.3,0.7000000000000001,0.00075,0.0025000000000000005,0.9975,1
0.00075,0.31,0.69,0.00075,0.002419354838709677,0.9975806451612903,1
0.00075,0.32,0.6799999999999998,0.00075,0.0023437499999999986,0.99765625,1
0.00075,0.33,0.6699999999999999,0.00075,0.002272727272727272,0.9977272727272727,1
0.00075,0.34,0.66,0.00075,0.002205882352941177,0.9977941176470588,1
0.00075,0.35000000000000003,0.6499999999999999,0.00075,0.0021428571428571425,0.9978571428571429,1
0.00075,0.36000000000000004,0.6399999999999999,0.00075,0.002083333333333333,0.9979166666666667,1
0.00075,0.37,0.63,0.00075,0.002027027027027027,0.9979729729729729,1
0.00075,0.38,0.6200000000000001,0.00075,0.0019736842105263163,0.9980263157894737,1
0.00075,0.39,0.61,0.00075,0.001923076923076923,0.9980769230769231,1
0.00075,0.4,0.6000000000000001,0.00075,0.0018750000000000004,0.998125,1
0.00075,0.41000000000000003,0.5900000000000001,0.00075,0.0018292682926829272,0.9981707317073171,1
0.00075,0.42000000000000004,0.58,0.00075,0.0017857142857142857,0.9982142857142857,1
0.00075,0.43,0.5700000000000001,0.00075,0.001744186046511628,0.9982558139534884,1
0.00075,0.44,0.56,0.00075,0.0017045454545454547,0.9982954545454545,1
0.00075,0.45,0.55,0.00075,0.0016666666666666668,0.9983333333333333,1
0.00075,0.46,0.54,0.00075,0.0016304347826086958,0.9983695652173913,1
0.00075,0.47000000000000003,0.53,0.00075,0.001595744680851064,0.9984042553191489,1
0.00075,0.48000000000000004,0.5200000000000001,0.00075,0.0015625000000000005,0.9984375,1
0.00075,0.49,0.51,0.00075,0.0015306122448979593,0.9984693877551021,1
0.00075,0.5,0.5000000000000001,0.00075,0.0015000000000000005,0.9985,1
0.00075,0.51,0.48999999999999994,0.00075,0.0014705882352941176,0.9985294117647059,1
0.00075,0.52,0.48,0.00075,0.0014423076923076924,0.9985576923076923,1
0.00075,0.53,0.47000000000000003,0.00075,0.0014150943396226414,0.9985849056603774,1
0.00075,0.54,0.46,0.00075,0.0013888888888888887,0.9986111111111111,1
0.00075,0.55,0.45,0.00075,0.0013636363636363635,0.9986363636363637,1
0.00075,0.56,0.43999999999999995,0.00075,0.001339285714285714,0.9986607142857142,1
0.00075,0.5700000000000001,0.43,0.00075,0.0013157894736842105,0.9986842105263158,1
0.00075,0.5800000000000001,0.41999999999999993,0.00075,0.0012931034482758618,0.9987068965517242,1
0.00075,0.59,0.41000000000000003,0.00075,0.0012711864406779662,0.9987288135593221,1
0.00075,0.6,0.4,0.00075,0.00125,0.99875,1
0.00075,0.61,0.39,0.00075,0.0012295081967213116,0.9987704918032787,1
0.00075,0.62,0.38,0.00075,0.0012096774193548388,0.9987903225806452,1
0.00075,0.63,0.36999999999999994,0.00075,0.0011904761904761904,0.9988095238095238,1
0.00075,0.64,0.36,0.00075,0.001171875,0.998828125,1
0.00075,0.65,0.35,0.00075,0.0011538461538461537,0.9988461538461538,1
0.00075,0.66,0.3399999999999999,0.00075,0.001136363636363636,0.9988636363636364,1
0.00075,0.67,0.32999999999999996,0.00075,0.0011194029850746267,0.9988805970149254,1
0.00075,0.68,0.32,0.00075,0.0011029411764705884,0.9988970588235294,1
0.00075,0.6900000000000001,0.3099999999999999,0.00075,0.0010869565217391302,0.9989130434782608,1
0.00075,0.7000000000000001,0.29999999999999993,0.00075,0.0010714285714285713,0.9989285714285714,1
0.00075,0.7100000000000001,0.29,0.00075,0.0010563380281690142,0.9989436619718309,1
0.00075,0.72,0.28,0.00075,0.0010416666666666667,0.9989583333333333,1
0.00075,0.73,0.2700000000000001,0.00075,0.0010273972602739727,0.998972602739726,1
0.00075,0.74,0.26,0.00075,0.0010135135135135136,0.9989864864864865,1
0.00075,0.75,0.25,0.00075,0.001,0.999,1
0.00075,0.76,0.24,0.00075,0.000986842105263158,0.9990131578947369,1
0.00075,0.77,0.22999999999999995,0.00075,0.000974025974025974,0.999025974025974,1
0.00075,0.78,0.21999999999999997,0.00075,0.0009615384615384615,0.9990384615384615,1
0.00075,0.79,0.20999999999999994,0.00075,0.0009493670886075949,0.9990506329113924,1
0.00075,0.8,0.19999999999999993,0.00075,0.0009375,0.9990625,1
0.00075,0.81,0.18999999999999992,0.00075,0.0009259259259259259,0.9990740740740741,1
0.00075,0.8200000000000001,0.17999999999999994,0.00075,0.0009146341463414634,0.9990853658536586,1
0.00075,0.8300000000000001,0.16999999999999993,0.00075,0.0009036144578313252,0.9990963855421687,1
0.00075,0.8400000000000001,0.15999999999999992,0.00075,0.0008928571428571428,0.9991071428571429,1
0.00075,0.85,0.15000000000000002,0.00075,0.0008823529411764706,0.9991176470588236,1
0.00075,0.86,0.14,0.00075,0.0008720930232558139,0.9991279069767441,1
0.00075,0.87,0.13000000000000003,0.00075,0.0008620689655172414,0.9991379310344828,1
0.00075,0.88,0.12,0.00075,0.0008522727272727273,0.9991477272727273,1
0.00075,0.89,0.10999999999999999,0.00075,0.0008426966292134832,0.9991573033707866,1
0.00075,0.9,0.09999999999999996,0.00075,0.0008333333333333333,0.9991666666666666,1
0.00075,0.91,0.08999999999999996,0.00075,0.0008241758241758242,0.9991758241758242,1
0.00075,0.92,0.07999999999999997,0.00075,0.0008152173913043478,0.9991847826086957,1
0.00075,0.93,0.06999999999999995,0.00075,0.0008064516129032258,0.9991935483870967,1
0.00075,0.9400000000000001,0.05999999999999994,0.00075,0.0007978723404255319,0.9992021276595745,1
0.00075,0.9500000000000001,0.04999999999999993,0.00075,0.0007894736842105263,0.9992105263157894,1
0.00075,0.9600000000000001,0.039999999999999925,0.00075,0.0007812499999999999,0.99921875,1
0.00075,0.97,0.03000000000000003,0.00075,0.0007731958762886599,0.9992268041237113,1
0.00075,0.98,0.020000000000000014,0.00075,0.0007653061224489797,0.999234693877551,1
0.00075,0.99,0.010000000000000009,0.00075,0.0007575757575757576,0.9992424242424243,1
0.00075,1.0,0.0,0.00075,0.00075,0.99925,1
0.001,0.01,0.99,0.0009999999999999998,0.0999999999999999,0.9000000000000001,0
0.001,0.02,0.9800000000000001,0.0009999999999999998,0.050000000000000225,0.9499999999999997,0
0.001,0.03,0.97,0.0009999999999999998,0.0333333333333333,0.9666666666666667,0
0.001,0.04,0.96,0.0009999999999999998,0.024999999999999974,0.975,0
0.001,0.05,0.9499999999999998,0.0009999999999999998,0.019999999999999934,0.9800000000000001,0
0.001,0.060000000000000005,0.94,0.0009999999999999998,0.01666666666666665,0.9833333333333334,0
0.001,0.06999999999999999,0.9300000000000002,0.0009999999999999998,0.014285714285714315,0.9857142857142857,0
0.001,0.08,0.92,0.0009999999999999998,0.012500000000000004,0.9875,0
0.001,0.09,0.91,0.0009999999999999998,0.011111111111111113,0.9888888888888889,0
0.001,0.09999999999999999,0.8999999999999999,0.0009999999999999998,0.00999999999999999,0.99,0
0.001,0.11,0.89,0.0009999999999999998,0.00909090909090909,0.990909090909091,0
0.001,0.12,0.8800000000000001,0.0009999999999999998,0.00833333333333334,0.9916666666666667,1
0.001,0.13,0.8699999999999999,0.0009999999999999998,0.007692307692307684,0.9923076923076923,1
0.001,0.14,0.86,0.0009999999999999998,0.007142857142857141,0.9928571428571429,1
0.001,0.15000000000000002,0.8500000000000001,0.0009999999999999998,0.00666666666666667,0.9933333333333333,1
0.001,0.16,0.84,0.0009999999999999998,0.006249999999999998,0.99375,1
0.001,0.17,0.8300000000000001,0.0009999999999999998,0.005882352941176472,0.9941176470588236,1
0.001,0.18000000000000002,0.82,0.0009999999999999998,0.005555555555555553,0.9944444444444445,1
0.001,0.19,0.81,0.0009999999999999998,0.005263157894736843,0.9947368421052631,1
0.001,0.2,0.7999999999999999,0.0009999999999999998,0.0049999999999999975,0.995,1
0.001,0.21000000000000002,0.79,0.0009999999999999998,0.0047619047619047615,0.9952380952380953,1
0.001,0.22,0.78,0.0009999999999999998,0.004545454545454545,0.9954545454545455,1
0.001,0.23,0.77,0.0009999999999999998,0.004347826086956521,0.9956521739130435,1
0.001,0.24000000000000002,0.7599999999999999,0.0009999999999999998,0.004166666666666664,0.9958333333333333,1
0.001,0.25,0.7499999999999999,0.0009999999999999998,0.0039999999999999975,0.996,1
0.001,0.26,0.74,0.0009999999999999998,0.003846153846153845,0.9961538461538462,1
0.001,0.27,0.73,0.0009999999999999998,0.0037037037037037025,0.9962962962962963,1
0.001,0.28,0.72,0.0009999999999999998,0.0035714285714285704,0.9964285714285714,1
0.001,0.29000000000000004,0.7099999999999999,0.0009999999999999998,0.0034482758620689633,0.996551724137931,1
0.001,0.3,0.7000000000000001,0.0009999999999999998,0.0033333333333333335,0.9966666666666667,1
0.001,0.31,0.69,0.0009999999999999998,0.003225806451612902,0.9967741935483871,1
0.001,0.32,0.6799999999999998,0.0009999999999999998,0.0031249999999999976,0.996875,1
0.001,0.33,0.6699999999999999,0.0009999999999999998,0.003030303030303029,0.996969696969697,1
0.001,0.34,0.66,0.0009999999999999998,0.002941176470588235,0.9970588235294118,1
0.001,0.35000000000000003,0.6499999999999999,0.0009999999999999998,0.002857142857142856,0.9971428571428571,1
0.001,0.36000000000000004,0.6399999999999999,0.0009999999999999998,0.0027777777777777766,0.9972222222222222,1
0.001,0.37,0.63,0.0009999999999999998,0.0027027027027027024,0.9972972972972973,1
0.001,0.38,0.6200000000000001,0.0009999999999999998,0.0026315789473684214,0.9973684210526316,1
0.001,0.39,0.61,0.0009999999999999998,0.0025641025641025637,0.9974358974358974,1
0.001,0.4,0.6000000000000001,0.0009999999999999998,0.0025,0.9975,1
0.001,0.41000000000000003,0.5900000000000001,0.0009999999999999998,0.0024390243902439024,0.9975609756097561,1
0.001,0.42000000000000004,0.58,0.0009999999999999998,0.0023809523809523803,0.9976190476190476,1
0.001,0.43,0.5700000000000001,0.0009999999999999998,0.002325581395348837,0.9976744186046511,1
0.001,0.44,0.56,0.0009999999999999998,0.0022727272727272726,0.9977272727272727,1
0.001,0.45,0.55,0.0009999999999999998,0.0022222222222222222,0.9977777777777778,1
0.001,0.46,0.54,0.0009999999999999998,0.0021739130434782605,0.9978260869565218,1
0.001,0.47000000000000003,0.53,0.0009999999999999998,0.0021276595744680847,0.997872340425532,1
0.001,0.48000000000000004,0.5200000000000001,0.0009999999999999998,0.0020833333333333333,0.9979166666666667,1
0.001,0.49,0.51,0.0009999999999999998,0.002040816326530612,0.9979591836734694,1
0.001,0.5,0.5000000000000001,0.0009999999999999998,0.002,0.998,1
0.001,0.51,0.48999999999999994,0.0009999999999999998,0.0019607843137254897,0.9980392156862745,1
0.001,0.52,0.48,0.0009999999999999998,0.0019230769230769225,0.9980769230769231,1
0.001,0.53,0.47000000000000003,0.0009999999999999998,0.0018867924528301883,0.9981132075471698,1
0.001,0.54,0.46,0.0009999999999999998,0.0018518518518518513,0.9981481481481481,1
0.001,0.55,0.45,0.0009999999999999998,0.0018181818181818177,0.9981818181818182,1
0.001,0.56,0.43999999999999995,0.0009999999999999998,0.0017857142857142852,0.9982142857142857,1
0.001,0.5700000000000001,0.43,0.0009999999999999998,0.00175438596491228,0.9982456140350877,1
0.001,0.5800000000000001,0.41999999999999993,0.0009999999999999998,0.0017241379310344823,0.9982758620689656,1
0.001,0.59,0.41000000000000003,0.0009999999999999998,0.0016949152542372879,0.9983050847457627,1
0.001,0.6,0.4,0.0009999999999999998,0.0016666666666666663,0.9983333333333333,1
0.001,0.61,0.39,0.0009999999999999998,0.0016393442622950817,0.9983606557377049,1
0.001,0.62,0.38,0.0009999999999999998,0.0016129032258064514,0.9983870967741936,1
0.001,0.63,0.36999999999999994,0.0009999999999999998,0.0015873015873015866,0.9984126984126984,1
0.001,0.64,0.36,0.0009999999999999998,0.0015624999999999997,0.9984375,1
0.001,0.65,0.35,0.0009999999999999998,0.001538461538461538,0.9984615384615385,1
0.001,0.66,0.3399999999999999,0.0009999999999999998,0.0015151515151515145,0.9984848484848485,1
0.001,0.67,0.32999999999999996,0.0009999999999999998,0.0014925373134328354,0.9985074626865672,1
0.001,0.68,0.32,0.0009999999999999998,0.0014705882352941174,0.9985294117647059,1
0.001,0.6900000000000001,0.3099999999999999,0.0009999999999999998,0.00144927536231884,0.9985507246376811,1
0.001,0.7000000000000001,0.29999999999999993,0.0009999999999999998,0.0014285714285714281,0.9985714285714286,1
0.001,0.7100000000000001,0.29,0.0009999999999999998,0.001408450704225352,0.9985915492957746,1
0.001,0.72,0.28,0.0009999999999999998,0.0013888888888888887,0.9986111111111111,1
0.001,0.73,0.2700000000000001,0.0009999999999999998,0.00136986301369863,0.9986301369863013,1
0.001,0.74,0.26,0.0009999999999999998,0.0013513513513513512,0.9986486486486487,1
0.001,0.75,0.25,0.0009999999999999998,0.001333333333333333,0.9986666666666667,1
0.001,0.76,0.24,0.0009999999999999998,0.0013157894736842103,0.9986842105263158,1
0.001,0.77,0.22999999999999995,0.0009999999999999998,0.0012987012987012985,0.9987012987012988,1
0.001,0.78,0.21999999999999997,0.0009999999999999998,0.0012820512820512818,0.9987179487179487,1
0.001,0.79,0.20999999999999994,0.0009999999999999998,0.0012658227848101262,0.9987341772151899,1
0.001,0.8,0.19999999999999993,0.0009999999999999998,0.0012499999999999996,0.99875,1
0.001,0.81,0.18999999999999992,0.0009999999999999998,0.0012345679012345677,0.9987654320987654,1
0.001,0.8200000000000001,0.17999999999999994,0.0009999999999999998,0.0012195121951219508,0.998780487804878,1
0.001,0.8300000000000001,0.16999999999999993,0.0009999999999999998,0.0012048192771084334,0.9987951807228915,1
0.001,0.8400000000000001,0.15999999999999992,0.0009999999999999998,0.0011904761904761901,0.9988095238095238,1
0.001,0.85,0.15000000000000002,0.0009999999999999998,0.001176470588235294,0.9988235294117647,1
0.001,0.86,0.14,0.0009999999999999998,0.0011627906976744184,0.9988372093023256,1
0.001,0.87,0.13000000000000003,0.0009999999999999998,0.0011494252873563216,0.9988505747126437,1
0.001,0.88,0.12,0.0009999999999999998,0.001136363636363636,0.9988636363636364,1
0.001,0.89,0.10999999999999999,0.0009999999999999998,0.0011235955056179772,0.998876404494382,1
0.001,0.9,0.09999999999999996,0.0009999999999999998,0.001111111111111111,0.9988888888888889,1
0.001,0.91,0.08999999999999996,0.0009999999999999998,0.0010989010989010987,0.9989010989010989,1
0.001,0.92,0.07999999999999997,0.0009999999999999998,0.0010869565217391302,0.9989130434782608,1
0.001,0.93,0.06999999999999995,0.0009999999999999998,0.0010752688172043009,0.9989247311827957,1
0.001,0.9400000000000001,0.05999999999999994,0.0009999999999999998,0.0010638297872340424,0.9989361702127659,1
0.001,0.9500000000000001,0.04999999999999993,0.0009999999999999998,0.0010526315789473682,0.9989473684210526,1
0.001,0.9600000000000001,0.039999999999999925,0.0009999999999999998,0.0010416666666666664,0.9989583333333333,1
0.001,0.97,0.03000000000000003,0.0009999999999999998,0.0010309278350515462,0.9989690721649485,1
0.001,0.98,0.020000000000000014,0.0009999999999999998,0.001020408163265306,0.9989795918367347,1
0.001,0.99,0.010000000000000009,0.0009999999999999998,0.0010101010101010099,0.998989898989899,1
0.001,1.0,0.0,0.0009999999999999998,0.0009999999999999998,0.999,1
0.00125,0.01,0.99,0.00125,0.12499999999999989,0.8750000000000001,0
0.00125,0.02,0.9800000000000001,0.00125,0.06250000000000029,0.9374999999999997,0
0.00125,0.03,0.97,0.00125,0.04166666666666663,0.9583333333333334,0
0.00125,0.04,0.96,0.00125,0.031249999999999972,0.96875,0
0.00125,0.05,0.9499999999999998,0.00125,0.02499999999999992,0.9750000000000001,0
0.00125,0.060000000000000005,0.94,0.00125,0.020833333333333315,0.9791666666666667,0
0.00125,0.06999999999999999,0.9300000000000002,0.00125,0.017857142857142898,0.9821428571428571,0
0.00125,0.08,0.92,0.00125,0.015625000000000007,0.984375,0
0.00125,0.09,0.91,0.00125,0.013888888888888893,0.9861111111111112,0
0.00125,0.09999999999999999,0.8999999999999999,0.00125,0.012499999999999989,0.9875,0
0.00125,0.11,0.89,0.00125,0.011363636363636366,0.9886363636363636,0
0.00125,0.12,0.8800000000000001,0.00125,0.010416666666666676,0.9895833333333334,0
0.00125,0.13,0.8699999999999999,0.00125,0.009615384615384607,0.9903846153846154,0
0.00125,0.14,0.86,0.00125,0.008928571428571428,0.9910714285714286,1
0.00125,0.15000000000000002,0.8500000000000001,0.00125,0.008333333333333338,0.9916666666666667,1
0.00125,0.16,0.84,0.00125,0.007812499999999998,0.9921875,1
0.00125,0.17,0.8300000000000001,0.00125,0.007352941176470592,0.9926470588235294,1
0.00125,0.18000000000000002,0.82,0.00125,0.006944444444444442,0.9930555555555556,1
0.00125,0.19,0.81,0.00125,0.006578947368421055,0.993421052631579,1
0.00125,0.2,0.7999999999999999,0.00125,0.006249999999999998,0.99375,1
0.00125,0.21000000000000002,0.79,0.00125,0.005952380952380954,0.9940476190476191,1
0.00125,0.22,0.78,0.00125,0.005681818181818183,0.9943181818181818,1
0.00125,0.23,0.77,0.00125,0.005434782608695653,0.9945652173913043,1
0.00125,0.24000000000000002,0.7599999999999999,0.00125,0.005208333333333331,0.9947916666666666,1
0.00125,0.25,0.7499999999999999,0.00125,0.0049999999999999975,0.995,1
0.00125,0.26,0.74,0.00125,0.004807692307692308,0.9951923076923077,1
0.00125,0.27,0.73,0.00125,0.004629629629629629,0.9953703703703703,1
0.00125,0.28,0.72,0.00125,0.004464285714285714,0.9955357142857143,1
0.00125,0.29000000000000004,0.7099999999999999,0.00125,0.004310344827586205,0.9956896551724138,1
0.00125,0.3,0.7000000000000001,0.00125,0.0041666666666666675,0.9958333333333333,1
0.00125,0.31,0.69,0.00125,0.004032258064516128,0.9959677419354839,1
0.00125,0.32,0.6799999999999998,0.00125,0.003906249999999998,0.99609375,1
0.00125,0.33,0.6699999999999999,0.00125,0.003787878787878787,0.9962121212121212,1
0.00125,0.34,0.66,0.00125,0.0036764705882352945,0.9963235294117647,1
0.00125,0.35000000000000003,0.6499999999999999,0.00125,0.0035714285714285704,0.9964285714285714,1
0.00125,0.36000000000000004,0.6399999999999999,0.00125,0.003472222222222221,0.9965277777777778,1
0.00125,0.37,0.63,0.00125,0.0033783783783783786,0.9966216216216216,1
0.00125,0.38,0.6200000000000001,0.00125,0.0032894736842105274,0.9967105263157895,1
0.00125,0.39,0.61,0.00125,0.003205128205128205,0.9967948717948718,1
0.00125,0.4,0.6000000000000001,0.00125,0.0031250000000000006,0.996875,1
0.00125,0.41000000000000003,0.5900000000000001,0.00125,0.0030487804878048786,0.9969512195121951,1
0.00125,0.42000000000000004,0.58,0.00125,0.002976190476190476,0.9970238095238095,1
0.00125,0.43,0.5700000000000001,0.00125,0.002906976744186047,0.997093023255814,1
0.00125,0.44,0.56,0.00125,0.0028409090909090914,0.9971590909090909,1
0.00125,0.45,0.55,0.00125,0.0027777777777777783,0.9972222222222222,1
0.00125,0.46,0.54,0.00125,0.0027173913043478264,0.9972826086956522,1
0.00125,0.47000000000000003,0.53,0.00125,0.0026595744680851068,0.9973404255319149,1
0.00125,0.48000000000000004,0.5200000000000001,0.00125,0.0026041666666666674,0.9973958333333334,1
0.00125,0.49,0.51,0.00125,0.0025510204081632655,0.9974489795918368,1
0.00125,0.5,0.5000000000000001,0.00125,0.0025000000000000005,0.9975,1
0.00125,0.51,0.48999999999999994,0.00125,0.0024509803921568627,0.9975490196078431,1
0.00125,0.52,0.48,0.00125,0.002403846153846154,0.9975961538461539,1
0.00125,0.53,0.47000000000000003,0.00125,0.0023584905660377358,0.9976415094339622,1
0.00125,0.54,0.46,0.00125,0.0023148148148148147,0.9976851851851852,1
0.00125,0.55,0.45,0.00125,0.0022727272727272726,0.9977272727272727,1
0.00125,0.56,0.43999999999999995,0.00125,0.002232142857142857,0.9977678571428571,1
0.00125,0.5700000000000001,0.43,0.00125,0.0021929824561403508,0.9978070175438597,1
0.00125,0.5800000000000001,0.41999999999999993,0.00125,0.0021551724137931034,0.9978448275862069,1
0.00125,0.59,0.41000000000000003,0.00125,0.00211864406779661,0.9978813559322034,1
0.00125,0.6,0.4,0.00125,0.0020833333333333333,0.9979166666666667,1
0.00125,0.61,0.39,0.00125,0.0020491803278688526,0.9979508196721312,1
0.00125,0.62,0.38,0.00125,0.0020161290322580645,0.9979838709677419,1
0.00125,0.63,0.36999999999999994,0.00125,0.001984126984126984,0.998015873015873,1
0.00125,0.64,0.36,0.00125,0.001953125,0.998046875,1
0.00125,0.65,0.35,0.00125,0.001923076923076923,0.9980769230769231,1
0.00125,0.66,0.3399999999999999,0.00125,0.0018939393939393936,0.9981060606060606,1
0.00125,0.67,0.32999999999999996,0.00125,0.0018656716417910447,0.9981343283582089,1
0.00125,0.68,0.32,0.00125,0.0018382352941176473,0.9981617647058824,1
0.00125,0.6900000000000001,0.3099999999999999,0.00125,0.0018115942028985503,0.9981884057971014,1
0.00125,0.7000000000000001,0.29999999999999993,0.00125,0.0017857142857142857,0.9982142857142857,1
0.00125,0.7100000000000001,0.29,0.00125,0.0017605633802816902,0.9982394366197183,1
0.00125,0.72,0.28,0.00125,0.0017361111111111112,0.9982638888888888,1
0.00125,0.73,0.2700000000000001,0.00125,0.0017123287671232878,0.9982876712328768,1
0.00125,0.74,0.26,0.00125,0.0016891891891891893,0.9983108108108109,1
0.00125,0.75,0.25,0.00125,0.0016666666666666668,0.9983333333333333,1
0.00125,0.76,0.24,0.00125,0.001644736842105263,0.9983552631578947,1
0.00125,0.77,0.22999999999999995,0.00125,0.0016233766233766233,0.9983766233766234,1
0.00125,0.78,0.21999999999999997,0.00125,0.0016025641025641025,0.9983974358974359,1
0.00125,0.79,0.20999999999999994,0.00125,0.0015822784810126582,0.9984177215189873,1
0.00125,0.8,0.19999999999999993,0.00125,0.0015624999999999999,0.9984375,1
0.00125,0.81,0.18999999999999992,0.00125,0.0015432098765432098,0.9984567901234568,1
0.00125,0.8200000000000001,0.17999999999999994,0.00125,0.0015243902439024389,0.9984756097560976,1
0.00125,0.8300000000000001,0.16999999999999993,0.00125,0.001506024096385542,0.9984939759036144,1
0.00125,0.8400000000000001,0.15999999999999992,0.00125,0.001488095238095238,0.9985119047619048,1
0.00125,0.85,0.15000000000000002,0.00125,0.0014705882352941176,0.9985294117647059,1
0.00125,0.86,0.14,0.00125,0.0014534883720930232,0.998546511627907,1
0.00125,0.87,0.13000000000000003,0.00125,0.0014367816091954023,0.9985632183908046,1
0.00125,0.88,0.12,0.00125,0.0014204545454545455,0.9985795454545454,1
0.00125,0.89,0.10999999999999999,0.00125,0.0014044943820224719,0.9985955056179775,1
0.00125,0.9,0.09999999999999996,0.00125,0.001388888888888889,0.9986111111111111,1
0.00125,0.91,0.08999999999999996,0.00125,0.0013736263736263735,0.9986263736263736,1
0.00125,0.92,0.07999999999999997,0.00125,0.001358695652173913,0.998641304347826,1
0.00125,0.93,0.06999999999999995,0.00125,0.0013440860215053762,0.9986559139784946,1
0.00125,0.9400000000000001,0.05999999999999994,0.00125,0.0013297872340425532,0.9986702127659575,1
0.00125,0.9500000000000001,0.04999999999999993,0.00125,0.0013157894736842105,0.9986842105263158,1
0.00125,0.9600000000000001,0.039999999999999925,0.00125,0.0013020833333333333,0.9986979166666666,1
0.00125,0.97,0.03000000000000003,0.00125,0.001288659793814433,0.9987113402061856,1
0.00125,0.98,0.020000000000000014,0.00125,0.0012755102040816328,0.9987244897959183,1
0.00125,0.99,0.010000000000000009,0.00125,0.0012626262626262627,0.9987373737373737,1
0.00125,1.0,0.0,0.00125,0.00125,0.99875,1
0.0015,0.01,0.99,0.0015,0.14999999999999988,0.8500000000000001,0
0.0015,0.02,0.9800000000000001,0.0015,0.07500000000000036,0.9249999999999996,0
0.0015,0.03,0.97,0.0015,0.049999999999999954,0.9500000000000001,0
0.0015,0.04,0.96,0.0015,0.03749999999999997,0.9625,0
0.0015,0.05,0.9499999999999998,0.0015,0.02999999999999991,0.9700000000000001,0
0.0015,0.060000000000000005,0.94,0.0015,0.024999999999999977,0.975,0
0.0015,0.06999999999999999,0.9300000000000002,0.0015,0.021428571428571477,0.9785714285714285,0
0.0015,0.08,0.92,0.0015,0.01875000000000001,0.98125,0
0.0015,0.09,0.91,0.0015,0.016666666666666673,0.9833333333333333,0
0.0015,0.09999999999999999,0.8999999999999999,0.0015,0.014999999999999987,0.985,0
0.0015,0.11,0.89,0.0015,0.013636363636363637,0.9863636363636363,0
0.0015,0.12,0.8800000000000001,0.0015,0.012500000000000013,0.9874999999999999,0
0.0015,0.13,0.8699999999999999,0.0015,0.011538461538461529,0.9884615384615385,0
0.0015,0.14,0.86,0.0015,0.010714285714285713,0.9892857142857143,0
0.0015,0.15000000000000002,0.8500000000000001,0.0015,0.010000000000000005,0.99,0
0.0015,0.16,0.84,0.0015,0.009374999999999998,0.990625,0
0.0015,0.17,0.8300000000000001,0.0015,0.00882352941176471,0.9911764705882353,1
0.0015,0.18000000000000002,0.82,0.0015,0.008333333333333331,0.9916666666666667,1
0.0015,0.19,0.81,0.0015,0.007894736842105265,0.9921052631578947,1
0.0015,0.2,0.7999999999999999,0.0015,0.007499999999999998,0.9925,1
0.0015,0.21000000000000002,0.79,0.0015,0.007142857142857144,0.9928571428571429,1
0.0015,0.22,0.78,0.0015,0.006818181818181819,0.9931818181818182,1
0.0015,0.23,0.77,0.0015,0.006521739130434783,0.9934782608695653,1
0.0015,0.24000000000000002,0.7599999999999999,0.0015,0.006249999999999998,0.99375,1
0.0015,0.25,0.7499999999999999,0.0015,0.0059999999999999975,0.994,1
0.0015,0.26,0.74,0.0015,0.0057692307692307696,0.9942307692307693,1
0.0015,0.27,0.73,0.0015,0.005555555555555555,0.9944444444444445,1
0.0015,0.28,0.72,0.0015,0.005357142857142856,0.9946428571428572,1
0.0015,0.29000000000000004,0.7099999999999999,0.0015,0.005172413793103446,0.9948275862068966,1
0.0015,0.3,0.7000000000000001,0.0015,0.005000000000000001,0.995,1
0.0015,0.31,0.69,0.0015,0.004838709677419354,0.9951612903225806,1
0.0015,0.32,0.6799999999999998,0.0015,0.004687499999999997,0.9953125,1
0.0015,0.33,0.6699999999999999,0.0015,0.004545454545454544,0.9954545454545455,1
0.0015,0.34,0.66,0.0015,0.004411764705882354,0.9955882352941177,1
0.0015,0.35000000000000003,0.6499999999999999,0.0015,0.004285714285714285,0.9957142857142857,1
0.0015,0.36000000000000004,0.6399999999999999,0.0015,0.004166666666666666,0.9958333333333333,1
0.0015,0.37,0.63,0.0015,0.004054054054054054,0.995945945945946,1
0.0015,0.38,0.6200000000000001,0.0015,0.003947368421052633,0.9960526315789474,1
0.0015,0.39,0.61,0.0015,0.003846153846153846,0.9961538461538462,1
0.0015,0.4,0.6000000000000001,0.0015,0.0037500000000000007,0.99625,1
0.0015,0.41000000000000003,0.5900000000000001,0.0015,0.0036585365853658543,0.9963414634146341,1
0.0015,0.42000000000000004,0.58,0.0015,0.0035714285714285713,0.9964285714285714,1
0.0015,0.43,0.5700000000000001,0.0015,0.003488372093023256,0.9965116279069768,1
0.0015,0.44,0.56,0.0015,0.0034090909090909094,0.9965909090909091,1
0.0015,0.45,0.55,0.0015,0.0033333333333333335,0.9966666666666667,1
0.0015,0.46,0.54,0.0015,0.0032608695652173916,0.9967391304347826,1
0.0015,0.47000000000000003,0.53,0.0015,0.003191489361702128,0.9968085106382979,1
0.0015,0.48000000000000004,0.5200000000000001,0.0015,0.003125000000000001,0.996875,1
0.0015,0.49,0.51,0.0015,0.0030612244897959186,0.996938775510204,1
0.0015,0.5,0.5000000000000001,0.0015,0.003000000000000001,0.997,1
0.0015,0.51,0.48999999999999994,0.0015,0.0029411764705882353,0.9970588235294118,1
0.0015,0.52,0.48,0.0015,0.0028846153846153848,0.9971153846153846,1
0.0015,0.53,0.47000000000000003,0.0015,0.002830188679245283,0.9971698113207547,1
0.0015,0.54,0.46,0.0015,0.0027777777777777775,0.9972222222222222,1
0.0015,0.55,0.45,0.0015,0.002727272727272727,0.9972727272727273,1
0.0015,0.56,0.43999999999999995,0.0015,0.002678571428571428,0.9973214285714286,1
0.0015,0.5700000000000001,0.43,0.0015,0.002631578947368421,0.9973684210526316,1
0.0015,0.5800000000000001,0.41999999999999993,0.0015,0.0025862068965517237,0.9974137931034482,1
0.0015,0.59,0.41000000000000003,0.0015,0.0025423728813559325,0.997457627118644,1
0.0015,0.6,0.4,0.0015,0.0025,0.9975,1
0.0015,0.61,0.39,0.0015,0.002459016393442623,0.9975409836065574,1
0.0015,0.62,0.38,0.0015,0.0024193548387096775,0.9975806451612903,1
0.0015,0.63,0.36999999999999994,0.0015,0.0023809523809523807,0.9976190476190476,1
0.0015,0.64,0.36,0.0015,0.00234375,0.99765625,1
0.0015,0.65,0.35,0.0015,0.0023076923076923075,0.9976923076923077,1
0.0015,0.66,0.3399999999999999,0.0015,0.002272727272727272,0.9977272727272727,1
0.0015,0.67,0.32999999999999996,0.0015,0.0022388059701492534,0.9977611940298508,1
0.0015,0.68,0.32,0.0015,0.002205882352941177,0.9977941176470588,1
0.0015,0.6900000000000001,0.3099999999999999,0.0015,0.0021739130434782605,0.9978260869565218,1
0.0015,0.7000000000000001,0.29999999999999993,0.0015,0.0021428571428571425,0.9978571428571429,1
0.0015,0.7100000000000001,0.29,0.0015,0.0021126760563380284,0.997887323943662,1
0.0015,0.72,0.28,0.0015,0.0020833333333333333,0.9979166666666667,1
0.0015,0.73,0.2700000000000001,0.0015,0.0020547945205479454,0.9979452054794521,1
0.0015,0.74,0.26,0.0015,0.002027027027027027,0.9979729729729729,1
0.0015,0.75,0.25,0.0015,0.002,0.998,1
0.0015,0.76,0.24,0.0015,0.001973684210526316,0.9980263157894737,1
0.0015,0.77,0.22999999999999995,0.0015,0.001948051948051948,0.9980519480519481,1
0.0015,0.78,0.21999999999999997,0.0015,0.001923076923076923,0.9980769230769231,1
0.0015,0.79,0.20999999999999994,0.0015,0.0018987341772151898,0.9981012658227848,1
0.0015,0.8,0.19999999999999993,0.0015,0.001875,0.998125,1
0.0015,0.81,0.18999999999999992,0.0015,0.0018518518518518517,0.9981481481481481,1
0.0015,0.8200000000000001,0.17999999999999994,0.0015,0.0018292682926829267,0.9981707317073171,1
0.0015,0.8300000000000001,0.16999999999999993,0.0015,0.0018072289156626504,0.9981927710843373,1
0.0015,0.8400000000000001,0.15999999999999992,0.0015,0.0017857142857142857,0.9982142857142857,1
0.0015,0.85,0.15000000000000002,0.0015,0.0017647058823529412,0.9982352941176471,1
0.0015,0.86,0.14,0.0015,0.0017441860465116279,0.9982558139534884,1
0.0015,0.87,0.13000000000000003,0.0015,0.0017241379310344827,0.9982758620689656,1
0.0015,0.88,0.12,0.0015,0.0017045454545454547,0.9982954545454545,1
0.0015,0.89,0.10999999999999999,0.0015,0.0016853932584269663,0.998314606741573,1
0.0015,0.9,0.09999999999999996,0.0015,0.0016666666666666666,0.9983333333333333,1
0.0015,0.91,0.08999999999999996,0.0015,0.0016483516483516484,0.9983516483516484,1
0.0015,0.92,0.07999999999999997,0.0015,0.0016304347826086956,0.9983695652173913,1
0.0015,0.93,0.06999999999999995,0.0015,0.0016129032258064516,0.9983870967741936,1
0.0015,0.9400000000000001,0.05999999999999994,0.0015,0.0015957446808510637,0.9984042553191489,1
0.0015,0.9500000000000001,0.04999999999999993,0.0015,0.0015789473684210526,0.998421052631579,1
0.0015,0.9600000000000001,0.039999999999999925,0.0015,0.0015624999999999999,0.9984375,1
0.0015,0.97,0.03000000000000003,0.0015,0.0015463917525773197,0.9984536082474227,1
0.0015,0.98,0.020000000000000014,0.0015,0.0015306122448979593,0.9984693877551021,1
0.0015,0.99,0.010000000000000009,0.0015,0.0015151515151515152,0.9984848484848485,1
0.0015,1.0,0.0,0.0015,0.0015,0.9985,1
0.00175,0.01,0.99,0.00175,0.17499999999999985,0.8250000000000002,0
0.00175,0.02,0.9800000000000001,0.00175,0.08750000000000041,0.9124999999999996,0
0.00175,0.03,0.97,0.00175,0.058333333333333286,0.9416666666666668,0
0.00175,0.04,0.96,0.00175,0.04374999999999996,0.95625,0
0.00175,0.05,0.9499999999999998,0.00175,0.03499999999999989,0.9650000000000001,0
0.00175,0.060000000000000005,0.94,0.00175,0.029166666666666643,0.9708333333333333,0
0.00175,0.06999999999999999,0.9300000000000002,0.00175,0.025000000000000057,0.975,0
0.00175,0.08,0.92,0.00175,0.021875000000000012,0.978125,0
0.00175,0.09,0.91,0.00175,0.01944444444444445,0.9805555555555555,0
0.00175,0.09999999999999999,0.8999999999999999,0.00175,0.017499999999999984,0.9825,0
0.00175,0.11,0.89,0.00175,0.01590909090909091,0.9840909090909091,0
0.00175,0.12,0.8800000000000001,0.00175,0.014583333333333347,0.9854166666666666,0
0.00175,0.13,0.8699999999999999,0.00175,0.01346153846153845,0.9865384615384616,0
0.00175,0.14,0.86,0.00175,0.012499999999999999,0.9875,0
0.00175,0.15000000000000002,0.8500000000000001,0.00175,0.011666666666666674,0.9883333333333333,0
0.00175,0.16,0.84,0.00175,0.010937499999999998,0.9890625,0
0.00175,0.17,0.8300000000000001,0.00175,0.010294117647058829,0.9897058823529412,0
0.00175,0.18000000000000002,0.82,0.00175,0.00972222222222222,0.9902777777777778,0
0.00175,0.19,0.81,0.00175,0.009210526315789476,0.9907894736842106,0
0.00175,0.2,0.7999999999999999,0.00175,0.008749999999999997,0.99125,1
0.00175,0.21000000000000002,0.79,0.00175,0.008333333333333335,0.9916666666666667,1
0.00175,0.22,0.78,0.00175,0.007954545454545455,0.9920454545454546,1
0.00175,0.23,0.77,0.00175,0.007608695652173914,0.9923913043478261,1
0.00175,0.24000000000000002,0.7599999999999999,0.00175,0.007291666666666663,0.9927083333333333,1
0.00175,0.25,0.7499999999999999,0.00175,0.006999999999999997,0.993,1
0.00175,0.26,0.74,0.00175,0.00673076923076923,0.9932692307692308,1
0.00175,0.27,0.73,0.00175,0.006481481481481481,0.9935185185185185,1
0.00175,0.28,0.72,0.00175,0.0062499999999999995,0.99375,1
0.00175,0.29000000000000004,0.7099999999999999,0.00175,0.006034482758620687,0.9939655172413793,1
0.00175,0.3,0.7000000000000001,0.00175,0.0058333333333333345,0.9941666666666666,1
0.00175,0.31,0.69,0.00175,0.0056451612903225794,0.9943548387096774,1
0.00175,0.32,0.6799999999999998,0.00175,0.005468749999999997,0.99453125,1
0.00175,0.33,0.6699999999999999,0.00175,0.005303030303030302,0.9946969696969697,1
0.00175,0.34,0.66,0.00175,0.0051470588235294126,0.9948529411764706,1
0.00175,0.35000000000000003,0.6499999999999999,0.00175,0.004999999999999999,0.995,1
0.00175,0.36000000000000004,0.6399999999999999,0.00175,0.00486111111111111,0.9951388888888889,1
0.00175,0.37,0.63,0.00175,0.00472972972972973,0.9952702702702703,1
0.00175,0.38,0.6200000000000001,0.00175,0.004605263157894738,0.9953947368421052,1
0.00175,0.39,0.61,0.00175,0.004487179487179487,0.9955128205128205,1
0.00175,0.4,0.6000000000000001,0.00175,0.004375000000000001,0.995625,1
0.00175,0.41000000000000003,0.5900000000000001,0.00175,0.0042682926829268305,0.9957317073170732,1
0.00175,0.42000000000000004,0.58,0.00175,0.004166666666666667,0.9958333333333333,1
0.00175,0.43,0.5700000000000001,0.00175,0.004069767441860466,0.9959302325581395,1
0.00175,0.44,0.56,0.00175,0.003977272727272728,0.9960227272727272,1
0.00175,0.45,0.55,0.00175,0.003888888888888889,0.9961111111111111,1
0.00175,0.46,0.54,0.00175,0.003804347826086957,0.996195652173913,1
0.00175,0.47000000000000003,0.53,0.00175,0.003723404255319149,0.9962765957446809,1
0.00175,0.48000000000000004,0.5200000000000001,0.00175,0.0036458333333333343,0.9963541666666667,1
0.00175,0.49,0.51,0.00175,0.0035714285714285718,0.9964285714285714,1
0.00175,0.5,0.5000000000000001,0.00175,0.003500000000000001,0.9965,1
0.00175,0.51,0.48999999999999994,0.00175,0.003431372549019608,0.9965686274509804,1
0.00175,0.52,0.48,0.00175,0.003365384615384615,0.9966346153846154,1
0.00175,0.53,0.47000000000000003,0.00175,0.00330188679245283,0.9966981132075472,1
0.00175,0.54,0.46,0.00175,0.0032407407407407406,0.9967592592592592,1
0.00175,0.55,0.45,0.00175,0.0031818181818181815,0.9968181818181818,1
0.00175,0.56,0.43999999999999995,0.00175,0.0031249999999999997,0.996875,1
0.00175,0.5700000000000001,0.43,0.00175,0.003070175438596491,0.9969298245614036,1
0.00175,0.5800000000000001,0.41999999999999993,0.00175,0.0030172413793103444,0.9969827586206896,1
0.00175,0.59,0.41000000000000003,0.00175,0.0029661016949152543,0.9970338983050847,1
0.00175,0.6,0.4,0.00175,0.002916666666666667,0.9970833333333333,1
0.00175,0.61,0.39,0.00175,0.0028688524590163938,0.9971311475409836,1
0.00175,0.62,0.38,0.00175,0.0028225806451612906,0.9971774193548387,1
0.00175,0.63,0.36999999999999994,0.00175,0.0027777777777777775,0.9972222222222222,1
0.00175,0.64,0.36,0.00175,0.002734375,0.997265625,1
0.00175,0.65,0.35,0.00175,0.002692307692307692,0.9973076923076923,1
0.00175,0.66,0.3399999999999999,0.00175,0.002651515151515151,0.9973484848484848,1
0.00175,0.67,0.32999999999999996,0.00175,0.0026119402985074628,0.9973880597014926,1
0.00175,0.68,0.32,0.00175,0.0025735294117647063,0.9974264705882353,1
0.00175,0.6900000000000001,0.3099999999999999,0.00175,0.0025362318840579704,0.9974637681159421,1
0.00175,0.7000000000000001,0.29999999999999993,0.00175,0.0024999999999999996,0.9975,1
0.00175,0.7100000000000001,0.29,0.00175,0.0024647887323943664,0.9975352112676056,1
0.00175,0.72,0.28,0.00175,0.0024305555555555556,0.9975694444444444,1
0.00175,0.73,0.2700000000000001,0.00175,0.002397260273972603,0.9976027397260274,1
0.00175,0.74,0.26,0.00175,0.002364864864864865,0.9976351351351351,1
0.00175,0.75,0.25,0.00175,0.0023333333333333335,0.9976666666666667,1
0.00175,0.76,0.24,0.00175,0.0023026315789473686,0.9976973684210526,1
0.00175,0.77,0.22999999999999995,0.00175,0.0022727272727272726,0.9977272727272727,1
0.00175,0.78,0.21999999999999997,0.00175,0.0022435897435897434,0.9977564102564103,1
0.00175,0.79,0.20999999999999994,0.00175,0.0022151898734177216,0.9977848101265823,1
0.00175,0.8,0.19999999999999993,0.00175,0.0021874999999999998,0.9978125,1
0.00175,0.81,0.18999999999999992,0.00175,0.0021604938271604936,0.9978395061728395,1
0.00175,0.8200000000000001,0.17999999999999994,0.00175,0.0021341463414634144,0.9978658536585366,1
0.00175,0.8300000000000001,0.16999999999999993,0.00175,0.002108433734939759,0.9978915662650603,1
0.00175,0.8400000000000001,0.15999999999999992,0.00175,0.0020833333333333333,0.9979166666666667,1
0.00175,0.85,0.15000000000000002,0.00175,0.002058823529411765,0.9979411764705882,1
0.00175,0.86,0.14,0.00175,0.0020348837209302325,0.9979651162790698,1
0.00175,0.87,0.13000000000000003,0.00175,0.002011494252873563,0.9979885057471264,1
0.00175,0.88,0.12,0.00175,0.001988636363636364,0.9980113636363637,1
0.00175,0.89,0.10999999999999999,0.00175,0.001966292134831461,0.9980337078651685,1
0.00175,0.9,0.09999999999999996,0.00175,0.0019444444444444444,0.9980555555555556,1
0.00175,0.91,0.08999999999999996,0.00175,0.001923076923076923,0.9980769230769231,1
0.00175,0.92,0.07999999999999997,0.00175,0.0019021739130434781,0.9980978260869565,1
0.00175,0.93,0.06999999999999995,0.00175,0.0018817204301075268,0.9981182795698925,1
0.00175,0.9400000000000001,0.05999999999999994,0.00175,0.0018617021276595743,0.9981382978723404,1
0.00175,0.9500000000000001,0.04999999999999993,0.00175,0.0018421052631578947,0.9981578947368421,1
0.00175,0.9600000000000001,0.039999999999999925,0.00175,0.0018229166666666665,0.9981770833333333,1
0.00175,0.97,0.03000000000000003,0.00175,0.0018041237113402063,0.9981958762886598,1
0.00175,0.98,0.020000000000000014,0.00175,0.0017857142857142859,0.9982142857142857,1
0.00175,0.99,0.010000000000000009,0.00175,0.0017676767676767678,0.9982323232323232,1
0.00175,1.0,0.0,0.00175,0.00175,0.99825,1
0.002,0.01,0.99,0.002,0.19999999999999982,0.8000000000000002,0
0.002,0.02,0.9800000000000001,0.002,0.10000000000000046,0.8999999999999996,0
0.002,0.03,0.97,0.002,0.06666666666666661,0.9333333333333333,0
0.002,0.04,0.96,0.002,0.049999999999999954,0.9500000000000001,0
0.002,0.05,0.9499999999999998,0.002,0.039999999999999876,0.9600000000000001,0
0.002,0.060000000000000005,0.94,0.002,0.033333333333333305,0.9666666666666667,0
0.002,0.06999999999999999,0.9300000000000002,0.002,0.028571428571428636,0.9714285714285713,0
0.002,0.08,0.92,0.002,0.025000000000000012,0.975,0
0.002,0.09,0.91,0.002,0.02222222222222223,0.9777777777777777,0
0.002,0.09999999999999999,0.8999999999999999,0.002,0.019999999999999983,0.98,0
0.002,0.11,0.89,0.002,0.018181818181818184,0.9818181818181818,0
0.002,0.12,0.8800000000000001,0.002,0.016666666666666684,0.9833333333333333,0
0.002,0.13,0.8699999999999999,0.002,0.015384615384615372,0.9846153846153847,0
0.002,0.14,0.86,0.002,0.014285714285714285,0.9857142857142858,0
0.002,0.15000000000000002,0.8500000000000001,0.002,0.013333333333333341,0.9866666666666667,0
0.002,0.16,0.84,0.002,0.012499999999999997,0.9875,0
0.002,0.17,0.8300000000000001,0.002,0.011764705882352946,0.9882352941176471,0
0.002,0.18000000000000002,0.82,0.002,0.011111111111111108,0.9888888888888889,0
0.002,0.19,0.81,0.002,0.010526315789473687,0.9894736842105263,0
0.002,0.2,0.7999999999999999,0.002,0.009999999999999997,0.99,0
0.002,0.21000000000000002,0.79,0.002,0.009523809523809526,0.9904761904761905,0
0.002,0.22,0.78,0.002,0.009090909090909092,0.990909090909091,0
0.002,0.23,0.77,0.002,0.008695652173913044,0.991304347826087,1
0.002,0.24000000000000002,0.7599999999999999,0.002,0.00833333333333333,0.9916666666666667,1
0.002,0.25,0.7499999999999999,0.002,0.007999999999999997,0.992,1
0.002,0.26,0.74,0.002,0.007692307692307692,0.9923076923076923,1
0.002,0.27,0.73,0.002,0.007407407407407407,0.9925925925925926,1
0.002,0.28,0.72,0.002,0.007142857142857143,0.9928571428571429,1
0.002,0.29000000000000004,0.7099999999999999,0.002,0.0068965517241379275,0.993103448275862,1
0.002,0.3,0.7000000000000001,0.002,0.006666666666666668,0.9933333333333333,1
0.002,0.31,0.69,0.002,0.006451612903225806,0.9935483870967742,1
0.002,0.32,0.6799999999999998,0.002,0.006249999999999997,0.99375,1
0.002,0.33,0.6699999999999999,0.002,0.00606060606060606,0.9939393939393939,1
0.002,0.34,0.66,0.002,0.005882352941176471,0.9941176470588236,1
0.002,0.35000000000000003,0.6499999999999999,0.002,0.0057142857142857125,0.9942857142857143,1
0.002,0.36000000000000004,0.6399999999999999,0.002,0.005555555555555554,0.9944444444444445,1
0.002,0.37,0.63,0.002,0.005405405405405406,0.9945945945945946,1
0.002,0.38,0.6200000000000001,0.002,0.005263157894736844,0.9947368421052631,1
0.002,0.39,0.61,0.002,0.005128205128205128,0.9948717948717949,1
0.002,0.4,0.6000000000000001,0.002,0.005000000000000001,0.995,1
0.002,0.41000000000000003,0.5900000000000001,0.002,0.004878048780487806,0.9951219512195122,1
0.002,0.42000000000000004,0.58,0.002,0.0047619047619047615,0.9952380952380953,1
0.002,0.43,0.5700000000000001,0.002,0.004651162790697675,0.9953488372093023,1
0.002,0.44,0.56,0.002,0.004545454545454546,0.9954545454545455,1
0.002,0.45,0.55,0.002,0.004444444444444445,0.9955555555555555,1
0.002,0.46,0.54,0.002,0.004347826086956522,0.9956521739130435,1
0.002,0.47000000000000003,0.53,0.002,0.00425531914893617,0.9957446808510638,1
0.002,0.48000000000000004,0.5200000000000001,0.002,0.0041666666666666675,0.9958333333333333,1
0.002,0.49,0.51,0.002,0.004081632653061225,0.9959183673469387,1
0.002,0.5,0.5000000000000001,0.002,0.004000000000000001,0.996,1
0.002,0.51,0.48999999999999994,0.002,0.00392156862745098,0.996078431372549,1
0.002,0.52,0.48,0.002,0.003846153846153846,0.9961538461538462,1
0.002,0.53,0.47000000000000003,0.002,0.0037735849056603774,0.9962264150943396,1
0.002,0.54,0.46,0.002,0.0037037037037037034,0.9962962962962963,1
0.002,0.55,0.45,0.002,0.0036363636363636364,0.9963636363636363,1
0.002,0.56,0.43999999999999995,0.002,0.0035714285714285713,0.9964285714285714,1
0.002,0.5700000000000001,0.43,0.002,0.003508771929824561,0.9964912280701754,1
0.002,0.5800000000000001,0.41999999999999993,0.002,0.003448275862068965,0.996551724137931,1
0.002,0.59,0.41000000000000003,0.002,0.0033898305084745766,0.9966101694915255,1
0.002,0.6,0.4,0.002,0.0033333333333333335,0.9966666666666667,1
0.002,0.61,0.39,0.002,0.003278688524590164,0.9967213114754099,1
0.002,0.62,0.38,0.002,0.0032258064516129032,0.9967741935483871,1
0.002,0.63,0.36999999999999994,0.002,0.003174603174603174,0.9968253968253968,1
0.002,0.64,0.36,0.002,0.003125,0.996875,1
0.002,0.65,0.35,0.002,0.003076923076923077,0.9969230769230769,1
0.002,0.66,0.3399999999999999,0.002,0.00303030303030303,0.996969696969697,1
0.002,0.67,0.32999999999999996,0.002,0.0029850746268656717,0.9970149253731343,1
0.002,0.68,0.32,0.002,0.0029411764705882357,0.9970588235294118,1
0.002,0.6900000000000001,0.3099999999999999,0.002,0.0028985507246376803,0.9971014492753624,1
0.002,0.7000000000000001,0.29999999999999993,0.002,0.002857142857142857,0.9971428571428571,1
0.002,0.7100000000000001,0.29,0.002,0.0028169014084507044,0.9971830985915493,1
0.002,0.72,0.28,0.002,0.002777777777777778,0.9972222222222222,1
0.002,0.73,0.2700000000000001,0.002,0.0027397260273972603,0.9972602739726028,1
0.002,0.74,0.26,0.002,0.002702702702702703,0.9972972972972973,1
0.002,0.75,0.25,0.002,0.0026666666666666666,0.9973333333333333,1
0.002,0.76,0.24,0.002,0.002631578947368421,0.9973684210526316,1
0.002,0.77,0.22999999999999995,0.002,0.0025974025974025974,0.9974025974025974,1
0.002,0.78,0.21999999999999997,0.002,0.002564102564102564,0.9974358974358974,1
0.002,0.79,0.20999999999999994,0.002,0.002531645569620253,0.9974683544303797,1
0.002,0.8,0.19999999999999993,0.002,0.0025,0.9975,1
0.002,0.81,0.18999999999999992,0.002,0.0024691358024691358,0.9975308641975309,1
0.002,0.8200000000000001,0.17999999999999994,0.002,0.0024390243902439024,0.9975609756097561,1
0.002,0.8300000000000001,0.16999999999999993,0.002,0.0024096385542168672,0.9975903614457832,1
0.002,0.8400000000000001,0.15999999999999992,0.002,0.0023809523809523807,0.9976190476190476,1
0.002,0.85,0.15000000000000002,0.002,0.0023529411764705885,0.9976470588235294,1
0.002,0.86,0.14,0.002,0.002325581395348837,0.9976744186046511,1
0.002,0.87,0.13000000000000003,0.002,0.0022988505747126436,0.9977011494252873,1
0.002,0.88,0.12,0.002,0.0022727272727272726,0.9977272727272727,1
0.002,0.89,0.10999999999999999,0.002,0.0022471910112359553,0.9977528089887641,1
0.002,0.9,0.09999999999999996,0.002,0.0022222222222222222,0.9977777777777778,1
0.002,0.91,0.08999999999999996,0.002,0.002197802197802198,0.9978021978021978,1
0.002,0.92,0.07999999999999997,0.002,0.002173913043478261,0.9978260869565218,1
0.002,0.93,0.06999999999999995,0.002,0.002150537634408602,0.9978494623655914,1
0.002,0.9400000000000001,0.05999999999999994,0.002,0.002127659574468085,0.997872340425532,1
0.002,0.9500000000000001,0.04999999999999993,0.002,0.002105263157894737,0.9978947368421053,1
0.002,0.9600000000000001,0.039999999999999925,0.002,0.0020833333333333333,0.9979166666666667,1
0.002,0.97,0.03000000000000003,0.002,0.002061855670103093,0.9979381443298969,1
0.002,0.98,0.020000000000000014,0.002,0.0020408163265306124,0.9979591836734694,1
0.002,0.99,0.010000000000000009,0.002,0.00202020202020202,0.997979797979798,1
0.002,1.0,0.0,0.002,0.002,0.998,1
0.0022500000000000003,0.01,0.99,0.0022500000000000003,0.22499999999999984,0.7750000000000001,0
0.0022500000000000003,0.02,0.9800000000000001,0.0022500000000000003,0.11250000000000054,0.8874999999999995,0
0.0022500000000000003,0.03,0.97,0.0022500000000000003,0.07499999999999994,0.925,0
0.0022500000000000003,0.04,0.96,0.0022500000000000003,0.05624999999999996,0.9437500000000001,0
0.0022500000000000003,0.05,0.9499999999999998,0.0022500000000000003,0.044999999999999866,0.9550000000000002,0
0.0022500000000000003,0.060000000000000005,0.94,0.0022500000000000003,0.03749999999999997,0.9625,0
0.0022500000000000003,0.06999999999999999,0.9300000000000002,0.0022500000000000003,0.03214285714285722,0.9678571428571427,0
0.0022500000000000003,0.08,0.92,0.0022500000000000003,0.028125000000000018,0.9718749999999999,0
0.0022500000000000003,0.09,0.91,0.0022500000000000003,0.025000000000000012,0.975,0
0.0022500000000000003,0.09999999999999999,0.8999999999999999,0.0022500000000000003,0.022499999999999982,0.9775,0
0.0022500000000000003,0.11,0.89,0.0022500000000000003,0.020454545454545458,0.9795454545454545,0
0.0022500000000000003,0.12,0.8800000000000001,0.0022500000000000003,0.01875000000000002,0.98125,0
0.0022500000000000003,0.13,0.8699999999999999,0.0022500000000000003,0.017307692307692295,0.9826923076923078,0
0.0022500000000000003,0.14,0.86,0.0022500000000000003,0.016071428571428573,0.9839285714285714,0
0.0022500000000000003,0.15000000000000002,0.8500000000000001,0.0022500000000000003,0.01500000000000001,0.985,0
0.0022500000000000003,0.16,0.84,0.0022500000000000003,0.014062499999999999,0.9859375,0
0.0022500000000000003,0.17,0.8300000000000001,0.0022500000000000003,0.013235294117647066,0.986764705882353,0
0.0022500000000000003,0.18000000000000002,0.82,0.0022500000000000003,0.012499999999999997,0.9875,0
0.0022500000000000003,0.19,0.81,0.0022500000000000003,0.011842105263157899,0.9881578947368421,0
0.0022500000000000003,0.2,0.7999999999999999,0.0022500000000000003,0.011249999999999998,0.98875,0
0.0022500000000000003,0.21000000000000002,0.79,0.0022500000000000003,0.010714285714285718,0.9892857142857143,0
0.0022500000000000003,0.22,0.78,0.0022500000000000003,0.010227272727272729,0.9897727272727272,0
0.0022500000000000003,0.23,0.77,0.0022500000000000003,0.009782608695652176,0.9902173913043478,0
0.0022500000000000003,0.24000000000000002,0.7599999999999999,0.0022500000000000003,0.009374999999999998,0.990625,0
0.0022500000000000003,0.25,0.7499999999999999,0.0022500000000000003,0.008999999999999998,0.991,1
0.0022500000000000003,0.26,0.74,0.0022500000000000003,0.008653846153846154,0.9913461538461539,1
0.0022500000000000003,0.27,0.73,0.0022500000000000003,0.008333333333333333,0.9916666666666667,1
0.0022500000000000003,0.28,0.72,0.0022500000000000003,0.008035714285714287,0.9919642857142857,1
0.0022500000000000003,0.29000000000000004,0.7099999999999999,0.0022500000000000003,0.00775862068965517,0.9922413793103448,1
0.0022500000000000003,0.3,0.7000000000000001,0.0022500000000000003,0.007500000000000002,0.9925,1
0.0022500000000000003,0.31,0.69,0.0022500000000000003,0.007258064516129032,0.992741935483871,1
0.0022500000000000003,0.32,0.6799999999999998,0.0022500000000000003,0.007031249999999997,0.99296875,1
0.0022500000000000003,0.33,0.6699999999999999,0.0022500000000000003,0.006818181818181818,0.9931818181818182,1
0.0022500000000000003,0.34,0.66,0.0022500000000000003,0.006617647058823531,0.9933823529411765,1
0.0022500000000000003,0.35000000000000003,0.6499999999999999,0.0022500000000000003,0.006428571428571428,0.9935714285714285,1
0.0022500000000000003,0.36000000000000004,0.6399999999999999,0.0022500000000000003,0.006249999999999999,0.99375,1
0.0022500000000000003,0.37,0.63,0.0022500000000000003,0.006081081081081082,0.9939189189189189,1
0.0022500000000000003,0.38,0.6200000000000001,0.0022500000000000003,0.005921052631578949,0.9940789473684211,1
0.0022500000000000003,0.39,0.61,0.0022500000000000003,0.0057692307692307696,0.9942307692307693,1
0.0022500000000000003,0.4,0.6000000000000001,0.0022500000000000003,0.0056250000000000015,0.994375,1
0.0022500000000000003,0.41000000000000003,0.5900000000000001,0.0022500000000000003,0.005487804878048782,0.9945121951219512,1
0.0022500000000000003,0.42000000000000004,0.58,0.0022500000000000003,0.005357142857142857,0.9946428571428572,1
0.0022500000000000003,0.43,0.5700000000000001,0.0022500000000000003,0.005232558139534885,0.9947674418604651,1
0.0022500000000000003,0.44,0.56,0.0022500000000000003,0.0051136363636363645,0.9948863636363636,1
0.0022500000000000003,0.45,0.55,0.0022500000000000003,0.005000000000000001,0.995,1
0.0022500000000000003,0.46,0.54,0.0022500000000000003,0.004891304347826088,0.9951086956521739,1
0.0022500000000000003,0.47000000000000003,0.53,0.0022500000000000003,0.004787234042553192,0.9952127659574468,1
0.0022500000000000003,0.48000000000000004,0.5200000000000001,0.0022500000000000003,0.0046875000000000016,0.9953125,1
0.0022500000000000003,0.49,0.51,0.0022500000000000003,0.004591836734693878,0.9954081632653061,1
0.0022500000000000003,0.5,0.5000000000000001,0.0022500000000000003,0.004500000000000001,0.9955,1
0.0022500000000000003,0.51,0.48999999999999994,0.0022500000000000003,0.004411764705882354,0.9955882352941177,1
0.0022500000000000003,0.52,0.48,0.0022500000000000003,0.004326923076923077,0.9956730769230769,1
0.0022500000000000003,0.53,0.47000000000000003,0.0022500000000000003,0.0042452830188679245,0.995754716981132,1
0.0022500000000000003,0.54,0.46,0.0022500000000000003,0.004166666666666667,0.9958333333333333,1
0.0022500000000000003,0.55,0.45,0.0022500000000000003,0.004090909090909091,0.9959090909090909,1
0.0022500000000000003,0.56,0.43999999999999995,0.0022500000000000003,0.004017857142857143,0.9959821428571428,1
0.0022500000000000003,0.5700000000000001,0.43,0.0022500000000000003,0.003947368421052632,0.9960526315789474,1
0.0022500000000000003,0.5800000000000001,0.41999999999999993,0.0022500000000000003,0.003879310344827586,0.9961206896551724,1
0.0022500000000000003,0.59,0.41000000000000003,0.0022500000000000003,0.003813559322033899,0.9961864406779661,1
0.0022500000000000003,0.6,0.4,0.0022500000000000003,0.0037500000000000007,0.99625,1
0.0022500000000000003,0.61,0.39,0.0022500000000000003,0.003688524590163935,0.9963114754098361,1
0.0022500000000000003,0.62,0.38,0.0022500000000000003,0.0036290322580645167,0.9963709677419355,1
0.0022500000000000003,0.63,0.36999999999999994,0.0022500000000000003,0.0035714285714285713,0.9964285714285714,1
0.0022500000000000003,0.64,0.36,0.0022500000000000003,0.0035156250000000005,0.996484375,1
0.0022500000000000003,0.65,0.35,0.0022500000000000003,0.0034615384615384616,0.9965384615384615,1
0.0022500000000000003,0.66,0.3399999999999999,0.0022500000000000003,0.003409090909090909,0.9965909090909091,1
0.0022500000000000003,0.67,0.32999999999999996,0.0022500000000000003,0.0033582089552238806,0.9966417910447761,1
0.0022500000000000003,0.68,0.32,0.0022500000000000003,0.0033088235294117655,0.9966911764705882,1
0.0022500000000000003,0.6900000000000001,0.3099999999999999,0.0022500000000000003,0.0032608695652173907,0.9967391304347826,1
0.0022500000000000003,0.7000000000000001,0.29999999999999993,0.0022500000000000003,0.0032142857142857142,0.9967857142857143,1
0.0022500000000000003,0.7100000000000001,0.29,0.0022500000000000003,0.003169014084507043,0.9968309859154929,1
0.0022500000000000003,0.72,0.28,0.0022500000000000003,0.0031250000000000006,0.996875,1
0.0022500000000000003,0.73,0.2700000000000001,0.0022500000000000003,0.003082191780821918,0.9969178082191781,1
0.0022500000000000003,0.74,0.26,0.0022500000000000003,0.003040540540540541,0.9969594594594594,1
0.0022500000000000003,0.75,0.25,0.0022500000000000003,0.0030000000000000005,0.997,1
0.0022500000000000003,0.76,0.24,0.0022500000000000003,0.0029605263157894738,0.9970394736842105,1
0.0022500000000000003,0.77,0.22999999999999995,0.0022500000000000003,0.002922077922077922,0.9970779220779221,1
0.0022500000000000003,0.78,0.21999999999999997,0.0022500000000000003,0.0028846153846153848,0.9971153846153846,1
0.0022500000000000003,0.79,0.20999999999999994,0.0022500000000000003,0.002848101265822785,0.9971518987341772,1
0.0022500000000000003,0.8,0.19999999999999993,0.0022500000000000003,0.0028125000000000003,0.9971875,1
0.0022500000000000003,0.81,0.18999999999999992,0.0022500000000000003,0.002777777777777778,0.9972222222222222,1
0.0022500000000000003,0.8200000000000001,0.17999999999999994,0.0022500000000000003,0.0027439024390243905,0.9972560975609757,1
0.0022500000000000003,0.8300000000000001,0.16999999999999993,0.0022500000000000003,0.002710843373493976,0.9972891566265061,1
0.0022500000000000003,0.8400000000000001,0.15999999999999992,0.0022500000000000003,0.0026785714285714286,0.9973214285714286,1
0.0022500000000000003,0.85,0.15000000000000002,0.0022500000000000003,0.002647058823529412,0.9973529411764706,1
0.0022500000000000003,0.86,0.14,0.0022500000000000003,0.0026162790697674423,0.9973837209302325,1
0.0022500000000000003,0.87,0.13000000000000003,0.0022500000000000003,0.0025862068965517245,0.9974137931034482,1
0.0022500000000000003,0.88,0.12,0.0022500000000000003,0.0025568181818181822,0.9974431818181818,1
0.0022500000000000003,0.89,0.10999999999999999,0.0022500000000000003,0.0025280898876404497,0.9974719101123596,1
0.0022500000000000003,0.9,0.09999999999999996,0.0022500000000000003,0.0025,0.9975,1
0.0022500000000000003,0.91,0.08999999999999996,0.0022500000000000003,0.002472527472527473,0.9975274725274725,1
0.0022500000000000003,0.92,0.07999999999999997,0.0022500000000000003,0.0024456521739130437,0.997554347826087,1
0.0022500000000000003,0.93,0.06999999999999995,0.0022500000000000003,0.0024193548387096775,0.9975806451612903,1
0.0022500000000000003,0.9400000000000001,0.05999999999999994,0.0022500000000000003,0.0023936170212765957,0.9976063829787234,1
0.0022500000000000003,0.9500000000000001,0.04999999999999993,0.0022500000000000003,0.002368421052631579,0.9976315789473684,1
0.0022500000000000003,0.9600000000000001,0.039999999999999925,0.0022500000000000003,0.00234375,0.99765625,1
0.0022500000000000003,0.97,0.03000000000000003,0.0022500000000000003,0.00231958762886598,0.997680412371134,1
0.0022500000000000003,0.98,0.020000000000000014,0.0022500000000000003,0.002295918367346939,0.997704081632653,1
0.0022500000000000003,0.99,0.010000000000000009,0.0022500000000000003,0.002272727272727273,0.9977272727272727,1
0.0022500000000000003,1.0,0.0,0.0022500000000000003,0.0022500000000000003,0.99775,1
0.0025,0.01,0.99,0.0025000000000000005,0.24999999999999983,0.7500000000000002,0
0.0025,0.02,0.9800000000000001,0.0025000000000000005,0.1250000000000006,0.8749999999999993,0
0.0025,0.03,0.97,0.0025000000000000005,0.08333333333333327,0.9166666666666667,0
0.0025,0.04,0.96,0.0025000000000000005,0.06249999999999996,0.9375,0
0.0025,0.05,0.9499999999999998,0.0025000000000000005,0.04999999999999986,0.9500000000000002,0
0.0025,0.060000000000000005,0.94,0.0025000000000000005,0.04166666666666664,0.9583333333333334,0
0.0025,0.06999999999999999,0.9300000000000002,0.0025000000000000005,0.0357142857142858,0.9642857142857142,0
0.0025,0.08,0.92,0.0025000000000000005,0.03125000000000002,0.96875,0
0.0025,0.09,0.91,0.0025000000000000005,0.027777777777777794,0.9722222222222222,0
0.0025,0.09999999999999999,0.8999999999999999,0.0025000000000000005,0.024999999999999984,0.975,0
0.0025,0.11,0.89,0.0025000000000000005,0.022727272727272735,0.9772727272727273,0
0.0025,0.12,0.8800000000000001,0.0025000000000000005,0.020833333333333356,0.9791666666666666,0
0.0025,0.13,0.8699999999999999,0.0025000000000000005,0.019230769230769218,0.9807692307692308,0
0.0025,0.14,0.86,0.0025000000000000005,0.01785714285714286,0.9821428571428571,0
0.0025,0.15000000000000002,0.8500000000000001,0.0025000000000000005,0.01666666666666668,0.9833333333333333,0
0.0025,0.16,0.84,0.0025000000000000005,0.015625,0.984375,0
0.0025,0.17,0.8300000000000001,0.0025000000000000005,0.014705882352941185,0.9852941176470588,0
0.0025,0.18000000000000002,0.82,0.0025000000000000005,0.013888888888888888,0.9861111111111112,0
0.0025,0.19,0.81,0.0025000000000000005,0.013157894736842111,0.9868421052631579,0
0.0025,0.2,0.7999999999999999,0.0025000000000000005,0.012499999999999999,0.9875,0
0.0025,0.21000000000000002,0.79,0.0025000000000000005,0.01190476190476191,0.9880952380952381,0
0.0025,0.22,0.78,0.0025000000000000005,0.011363636363636367,0.9886363636363636,0
0.0025,0.23,0.77,0.0025000000000000005,0.010869565217391308,0.9891304347826086,0
0.0025,0.24000000000000002,0.7599999999999999,0.0025000000000000005,0.010416666666666664,0.9895833333333334,0
0.0025,0.25,0.7499999999999999,0.0025000000000000005,0.009999999999999997,0.99,0
0.0025,0.26,0.74,0.0025000000000000005,0.009615384615384618,0.9903846153846154,0
0.0025,0.27,0.73,0.0025000000000000005,0.00925925925925926,0.9907407407407407,0
0.0025,0.28,0.72,0.0025000000000000005,0.00892857142857143,0.9910714285714286,1
0.0025,0.29000000000000004,0.7099999999999999,0.0025000000000000005,0.008620689655172412,0.9913793103448276,1
0.0025,0.3,0.7000000000000001,0.0025000000000000005,0.008333333333333337,0.9916666666666667,1
0.0025,0.31,0.69,0.0025000000000000005,0.008064516129032258,0.9919354838709677,1
0.0025,0.32,0.6799999999999998,0.0025000000000000005,0.007812499999999997,0.9921875,1
0.0025,0.33,0.6699999999999999,0.0025000000000000005,0.007575757575757576,0.9924242424242424,1
0.0025,0.34,0.66,0.0025000000000000005,0.007352941176470591,0.9926470588235294,1
0.0025,0.35000000000000003,0.6499999999999999,0.0025000000000000005,0.007142857142857143,0.9928571428571429,1
0.0025,0.36000000000000004,0.6399999999999999,0.0025000000000000005,0.006944444444444444,0.9930555555555556,1
0.0025,0.37,0.63,0.0025000000000000005,0.006756756756756758,0.9932432432432432,1
0.0025,0.38,0.6200000000000001,0.0025000000000000005,0.006578947368421056,0.993421052631579,1
0.0025,0.39,0.61,0.0025000000000000005,0.006410256410256411,0.9935897435897436,1
0.0025,0.4,0.6000000000000001,0.0025000000000000005,0.006250000000000003,0.99375,1
0.0025,0.41000000000000003,0.5900000000000001,0.0025000000000000005,0.006097560975609758,0.9939024390243902,1
0.0025,0.42000000000000004,0.58,0.0025000000000000005,0.005952380952380953,0.9940476190476191,1
0.0025,0.43,0.5700000000000001,0.0025000000000000005,0.005813953488372095,0.9941860465116279,1
0.0025,0.44,0.56,0.0025000000000000005,0.005681818181818184,0.9943181818181818,1
0.0025,0.45,0.55,0.0025000000000000005,0.0055555555555555575,0.9944444444444445,1
0.0025,0.46,0.54,0.0025000000000000005,0.005434782608695654,0.9945652173913043,1
0.0025,0.47000000000000003,0.53,0.0025000000000000005,0.005319148936170214,0.9946808510638298,1
0.0025,0.48000000000000004,0.5200000000000001,0.0025000000000000005,0.005208333333333336,0.9947916666666666,1
0.0025,0.49,0.51,0.0025000000000000005,0.005102040816326532,0.9948979591836735,1
0.0025,0.5,0.5000000000000001,0.0025000000000000005,0.005000000000000002,0.995,1
0.0025,0.51,0.48999999999999994,0.0025000000000000005,0.004901960784313726,0.9950980392156863,1
0.0025,0.52,0.48,0.0025000000000000005,0.004807692307692309,0.9951923076923077,1
0.0025,0.53,0.47000000000000003,0.0025000000000000005,0.004716981132075472,0.9952830188679245,1
0.0025,0.54,0.46,0.0025000000000000005,0.00462962962962963,0.9953703703703703,1
0.0025,0.55,0.45,0.0025000000000000005,0.004545454545454546,0.9954545454545455,1
0.0025,0.56,0.43999999999999995,0.0025000000000000005,0.004464285714285715,0.9955357142857143,1
0.0025,0.5700000000000001,0.43,0.0025000000000000005,0.004385964912280702,0.9956140350877193,1
0.0025,0.5800000000000001,0.41999999999999993,0.0025000000000000005,0.004310344827586207,0.9956896551724138,1
0.0025,0.59,0.41000000000000003,0.0025000000000000005,0.004237288135593221,0.9957627118644068,1
0.0025,0.6,0.4,0.0025000000000000005,0.0041666666666666675,0.9958333333333333,1
0.0025,0.61,0.39,0.0025000000000000005,0.004098360655737706,0.9959016393442623,1
0.0025,0.62,0.38,0.0025000000000000005,0.00403225806451613,0.9959677419354839,1
0.0025,0.63,0.36999999999999994,0.0025000000000000005,0.003968253968253968,0.996031746031746,1
0.0025,0.64,0.36,0.0025000000000000005,0.003906250000000001,0.99609375,1
0.0025,0.65,0.35,0.0025000000000000005,0.003846153846153847,0.9961538461538462,1
0.0025,0.66,0.3399999999999999,0.0025000000000000005,0.003787878787878788,0.9962121212121212,1
0.0025,0.67,0.32999999999999996,0.0025000000000000005,0.00373134328358209,0.996268656716418,1
0.0025,0.68,0.32,0.0025000000000000005,0.0036764705882352954,0.9963235294117647,1
0.0025,0.6900000000000001,0.3099999999999999,0.0025000000000000005,0.003623188405797101,0.9963768115942029,1
0.0025,0.7000000000000001,0.29999999999999993,0.0025000000000000005,0.0035714285714285718,0.9964285714285714,1
0.0025,0.7100000000000001,0.29,0.0025000000000000005,0.0035211267605633812,0.9964788732394366,1
0.0025,0.72,0.28,0.0025000000000000005,0.003472222222222223,0.9965277777777778,1
0.0025,0.73,0.2700000000000001,0.0025000000000000005,0.003424657534246576,0.9965753424657534,1
0.0025,0.74,0.26,0.0025000000000000005,0.003378378378378379,0.9966216216216216,1
0.0025,0.75,0.25,0.0025000000000000005,0.003333333333333334,0.9966666666666667,1
0.0025,0.76,0.24,0.0025000000000000005,0.003289473684210527,0.9967105263157895,1
0.0025,0.77,0.22999999999999995,0.0025000000000000005,0.0032467532467532474,0.9967532467532467,1
0.0025,0.78,0.21999999999999997,0.0025000000000000005,0.0032051282051282055,0.9967948717948718,1
0.0025,0.79,0.20999999999999994,0.0025000000000000005,0.003164556962025317,0.9968354430379747,1
0.0025,0.8,0.19999999999999993,0.0025000000000000005,0.0031250000000000006,0.996875,1
0.0025,0.81,0.18999999999999992,0.0025000000000000005,0.00308641975308642,0.9969135802469136,1
0.0025,0.8200000000000001,0.17999999999999994,0.0025000000000000005,0.0030487804878048786,0.9969512195121951,1
0.0025,0.8300000000000001,0.16999999999999993,0.0025000000000000005,0.0030120481927710845,0.9969879518072289,1
0.0025,0.8400000000000001,0.15999999999999992,0.0025000000000000005,0.0029761904761904765,0.9970238095238095,1
0.0025,0.85,0.15000000000000002,0.0025000000000000005,0.002941176470588236,0.9970588235294118,1
0.0025,0.86,0.14,0.0025000000000000005,0.002906976744186047,0.997093023255814,1
0.0025,0.87,0.13000000000000003,0.0025000000000000005,0.002873563218390805,0.9971264367816092,1
0.0025,0.88,0.12,0.0025000000000000005,0.0028409090909090914,0.9971590909090909,1
0.0025,0.89,0.10999999999999999,0.0025000000000000005,0.002808988764044944,0.9971910112359551,1
0.0025,0.9,0.09999999999999996,0.0025000000000000005,0.0027777777777777783,0.9972222222222222,1
0.0025,0.91,0.08999999999999996,0.0025000000000000005,0.002747252747252748,0.9972527472527473,1
0.0025,0.92,0.07999999999999997,0.0025000000000000005,0.0027173913043478264,0.9972826086956522,1
0.0025,0.93,0.06999999999999995,0.0025000000000000005,0.002688172043010753,0.9973118279569892,1
0.0025,0.9400000000000001,0.05999999999999994,0.0025000000000000005,0.0026595744680851068,0.9973404255319149,1
0.0025,0.9500000000000001,0.04999999999999993,0.0025000000000000005,0.0026315789473684214,0.9973684210526316,1
0.0025,0.9600000000000001,0.039999999999999925,0.0025000000000000005,0.002604166666666667,0.9973958333333334,1
0.0025,0.97,0.03000000000000003,0.0025000000000000005,0.0025773195876288664,0.9974226804123711,1
0.0025,0.98,0.020000000000000014,0.0025000000000000005,0.002551020408163266,0.9974489795918368,1
0.0025,0.99,0.010000000000000009,0.0025000000000000005,0.002525252525252526,0.9974747474747475,1
0.0025,1.0,0.0,0.0025000000000000005,0.0025000000000000005,0.9975,1
0.00275,0.01,0.99,0.0027500000000000003,0.2749999999999998,0.7250000000000002,0
0.00275,0.02,0.9800000000000001,0.0027500000000000003,0.13750000000000065,0.8624999999999994,0
0.00275,0.03,0.97,0.0027500000000000003,0.09166666666666659,0.9083333333333334,0
0.00275,0.04,0.96,0.0027500000000000003,0.06874999999999995,0.93125,0
0.00275,0.05,0.9499999999999998,0.0027500000000000003,0.054999999999999834,0.9450000000000002,0
0.00275,0.060000000000000005,0.94,0.0027500000000000003,0.045833333333333295,0.9541666666666667,0
0.00275,0.06999999999999999,0.9300000000000002,0.0027500000000000003,0.03928571428571438,0.9607142857142856,0
0.00275,0.08,0.92,0.0027500000000000003,0.034375000000000024,0.965625,0
0.00275,0.09,0.91,0.0027500000000000003,0.03055555555555557,0.9694444444444444,0
0.00275,0.09999999999999999,0.8999999999999999,0.0027500000000000003,0.02749999999999998,0.9725,0
0.00275,0.11,0.89,0.0027500000000000003,0.025000000000000005,0.975,0
0.00275,0.12,0.8800000000000001,0.0027500000000000003,0.02291666666666669,0.9770833333333333,0
0.00275,0.13,0.8699999999999999,0.0027500000000000003,0.021153846153846138,0.9788461538461538,0
0.00275,0.14,0.86,0.0027500000000000003,0.019642857142857142,0.9803571428571428,0
0.00275,0.15000000000000002,0.8500000000000001,0.0027500000000000003,0.018333333333333347,0.9816666666666667,0
0.00275,0.16,0.84,0.0027500000000000003,0.017187499999999998,0.9828125,0
0.00275,0.17,0.8300000000000001,0.0027500000000000003,0.016176470588235303,0.9838235294117647,0
0.00275,0.18000000000000002,0.82,0.0027500000000000003,0.015277777777777776,0.9847222222222223,0
0.00275,0.19,0.81,0.0027500000000000003,0.014473684210526321,0.9855263157894737,0
0.00275,0.2,0.7999999999999999,0.0027500000000000003,0.013749999999999997,0.98625,0
0.00275,0.21000000000000002,0.79,0.0027500000000000003,0.013095238095238099,0.986904761904762,0
0.00275,0.22,0.78,0.0027500000000000003,0.012500000000000002,0.9875,0
0.00275,0.23,0.77,0.0027500000000000003,0.011956521739130437,0.9880434782608696,0
0.00275,0.24000000000000002,0.7599999999999999,0.0027500000000000003,0.011458333333333329,0.9885416666666667,0
0.00275,0.25,0.7499999999999999,0.0027500000000000003,0.010999999999999996,0.989,0
0.00275,0.26,0.74,0.0027500000000000003,0.010576923076923078,0.989423076923077,0
0.00275,0.27,0.73,0.0027500000000000003,0.010185185185185186,0.9898148148148148,0
0.00275,0.28,0.72,0.0027500000000000003,0.009821428571428571,0.9901785714285715,0
0.00275,0.29000000000000004,0.7099999999999999,0.0027500000000000003,0.009482758620689652,0.9905172413793103,0
0.00275,0.3,0.7000000000000001,0.0027500000000000003,0.00916666666666667,0.9908333333333333,0
0.00275,0.31,0.69,0.0027500000000000003,0.008870967741935484,0.9911290322580645,1
0.00275,0.32,0.6799999999999998,0.0027500000000000003,0.008593749999999995,0.99140625,1
0.00275,0.33,0.6699999999999999,0.0027500000000000003,0.008333333333333333,0.9916666666666667,1
0.00275,0.34,0.66,0.0027500000000000003,0.008088235294117648,0.9919117647058824,1
0.00275,0.35000000000000003,0.6499999999999999,0.0027500000000000003,0.007857142857142856,0.9921428571428571,1
0.00275,0.36000000000000004,0.6399999999999999,0.0027500000000000003,0.007638888888888888,0.9923611111111111,1
0.00275,0.37,0.63,0.0027500000000000003,0.007432432432432433,0.9925675675675676,1
0.00275,0.38,0.6200000000000001,0.0027500000000000003,0.0072368421052631604,0.9927631578947368,1
0.00275,0.39,0.61,0.0027500000000000003,0.007051282051282051,0.992948717948718,1
0.00275,0.4,0.6000000000000001,0.0027500000000000003,0.006875000000000003,0.993125,1
0.00275,0.41000000000000003,0.5900000000000001,0.0027500000000000003,0.006707317073170733,0.9932926829268293,1
0.00275,0.42000000000000004,0.58,0.0027500000000000003,0.006547619047619048,0.993452380952381,1
0.00275,0.43,0.5700000000000001,0.0027500000000000003,0.006395348837209304,0.9936046511627907,1
0.00275,0.44,0.56,0.0027500000000000003,0.006250000000000001,0.99375,1
0.00275,0.45,0.55,0.0027500000000000003,0.006111111111111112,0.9938888888888889,1
0.00275,0.46,0.54,0.0027500000000000003,0.0059782608695652184,0.9940217391304348,1
0.00275,0.47000000000000003,0.53,0.0027500000000000003,0.005851063829787235,0.9941489361702127,1
0.00275,0.48000000000000004,0.5200000000000001,0.0027500000000000003,0.005729166666666669,0.9942708333333333,1
0.00275,0.49,0.51,0.0027500000000000003,0.005612244897959184,0.9943877551020408,1
0.00275,0.5,0.5000000000000001,0.0027500000000000003,0.005500000000000001,0.9945,1
0.00275,0.51,0.48999999999999994,0.0027500000000000003,0.005392156862745099,0.9946078431372549,1
0.00275,0.52,0.48,0.0027500000000000003,0.005288461538461539,0.9947115384615385,1
0.00275,0.53,0.47000000000000003,0.0027500000000000003,0.0051886792452830195,0.994811320754717,1
0.00275,0.54,0.46,0.0027500000000000003,0.005092592592592593,0.9949074074074074,1
0.00275,0.55,0.45,0.0027500000000000003,0.005,0.995,1
0.00275,0.56,0.43999999999999995,0.0027500000000000003,0.004910714285714286,0.9950892857142857,1
0.00275,0.5700000000000001,0.43,0.0027500000000000003,0.004824561403508772,0.9951754385964913,1
0.00275,0.5800000000000001,0.41999999999999993,0.0027500000000000003,0.0047413793103448275,0.9952586206896552,1
0.00275,0.59,0.41000000000000003,0.0027500000000000003,0.0046610169491525435,0.9953389830508474,1
0.00275,0.6,0.4,0.0027500000000000003,0.004583333333333334,0.9954166666666666,1
0.00275,0.61,0.39,0.0027500000000000003,0.004508196721311476,0.9954918032786885,1
0.00275,0.62,0.38,0.0027500000000000003,0.004435483870967742,0.9955645161290323,1
0.00275,0.63,0.36999999999999994,0.0027500000000000003,0.004365079365079364,0.9956349206349207,1
0.00275,0.64,0.36,0.0027500000000000003,0.004296875,0.995703125,1
0.00275,0.65,0.35,0.0027500000000000003,0.004230769230769231,0.9957692307692307,1
0.00275,0.66,0.3399999999999999,0.0027500000000000003,0.004166666666666667,0.9958333333333333,1
0.00275,0.67,0.32999999999999996,0.0027500000000000003,0.004104477611940298,0.9958955223880597,1
0.00275,0.68,0.32,0.0027500000000000003,0.004044117647058824,0.9959558823529412,1
0.00275,0.6900000000000001,0.3099999999999999,0.0027500000000000003,0.003985507246376811,0.9960144927536232,1
0.00275,0.7000000000000001,0.29999999999999993,0.0027500000000000003,0.003928571428571429,0.9960714285714286,1
0.00275,0.7100000000000001,0.29,0.0027500000000000003,0.003873239436619719,0.9961267605633802,1
0.00275,0.72,0.28,0.0027500000000000003,0.0038194444444444448,0.9961805555555555,1
0.00275,0.73,0.2700000000000001,0.0027500000000000003,0.0037671232876712334,0.9962328767123287,1
0.00275,0.74,0.26,0.0027500000000000003,0.0037162162162162164,0.9962837837837838,1
0.00275,0.75,0.25,0.0027500000000000003,0.003666666666666667,0.9963333333333333,1
0.00275,0.76,0.24,0.0027500000000000003,0.0036184210526315794,0.9963815789473685,1
0.00275,0.77,0.22999999999999995,0.0027500000000000003,0.0035714285714285718,0.9964285714285714,1
0.00275,0.78,0.21999999999999997,0.0027500000000000003,0.0035256410256410257,0.996474358974359,1
0.00275,0.79,0.20999999999999994,0.0027500000000000003,0.0034810126582278484,0.9965189873417721,1
0.00275,0.8,0.19999999999999993,0.0027500000000000003,0.0034375,0.9965625,1
0.00275,0.81,0.18999999999999992,0.0027500000000000003,0.0033950617283950617,0.9966049382716049,1
0.00275,0.8200000000000001,0.17999999999999994,0.0027500000000000003,0.003353658536585366,0.9966463414634147,1
0.00275,0.8300000000000001,0.16999999999999993,0.0027500000000000003,0.0033132530120481927,0.9966867469879518,1
0.00275,0.8400000000000001,0.15999999999999992,0.0027500000000000003,0.003273809523809524,0.9967261904761905,1
0.00275,0.85,0.15000000000000002,0.0027500000000000003,0.0032352941176470593,0.9967647058823529,1
0.00275,0.86,0.14,0.0027500000000000003,0.0031976744186046516,0.9968023255813954,1
0.00275,0.87,0.13000000000000003,0.0027500000000000003,0.0031609195402298854,0.9968390804597701,1
0.00275,0.88,0.12,0.0027500000000000003,0.003125,0.996875,1
0.00275,0.89,0.10999999999999999,0.0027500000000000003,0.0030898876404494386,0.9969101123595505,1
0.00275,0.9,0.09999999999999996,0.0027500000000000003,0.0030555555555555557,0.9969444444444444,1
0.00275,0.91,0.08999999999999996,0.0027500000000000003,0.003021978021978022,0.996978021978022,1
0.00275,0.92,0.07999999999999997,0.0027500000000000003,0.002989130434782609,0.9970108695652173,1
0.00275,0.93,0.06999999999999995,0.0027500000000000003,0.0029569892473118283,0.9970430107526882,1
0.00275,0.9400000000000001,0.05999999999999994,0.0027500000000000003,0.0029255319148936173,0.9970744680851064,1
0.00275,0.9500000000000001,0.04999999999999993,0.0027500000000000003,0.0028947368421052633,0.9971052631578947,1
0.00275,0.9600000000000001,0.039999999999999925,0.0027500000000000003,0.0028645833333333336,0.9971354166666667,1
0.00275,0.97,0.03000000000000003,0.0027500000000000003,0.002835051546391753,0.9971649484536083,1
0.00275,0.98,0.020000000000000014,0.0027500000000000003,0.002806122448979592,0.9971938775510204,1
0.00275,0.99,0.010000000000000009,0.0027500000000000003,0.002777777777777778,0.9972222222222222,1
0.00275,1.0,0.0,0.0027500000000000003,0.0027500000000000003,0.99725,1
0.003,0.01,0.99,0.003,0.29999999999999977,0.7000000000000002,0
0.003,0.02,0.9800000000000001,0.003,0.15000000000000072,0.8499999999999993,0
0.003,0.03,0.97,0.003,0.09999999999999991,0.9000000000000001,0
0.003,0.04,0.96,0.003,0.07499999999999994,0.925,0
0.003,0.05,0.9499999999999998,0.003,0.05999999999999982,0.9400000000000002,0
0.003,0.060000000000000005,0.94,0.003,0.049999999999999954,0.9500000000000001,0
0.003,0.06999999999999999,0.9300000000000002,0.003,0.042857142857142955,0.9571428571428571,0
0.003,0.08,0.92,0.003,0.03750000000000002,0.9625,0
0.003,0.09,0.91,0.003,0.03333333333333335,0.9666666666666667,0
0.003,0.09999999999999999,0.8999999999999999,0.003,0.029999999999999975,0.97,0
0.003,0.11,0.89,0.003,0.027272727272727275,0.9727272727272728,0
0.003,0.12,0.8800000000000001,0.003,0.025000000000000026,0.975,0
0.003,0.13,0.8699999999999999,0.003,0.023076923076923057,0.9769230769230769,0
0.003,0.14,0.86,0.003,0.021428571428571425,0.9785714285714285,0
0.003,0.15000000000000002,0.8500000000000001,0.003,0.02000000000000001,0.98,0
0.003,0.16,0.84,0.003,0.018749999999999996,0.98125,0
0.003,0.17,0.8300000000000001,0.003,0.01764705882352942,0.9823529411764705,0
0.003,0.18000000000000002,0.82,0.003,0.016666666666666663,0.9833333333333334,0
0.003,0.19,0.81,0.003,0.01578947368421053,0.9842105263157894,0
0.003,0.2,0.7999999999999999,0.003,0.014999999999999996,0.985,0
0.003,0.21000000000000002,0.79,0.003,0.014285714285714289,0.9857142857142858,0
0.003,0.22,0.78,0.003,0.013636363636363637,0.9863636363636363,0
0.003,0.23,0.77,0.003,0.013043478260869566,0.9869565217391304,0
0.003,0.24000000000000002,0.7599999999999999,0.003,0.012499999999999995,0.9875,0
0.003,0.25,0.7499999999999999,0.003,0.011999999999999995,0.988,0
0.003,0.26,0.74,0.003,0.011538461538461539,0.9884615384615385,0
0.003,0.27,0.73,0.003,0.01111111111111111,0.9888888888888889,0
0.003,0.28,0.72,0.003,0.010714285714285713,0.9892857142857143,0
0.003,0.29000000000000004,0.7099999999999999,0.003,0.010344827586206891,0.9896551724137931,0
0.003,0.3,0.7000000000000001,0.003,0.010000000000000002,0.99,0
0.003,0.31,0.69,0.003,0.009677419354838708,0.9903225806451613,0
0.003,0.32,0.6799999999999998,0.003,0.009374999999999994,0.990625,0
0.003,0.33,0.6699999999999999,0.003,0.009090909090909089,0.990909090909091,0
0.003,0.34,0.66,0.003,0.008823529411764707,0.9911764705882353,1
0.003,0.35000000000000003,0.6499999999999999,0.003,0.00857142857142857,0.9914285714285714,1
0.003,0.36000000000000004,0.6399999999999999,0.003,0.008333333333333331,0.9916666666666667,1
0.003,0.37,0.63,0.003,0.008108108108108109,0.9918918918918919,1
0.003,0.38,0.6200000000000001,0.003,0.007894736842105265,0.9921052631578947,1
0.003,0.39,0.61,0.003,0.007692307692307692,0.9923076923076923,1
0.003,0.4,0.6000000000000001,0.003,0.0075000000000000015,0.9925,1
0.003,0.41000000000000003,0.5900000000000001,0.003,0.007317073170731709,0.9926829268292683,1
0.003,0.42000000000000004,0.58,0.003,0.007142857142857143,0.9928571428571429,1
0.003,0.43,0.5700000000000001,0.003,0.006976744186046512,0.9930232558139535,1
0.003,0.44,0.56,0.003,0.006818181818181819,0.9931818181818182,1
0.003,0.45,0.55,0.003,0.006666666666666667,0.9933333333333333,1
0.003,0.46,0.54,0.003,0.006521739130434783,0.9934782608695653,1
0.003,0.47000000000000003,0.53,0.003,0.006382978723404256,0.9936170212765958,1
0.003,0.48000000000000004,0.5200000000000001,0.003,0.006250000000000002,0.99375,1
0.003,0.49,0.51,0.003,0.006122448979591837,0.9938775510204082,1
0.003,0.5,0.5000000000000001,0.003,0.006000000000000002,0.994,1
0.003,0.51,0.48999999999999994,0.003,0.0058823529411764705,0.9941176470588236,1
0.003,0.52,0.48,0.003,0.0057692307692307696,0.9942307692307693,1
0.003,0.53,0.47000000000000003,0.003,0.005660377358490566,0.9943396226415094,1
0.003,0.54,0.46,0.003,0.005555555555555555,0.9944444444444445,1
0.003,0.55,0.45,0.003,0.005454545454545454,0.9945454545454545,1
0.003,0.56,0.43999999999999995,0.003,0.005357142857142856,0.9946428571428572,1
0.003,0.5700000000000001,0.43,0.003,0.005263157894736842,0.9947368421052631,1
0.003,0.5800000000000001,0.41999999999999993,0.003,0.005172413793103447,0.9948275862068966,1
0.003,0.59,0.41000000000000003,0.003,0.005084745762711865,0.9949152542372881,1
0.003,0.6,0.4,0.003,0.005,0.995,1
0.003,0.61,0.39,0.003,0.004918032786885246,0.9950819672131147,1
0.003,0.62,0.38,0.003,0.004838709677419355,0.9951612903225806,1
0.003,0.63,0.36999999999999994,0.003,0.0047619047619047615,0.9952380952380953,1
0.003,0.64,0.36,0.003,0.0046875,0.9953125,1
0.003,0.65,0.35,0.003,0.004615384615384615,0.9953846153846154,1
0.003,0.66,0.3399999999999999,0.003,0.004545454545454544,0.9954545454545455,1
0.003,0.67,0.32999999999999996,0.003,0.004477611940298507,0.9955223880597015,1
0.003,0.68,0.32,0.003,0.004411764705882354,0.9955882352941177,1
0.003,0.6900000000000001,0.3099999999999999,0.003,0.004347826086956521,0.9956521739130435,1
0.003,0.7000000000000001,0.29999999999999993,0.003,0.004285714285714285,0.9957142857142857,1
0.003,0.7100000000000001,0.29,0.003,0.004225352112676057,0.995774647887324,1
0.003,0.72,0.28,0.003,0.004166666666666667,0.9958333333333333,1
0.003,0.73,0.2700000000000001,0.003,0.004109589041095891,0.9958904109589041,1
0.003,0.74,0.26,0.003,0.004054054054054054,0.995945945945946,1
0.003,0.75,0.25,0.003,0.004,0.996,1
0.003,0.76,0.24,0.003,0.003947368421052632,0.9960526315789474,1
0.003,0.77,0.22999999999999995,0.003,0.003896103896103896,0.9961038961038962,1
0.003,0.78,0.21999999999999997,0.003,0.003846153846153846,0.9961538461538462,1
0.003,0.79,0.20999999999999994,0.003,0.0037974683544303796,0.9962025316455696,1
0.003,0.8,0.19999999999999993,0.003,0.00375,0.99625,1
0.003,0.81,0.18999999999999992,0.003,0.0037037037037037034,0.9962962962962963,1
0.003,0.8200000000000001,0.17999999999999994,0.003,0.0036585365853658534,0.9963414634146341,1
0.003,0.8300000000000001,0.16999999999999993,0.003,0.003614457831325301,0.9963855421686747,1
0.003,0.8400000000000001,0.15999999999999992,0.003,0.0035714285714285713,0.9964285714285714,1
0.003,0.85,0.15000000000000002,0.003,0.0035294117647058825,0.9964705882352941,1
0.003,0.86,0.14,0.003,0.0034883720930232558,0.9965116279069768,1
0.003,0.87,0.13000000000000003,0.003,0.0034482758620689655,0.996551724137931,1
0.003,0.88,0.12,0.003,0.0034090909090909094,0.9965909090909091,1
0.003,0.89,0.10999999999999999,0.003,0.0033707865168539327,0.996629213483146,1
0.003,0.9,0.09999999999999996,0.003,0.003333333333333333,0.9966666666666667,1
0.003,0.91,0.08999999999999996,0.003,0.0032967032967032967,0.9967032967032967,1
0.003,0.92,0.07999999999999997,0.003,0.003260869565217391,0.9967391304347826,1
0.003,0.93,0.06999999999999995,0.003,0.0032258064516129032,0.9967741935483871,1
0.003,0.9400000000000001,0.05999999999999994,0.003,0.0031914893617021275,0.9968085106382979,1
0.003,0.9500000000000001,0.04999999999999993,0.003,0.003157894736842105,0.9968421052631579,1
0.003,0.9600000000000001,0.039999999999999925,0.003,0.0031249999999999997,0.996875,1
0.003,0.97,0.03000000000000003,0.003,0.0030927835051546395,0.9969072164948454,1
0.003,0.98,0.020000000000000014,0.003,0.0030612244897959186,0.996938775510204,1
0.003,0.99,0.010000000000000009,0.003,0.0030303030303030303,0.996969696969697,1
0.003,1.0,0.0,0.003,0.003,0.997,1
0.0032500000000000003,0.01,0.99,0.0032500000000000003,0.32499999999999973,0.6750000000000003,0
0.0032500000000000003,0.02,0.9800000000000001,0.0032500000000000003,0.16250000000000078,0.8374999999999992,0
0.0032500000000000003,0.03,0.97,0.0032500000000000003,0.10833333333333324,0.8916666666666667,0
0.0032500000000000003,0.04,0.96,0.0032500000000000003,0.08124999999999993,0.9187500000000001,0
0.0032500000000000003,0.05,0.9499999999999998,0.0032500000000000003,0.06499999999999981,0.9350000000000002,0
0.0032500000000000003,0.060000000000000005,0.94,0.0032500000000000003,0.05416666666666662,0.9458333333333334,0
0.0032500000000000003,0.06999999999999999,0.9300000000000002,0.0032500000000000003,0.04642857142857154,0.9535714285714285,0
0.0032500000000000003,0.08,0.92,0.0032500000000000003,0.04062500000000002,0.959375,0
0.0032500000000000003,0.09,0.91,0.0032500000000000003,0.03611111111111113,0.9638888888888889,0
0.0032500000000000003,0.09999999999999999,0.8999999999999999,0.0032500000000000003,0.03249999999999997,0.9675,0
0.0032500000000000003,0.11,0.89,0.0032500000000000003,0.029545454545454552,0.9704545454545455,0
0.0032500000000000003,0.12,0.8800000000000001,0.0032500000000000003,0.027083333333333362,0.9729166666666667,0
0.0032500000000000003,0.13,0.8699999999999999,0.0032500000000000003,0.02499999999999998,0.975,0
0.0032500000000000003,0.14,0.86,0.0032500000000000003,0.023214285714285715,0.9767857142857143,0
0.0032500000000000003,0.15000000000000002,0.8500000000000001,0.0032500000000000003,0.02166666666666668,0.9783333333333333,0
0.0032500000000000003,0.16,0.84,0.0032500000000000003,0.020312499999999997,0.9796875,0
0.0032500000000000003,0.17,0.8300000000000001,0.0032500000000000003,0.019117647058823538,0.9808823529411764,0
0.0032500000000000003,0.18000000000000002,0.82,0.0032500000000000003,0.018055555555555554,0.9819444444444444,0
0.0032500000000000003,0.19,0.81,0.0032500000000000003,0.01710526315789474,0.9828947368421053,0
0.0032500000000000003,0.2,0.7999999999999999,0.0032500000000000003,0.016249999999999997,0.98375,0
0.0032500000000000003,0.21000000000000002,0.79,0.0032500000000000003,0.01547619047619048,0.9845238095238095,0
0.0032500000000000003,0.22,0.78,0.0032500000000000003,0.014772727272727276,0.9852272727272727,0
0.0032500000000000003,0.23,0.77,0.0032500000000000003,0.014130434782608697,0.9858695652173913,0
0.0032500000000000003,0.24000000000000002,0.7599999999999999,0.0032500000000000003,0.013541666666666662,0.9864583333333333,0
0.0032500000000000003,0.25,0.7499999999999999,0.0032500000000000003,0.012999999999999996,0.987,0
0.0032500000000000003,0.26,0.74,0.0032500000000000003,0.0125,0.9875,0
0.0032500000000000003,0.27,0.73,0.0032500000000000003,0.012037037037037037,0.9879629629629629,0
0.0032500000000000003,0.28,0.72,0.0032500000000000003,0.011607142857142858,0.9883928571428572,0
0.0032500000000000003,0.29000000000000004,0.7099999999999999,0.0032500000000000003,0.011206896551724133,0.9887931034482759,0
0.0032500000000000003,0.3,0.7000000000000001,0.0032500000000000003,0.010833333333333337,0.9891666666666666,0
0.0032500000000000003,0.31,0.69,0.0032500000000000003,0.010483870967741934,0.989516129032258,0
0.0032500000000000003,0.32,0.6799999999999998,0.0032500000000000003,0.010156249999999995,0.98984375,0
0.0032500000000000003,0.33,0.6699999999999999,0.0032500000000000003,0.009848484848484848,0.9901515151515151,0
0.0032500000000000003,0.34,0.66,0.0032500000000000003,0.009558823529411767,0.9904411764705883,0
0.0032500000000000003,0.35000000000000003,0.6499999999999999,0.0032500000000000003,0.009285714285714284,0.9907142857142858,0
0.0032500000000000003,0.36000000000000004,0.6399999999999999,0.0032500000000000003,0.009027777777777777,0.9909722222222223,0
0.0032500000000000003,0.37,0.63,0.0032500000000000003,0.008783783783783784,0.9912162162162163,1
0.0032500000000000003,0.38,0.6200000000000001,0.0032500000000000003,0.00855263157894737,0.9914473684210526,1
0.0032500000000000003,0.39,0.61,0.0032500000000000003,0.008333333333333333,0.9916666666666667,1
0.0032500000000000003,0.4,0.6000000000000001,0.0032500000000000003,0.008125000000000002,0.991875,1
0.0032500000000000003,0.41000000000000003,0.5900000000000001,0.0032500000000000003,0.007926829268292685,0.9920731707317073,1
0.0032500000000000003,0.42000000000000004,0.58,0.0032500000000000003,0.007738095238095238,0.9922619047619048,1
0.0032500000000000003,0.43,0.5700000000000001,0.0032500000000000003,0.0075581395348837226,0.9924418604651163,1
0.0032500000000000003,0.44,0.56,0.0032500000000000003,0.007386363636363638,0.9926136363636363,1
0.0032500000000000003,0.45,0.55,0.0032500000000000003,0.007222222222222224,0.9927777777777778,1
0.0032500000000000003,0.46,0.54,0.0032500000000000003,0.007065217391304349,0.9929347826086956,1
0.0032500000000000003,0.47000000000000003,0.53,0.0032500000000000003,0.006914893617021278,0.9930851063829788,1
0.0032500000000000003,0.48000000000000004,0.5200000000000001,0.0032500000000000003,0.006770833333333336,0.9932291666666667,1
0.0032500000000000003,0.49,0.51,0.0032500000000000003,0.00663265306122449,0.9933673469387755,1
0.0032500000000000003,0.5,0.5000000000000001,0.0032500000000000003,0.006500000000000002,0.9935,1
0.0032500000000000003,0.51,0.48999999999999994,0.0032500000000000003,0.006372549019607844,0.9936274509803922,1
0.0032500000000000003,0.52,0.48,0.0032500000000000003,0.00625,0.99375,1
0.0032500000000000003,0.53,0.47000000000000003,0.0032500000000000003,0.006132075471698114,0.9938679245283019,1
0.0032500000000000003,0.54,0.46,0.0032500000000000003,0.0060185185185185185,0.9939814814814815,1
0.0032500000000000003,0.55,0.45,0.0032500000000000003,0.005909090909090909,0.9940909090909091,1
0.0032500000000000003,0.56,0.43999999999999995,0.0032500000000000003,0.005803571428571429,0.9941964285714285,1
0.0032500000000000003,0.5700000000000001,0.43,0.0032500000000000003,0.005701754385964912,0.9942982456140351,1
0.0032500000000000003,0.5800000000000001,0.41999999999999993,0.0032500000000000003,0.005603448275862069,0.9943965517241379,1
0.0032500000000000003,0.59,0.41000000000000003,0.0032500000000000003,0.005508474576271187,0.9944915254237288,1
0.0032500000000000003,0.6,0.4,0.0032500000000000003,0.005416666666666668,0.9945833333333334,1
0.0032500000000000003,0.61,0.39,0.0032500000000000003,0.005327868852459017,0.9946721311475409,1
0.0032500000000000003,0.62,0.38,0.0032500000000000003,0.005241935483870968,0.994758064516129,1
0.0032500000000000003,0.63,0.36999999999999994,0.0032500000000000003,0.005158730158730159,0.9948412698412699,1
0.0032500000000000003,0.64,0.36,0.0032500000000000003,0.005078125,0.994921875,1
0.0032500000000000003,0.65,0.35,0.0032500000000000003,0.005,0.995,1
0.0032500000000000003,0.66,0.3399999999999999,0.0032500000000000003,0.004924242424242424,0.9950757575757576,1
0.0032500000000000003,0.67,0.32999999999999996,0.0032500000000000003,0.004850746268656716,0.9951492537313433,1
0.0032500000000000003,0.68,0.32,0.0032500000000000003,0.004779411764705884,0.9952205882352941,1
0.0032500000000000003,0.6900000000000001,0.3099999999999999,0.0032500000000000003,0.004710144927536231,0.9952898550724638,1
0.0032500000000000003,0.7000000000000001,0.29999999999999993,0.0032500000000000003,0.004642857142857143,0.9953571428571428,1
0.0032500000000000003,0.7100000000000001,0.29,0.0032500000000000003,0.004577464788732395,0.9954225352112676,1
0.0032500000000000003,0.72,0.28,0.0032500000000000003,0.004513888888888889,0.9954861111111111,1
0.0032500000000000003,0.73,0.2700000000000001,0.0032500000000000003,0.004452054794520549,0.9955479452054794,1
0.0032500000000000003,0.74,0.26,0.0032500000000000003,0.004391891891891892,0.9956081081081081,1
0.0032500000000000003,0.75,0.25,0.0032500000000000003,0.004333333333333334,0.9956666666666667,1
0.0032500000000000003,0.76,0.24,0.0032500000000000003,0.0042763157894736845,0.9957236842105263,1
0.0032500000000000003,0.77,0.22999999999999995,0.0032500000000000003,0.004220779220779221,0.9957792207792208,1
0.0032500000000000003,0.78,0.21999999999999997,0.0032500000000000003,0.004166666666666667,0.9958333333333333,1
0.0032500000000000003,0.79,0.20999999999999994,0.0032500000000000003,0.004113924050632912,0.9958860759493671,1
0.0032500000000000003,0.8,0.19999999999999993,0.0032500000000000003,0.0040625,0.9959375,1
0.0032500000000000003,0.81,0.18999999999999992,0.0032500000000000003,0.004012345679012346,0.9959876543209877,1
0.0032500000000000003,0.8200000000000001,0.17999999999999994,0.0032500000000000003,0.0039634146341463415,0.9960365853658537,1
0.0032500000000000003,0.8300000000000001,0.16999999999999993,0.0032500000000000003,0.00391566265060241,0.9960843373493976,1
0.0032500000000000003,0.8400000000000001,0.15999999999999992,0.0032500000000000003,0.003869047619047619,0.9961309523809524,1
0.0032500000000000003,0.85,0.15000000000000002,0.0032500000000000003,0.0038235294117647065,0.9961764705882353,1
0.0032500000000000003,0.86,0.14,0.0032500000000000003,0.003779069767441861,0.9962209302325581,1
0.0032500000000000003,0.87,0.13000000000000003,0.0032500000000000003,0.0037356321839080464,0.996264367816092,1
0.0032500000000000003,0.88,0.12,0.0032500000000000003,0.0036931818181818185,0.9963068181818182,1
0.0032500000000000003,0.89,0.10999999999999999,0.0032500000000000003,0.003651685393258427,0.9963483146067416,1
0.0032500000000000003,0.9,0.09999999999999996,0.0032500000000000003,0.0036111111111111114,0.9963888888888889,1
0.0032500000000000003,0.91,0.08999999999999996,0.0032500000000000003,0.0035714285714285718,0.9964285714285714,1
0.0032500000000000003,0.92,0.07999999999999997,0.0032500000000000003,0.003532608695652174,0.9964673913043478,1
0.0032500000000000003,0.93,0.06999999999999995,0.0032500000000000003,0.0034946236559139786,0.996505376344086,1
0.0032500000000000003,0.9400000000000001,0.05999999999999994,0.0032500000000000003,0.0034574468085106385,0.9965425531914893,1
0.0032500000000000003,0.9500000000000001,0.04999999999999993,0.0032500000000000003,0.0034210526315789475,0.996578947368421,1
0.0032500000000000003,0.9600000000000001,0.039999999999999925,0.0032500000000000003,0.0033854166666666668,0.9966145833333333,1
0.0032500000000000003,0.97,0.03000000000000003,0.0032500000000000003,0.003350515463917526,0.9966494845360825,1
0.0032500000000000003,0.98,0.020000000000000014,0.0032500000000000003,0.003316326530612245,0.9966836734693878,1
0.0032500000000000003,0.99,0.010000000000000009,0.0032500000000000003,0.003282828282828283,0.9967171717171717,1
0.0032500000000000003,1.0,0.0,0.0032500000000000003,0.0032500000000000003,0.99675,1
0.0035,0.01,0.99,0.0035,0.3499999999999997,0.6500000000000004,0
0.0035,0.02,0.9800000000000001,0.0035,0.17500000000000082,0.8249999999999992,0
0.0035,0.03,0.97,0.0035,0.11666666666666657,0.8833333333333334,0
0.0035,0.04,0.96,0.0035,0.08749999999999993,0.9125000000000001,0
0.0035,0.05,0.9499999999999998,0.0035,0.06999999999999978,0.9300000000000002,0
0.0035,0.060000000000000005,0.94,0.0035,0.058333333333333286,0.9416666666666668,0
0.0035,0.06999999999999999,0.9300000000000002,0.0035,0.050000000000000114,0.9499999999999998,0
0.0035,0.08,0.92,0.0035,0.043750000000000025,0.9562499999999999,0
0.0035,0.09,0.91,0.0035,0.0388888888888889,0.9611111111111111,0
0.0035,0.09999999999999999,0.8999999999999999,0.0035,0.03499999999999997,0.9650000000000001,0
0.0035,0.11,0.89,0.0035,0.03181818181818182,0.9681818181818181,0
0.0035,0.12,0.8800000000000001,0.0035,0.029166666666666695,0.9708333333333333,0
0.0035,0.13,0.8699999999999999,0.0035,0.0269230769230769,0.9730769230769231,0
0.0035,0.14,0.86,0.0035,0.024999999999999998,0.975,0
0.0035,0.15000000000000002,0.8500000000000001,0.0035,0.02333333333333335,0.9766666666666667,0
0.0035,0.16,0.84,0.0035,0.021874999999999995,0.978125,0
0.0035,0.17,0.8300000000000001,0.0035,0.020588235294117657,0.9794117647058823,0
0.0035,0.18000000000000002,0.82,0.0035,0.01944444444444444,0.9805555555555555,0
0.0035,0.19,0.81,0.0035,0.018421052631578953,0.981578947368421,0
0.0035,0.2,0.7999999999999999,0.0035,0.017499999999999995,0.9825,0
0.0035,0.21000000000000002,0.79,0.0035,0.01666666666666667,0.9833333333333333,0
0.0035,0.22,0.78,0.0035,0.01590909090909091,0.9840909090909091,0
0.0035,0.23,0.77,0.0035,0.015217391304347828,0.9847826086956522,0
0.0035,0.24000000000000002,0.7599999999999999,0.0035,0.014583333333333327,0.9854166666666667,0
0.0035,0.25,0.7499999999999999,0.0035,0.013999999999999993,0.986,0
0.0035,0.26,0.74,0.0035,0.01346153846153846,0.9865384615384616,0
0.0035,0.27,0.73,0.0035,0.012962962962962963,0.987037037037037,0
0.0035,0.28,0.72,0.0035,0.012499999999999999,0.9875,0
0.0035,0.29000000000000004,0.7099999999999999,0.0035,0.012068965517241374,0.9879310344827587,0
0.0035,0.3,0.7000000000000001,0.0035,0.011666666666666669,0.9883333333333333,0
0.0035,0.31,0.69,0.0035,0.011290322580645159,0.9887096774193549,0
0.0035,0.32,0.6799999999999998,0.0035,0.010937499999999994,0.9890625,0
0.0035,0.33,0.6699999999999999,0.0035,0.010606060606060603,0.9893939393939394,0
0.0035,0.34,0.66,0.0035,0.010294117647058825,0.9897058823529412,0
0.0035,0.35000000000000003,0.6499999999999999,0.0035,0.009999999999999998,0.99,0
0.0035,0.36000000000000004,0.6399999999999999,0.0035,0.00972222222222222,0.9902777777777778,0
0.0035,0.37,0.63,0.0035,0.00945945945945946,0.9905405405405405,0
0.0035,0.38,0.6200000000000001,0.0035,0.009210526315789476,0.9907894736842106,0
0.0035,0.39,0.61,0.0035,0.008974358974358974,0.9910256410256411,1
0.0035,0.4,0.6000000000000001,0.0035,0.008750000000000003,0.99125,1
0.0035,0.41000000000000003,0.5900000000000001,0.0035,0.008536585365853661,0.9914634146341463,1
0.0035,0.42000000000000004,0.58,0.0035,0.008333333333333333,0.9916666666666667,1
0.0035,0.43,0.5700000000000001,0.0035,0.008139534883720932,0.9918604651162791,1
0.0035,0.44,0.56,0.0035,0.007954545454545455,0.9920454545454546,1
0.0035,0.45,0.55,0.0035,0.007777777777777778,0.9922222222222222,1
0.0035,0.46,0.54,0.0035,0.007608695652173914,0.9923913043478261,1
0.0035,0.47000000000000003,0.53,0.0035,0.007446808510638298,0.9925531914893617,1
0.0035,0.48000000000000004,0.5200000000000001,0.0035,0.0072916666666666685,0.9927083333333333,1
0.0035,0.49,0.51,0.0035,0.0071428571428571435,0.9928571428571429,1
0.0035,0.5,0.5000000000000001,0.0035,0.007000000000000002,0.993,1
0.0035,0.51,0.48999999999999994,0.0035,0.006862745098039216,0.9931372549019608,1
0.0035,0.52,0.48,0.0035,0.00673076923076923,0.9932692307692308,1
0.0035,0.53,0.47000000000000003,0.0035,0.00660377358490566,0.9933962264150943,1
0.0035,0.54,0.46,0.0035,0.006481481481481481,0.9935185185185185,1
0.0035,0.55,0.45,0.0035,0.006363636363636363,0.9936363636363637,1
0.0035,0.56,0.43999999999999995,0.0035,0.0062499999999999995,0.99375,1
0.0035,0.5700000000000001,0.43,0.0035,0.006140350877192982,0.993859649122807,1
0.0035,0.5800000000000001,0.41999999999999993,0.0035,0.006034482758620689,0.9939655172413793,1
0.0035,0.59,0.41000000000000003,0.0035,0.005932203389830509,0.9940677966101695,1
0.0035,0.6,0.4,0.0035,0.005833333333333334,0.9941666666666666,1
0.0035,0.61,0.39,0.0035,0.0057377049180327875,0.9942622950819672,1
0.0035,0.62,0.38,0.0035,0.005645161290322581,0.9943548387096774,1
0.0035,0.63,0.36999999999999994,0.0035,0.005555555555555555,0.9944444444444445,1
0.0035,0.64,0.36,0.0035,0.00546875,0.99453125,1
0.0035,0.65,0.35,0.0035,0.005384615384615384,0.9946153846153846,1
0.0035,0.66,0.3399999999999999,0.0035,0.005303030303030302,0.9946969696969697,1
0.0035,0.67,0.32999999999999996,0.0035,0.0052238805970149255,0.994776119402985,1
0.0035,0.68,0.32,0.0035,0.0051470588235294126,0.9948529411764706,1
0.0035,0.6900000000000001,0.3099999999999999,0.0035,0.005072463768115941,0.994927536231884,1
0.0035,0.7000000000000001,0.29999999999999993,0.0035,0.004999999999999999,0.995,1
0.0035,0.7100000000000001,0.29,0.0035,0.004929577464788733,0.9950704225352113,1
0.0035,0.72,0.28,0.0035,0.004861111111111111,0.9951388888888889,1
0.0035,0.73,0.2700000000000001,0.0035,0.004794520547945206,0.9952054794520548,1
0.0035,0.74,0.26,0.0035,0.00472972972972973,0.9952702702702703,1
0.0035,0.75,0.25,0.0035,0.004666666666666667,0.9953333333333333,1
0.0035,0.76,0.24,0.0035,0.004605263157894737,0.9953947368421052,1
0.0035,0.77,0.22999999999999995,0.0035,0.004545454545454545,0.9954545454545455,1
0.0035,0.78,0.21999999999999997,0.0035,0.004487179487179487,0.9955128205128205,1
0.0035,0.79,0.20999999999999994,0.0035,0.004430379746835443,0.9955696202531645,1
0.0035,0.8,0.19999999999999993,0.0035,0.0043749999999999995,0.995625,1
0.0035,0.81,0.18999999999999992,0.0035,0.004320987654320987,0.995679012345679,1
0.0035,0.8200000000000001,0.17999999999999994,0.0035,0.004268292682926829,0.9957317073170732,1
0.0035,0.8300000000000001,0.16999999999999993,0.0035,0.004216867469879518,0.9957831325301205,1
0.0035,0.8400000000000001,0.15999999999999992,0.0035,0.004166666666666667,0.9958333333333333,1
0.0035,0.85,0.15000000000000002,0.0035,0.00411764705882353,0.9958823529411764,1
0.0035,0.86,0.14,0.0035,0.004069767441860465,0.9959302325581395,1
0.0035,0.87,0.13000000000000003,0.0035,0.004022988505747126,0.9959770114942529,1
0.0035,0.88,0.12,0.0035,0.003977272727272728,0.9960227272727272,1
0.0035,0.89,0.10999999999999999,0.0035,0.003932584269662922,0.9960674157303371,1
0.0035,0.9,0.09999999999999996,0.0035,0.0038888888888888888,0.9961111111111111,1
0.0035,0.91,0.08999999999999996,0.0035,0.003846153846153846,0.9961538461538462,1
0.0035,0.92,0.07999999999999997,0.0035,0.0038043478260869562,0.996195652173913,1
0.0035,0.93,0.06999999999999995,0.0035,0.0037634408602150535,0.9962365591397849,1
0.0035,0.9400000000000001,0.05999999999999994,0.0035,0.0037234042553191487,0.9962765957446809,1
0.0035,0.9500000000000001,0.04999999999999993,0.0035,0.0036842105263157894,0.9963157894736843,1
0.0035,0.9600000000000001,0.039999999999999925,0.0035,0.003645833333333333,0.9963541666666667,1
0.0035,0.97,0.03000000000000003,0.0035,0.0036082474226804126,0.9963917525773196,1
0.0035,0.98,0.020000000000000014,0.0035,0.0035714285714285718,0.9964285714285714,1
0.0035,0.99,0.010000000000000009,0.0035,0.0035353535353535356,0.9964646464646465,1
0.0035,1.0,0.0,0.0035,0.0035,0.9965,1
0.00375,0.01,0.99,0.00375,0.37499999999999967,0.6250000000000003,0
0.00375,0.02,0.9800000000000001,0.00375,0.18750000000000086,0.8124999999999991,0
0.00375,0.03,0.97,0.00375,0.12499999999999989,0.8750000000000001,0
0.00375,0.04,0.96,0.00375,0.09374999999999992,0.9062500000000001,0
0.00375,0.05,0.9499999999999998,0.00375,0.07499999999999976,0.9250000000000003,0
0.00375,0.060000000000000005,0.94,0.00375,0.062499999999999944,0.9375,0
0.00375,0.06999999999999999,0.9300000000000002,0.00375,0.05357142857142869,0.9464285714285713,0
0.00375,0.08,0.92,0.00375,0.04687500000000002,0.953125,0
0.00375,0.09,0.91,0.00375,0.04166666666666668,0.9583333333333334,0
0.00375,0.09999999999999999,0.8999999999999999,0.00375,0.037499999999999964,0.9625,0
0.00375,0.11,0.89,0.00375,0.034090909090909095,0.9659090909090909,0
0.00375,0.12,0.8800000000000001,0.00375,0.03125000000000003,0.96875,0
0.00375,0.13,0.8699999999999999,0.00375,0.02884615384615382,0.9711538461538461,0
0.00375,0.14,0.86,0.00375,0.02678571428571428,0.9732142857142857,0
0.00375,0.15000000000000002,0.8500000000000001,0.00375,0.025000000000000015,0.975,0
0.00375,0.16,0.84,0.00375,0.023437499999999993,0.9765625,0
0.00375,0.17,0.8300000000000001,0.00375,0.022058823529411773,0.9779411764705882,0
0.00375,0.18000000000000002,0.82,0.00375,0.020833333333333325,0.9791666666666666,0
0.00375,0.19,0.81,0.00375,0.019736842105263164,0.9802631578947368,0
0.00375,0.2,0.7999999999999999,0.00375,0.018749999999999992,0.98125,0
0.00375,0.21000000000000002,0.79,0.00375,0.01785714285714286,0.9821428571428571,0
0.00375,0.22,0.78,0.00375,0.017045454545454548,0.9829545454545454,0
0.00375,0.23,0.77,0.00375,0.016304347826086956,0.9836956521739131,0
0.00375,0.24000000000000002,0.7599999999999999,0.00375,0.015624999999999993,0.984375,0
0.00375,0.25,0.7499999999999999,0.00375,0.014999999999999993,0.985,0
0.00375,0.26,0.74,0.00375,0.014423076923076922,0.9855769230769231,0
0.00375,0.27,0.73,0.00375,0.013888888888888888,0.9861111111111112,0
0.00375,0.28,0.72,0.00375,0.01339285714285714,0.9866071428571429,0
0.00375,0.29000000000000004,0.7099999999999999,0.00375,0.012931034482758614,0.9870689655172414,0
0.00375,0.3,0.7000000000000001,0.00375,0.012500000000000002,0.9875,0
0.00375,0.31,0.69,0.00375,0.012096774193548385,0.9879032258064516,0
0.00375,0.32,0.6799999999999998,0.00375,0.011718749999999993,0.98828125,0
0.00375,0.33,0.6699999999999999,0.00375,0.01136363636363636,0.9886363636363636,0
0.00375,0.34,0.66,0.00375,0.011029411764705883,0.9889705882352942,0
0.00375,0.35000000000000003,0.6499999999999999,0.00375,0.010714285714285711,0.9892857142857143,0
0.00375,0.36000000000000004,0.6399999999999999,0.00375,0.010416666666666663,0.9895833333333334,0
0.00375,0.37,0.63,0.00375,0.010135135135135136,0.9898648648648649,0
0.00375,0.38,0.6200000000000001,0.00375,0.009868421052631582,0.9901315789473684,0
0.00375,0.39,0.61,0.00375,0.009615384615384614,0.9903846153846154,0
0.00375,0.4,0.6000000000000001,0.00375,0.009375000000000001,0.990625,0
0.00375,0.41000000000000003,0.5900000000000001,0.00375,0.009146341463414635,0.9908536585365854,0
0.00375,0.42000000000000004,0.58,0.00375,0.008928571428571428,0.9910714285714286,1
0.00375,0.43,0.5700000000000001,0.00375,0.008720930232558141,0.9912790697674418,1
0.00375,0.44,0.56,0.00375,0.008522727272727274,0.9914772727272727,1
0.00375,0.45,0.55,0.00375,0.008333333333333333,0.9916666666666667,1
0.00375,0.46,0.54,0.00375,0.008152173913043478,0.9918478260869565,1
0.00375,0.47000000000000003,0.53,0.00375,0.007978723404255319,0.9920212765957447,1
0.00375,0.48000000000000004,0.5200000000000001,0.00375,0.007812500000000002,0.9921875,1
0.00375,0.49,0.51,0.00375,0.007653061224489796,0.9923469387755102,1
0.00375,0.5,0.5000000000000001,0.00375,0.0075000000000000015,0.9925,1
0.00375,0.51,0.48999999999999994,0.00375,0.007352941176470588,0.9926470588235294,1
0.00375,0.52,0.48,0.00375,0.007211538461538461,0.9927884615384616,1
0.00375,0.53,0.47000000000000003,0.00375,0.007075471698113207,0.9929245283018868,1
0.00375,0.54,0.46,0.00375,0.006944444444444444,0.9930555555555556,1
0.00375,0.55,0.45,0.00375,0.006818181818181817,0.9931818181818182,1
0.00375,0.56,0.43999999999999995,0.00375,0.00669642857142857,0.9933035714285714,1
0.00375,0.5700000000000001,0.43,0.00375,0.006578947368421051,0.993421052631579,1
0.00375,0.5800000000000001,0.41999999999999993,0.00375,0.006465517241379309,0.9935344827586207,1
0.00375,0.59,0.41000000000000003,0.00375,0.006355932203389831,0.9936440677966102,1
0.00375,0.6,0.4,0.00375,0.00625,0.99375,1
0.00375,0.61,0.39,0.00375,0.006147540983606557,0.9938524590163934,1
0.00375,0.62,0.38,0.00375,0.006048387096774193,0.9939516129032258,1
0.00375,0.63,0.36999999999999994,0.00375,0.005952380952380951,0.9940476190476191,1
0.00375,0.64,0.36,0.00375,0.005859375,0.994140625,1
0.00375,0.65,0.35,0.00375,0.005769230769230769,0.9942307692307693,1
0.00375,0.66,0.3399999999999999,0.00375,0.00568181818181818,0.9943181818181818,1
0.00375,0.67,0.32999999999999996,0.00375,0.005597014925373134,0.9944029850746269,1
0.00375,0.68,0.32,0.00375,0.0055147058823529415,0.9944852941176471,1
0.00375,0.6900000000000001,0.3099999999999999,0.00375,0.00543478260869565,0.9945652173913043,1
0.00375,0.7000000000000001,0.29999999999999993,0.00375,0.005357142857142856,0.9946428571428572,1
0.00375,0.7100000000000001,0.29,0.00375,0.00528169014084507,0.9947183098591549,1
0.00375,0.72,0.28,0.00375,0.005208333333333333,0.9947916666666666,1
0.00375,0.73,0.2700000000000001,0.00375,0.005136986301369863,0.9948630136986302,1
0.00375,0.74,0.26,0.00375,0.005067567567567568,0.9949324324324325,1
0.00375,0.75,0.25,0.00375,0.005,0.995,1
0.00375,0.76,0.24,0.00375,0.004934210526315789,0.9950657894736842,1
0.00375,0.77,0.22999999999999995,0.00375,0.00487012987012987,0.9951298701298701,1
0.00375,0.78,0.21999999999999997,0.00375,0.004807692307692307,0.9951923076923077,1
0.00375,0.79,0.20999999999999994,0.00375,0.004746835443037974,0.995253164556962,1
0.00375,0.8,0.19999999999999993,0.00375,0.0046875,0.9953125,1
0.00375,0.81,0.18999999999999992,0.00375,0.004629629629629629,0.9953703703703703,1
0.00375,0.8200000000000001,0.17999999999999994,0.00375,0.004573170731707317,0.9954268292682927,1
0.00375,0.8300000000000001,0.16999999999999993,0.00375,0.004518072289156626,0.9954819277108434,1
0.00375,0.8400000000000001,0.15999999999999992,0.00375,0.004464285714285714,0.9955357142857143,1
0.00375,0.85,0.15000000000000002,0.00375,0.004411764705882353,0.9955882352941177,1
0.00375,0.86,0.14,0.00375,0.00436046511627907,0.9956395348837209,1
0.00375,0.87,0.13000000000000003,0.00375,0.004310344827586207,0.9956896551724138,1
0.00375,0.88,0.12,0.00375,0.004261363636363636,0.9957386363636364,1
0.00375,0.89,0.10999999999999999,0.00375,0.004213483146067416,0.9957865168539326,1
0.00375,0.9,0.09999999999999996,0.00375,0.004166666666666667,0.9958333333333333,1
0.00375,0.91,0.08999999999999996,0.00375,0.004120879120879121,0.9958791208791209,1
0.00375,0.92,0.07999999999999997,0.00375,0.004076086956521739,0.9959239130434783,1
0.00375,0.93,0.06999999999999995,0.00375,0.004032258064516129,0.9959677419354839,1
0.00375,0.9400000000000001,0.05999999999999994,0.00375,0.003989361702127659,0.9960106382978723,1
0.00375,0.9500000000000001,0.04999999999999993,0.00375,0.003947368421052631,0.9960526315789474,1
0.00375,0.9600000000000001,0.039999999999999925,0.00375,0.0039062499999999996,0.99609375,1
0.00375,0.97,0.03000000000000003,0.00375,0.003865979381443299,0.9961340206185567,1
0.00375,0.98,0.020000000000000014,0.00375,0.003826530612244898,0.9961734693877551,1
0.00375,0.99,0.010000000000000009,0.00375,0.003787878787878788,0.9962121212121212,1
0.00375,1.0,0.0,0.00375,0.00375,0.99625,1
0.004,0.01,0.99,0.003999999999999999,0.3999999999999996,0.6000000000000004,0
0.004,0.02,0.9800000000000001,0.003999999999999999,0.2000000000000009,0.7999999999999992,0
0.004,0.03,0.97,0.003999999999999999,0.1333333333333332,0.8666666666666668,0
0.004,0.04,0.96,0.003999999999999999,0.0999999999999999,0.9000000000000001,0
0.004,0.05,0.9499999999999998,0.003999999999999999,0.07999999999999974,0.9200000000000003,0
0.004,0.060000000000000005,0.94,0.003999999999999999,0.0666666666666666,0.9333333333333333,0
0.004,0.06999999999999999,0.9300000000000002,0.003999999999999999,0.05714285714285726,0.9428571428571427,0
0.004,0.08,0.92,0.003999999999999999,0.05000000000000002,0.95,0
0.004,0.09,0.91,0.003999999999999999,0.04444444444444445,0.9555555555555555,0
0.004,0.09999999999999999,0.8999999999999999,0.003999999999999999,0.03999999999999996,0.9600000000000001,0
0.004,0.11,0.89,0.003999999999999999,0.03636363636363636,0.9636363636363636,0
0.004,0.12,0.8800000000000001,0.003999999999999999,0.03333333333333336,0.9666666666666667,0
0.004,0.13,0.8699999999999999,0.003999999999999999,0.030769230769230736,0.9692307692307692,0
0.004,0.14,0.86,0.003999999999999999,0.028571428571428564,0.9714285714285714,0
0.004,0.15000000000000002,0.8500000000000001,0.003999999999999999,0.02666666666666668,0.9733333333333333,0
0.004,0.16,0.84,0.003999999999999999,0.02499999999999999,0.975,0
0.004,0.17,0.8300000000000001,0.003999999999999999,0.02352941176470589,0.9764705882352941,0
0.004,0.18000000000000002,0.82,0.003999999999999999,0.022222222222222213,0.9777777777777777,0
0.004,0.19,0.81,0.003999999999999999,0.02105263157894737,0.9789473684210527,0
0.004,0.2,0.7999999999999999,0.003999999999999999,0.01999999999999999,0.98,0
0.004,0.21000000000000002,0.79,0.003999999999999999,0.019047619047619046,0.9809523809523809,0
0.004,0.22,0.78,0.003999999999999999,0.01818181818181818,0.9818181818181818,0
0.004,0.23,0.77,0.003999999999999999,0.017391304347826084,0.9826086956521739,0
0.004,0.24000000000000002,0.7599999999999999,0.003999999999999999,0.016666666666666656,0.9833333333333334,0
0.004,0.25,0.7499999999999999,0.003999999999999999,0.01599999999999999,0.984,0
0.004,0.26,0.74,0.003999999999999999,0.01538461538461538,0.9846153846153847,0
0.004,0.27,0.73,0.003999999999999999,0.01481481481481481,0.9851851851851852,0
0.004,0.28,0.72,0.003999999999999999,0.014285714285714282,0.9857142857142858,0
0.004,0.29000000000000004,0.7099999999999999,0.003999999999999999,0.013793103448275853,0.9862068965517241,0
0.004,0.3,0.7000000000000001,0.003999999999999999,0.013333333333333334,0.9866666666666667,0
0.004,0.31,0.69,0.003999999999999999,0.012903225806451608,0.9870967741935484,0
0.004,0.32,0.6799999999999998,0.003999999999999999,0.01249999999999999,0.9875,0
0.004,0.33,0.6699999999999999,0.003999999999999999,0.012121212121212116,0.9878787878787879,0
0.004,0.34,0.66,0.003999999999999999,0.01176470588235294,0.9882352941176471,0
0.004,0.35000000000000003,0.6499999999999999,0.003999999999999999,0.011428571428571423,0.9885714285714285,0
0.004,0.36000000000000004,0.6399999999999999,0.003999999999999999,0.011111111111111106,0.9888888888888889,0
0.004,0.37,0.63,0.003999999999999999,0.01081081081081081,0.9891891891891892,0
0.004,0.38,0.6200000000000001,0.003999999999999999,0.010526315789473686,0.9894736842105263,0
0.004,0.39,0.61,0.003999999999999999,0.010256410256410255,0.9897435897435898,0
0.004,0.4,0.6000000000000001,0.003999999999999999,0.01,0.99,0
0.004,0.41000000000000003,0.5900000000000001,0.003999999999999999,0.00975609756097561,0.9902439024390244,0
0.004,0.42000000000000004,0.58,0.003999999999999999,0.009523809523809521,0.9904761904761905,0
0.004,0.43,0.5700000000000001,0.003999999999999999,0.009302325581395349,0.9906976744186047,0
0.004,0.44,0.56,0.003999999999999999,0.00909090909090909,0.990909090909091,0
0.004,0.45,0.55,0.003999999999999999,0.008888888888888889,0.9911111111111112,1
0.004,0.46,0.54,0.003999999999999999,0.008695652173913042,0.991304347826087,1
0.004,0.47000000000000003,0.53,0.003999999999999999,0.008510638297872339,0.9914893617021276,1
0.004,0.48000000000000004,0.5200000000000001,0.003999999999999999,0.008333333333333333,0.9916666666666667,1
0.004,0.49,0.51,0.003999999999999999,0.008163265306122448,0.9918367346938776,1
0.004,0.5,0.5000000000000001,0.003999999999999999,0.008,0.992,1
0.004,0.51,0.48999999999999994,0.003999999999999999,0.007843137254901959,0.9921568627450981,1
0.004,0.52,0.48,0.003999999999999999,0.00769230769230769,0.9923076923076923,1
0.004,0.53,0.47000000000000003,0.003999999999999999,0.007547169811320753,0.9924528301886792,1
0.004,0.54,0.46,0.003999999999999999,0.007407407407407405,0.9925925925925926,1
0.004,0.55,0.45,0.003999999999999999,0.007272727272727271,0.9927272727272727,1
0.004,0.56,0.43999999999999995,0.003999999999999999,0.007142857142857141,0.9928571428571429,1
0.004,0.5700000000000001,0.43,0.003999999999999999,0.00701754385964912,0.9929824561403509,1
0.004,0.5800000000000001,0.41999999999999993,0.003999999999999999,0.006896551724137929,0.993103448275862,1
0.004,0.59,0.41000000000000003,0.003999999999999999,0.0067796610169491515,0.9932203389830508,1
0.004,0.6,0.4,0.003999999999999999,0.006666666666666665,0.9933333333333333,1
0.004,0.61,0.39,0.003999999999999999,0.006557377049180327,0.9934426229508196,1
0.004,0.62,0.38,0.003999999999999999,0.006451612903225806,0.9935483870967742,1
0.004,0.63,0.36999999999999994,0.003999999999999999,0.006349206349206347,0.9936507936507937,1
0.004,0.64,0.36,0.003999999999999999,0.006249999999999999,0.99375,1
0.004,0.65,0.35,0.003999999999999999,0.006153846153846152,0.9938461538461538,1
0.004,0.66,0.3399999999999999,0.003999999999999999,0.006060606060606058,0.9939393939393939,1
0.004,0.67,0.32999999999999996,0.003999999999999999,0.005970149253731342,0.9940298507462687,1
0.004,0.68,0.32,0.003999999999999999,0.00588235294117647,0.9941176470588236,1
0.004,0.6900000000000001,0.3099999999999999,0.003999999999999999,0.00579710144927536,0.9942028985507246,1
0.004,0.7000000000000001,0.29999999999999993,0.003999999999999999,0.0057142857142857125,0.9942857142857143,1
0.004,0.7100000000000001,0.29,0.003999999999999999,0.005633802816901408,0.9943661971830986,1
0.004,0.72,0.28,0.003999999999999999,0.005555555555555555,0.9944444444444445,1
0.004,0.73,0.2700000000000001,0.003999999999999999,0.00547945205479452,0.9945205479452055,1
0.004,0.74,0.26,0.003999999999999999,0.005405405405405405,0.9945945945945946,1
0.004,0.75,0.25,0.003999999999999999,0.005333333333333332,0.9946666666666667,1
0.004,0.76,0.24,0.003999999999999999,0.005263157894736841,0.9947368421052631,1
0.004,0.77,0.22999999999999995,0.003999999999999999,0.005194805194805194,0.9948051948051948,1
0.004,0.78,0.21999999999999997,0.003999999999999999,0.005128205128205127,0.9948717948717949,1
0.004,0.79,0.20999999999999994,0.003999999999999999,0.005063291139240505,0.9949367088607595,1
0.004,0.8,0.19999999999999993,0.003999999999999999,0.004999999999999998,0.995,1
0.004,0.81,0.18999999999999992,0.003999999999999999,0.004938271604938271,0.9950617283950617,1
0.004,0.8200000000000001,0.17999999999999994,0.003999999999999999,0.004878048780487803,0.9951219512195122,1
0.004,0.8300000000000001,0.16999999999999993,0.003999999999999999,0.004819277108433734,0.9951807228915662,1
0.004,0.8400000000000001,0.15999999999999992,0.003999999999999999,0.004761904761904761,0.9952380952380953,1
0.004,0.85,0.15000000000000002,0.003999999999999999,0.004705882352941176,0.9952941176470588,1
0.004,0.86,0.14,0.003999999999999999,0.0046511627906976735,0.9953488372093023,1
0.004,0.87,0.13000000000000003,0.003999999999999999,0.004597701149425286,0.9954022988505747,1
0.004,0.88,0.12,0.003999999999999999,0.004545454545454544,0.9954545454545455,1
0.004,0.89,0.10999999999999999,0.003999999999999999,0.004494382022471909,0.9955056179775281,1
0.004,0.9,0.09999999999999996,0.003999999999999999,0.004444444444444444,0.9955555555555555,1
0.004,0.91,0.08999999999999996,0.003999999999999999,0.004395604395604395,0.9956043956043956,1
0.004,0.92,0.07999999999999997,0.003999999999999999,0.004347826086956521,0.9956521739130435,1
0.004,0.93,0.06999999999999995,0.003999999999999999,0.004301075268817203,0.9956989247311828,1
0.004,0.9400000000000001,0.05999999999999994,0.003999999999999999,0.004255319148936169,0.9957446808510638,1
0.004,0.9500000000000001,0.04999999999999993,0.003999999999999999,0.004210526315789473,0.9957894736842106,1
0.004,0.9600000000000001,0.039999999999999925,0.003999999999999999,0.004166666666666666,0.9958333333333333,1
0.004,0.97,0.03000000000000003,0.003999999999999999,0.004123711340206185,0.9958762886597938,1
0.004,0.98,0.020000000000000014,0.003999999999999999,0.004081632653061224,0.9959183673469387,1
0.004,0.99,0.010000000000000009,0.003999999999999999,0.0040404040404040395,0.9959595959595959,1
0.004,1.0,0.0,0.003999999999999999,0.003999999999999999,0.996,1
0.00425,0.01,0.99,0.004250000000000001,0.42499999999999977,0.5750000000000002,0
0.00425,0.02,0.9800000000000001,0.004250000000000001,0.21250000000000105,0.787499999999999,0
0.00425,0.03,0.97,0.004250000000000001,0.14166666666666658,0.8583333333333334,0
0.00425,0.04,0.96,0.004250000000000001,0.10624999999999994,0.89375,0
0.00425,0.05,0.9499999999999998,0.004250000000000001,0.08499999999999976,0.9150000000000003,0
0.00425,0.060000000000000005,0.94,0.004250000000000001,0.07083333333333329,0.9291666666666667,0
0.00425,0.06999999999999999,0.9300000000000002,0.004250000000000001,0.060714285714285866,0.9392857142857142,0
0.00425,0.08,0.92,0.004250000000000001,0.05312500000000004,0.9468749999999999,0
0.00425,0.09,0.91,0.004250000000000001,0.04722222222222225,0.9527777777777777,0
0.00425,0.09999999999999999,0.8999999999999999,0.004250000000000001,0.042499999999999975,0.9575,0
0.00425,0.11,0.89,0.004250000000000001,0.03863636363636365,0.9613636363636363,0
0.00425,0.12,0.8800000000000001,0.004250000000000001,0.03541666666666671,0.9645833333333333,0
0.00425,0.13,0.8699999999999999,0.004250000000000001,0.03269230769230767,0.9673076923076923,0
0.00425,0.14,0.86,0.004250000000000001,0.030357142857142864,0.9696428571428571,0
0.00425,0.15000000000000002,0.8500000000000001,0.004250000000000001,0.02833333333333336,0.9716666666666667,0
0.00425,0.16,0.84,0.004250000000000001,0.026562500000000003,0.9734375,0
0.00425,0.17,0.8300000000000001,0.004250000000000001,0.02500000000000002,0.975,0
0.00425,0.18000000000000002,0.82,0.004250000000000001,0.02361111111111111,0.9763888888888889,0
0.00425,0.19,0.81,0.004250000000000001,0.022368421052631593,0.9776315789473684,0
0.00425,0.2,0.7999999999999999,0.004250000000000001,0.021249999999999998,0.97875,0
0.00425,0.21000000000000002,0.79,0.004250000000000001,0.020238095238095246,0.9797619047619047,0
0.00425,0.22,0.78,0.004250000000000001,0.019318181818181825,0.9806818181818182,0
0.00425,0.23,0.77,0.004250000000000001,0.018478260869565225,0.9815217391304347,0
0.00425,0.24000000000000002,0.7599999999999999,0.004250000000000001,0.01770833333333333,0.9822916666666667,0
0.00425,0.25,0.7499999999999999,0.004250000000000001,0.016999999999999998,0.983,0
0.00425,0.26,0.74,0.004250000000000001,0.01634615384615385,0.9836538461538461,0
0.00425,0.27,0.73,0.004250000000000001,0.015740740740740743,0.9842592592592593,0
0.00425,0.28,0.72,0.004250000000000001,0.015178571428571432,0.9848214285714285,0
0.00425,0.29000000000000004,0.7099999999999999,0.004250000000000001,0.0146551724137931,0.9853448275862069,0
0.00425,0.3,0.7000000000000001,0.004250000000000001,0.014166666666666673,0.9858333333333333,0
0.00425,0.31,0.69,0.004250000000000001,0.01370967741935484,0.9862903225806452,0
0.00425,0.32,0.6799999999999998,0.004250000000000001,0.013281249999999996,0.98671875,0
0.00425,0.33,0.6699999999999999,0.004250000000000001,0.01287878787878788,0.9871212121212121,0
0.00425,0.34,0.66,0.004250000000000001,0.012500000000000004,0.9875,0
0.00425,0.35000000000000003,0.6499999999999999,0.004250000000000001,0.012142857142857143,0.9878571428571429,0
0.00425,0.36000000000000004,0.6399999999999999,0.004250000000000001,0.011805555555555555,0.9881944444444445,0
0.00425,0.37,0.63,0.004250000000000001,0.01148648648648649,0.9885135135135135,0
0.00425,0.38,0.6200000000000001,0.004250000000000001,0.011184210526315796,0.9888157894736842,0
0.00425,0.39,0.61,0.004250000000000001,0.0108974358974359,0.9891025641025641,0
0.00425,0.4,0.6000000000000001,0.004250000000000001,0.010625000000000006,0.989375,0
0.00425,0.41000000000000003,0.5900000000000001,0.004250000000000001,0.010365853658536591,0.9896341463414634,0
0.00425,0.42000000000000004,0.58,0.004250000000000001,0.010119047619047621,0.9898809523809524,0
0.00425,0.43,0.5700000000000001,0.004250000000000001,0.009883720930232561,0.9901162790697674,0
0.00425,0.44,0.56,0.004250000000000001,0.009659090909090912,0.9903409090909091,0
0.00425,0.45,0.55,0.004250000000000001,0.009444444444444448,0.9905555555555555,0
0.00425,0.46,0.54,0.004250000000000001,0.009239130434782613,0.9907608695652174,0
0.00425,0.47000000000000003,0.53,0.004250000000000001,0.009042553191489364,0.9909574468085106,0
0.00425,0.48000000000000004,0.5200000000000001,0.004250000000000001,0.008854166666666672,0.9911458333333333,1
0.00425,0.49,0.51,0.004250000000000001,0.008673469387755105,0.9913265306122448,1
0.00425,0.5,0.5000000000000001,0.004250000000000001,0.008500000000000004,0.9915,1
0.00425,0.51,0.48999999999999994,0.004250000000000001,0.008333333333333335,0.9916666666666667,1
0.00425,0.52,0.48,0.004250000000000001,0.008173076923076925,0.9918269230769231,1
0.00425,0.53,0.47000000000000003,0.004250000000000001,0.008018867924528304,0.9919811320754717,1
0.00425,0.54,0.46,0.004250000000000001,0.007870370370370371,0.9921296296296296,1
0.00425,0.55,0.45,0.004250000000000001,0.0077272727272727285,0.9922727272727273,1
0.00425,0.56,0.43999999999999995,0.004250000000000001,0.007589285714285716,0.9924107142857143,1
0.00425,0.5700000000000001,0.43,0.004250000000000001,0.0074561403508771945,0.9925438596491228,1
0.00425,0.5800000000000001,0.41999999999999993,0.004250000000000001,0.0073275862068965525,0.9926724137931034,1
0.00425,0.59,0.41000000000000003,0.004250000000000001,0.007203389830508477,0.9927966101694915,1
0.00425,0.6,0.4,0.004250000000000001,0.007083333333333336,0.9929166666666667,1
0.00425,0.61,0.39,0.004250000000000001,0.0069672131147541,0.9930327868852459,1
0.00425,0.62,0.38,0.004250000000000001,0.006854838709677421,0.9931451612903226,1
0.00425,0.63,0.36999999999999994,0.004250000000000001,0.006746031746031746,0.9932539682539683,1
0.00425,0.64,0.36,0.004250000000000001,0.0066406250000000016,0.993359375,1
0.00425,0.65,0.35,0.004250000000000001,0.00653846153846154,0.9934615384615385,1
0.00425,0.66,0.3399999999999999,0.004250000000000001,0.00643939393939394,0.993560606060606,1
0.00425,0.67,0.32999999999999996,0.004250000000000001,0.0063432835820895535,0.9936567164179104,1
0.00425,0.68,0.32,0.004250000000000001,0.006250000000000002,0.99375,1
0.00425,0.6900000000000001,0.3099999999999999,0.004250000000000001,0.006159420289855073,0.993840579710145,1
0.00425,0.7000000000000001,0.29999999999999993,0.004250000000000001,0.006071428571428572,0.9939285714285714,1
0.00425,0.7100000000000001,0.29,0.004250000000000001,0.005985915492957748,0.9940140845070422,1
0.00425,0.72,0.28,0.004250000000000001,0.005902777777777779,0.9940972222222222,1
0.00425,0.73,0.2700000000000001,0.004250000000000001,0.00582191780821918,0.9941780821917808,1
0.00425,0.74,0.26,0.004250000000000001,0.005743243243243245,0.9942567567567567,1
0.00425,0.75,0.25,0.004250000000000001,0.005666666666666668,0.9943333333333333,1
0.00425,0.76,0.24,0.004250000000000001,0.0055921052631578965,0.9944078947368421,1
0.00425,0.77,0.22999999999999995,0.004250000000000001,0.0055194805194805205,0.9944805194805195,1
0.00425,0.78,0.21999999999999997,0.004250000000000001,0.00544871794871795,0.9945512820512821,1
0.00425,0.79,0.20999999999999994,0.004250000000000001,0.005379746835443039,0.9946202531645569,1
0.00425,0.8,0.19999999999999993,0.004250000000000001,0.005312500000000001,0.9946875,1
0.00425,0.81,0.18999999999999992,0.004250000000000001,0.0052469135802469145,0.9947530864197531,1
0.00425,0.8200000000000001,0.17999999999999994,0.004250000000000001,0.005182926829268294,0.9948170731707318,1
0.00425,0.8300000000000001,0.16999999999999993,0.004250000000000001,0.005120481927710844,0.9948795180722891,1
0.00425,0.8400000000000001,0.15999999999999992,0.004250000000000001,0.005059523809523811,0.9949404761904762,1
0.00425,0.85,0.15000000000000002,0.004250000000000001,0.005000000000000002,0.995,1
0.00425,0.86,0.14,0.004250000000000001,0.004941860465116281,0.9950581395348838,1
0.00425,0.87,0.13000000000000003,0.004250000000000001,0.0048850574712643695,0.9951149425287357,1
0.00425,0.88,0.12,0.004250000000000001,0.004829545454545456,0.9951704545454545,1
0.00425,0.89,0.10999999999999999,0.004250000000000001,0.004775280898876405,0.9952247191011236,1
0.00425,0.9,0.09999999999999996,0.004250000000000001,0.004722222222222223,0.9952777777777778,1
0.00425,0.91,0.08999999999999996,0.004250000000000001,0.004670329670329671,0.9953296703296703,1
0.00425,0.92,0.07999999999999997,0.004250000000000001,0.0046195652173913054,0.9953804347826087,1
0.00425,0.93,0.06999999999999995,0.004250000000000001,0.0045698924731182805,0.9954301075268818,1
0.00425,0.9400000000000001,0.05999999999999994,0.004250000000000001,0.004521276595744682,0.9954787234042554,1
0.00425,0.9500000000000001,0.04999999999999993,0.004250000000000001,0.004473684210526316,0.9955263157894737,1
0.00425,0.9600000000000001,0.039999999999999925,0.004250000000000001,0.004427083333333334,0.9955729166666667,1
0.00425,0.97,0.03000000000000003,0.004250000000000001,0.004381443298969073,0.9956185567010309,1
0.00425,0.98,0.020000000000000014,0.004250000000000001,0.004336734693877553,0.9956632653061225,1
0.00425,0.99,0.010000000000000009,0.004250000000000001,0.0042929292929292946,0.9957070707070707,1
0.00425,1.0,0.0,0.004250000000000001,0.004250000000000001,0.99575,1
0.0045000000000000005,0.01,0.99,0.0045000000000000005,0.4499999999999997,0.5500000000000003,0
0.0045000000000000005,0.02,0.9800000000000001,0.0045000000000000005,0.2250000000000011,0.7749999999999989,0
0.0045000000000000005,0.03,0.97,0.0045000000000000005,0.14999999999999988,0.8500000000000001,0
0.0045000000000000005,0.04,0.96,0.0045000000000000005,0.11249999999999992,0.8875000000000001,0
0.0045000000000000005,0.05,0.9499999999999998,0.0045000000000000005,0.08999999999999973,0.9100000000000003,0
0.0045000000000000005,0.060000000000000005,0.94,0.0045000000000000005,0.07499999999999994,0.925,0
0.0045000000000000005,0.06999999999999999,0.9300000000000002,0.0045000000000000005,0.06428571428571445,0.9357142857142855,0
0.0045000000000000005,0.08,0.92,0.0045000000000000005,0.056250000000000036,0.94375,0
0.0045000000000000005,0.09,0.91,0.0045000000000000005,0.050000000000000024,0.95,0
0.0045000000000000005,0.09999999999999999,0.8999999999999999,0.0045000000000000005,0.044999999999999964,0.9550000000000001,0
0.0045000000000000005,0.11,0.89,0.0045000000000000005,0.040909090909090916,0.9590909090909091,0
0.0045000000000000005,0.12,0.8800000000000001,0.0045000000000000005,0.03750000000000004,0.9624999999999999,0
0.0045000000000000005,0.13,0.8699999999999999,0.0045000000000000005,0.03461538461538459,0.9653846153846154,0
0.0045000000000000005,0.14,0.86,0.0045000000000000005,0.03214285714285715,0.9678571428571429,0
0.0045000000000000005,0.15000000000000002,0.8500000000000001,0.0045000000000000005,0.03000000000000002,0.97,0
0.0045000000000000005,0.16,0.84,0.0045000000000000005,0.028124999999999997,0.971875,0
0.0045000000000000005,0.17,0.8300000000000001,0.0045000000000000005,0.02647058823529413,0.9735294117647059,0
0.0045000000000000005,0.18000000000000002,0.82,0.0045000000000000005,0.024999999999999994,0.975,0
0.0045000000000000005,0.19,0.81,0.0045000000000000005,0.023684210526315797,0.9763157894736842,0
0.0045000000000000005,0.2,0.7999999999999999,0.0045000000000000005,0.022499999999999996,0.9775,0
0.0045000000000000005,0.21000000000000002,0.79,0.0045000000000000005,0.021428571428571436,0.9785714285714285,0
0.0045000000000000005,0.22,0.78,0.0045000000000000005,0.020454545454545458,0.9795454545454545,0
0.0045000000000000005,0.23,0.77,0.0045000000000000005,0.019565217391304353,0.9804347826086957,0
0.0045000000000000005,0.24000000000000002,0.7599999999999999,0.0045000000000000005,0.018749999999999996,0.98125,0
0.0045000000000000005,0.25,0.7499999999999999,0.0045000000000000005,0.017999999999999995,0.982,0
0.0045000000000000005,0.26,0.74,0.0045000000000000005,0.01730769230769231,0.9826923076923076,0
0.0045000000000000005,0.27,0.73,0.0045000000000000005,0.016666666666666666,0.9833333333333333,0
0.0045000000000000005,0.28,0.72,0.0045000000000000005,0.016071428571428573,0.9839285714285714,0
0.0045000000000000005,0.29000000000000004,0.7099999999999999,0.0045000000000000005,0.01551724137931034,0.9844827586206897,0
0.0045000000000000005,0.3,0.7000000000000001,0.0045000000000000005,0.015000000000000005,0.985,0
0.0045000000000000005,0.31,0.69,0.0045000000000000005,0.014516129032258063,0.9854838709677419,0
0.0045000000000000005,0.32,0.6799999999999998,0.0045000000000000005,0.014062499999999993,0.9859375,0
0.0045000000000000005,0.33,0.6699999999999999,0.0045000000000000005,0.013636363636363636,0.9863636363636363,0
0.0045000000000000005,0.34,0.66,0.0045000000000000005,0.013235294117647062,0.986764705882353,0
0.0045000000000000005,0.35000000000000003,0.6499999999999999,0.0045000000000000005,0.012857142857142855,0.9871428571428571,0
0.0045000000000000005,0.36000000000000004,0.6399999999999999,0.0045000000000000005,0.012499999999999997,0.9875,0
0.0045000000000000005,0.37,0.63,0.0045000000000000005,0.012162162162162165,0.9878378378378379,0
0.0045000000000000005,0.38,0.6200000000000001,0.0045000000000000005,0.011842105263157899,0.9881578947368421,0
0.0045000000000000005,0.39,0.61,0.0045000000000000005,0.011538461538461539,0.9884615384615385,0
0.0045000000000000005,0.4,0.6000000000000001,0.0045000000000000005,0.011250000000000003,0.98875,0
0.0045000000000000005,0.41000000000000003,0.5900000000000001,0.0045000000000000005,0.010975609756097564,0.9890243902439024,0
0.0045000000000000005,0.42000000000000004,0.58,0.0045000000000000005,0.010714285714285714,0.9892857142857143,0
0.0045000000000000005,0.43,0.5700000000000001,0.0045000000000000005,0.01046511627906977,0.9895348837209302,0
0.0045000000000000005,0.44,0.56,0.0045000000000000005,0.010227272727272729,0.9897727272727272,0
0.0045000000000000005,0.45,0.55,0.0045000000000000005,0.010000000000000002,0.99,0
0.0045000000000000005,0.46,0.54,0.0045000000000000005,0.009782608695652176,0.9902173913043478,0
0.0045000000000000005,0.47000000000000003,0.53,0.0045000000000000005,0.009574468085106385,0.9904255319148936,0
0.0045000000000000005,0.48000000000000004,0.5200000000000001,0.0045000000000000005,0.009375000000000003,0.990625,0
0.0045000000000000005,0.49,0.51,0.0045000000000000005,0.009183673469387756,0.9908163265306122,0
0.0045000000000000005,0.5,0.5000000000000001,0.0045000000000000005,0.009000000000000003,0.991,0
0.0045000000000000005,0.51,0.48999999999999994,0.0045000000000000005,0.008823529411764707,0.9911764705882353,1
0.0045000000000000005,0.52,0.48,0.0045000000000000005,0.008653846153846154,0.9913461538461539,1
0.0045000000000000005,0.53,0.47000000000000003,0.0045000000000000005,0.008490566037735849,0.9915094339622641,1
0.0045000000000000005,0.54,0.46,0.0045000000000000005,0.008333333333333333,0.9916666666666667,1
0.0045000000000000005,0.55,0.45,0.0045000000000000005,0.008181818181818182,0.9918181818181818,1
0.0045000000000000005,0.56,0.43999999999999995,0.0045000000000000005,0.008035714285714287,0.9919642857142857,1
0.0045000000000000005,0.5700000000000001,0.43,0.0045000000000000005,0.007894736842105263,0.9921052631578947,1
0.0045000000000000005,0.5800000000000001,0.41999999999999993,0.0045000000000000005,0.007758620689655172,0.9922413793103448,1
0.0045000000000000005,0.59,0.41000000000000003,0.0045000000000000005,0.007627118644067798,0.9923728813559322,1
0.0045000000000000005,0.6,0.4,0.0045000000000000005,0.0075000000000000015,0.9925,1
0.0045000000000000005,0.61,0.39,0.0045000000000000005,0.00737704918032787,0.9926229508196721,1
0.0045000000000000005,0.62,0.38,0.0045000000000000005,0.0072580645161290334,0.992741935483871,1
0.0045000000000000005,0.63,0.36999999999999994,0.0045000000000000005,0.007142857142857143,0.9928571428571429,1
0.0045000000000000005,0.64,0.36,0.0045000000000000005,0.007031250000000001,0.99296875,1
0.0045000000000000005,0.65,0.35,0.0045000000000000005,0.006923076923076923,0.9930769230769231,1
0.0045000000000000005,0.66,0.3399999999999999,0.0045000000000000005,0.006818181818181818,0.9931818181818182,1
0.0045000000000000005,0.67,0.32999999999999996,0.0045000000000000005,0.006716417910447761,0.9932835820895523,1
0.0045000000000000005,0.68,0.32,0.0045000000000000005,0.006617647058823531,0.9933823529411765,1
0.0045000000000000005,0.6900000000000001,0.3099999999999999,0.0045000000000000005,0.006521739130434781,0.9934782608695653,1
0.0045000000000000005,0.7000000000000001,0.29999999999999993,0.0045000000000000005,0.0064285714285714285,0.9935714285714285,1
0.0045000000000000005,0.7100000000000001,0.29,0.0045000000000000005,0.006338028169014086,0.9936619718309859,1
0.0045000000000000005,0.72,0.28,0.0045000000000000005,0.006250000000000001,0.99375,1
0.0045000000000000005,0.73,0.2700000000000001,0.0045000000000000005,0.006164383561643836,0.9938356164383562,1
0.0045000000000000005,0.74,0.26,0.0045000000000000005,0.006081081081081082,0.9939189189189189,1
0.0045000000000000005,0.75,0.25,0.0045000000000000005,0.006000000000000001,0.994,1
0.0045000000000000005,0.76,0.24,0.0045000000000000005,0.0059210526315789476,0.9940789473684211,1
0.0045000000000000005,0.77,0.22999999999999995,0.0045000000000000005,0.005844155844155844,0.9941558441558441,1
0.0045000000000000005,0.78,0.21999999999999997,0.0045000000000000005,0.0057692307692307696,0.9942307692307693,1
0.0045000000000000005,0.79,0.20999999999999994,0.0045000000000000005,0.00569620253164557,0.9943037974683544,1
0.0045000000000000005,0.8,0.19999999999999993,0.0045000000000000005,0.005625000000000001,0.994375,1
0.0045000000000000005,0.81,0.18999999999999992,0.0045000000000000005,0.005555555555555556,0.9944444444444445,1
0.0045000000000000005,0.8200000000000001,0.17999999999999994,0.0045000000000000005,0.005487804878048781,0.9945121951219512,1
0.0045000000000000005,0.8300000000000001,0.16999999999999993,0.0045000000000000005,0.005421686746987952,0.994578313253012,1
0.0045000000000000005,0.8400000000000001,0.15999999999999992,0.0045000000000000005,0.005357142857142857,0.9946428571428572,1
0.0045000000000000005,0.85,0.15000000000000002,0.0045000000000000005,0.005294117647058824,0.9947058823529412,1
0.0045000000000000005,0.86,0.14,0.0045000000000000005,0.0052325581395348845,0.9947674418604651,1
0.0045000000000000005,0.87,0.13000000000000003,0.0045000000000000005,0.005172413793103449,0.9948275862068966,1
0.0045000000000000005,0.88,0.12,0.0045000000000000005,0.0051136363636363645,0.9948863636363636,1
0.0045000000000000005,0.89,0.10999999999999999,0.0045000000000000005,0.005056179775280899,0.994943820224719,1
0.0045000000000000005,0.9,0.09999999999999996,0.0045000000000000005,0.005,0.995,1
0.0045000000000000005,0.91,0.08999999999999996,0.0045000000000000005,0.004945054945054946,0.9950549450549451,1
0.0045000000000000005,0.92,0.07999999999999997,0.0045000000000000005,0.004891304347826087,0.9951086956521739,1
0.0045000000000000005,0.93,0.06999999999999995,0.0045000000000000005,0.004838709677419355,0.9951612903225806,1
0.0045000000000000005,0.9400000000000001,0.05999999999999994,0.0045000000000000005,0.0047872340425531915,0.9952127659574468,1
0.0045000000000000005,0.9500000000000001,0.04999999999999993,0.0045000000000000005,0.004736842105263158,0.9952631578947368,1
0.0045000000000000005,0.9600000000000001,0.039999999999999925,0.0045000000000000005,0.0046875,0.9953125,1
0.0045000000000000005,0.97,0.03000000000000003,0.0045000000000000005,0.00463917525773196,0.9953608247422681,1
0.0045000000000000005,0.98,0.020000000000000014,0.0045000000000000005,0.004591836734693878,0.9954081632653061,1
0.0045000000000000005,0.99,0.010000000000000009,0.0045000000000000005,0.004545454545454546,0.9954545454545455,1
0.0045000000000000005,1.0,0.0,0.0045000000000000005,0.0045000000000000005,0.9955,1
0.00475,0.01,0.99,0.00475,0.4749999999999996,0.5250000000000004,0
0.00475,0.02,0.9800000000000001,0.00475,0.2375000000000011,0.7624999999999988,0
0.00475,0.03,0.97,0.00475,0.1583333333333332,0.8416666666666668,0
0.00475,0.04,0.96,0.00475,0.1187499999999999,0.8812500000000001,0
0.00475,0.05,0.9499999999999998,0.00475,0.0949999999999997,0.9050000000000002,0
0.00475,0.060000000000000005,0.94,0.00475,0.0791666666666666,0.9208333333333334,0
0.00475,0.06999999999999999,0.9300000000000002,0.00475,0.067857142857143,0.9321428571428569,0
0.00475,0.08,0.92,0.00475,0.059375000000000025,0.9406249999999999,0
0.00475,0.09,0.91,0.00475,0.05277777777777779,0.9472222222222222,0
0.00475,0.09999999999999999,0.8999999999999999,0.00475,0.04749999999999996,0.9525,0
0.00475,0.11,0.89,0.00475,0.04318181818181819,0.9568181818181818,0
0.00475,0.12,0.8800000000000001,0.00475,0.03958333333333337,0.9604166666666666,0
0.00475,0.13,0.8699999999999999,0.00475,0.036538461538461506,0.9634615384615385,0
0.00475,0.14,0.86,0.00475,0.033928571428571426,0.9660714285714286,0
0.00475,0.15000000000000002,0.8500000000000001,0.00475,0.03166666666666668,0.9683333333333333,0
0.00475,0.16,0.84,0.00475,0.029687499999999995,0.9703125,0
0.00475,0.17,0.8300000000000001,0.00475,0.027941176470588247,0.9720588235294118,0
0.00475,0.18000000000000002,0.82,0.00475,0.026388888888888882,0.9736111111111111,0
0.00475,0.19,0.81,0.00475,0.025000000000000005,0.975,0
0.00475,0.2,0.7999999999999999,0.00475,0.02374999999999999,0.9762500000000001,0
0.00475,0.21000000000000002,0.79,0.00475,0.022619047619047622,0.9773809523809524,0
0.00475,0.22,0.78,0.00475,0.021590909090909095,0.9784090909090909,0
0.00475,0.23,0.77,0.00475,0.02065217391304348,0.9793478260869565,0
0.00475,0.24000000000000002,0.7599999999999999,0.00475,0.01979166666666666,0.9802083333333333,0
0.00475,0.25,0.7499999999999999,0.00475,0.018999999999999993,0.981,0
0.00475,0.26,0.74,0.00475,0.018269230769230767,0.9817307692307692,0
0.00475,0.27,0.73,0.00475,0.01759259259259259,0.9824074074074074,0
0.00475,0.28,0.72,0.00475,0.016964285714285713,0.9830357142857142,0
0.00475,0.29000000000000004,0.7099999999999999,0.00475,0.016379310344827577,0.9836206896551725,0
0.00475,0.3,0.7000000000000001,0.00475,0.015833333333333338,0.9841666666666666,0
0.00475,0.31,0.69,0.00475,0.015322580645161288,0.9846774193548387,0
0.00475,0.32,0.6799999999999998,0.00475,0.014843749999999992,0.98515625,0
0.00475,0.33,0.6699999999999999,0.00475,0.014393939393939391,0.9856060606060606,0
0.00475,0.34,0.66,0.00475,0.013970588235294118,0.9860294117647059,0
0.00475,0.35000000000000003,0.6499999999999999,0.00475,0.013571428571428568,0.9864285714285714,0
0.00475,0.36000000000000004,0.6399999999999999,0.00475,0.013194444444444441,0.9868055555555556,0
0.00475,0.37,0.63,0.00475,0.012837837837837837,0.9871621621621621,0
0.00475,0.38,0.6200000000000001,0.00475,0.012500000000000002,0.9875,0
0.00475,0.39,0.61,0.00475,0.01217948717948718,0.9878205128205129,0
0.00475,0.4,0.6000000000000001,0.00475,0.011875000000000002,0.988125,0
0.00475,0.41000000000000003,0.5900000000000001,0.00475,0.011585365853658538,0.9884146341463415,0
0.00475,0.42000000000000004,0.58,0.00475,0.011309523809523808,0.9886904761904762,0
0.00475,0.43,0.5700000000000001,0.00475,0.011046511627906978,0.9889534883720931,0
0.00475,0.44,0.56,0.00475,0.010795454545454547,0.9892045454545455,0
0.00475,0.45,0.55,0.00475,0.010555555555555556,0.9894444444444445,0
0.00475,0.46,0.54,0.00475,0.01032608695652174,0.9896739130434783,0
0.00475,0.47000000000000003,0.53,0.00475,0.010106382978723405,0.9898936170212767,0
0.00475,0.48000000000000004,0.5200000000000001,0.00475,0.009895833333333336,0.9901041666666667,0
0.00475,0.49,0.51,0.00475,0.009693877551020408,0.9903061224489796,0
0.00475,0.5,0.5000000000000001,0.00475,0.009500000000000001,0.9905,0
0.00475,0.51,0.48999999999999994,0.00475,0.009313725490196078,0.990686274509804,0
0.00475,0.52,0.48,0.00475,0.009134615384615383,0.9908653846153846,0
0.00475,0.53,0.47000000000000003,0.00475,0.008962264150943396,0.9910377358490566,1
0.00475,0.54,0.46,0.00475,0.008796296296296295,0.9912037037037037,1
0.00475,0.55,0.45,0.00475,0.008636363636363635,0.9913636363636363,1
0.00475,0.56,0.43999999999999995,0.00475,0.008482142857142856,0.9915178571428571,1
0.00475,0.5700000000000001,0.43,0.00475,0.008333333333333331,0.9916666666666667,1
0.00475,0.5800000000000001,0.41999999999999993,0.00475,0.008189655172413792,0.9918103448275862,1
0.00475,0.59,0.41000000000000003,0.00475,0.008050847457627118,0.9919491525423729,1
0.00475,0.6,0.4,0.00475,0.007916666666666667,0.9920833333333333,1
0.00475,0.61,0.39,0.00475,0.00778688524590164,0.9922131147540983,1
0.00475,0.62,0.38,0.00475,0.007661290322580645,0.9923387096774193,1
0.00475,0.63,0.36999999999999994,0.00475,0.007539682539682538,0.9924603174603175,1
0.00475,0.64,0.36,0.00475,0.007421875,0.992578125,1
0.00475,0.65,0.35,0.00475,0.007307692307692308,0.9926923076923077,1
0.00475,0.66,0.3399999999999999,0.00475,0.007196969696969696,0.9928030303030303,1
0.00475,0.67,0.32999999999999996,0.00475,0.00708955223880597,0.9929104477611941,1
0.00475,0.68,0.32,0.00475,0.006985294117647059,0.993014705882353,1
0.00475,0.6900000000000001,0.3099999999999999,0.00475,0.006884057971014491,0.9931159420289855,1
0.00475,0.7000000000000001,0.29999999999999993,0.00475,0.006785714285714285,0.9932142857142857,1
0.00475,0.7100000000000001,0.29,0.00475,0.006690140845070422,0.9933098591549295,1
0.00475,0.72,0.28,0.00475,0.006597222222222222,0.9934027777777777,1
0.00475,0.73,0.2700000000000001,0.00475,0.006506849315068493,0.9934931506849315,1
0.00475,0.74,0.26,0.00475,0.006418918918918918,0.9935810810810811,1
0.00475,0.75,0.25,0.00475,0.006333333333333333,0.9936666666666667,1
0.00475,0.76,0.24,0.00475,0.0062499999999999995,0.99375,1
0.00475,0.77,0.22999999999999995,0.00475,0.006168831168831168,0.9938311688311688,1
0.00475,0.78,0.21999999999999997,0.00475,0.00608974358974359,0.9939102564102564,1
0.00475,0.79,0.20999999999999994,0.00475,0.006012658227848101,0.9939873417721519,1
0.00475,0.8,0.19999999999999993,0.00475,0.005937499999999999,0.9940625,1
0.00475,0.81,0.18999999999999992,0.00475,0.005864197530864197,0.9941358024691358,1
0.00475,0.8200000000000001,0.17999999999999994,0.00475,0.005792682926829267,0.9942073170731708,1
0.00475,0.8300000000000001,0.16999999999999993,0.00475,0.00572289156626506,0.994277108433735,1
0.00475,0.8400000000000001,0.15999999999999992,0.00475,0.005654761904761904,0.9943452380952381,1
0.00475,0.85,0.15000000000000002,0.00475,0.005588235294117647,0.9944117647058823,1
0.00475,0.86,0.14,0.00475,0.005523255813953488,0.9944767441860465,1
0.00475,0.87,0.13000000000000003,0.00475,0.005459770114942529,0.9945402298850575,1
0.00475,0.88,0.12,0.00475,0.005397727272727273,0.9946022727272728,1
0.00475,0.89,0.10999999999999999,0.00475,0.0053370786516853935,0.9946629213483146,1
0.00475,0.9,0.09999999999999996,0.00475,0.005277777777777778,0.9947222222222222,1
0.00475,0.91,0.08999999999999996,0.00475,0.0052197802197802195,0.9947802197802198,1
0.00475,0.92,0.07999999999999997,0.00475,0.005163043478260869,0.9948369565217391,1
0.00475,0.93,0.06999999999999995,0.00475,0.0051075268817204296,0.9948924731182796,1
0.00475,0.9400000000000001,0.05999999999999994,0.00475,0.005053191489361702,0.9949468085106383,1
0.00475,0.9500000000000001,0.04999999999999993,0.00475,0.004999999999999999,0.995,1
0.00475,0.9600000000000001,0.039999999999999925,0.00475,0.0049479166666666664,0.9950520833333333,1
0.00475,0.97,0.03000000000000003,0.00475,0.004896907216494845,0.9951030927835052,1
0.00475,0.98,0.020000000000000014,0.00475,0.004846938775510204,0.9951530612244898,1
0.00475,0.99,0.010000000000000009,0.00475,0.004797979797979798,0.9952020202020202,1
0.00475,1.0,0.0,0.00475,0.00475,0.99525,1
0.005,0.01,0.99,0.005,0.49999999999999956,0.5000000000000004,0
0.005,0.02,0.9800000000000001,0.005,0.25000000000000117,0.7499999999999989,0
0.005,0.03,0.97,0.005,0.16666666666666652,0.8333333333333335,0
0.005,0.04,0.96,0.005,0.12499999999999989,0.8750000000000001,0
0.005,0.05,0.9499999999999998,0.005,0.09999999999999969,0.9000000000000004,0
0.005,0.060000000000000005,0.94,0.005,0.08333333333333326,0.9166666666666667,0
0.005,0.06999999999999999,0.9300000000000002,0.005,0.07142857142857159,0.9285714285714284,0
0.005,0.08,0.92,0.005,0.06250000000000003,0.9375,0
0.005,0.09,0.91,0.005,0.05555555555555557,0.9444444444444444,0
0.005,0.09999999999999999,0.8999999999999999,0.005,0.049999999999999954,0.9500000000000001,0
0.005,0.11,0.89,0.005,0.04545454545454546,0.9545454545454546,0
0.005,0.12,0.8800000000000001,0.005,0.041666666666666706,0.9583333333333333,0
0.005,0.13,0.8699999999999999,0.005,0.03846153846153843,0.9615384615384616,0
0.005,0.14,0.86,0.005,0.03571428571428571,0.9642857142857143,0
0.005,0.15000000000000002,0.8500000000000001,0.005,0.033333333333333354,0.9666666666666667,0
0.005,0.16,0.84,0.005,0.031249999999999993,0.96875,0
0.005,0.17,0.8300000000000001,0.005,0.029411764705882366,0.9705882352941176,0
0.005,0.18000000000000002,0.82,0.005,0.02777777777777777,0.9722222222222222,0
0.005,0.19,0.81,0.005,0.02631578947368422,0.9736842105263158,0
0.005,0.2,0.7999999999999999,0.005,0.02499999999999999,0.975,0
0.005,0.21000000000000002,0.79,0.005,0.023809523809523815,0.9761904761904762,0
0.005,0.22,0.78,0.005,0.02272727272727273,0.9772727272727273,0
0.005,0.23,0.77,0.005,0.02173913043478261,0.9782608695652174,0
0.005,0.24000000000000002,0.7599999999999999,0.005,0.020833333333333325,0.9791666666666666,0
0.005,0.25,0.7499999999999999,0.005,0.01999999999999999,0.98,0
0.005,0.26,0.74,0.005,0.019230769230769232,0.9807692307692307,0
0.005,0.27,0.73,0.005,0.018518518518518517,0.9814814814814815,0
0.005,0.28,0.72,0.005,0.017857142857142856,0.9821428571428571,0
0.005,0.29000000000000004,0.7099999999999999,0.005,0.01724137931034482,0.9827586206896551,0
0.005,0.3,0.7000000000000001,0.005,0.01666666666666667,0.9833333333333333,0
0.005,0.31,0.69,0.005,0.016129032258064512,0.9838709677419355,0
0.005,0.32,0.6799999999999998,0.005,0.015624999999999991,0.984375,0
0.005,0.33,0.6699999999999999,0.005,0.015151515151515148,0.9848484848484849,0
0.005,0.34,0.66,0.005,0.014705882352941178,0.9852941176470589,0
0.005,0.35000000000000003,0.6499999999999999,0.005,0.014285714285714282,0.9857142857142858,0
0.005,0.36000000000000004,0.6399999999999999,0.005,0.013888888888888885,0.9861111111111112,0
0.005,0.37,0.63,0.005,0.013513513513513514,0.9864864864864865,0
0.005,0.38,0.6200000000000001,0.005,0.01315789473684211,0.9868421052631579,0
0.005,0.39,0.61,0.005,0.01282051282051282,0.9871794871794872,0
0.005,0.4,0.6000000000000001,0.005,0.012500000000000002,0.9875,0
0.005,0.41000000000000003,0.5900000000000001,0.005,0.012195121951219514,0.9878048780487805,0
0.005,0.42000000000000004,0.58,0.005,0.011904761904761904,0.9880952380952381,0
0.005,0.43,0.5700000000000001,0.005,0.011627906976744188,0.9883720930232558,0
0.005,0.44,0.56,0.005,0.011363636363636366,0.9886363636363636,0
0.005,0.45,0.55,0.005,0.011111111111111113,0.9888888888888889,0
0.005,0.46,0.54,0.005,0.010869565217391306,0.9891304347826086,0
0.005,0.47000000000000003,0.53,0.005,0.010638297872340427,0.9893617021276596,0
0.005,0.48000000000000004,0.5200000000000001,0.005,0.01041666666666667,0.9895833333333334,0
0.005,0.49,0.51,0.005,0.010204081632653062,0.9897959183673469,0
0.005,0.5,0.5000000000000001,0.005,0.010000000000000002,0.99,0
0.005,0.51,0.48999999999999994,0.005,0.00980392156862745,0.9901960784313726,0
0.005,0.52,0.48,0.005,0.009615384615384616,0.9903846153846154,0
0.005,0.53,0.47000000000000003,0.005,0.009433962264150943,0.9905660377358491,0
0.005,0.54,0.46,0.005,0.009259259259259259,0.9907407407407407,0
0.005,0.55,0.45,0.005,0.00909090909090909,0.990909090909091,0
0.005,0.56,0.43999999999999995,0.005,0.008928571428571428,0.9910714285714286,1
0.005,0.5700000000000001,0.43,0.005,0.008771929824561403,0.9912280701754386,1
0.005,0.5800000000000001,0.41999999999999993,0.005,0.008620689655172414,0.9913793103448276,1
0.005,0.59,0.41000000000000003,0.005,0.00847457627118644,0.9915254237288136,1
0.005,0.6,0.4,0.005,0.008333333333333333,0.9916666666666667,1
0.005,0.61,0.39,0.005,0.00819672131147541,0.9918032786885246,1
0.005,0.62,0.38,0.005,0.008064516129032258,0.9919354838709677,1
0.005,0.63,0.36999999999999994,0.005,0.007936507936507936,0.9920634920634921,1
0.005,0.64,0.36,0.005,0.0078125,0.9921875,1
0.005,0.65,0.35,0.005,0.007692307692307692,0.9923076923076923,1
0.005,0.66,0.3399999999999999,0.005,0.007575757575757574,0.9924242424242424,1
0.005,0.67,0.32999999999999996,0.005,0.007462686567164179,0.9925373134328358,1
0.005,0.68,0.32,0.005,0.007352941176470589,0.9926470588235294,1
0.005,0.6900000000000001,0.3099999999999999,0.005,0.007246376811594201,0.9927536231884058,1
0.005,0.7000000000000001,0.29999999999999993,0.005,0.007142857142857143,0.9928571428571429,1
0.005,0.7100000000000001,0.29,0.005,0.007042253521126761,0.9929577464788732,1
0.005,0.72,0.28,0.005,0.006944444444444445,0.9930555555555556,1
0.005,0.73,0.2700000000000001,0.005,0.006849315068493151,0.9931506849315068,1
0.005,0.74,0.26,0.005,0.006756756756756757,0.9932432432432432,1
0.005,0.75,0.25,0.005,0.006666666666666667,0.9933333333333333,1
0.005,0.76,0.24,0.005,0.006578947368421052,0.993421052631579,1
0.005,0.77,0.22999999999999995,0.005,0.006493506493506493,0.9935064935064936,1
0.005,0.78,0.21999999999999997,0.005,0.00641025641025641,0.9935897435897436,1
0.005,0.79,0.20999999999999994,0.005,0.006329113924050633,0.9936708860759493,1
0.005,0.8,0.19999999999999993,0.005,0.0062499999999999995,0.99375,1
0.005,0.81,0.18999999999999992,0.005,0.006172839506172839,0.9938271604938271,1
0.005,0.8200000000000001,0.17999999999999994,0.005,0.0060975609756097554,0.9939024390243902,1
0.005,0.8300000000000001,0.16999999999999993,0.005,0.006024096385542168,0.9939759036144579,1
0.005,0.8400000000000001,0.15999999999999992,0.005,0.005952380952380952,0.9940476190476191,1
0.005,0.85,0.15000000000000002,0.005,0.0058823529411764705,0.9941176470588236,1
0.005,0.86,0.14,0.005,0.005813953488372093,0.9941860465116279,1
0.005,0.87,0.13000000000000003,0.005,0.005747126436781609,0.9942528735632183,1
0.005,0.88,0.12,0.005,0.005681818181818182,0.9943181818181818,1
0.005,0.89,0.10999999999999999,0.005,0.0056179775280898875,0.9943820224719101,1
0.005,0.9,0.09999999999999996,0.005,0.005555555555555556,0.9944444444444445,1
0.005,0.91,0.08999999999999996,0.005,0.005494505494505494,0.9945054945054945,1
0.005,0.92,0.07999999999999997,0.005,0.005434782608695652,0.9945652173913043,1
0.005,0.93,0.06999999999999995,0.005,0.005376344086021505,0.9946236559139785,1
0.005,0.9400000000000001,0.05999999999999994,0.005,0.005319148936170213,0.9946808510638298,1
0.005,0.9500000000000001,0.04999999999999993,0.005,0.005263157894736842,0.9947368421052631,1
0.005,0.9600000000000001,0.039999999999999925,0.005,0.005208333333333333,0.9947916666666666,1
0.005,0.97,0.03000000000000003,0.005,0.005154639175257732,0.9948453608247423,1
0.005,0.98,0.020000000000000014,0.005,0.005102040816326531,0.9948979591836735,1
0.005,0.99,0.010000000000000009,0.005,0.005050505050505051,0.9949494949494949,1
0.005,1.0,0.0,0.005,0.005,0.995,1
0.00525,0.01,0.99,0.0052499999999999995,0.5249999999999995,0.47500000000000053,0
0.00525,0.02,0.9800000000000001,0.0052499999999999995,0.2625000000000012,0.7374999999999988,0
0.00525,0.03,0.97,0.0052499999999999995,0.17499999999999982,0.8250000000000002,0
0.00525,0.04,0.96,0.0052499999999999995,0.13124999999999987,0.8687500000000001,0
0.00525,0.05,0.9499999999999998,0.0052499999999999995,0.10499999999999966,0.8950000000000004,0
0.00525,0.060000000000000005,0.94,0.0052499999999999995,0.08749999999999991,0.9125000000000001,0
0.00525,0.06999999999999999,0.9300000000000002,0.0052499999999999995,0.07500000000000016,0.9249999999999998,0
0.00525,0.08,0.92,0.0052499999999999995,0.06562500000000003,0.934375,0
0.00525,0.09,0.91,0.0052499999999999995,0.05833333333333335,0.9416666666666667,0
0.00525,0.09999999999999999,0.8999999999999999,0.0052499999999999995,0.05249999999999995,0.9475,0
0.00525,0.11,0.89,0.0052499999999999995,0.04772727272727273,0.9522727272727273,0
0.00525,0.12,0.8800000000000001,0.0052499999999999995,0.04375000000000004,0.9562499999999999,0
0.00525,0.13,0.8699999999999999,0.0052499999999999995,0.040384615384615345,0.9596153846153846,0
0.00525,0.14,0.86,0.0052499999999999995,0.03749999999999999,0.9625,0
0.00525,0.15000000000000002,0.8500000000000001,0.0052499999999999995,0.03500000000000002,0.965,0
0.00525,0.16,0.84,0.0052499999999999995,0.03281249999999999,0.9671875,0
0.00525,0.17,0.8300000000000001,0.0052499999999999995,0.03088235294117648,0.9691176470588235,0
0.00525,0.18000000000000002,0.82,0.0052499999999999995,0.029166666666666657,0.9708333333333333,0
0.00525,0.19,0.81,0.0052499999999999995,0.027631578947368427,0.9723684210526315,0
0.00525,0.2,0.7999999999999999,0.0052499999999999995,0.02624999999999999,0.97375,0
0.00525,0.21000000000000002,0.79,0.0052499999999999995,0.025,0.975,0
0.00525,0.22,0.78,0.0052499999999999995,0.023863636363636365,0.9761363636363636,0
0.00525,0.23,0.77,0.0052499999999999995,0.02282608695652174,0.9771739130434782,0
0.00525,0.24000000000000002,0.7599999999999999,0.0052499999999999995,0.021874999999999988,0.978125,0
0.00525,0.25,0.7499999999999999,0.0052499999999999995,0.020999999999999987,0.979,0
0.00525,0.26,0.74,0.0052499999999999995,0.02019230769230769,0.9798076923076923,0
0.00525,0.27,0.73,0.0052499999999999995,0.01944444444444444,0.9805555555555555,0
0.00525,0.28,0.72,0.0052499999999999995,0.018749999999999996,0.98125,0
0.00525,0.29000000000000004,0.7099999999999999,0.0052499999999999995,0.018103448275862057,0.9818965517241379,0
0.00525,0.3,0.7000000000000001,0.0052499999999999995,0.0175,0.9825,0
0.00525,0.31,0.69,0.0052499999999999995,0.016935483870967737,0.9830645161290322,0
0.00525,0.32,0.6799999999999998,0.0052499999999999995,0.01640624999999999,0.98359375,0
0.00525,0.33,0.6699999999999999,0.0052499999999999995,0.015909090909090904,0.9840909090909091,0
0.00525,0.34,0.66,0.0052499999999999995,0.015441176470588236,0.9845588235294118,0
0.00525,0.35000000000000003,0.6499999999999999,0.0052499999999999995,0.014999999999999994,0.985,0
0.00525,0.36000000000000004,0.6399999999999999,0.0052499999999999995,0.014583333333333328,0.9854166666666667,0
0.00525,0.37,0.63,0.0052499999999999995,0.014189189189189188,0.9858108108108108,0
0.00525,0.38,0.6200000000000001,0.0052499999999999995,0.013815789473684214,0.9861842105263158,0
0.00525,0.39,0.61,0.0052499999999999995,0.01346153846153846,0.9865384615384616,0
0.00525,0.4,0.6000000000000001,0.0052499999999999995,0.013125000000000001,0.986875,0
0.00525,0.41000000000000003,0.5900000000000001,0.0052499999999999995,0.012804878048780489,0.9871951219512195,0
0.00525,0.42000000000000004,0.58,0.0052499999999999995,0.012499999999999997,0.9875,0
0.00525,0.43,0.5700000000000001,0.0052499999999999995,0.012209302325581395,0.9877906976744186,0
0.00525,0.44,0.56,0.0052499999999999995,0.011931818181818182,0.9880681818181818,0
0.00525,0.45,0.55,0.0052499999999999995,0.011666666666666667,0.9883333333333333,0
0.00525,0.46,0.54,0.0052499999999999995,0.01141304347826087,0.9885869565217391,0
0.00525,0.47000000000000003,0.53,0.0052499999999999995,0.011170212765957446,0.9888297872340426,0
0.00525,0.48000000000000004,0.5200000000000001,0.0052499999999999995,0.010937500000000001,0.9890625,0
0.00525,0.49,0.51,0.0052499999999999995,0.010714285714285713,0.9892857142857143,0
0.00525,0.5,0.5000000000000001,0.0052499999999999995,0.0105,0.9895,0
0.00525,0.51,0.48999999999999994,0.0052499999999999995,0.010294117647058822,0.9897058823529412,0
0.00525,0.52,0.48,0.0052499999999999995,0.010096153846153845,0.9899038461538462,0
0.00525,0.53,0.47000000000000003,0.0052499999999999995,0.009905660377358488,0.9900943396226415,0
0.00525,0.54,0.46,0.0052499999999999995,0.00972222222222222,0.9902777777777778,0
0.00525,0.55,0.45,0.0052499999999999995,0.009545454545454544,0.9904545454545455,0
0.00525,0.56,0.43999999999999995,0.0052499999999999995,0.009374999999999998,0.990625,0
0.00525,0.5700000000000001,0.43,0.0052499999999999995,0.009210526315789471,0.9907894736842106,0
0.00525,0.5800000000000001,0.41999999999999993,0.0052499999999999995,0.009051724137931032,0.990948275862069,0
0.00525,0.59,0.41000000000000003,0.0052499999999999995,0.008898305084745763,0.9911016949152542,1
0.00525,0.6,0.4,0.0052499999999999995,0.008749999999999999,0.99125,1
0.00525,0.61,0.39,0.0052499999999999995,0.008606557377049179,0.9913934426229508,1
0.00525,0.62,0.38,0.0052499999999999995,0.00846774193548387,0.9915322580645162,1
0.00525,0.63,0.36999999999999994,0.0052499999999999995,0.008333333333333331,0.9916666666666667,1
0.00525,0.64,0.36,0.0052499999999999995,0.008203124999999999,0.991796875,1
0.00525,0.65,0.35,0.0052499999999999995,0.008076923076923075,0.9919230769230769,1
0.00525,0.66,0.3399999999999999,0.0052499999999999995,0.007954545454545452,0.9920454545454546,1
0.00525,0.67,0.32999999999999996,0.0052499999999999995,0.007835820895522387,0.9921641791044776,1
0.00525,0.68,0.32,0.0052499999999999995,0.007720588235294118,0.9922794117647059,1
0.00525,0.6900000000000001,0.3099999999999999,0.0052499999999999995,0.007608695652173911,0.9923913043478261,1
0.00525,0.7000000000000001,0.29999999999999993,0.0052499999999999995,0.007499999999999999,0.9925,1
0.00525,0.7100000000000001,0.29,0.0052499999999999995,0.007394366197183098,0.9926056338028169,1
0.00525,0.72,0.28,0.0052499999999999995,0.007291666666666666,0.9927083333333333,1
0.00525,0.73,0.2700000000000001,0.0052499999999999995,0.007191780821917807,0.9928082191780822,1
0.00525,0.74,0.26,0.0052499999999999995,0.007094594594594594,0.9929054054054054,1
0.00525,0.75,0.25,0.0052499999999999995,0.006999999999999999,0.993,1
0.00525,0.76,0.24,0.0052499999999999995,0.006907894736842104,0.9930921052631579,1
0.00525,0.77,0.22999999999999995,0.0052499999999999995,0.006818181818181817,0.9931818181818182,1
0.00525,0.78,0.21999999999999997,0.0052499999999999995,0.00673076923076923,0.9932692307692308,1
0.00525,0.79,0.20999999999999994,0.0052499999999999995,0.0066455696202531635,0.9933544303797468,1
0.00525,0.8,0.19999999999999993,0.0052499999999999995,0.006562499999999999,0.9934375,1
0.00525,0.81,0.18999999999999992,0.0052499999999999995,0.00648148148148148,0.9935185185185185,1
0.00525,0.8200000000000001,0.17999999999999994,0.0052499999999999995,0.006402439024390243,0.9935975609756098,1
0.00525,0.8300000000000001,0.16999999999999993,0.0052499999999999995,0.006325301204819276,0.9936746987951808,1
0.00525,0.8400000000000001,0.15999999999999992,0.0052499999999999995,0.006249999999999999,0.99375,1
0.00525,0.85,0.15000000000000002,0.0052499999999999995,0.006176470588235294,0.9938235294117647,1
0.00525,0.86,0.14,0.0052499999999999995,0.006104651162790697,0.9938953488372093,1
0.00525,0.87,0.13000000000000003,0.0052499999999999995,0.006034482758620689,0.9939655172413793,1
0.00525,0.88,0.12,0.0052499999999999995,0.00596590909090909,0.9940340909090909,1
0.00525,0.89,0.10999999999999999,0.0052499999999999995,0.0058988764044943815,0.9941011235955056,1
0.00525,0.9,0.09999999999999996,0.0052499999999999995,0.005833333333333333,0.9941666666666666,1
0.00525,0.91,0.08999999999999996,0.0052499999999999995,0.005769230769230769,0.9942307692307693,1
0.00525,0.92,0.07999999999999997,0.0052499999999999995,0.005706521739130434,0.9942934782608696,1
0.00525,0.93,0.06999999999999995,0.0052499999999999995,0.0056451612903225794,0.9943548387096774,1
0.00525,0.9400000000000001,0.05999999999999994,0.0052499999999999995,0.005585106382978723,0.9944148936170213,1
0.00525,0.9500000000000001,0.04999999999999993,0.0052499999999999995,0.005526315789473683,0.9944736842105263,1
0.00525,0.9600000000000001,0.039999999999999925,0.0052499999999999995,0.005468749999999999,0.99453125,1
0.00525,0.97,0.03000000000000003,0.0052499999999999995,0.005412371134020618,0.9945876288659794,1
0.00525,0.98,0.020000000000000014,0.0052499999999999995,0.005357142857142856,0.9946428571428572,1
0.00525,0.99,0.010000000000000009,0.0052499999999999995,0.0053030303030303025,0.9946969696969697,1
0.00525,1.0,0.0,0.0052499999999999995,0.0052499999999999995,0.99475,1
0.0055,0.01,0.99,0.0055,0.5499999999999995,0.4500000000000005,0
0.0055,0.02,0.9800000000000001,0.0055,0.27500000000000124,0.7249999999999988,0
0.0055,0.03,0.97,0.0055,0.18333333333333315,0.8166666666666669,0
0.0055,0.04,0.96,0.0055,0.13749999999999987,0.8625000000000002,0
0.0055,0.05,0.9499999999999998,0.0055,0.10999999999999965,0.8900000000000003,0
0.0055,0.060000000000000005,0.94,0.0055,0.09166666666666658,0.9083333333333334,0
0.0055,0.06999999999999999,0.9300000000000002,0.0055,0.07857142857142875,0.9214285714285713,0
0.0055,0.08,0.92,0.0055,0.06875000000000003,0.9312499999999999,0
0.0055,0.09,0.91,0.0055,0.06111111111111113,0.9388888888888889,0
0.0055,0.09999999999999999,0.8999999999999999,0.0055,0.054999999999999945,0.9450000000000001,0
0.0055,0.11,0.89,0.0055,0.05,0.95,0
0.0055,0.12,0.8800000000000001,0.0055,0.04583333333333337,0.9541666666666666,0
0.0055,0.13,0.8699999999999999,0.0055,0.04230769230769227,0.9576923076923077,0
0.0055,0.14,0.86,0.0055,0.03928571428571428,0.9607142857142857,0
0.0055,0.15000000000000002,0.8500000000000001,0.0055,0.03666666666666669,0.9633333333333333,0
0.0055,0.16,0.84,0.0055,0.03437499999999999,0.965625,0
0.0055,0.17,0.8300000000000001,0.0055,0.0323529411764706,0.9676470588235294,0
0.0055,0.18000000000000002,0.82,0.0055,0.030555555555555544,0.9694444444444444,0
0.0055,0.19,0.81,0.0055,0.02894736842105264,0.9710526315789474,0
0.0055,0.2,0.7999999999999999,0.0055,0.02749999999999999,0.9725,0
0.0055,0.21000000000000002,0.79,0.0055,0.026190476190476195,0.9738095238095238,0
0.0055,0.22,0.78,0.0055,0.025,0.975,0
0.0055,0.23,0.77,0.0055,0.02391304347826087,0.9760869565217392,0
0.0055,0.24000000000000002,0.7599999999999999,0.0055,0.022916666666666655,0.9770833333333333,0
0.0055,0.25,0.7499999999999999,0.0055,0.02199999999999999,0.978,0
0.0055,0.26,0.74,0.0055,0.02115384615384615,0.9788461538461538,0
0.0055,0.27,0.73,0.0055,0.02037037037037037,0.9796296296296296,0
0.0055,0.28,0.72,0.0055,0.01964285714285714,0.9803571428571428,0
0.0055,0.29000000000000004,0.7099999999999999,0.0055,0.0189655172413793,0.9810344827586207,0
0.0055,0.3,0.7000000000000001,0.0055,0.018333333333333337,0.9816666666666667,0
0.0055,0.31,0.69,0.0055,0.017741935483870964,0.9822580645161291,0
0.0055,0.32,0.6799999999999998,0.0055,0.01718749999999999,0.9828125,0
0.0055,0.33,0.6699999999999999,0.0055,0.016666666666666663,0.9833333333333334,0
0.0055,0.34,0.66,0.0055,0.016176470588235296,0.9838235294117647,0
0.0055,0.35000000000000003,0.6499999999999999,0.0055,0.01571428571428571,0.9842857142857143,0
0.0055,0.36000000000000004,0.6399999999999999,0.0055,0.015277777777777772,0.9847222222222223,0
0.0055,0.37,0.63,0.0055,0.014864864864864864,0.9851351351351352,0
0.0055,0.38,0.6200000000000001,0.0055,0.01447368421052632,0.9855263157894737,0
0.0055,0.39,0.61,0.0055,0.014102564102564101,0.985897435897436,0
0.0055,0.4,0.6000000000000001,0.0055,0.013750000000000002,0.98625,0
0.0055,0.41000000000000003,0.5900000000000001,0.0055,0.013414634146341465,0.9865853658536585,0
0.0055,0.42000000000000004,0.58,0.0055,0.013095238095238094,0.986904761904762,0
0.0055,0.43,0.5700000000000001,0.0055,0.012790697674418606,0.9872093023255814,0
0.0055,0.44,0.56,0.0055,0.0125,0.9875,0
0.0055,0.45,0.55,0.0055,0.012222222222222223,0.9877777777777778,0
0.0055,0.46,0.54,0.0055,0.011956521739130435,0.9880434782608696,0
0.0055,0.47000000000000003,0.53,0.0055,0.011702127659574468,0.9882978723404255,0
0.0055,0.48000000000000004,0.5200000000000001,0.0055,0.011458333333333336,0.9885416666666667,0
0.0055,0.49,0.51,0.0055,0.011224489795918367,0.9887755102040816,0
0.0055,0.5,0.5000000000000001,0.0055,0.011000000000000001,0.989,0
0.0055,0.51,0.48999999999999994,0.0055,0.010784313725490196,0.9892156862745098,0
0.0055,0.52,0.48,0.0055,0.010576923076923076,0.989423076923077,0
0.0055,0.53,0.47000000000000003,0.0055,0.010377358490566037,0.9896226415094339,0
0.0055,0.54,0.46,0.0055,0.010185185185185184,0.9898148148148148,0
0.0055,0.55,0.45,0.0055,0.009999999999999998,0.99,0
0.0055,0.56,0.43999999999999995,0.0055,0.00982142857142857,0.9901785714285715,0
0.0055,0.5700000000000001,0.43,0.0055,0.009649122807017543,0.9903508771929824,0
0.0055,0.5800000000000001,0.41999999999999993,0.0055,0.009482758620689653,0.9905172413793103,0
0.0055,0.59,0.41000000000000003,0.0055,0.009322033898305085,0.9906779661016949,0
0.0055,0.6,0.4,0.0055,0.009166666666666667,0.9908333333333333,0
0.0055,0.61,0.39,0.0055,0.00901639344262295,0.990983606557377,0
0.0055,0.62,0.38,0.0055,0.008870967741935484,0.9911290322580645,1
0.0055,0.63,0.36999999999999994,0.0055,0.008730158730158729,0.9912698412698413,1
0.0055,0.64,0.36,0.0055,0.008593749999999999,0.99140625,1
0.0055,0.65,0.35,0.0055,0.008461538461538461,0.9915384615384616,1
0.0055,0.66,0.3399999999999999,0.0055,0.008333333333333331,0.9916666666666667,1
0.0055,0.67,0.32999999999999996,0.0055,0.008208955223880597,0.9917910447761195,1
0.0055,0.68,0.32,0.0055,0.008088235294117648,0.9919117647058824,1
0.0055,0.6900000000000001,0.3099999999999999,0.0055,0.007971014492753621,0.9920289855072464,1
0.0055,0.7000000000000001,0.29999999999999993,0.0055,0.007857142857142856,0.9921428571428571,1
0.0055,0.7100000000000001,0.29,0.0055,0.007746478873239437,0.9922535211267606,1
0.0055,0.72,0.28,0.0055,0.007638888888888889,0.9923611111111111,1
0.0055,0.73,0.2700000000000001,0.0055,0.007534246575342465,0.9924657534246575,1
0.0055,0.74,0.26,0.0055,0.007432432432432432,0.9925675675675676,1
0.0055,0.75,0.25,0.0055,0.007333333333333333,0.9926666666666667,1
0.0055,0.76,0.24,0.0055,0.007236842105263157,0.9927631578947368,1
0.0055,0.77,0.22999999999999995,0.0055,0.007142857142857143,0.9928571428571429,1
0.0055,0.78,0.21999999999999997,0.0055,0.0070512820512820505,0.992948717948718,1
0.0055,0.79,0.20999999999999994,0.0055,0.006962025316455695,0.9930379746835443,1
0.0055,0.8,0.19999999999999993,0.0055,0.006874999999999999,0.993125,1
0.0055,0.81,0.18999999999999992,0.0055,0.0067901234567901226,0.9932098765432099,1
0.0055,0.8200000000000001,0.17999999999999994,0.0055,0.006707317073170731,0.9932926829268293,1
0.0055,0.8300000000000001,0.16999999999999993,0.0055,0.0066265060240963845,0.9933734939759036,1
0.0055,0.8400000000000001,0.15999999999999992,0.0055,0.006547619047619047,0.993452380952381,1
0.0055,0.85,0.15000000000000002,0.0055,0.006470588235294118,0.9935294117647059,1
0.0055,0.86,0.14,0.0055,0.006395348837209302,0.9936046511627907,1
0.0055,0.87,0.13000000000000003,0.0055,0.00632183908045977,0.9936781609195402,1
0.0055,0.88,0.12,0.0055,0.0062499999999999995,0.99375,1
0.0055,0.89,0.10999999999999999,0.0055,0.0061797752808988755,0.9938202247191011,1
0.0055,0.9,0.09999999999999996,0.0055,0.0061111111111111106,0.9938888888888889,1
0.0055,0.91,0.08999999999999996,0.0055,0.006043956043956043,0.993956043956044,1
0.0055,0.92,0.07999999999999997,0.0055,0.005978260869565217,0.9940217391304348,1
0.0055,0.93,0.06999999999999995,0.0055,0.005913978494623656,0.9940860215053764,1
0.0055,0.9400000000000001,0.05999999999999994,0.0055,0.005851063829787233,0.9941489361702127,1
0.0055,0.9500000000000001,0.04999999999999993,0.0055,0.005789473684210526,0.9942105263157894,1
0.0055,0.9600000000000001,0.039999999999999925,0.0055,0.005729166666666666,0.9942708333333333,1
0.0055,0.97,0.03000000000000003,0.0055,0.005670103092783505,0.9943298969072165,1
0.0055,0.98,0.020000000000000014,0.0055,0.005612244897959183,0.9943877551020408,1
0.0055,0.99,0.010000000000000009,0.0055,0.005555555555555555,0.9944444444444445,1
0.0055,1.0,0.0,0.0055,0.0055,0.9945,1
0.00575,0.01,0.99,0.005750000000000001,0.5749999999999995,0.4250000000000005,0
0.00575,0.02,0.9800000000000001,0.005750000000000001,0.28750000000000137,0.7124999999999986,0
0.00575,0.03,0.97,0.005750000000000001,0.1916666666666665,0.8083333333333335,0
0.00575,0.04,0.96,0.005750000000000001,0.14374999999999988,0.8562500000000002,0
0.00575,0.05,0.9499999999999998,0.005750000000000001,0.11499999999999966,0.8850000000000003,0
0.00575,0.060000000000000005,0.94,0.005750000000000001,0.09583333333333326,0.9041666666666668,0
0.00575,0.06999999999999999,0.9300000000000002,0.005750000000000001,0.08214285714285734,0.9178571428571427,0
0.00575,0.08,0.92,0.005750000000000001,0.07187500000000005,0.928125,0
0.00575,0.09,0.91,0.005750000000000001,0.06388888888888893,0.9361111111111111,0
0.00575,0.09999999999999999,0.8999999999999999,0.005750000000000001,0.057499999999999954,0.9425,0
0.00575,0.11,0.89,0.005750000000000001,0.05227272727272728,0.9477272727272728,0
0.00575,0.12,0.8800000000000001,0.005750000000000001,0.04791666666666672,0.9520833333333333,0
0.00575,0.13,0.8699999999999999,0.005750000000000001,0.0442307692307692,0.9557692307692308,0
0.00575,0.14,0.86,0.005750000000000001,0.04107142857142857,0.9589285714285715,0
0.00575,0.15000000000000002,0.8500000000000001,0.005750000000000001,0.03833333333333336,0.9616666666666667,0
0.00575,0.16,0.84,0.005750000000000001,0.0359375,0.9640625,0
0.00575,0.17,0.8300000000000001,0.005750000000000001,0.033823529411764724,0.9661764705882353,0
0.00575,0.18000000000000002,0.82,0.005750000000000001,0.03194444444444444,0.9680555555555556,0
0.00575,0.19,0.81,0.005750000000000001,0.030263157894736853,0.9697368421052631,0
0.00575,0.2,0.7999999999999999,0.005750000000000001,0.028749999999999994,0.9712500000000001,0
0.00575,0.21000000000000002,0.79,0.005750000000000001,0.027380952380952388,0.9726190476190476,0
0.00575,0.22,0.78,0.005750000000000001,0.02613636363636364,0.9738636363636364,0
0.00575,0.23,0.77,0.005750000000000001,0.025000000000000005,0.975,0
0.00575,0.24000000000000002,0.7599999999999999,0.005750000000000001,0.023958333333333328,0.9760416666666667,0
0.00575,0.25,0.7499999999999999,0.005750000000000001,0.022999999999999993,0.977,0
0.00575,0.26,0.74,0.005750000000000001,0.022115384615384617,0.9778846153846154,0
0.00575,0.27,0.73,0.005750000000000001,0.0212962962962963,0.9787037037037037,0
0.00575,0.28,0.72,0.005750000000000001,0.020535714285714286,0.9794642857142857,0
0.00575,0.29000000000000004,0.7099999999999999,0.005750000000000001,0.019827586206896543,0.9801724137931035,0
0.00575,0.3,0.7000000000000001,0.005750000000000001,0.019166666666666672,0.9808333333333333,0
0.00575,0.31,0.69,0.005750000000000001,0.018548387096774192,0.9814516129032258,0
0.00575,0.32,0.6799999999999998,0.005750000000000001,0.01796874999999999,0.98203125,0
0.00575,0.33,0.6699999999999999,0.005750000000000001,0.017424242424242422,0.9825757575757575,0
0.00575,0.34,0.66,0.005750000000000001,0.016911764705882355,0.9830882352941176,0
0.00575,0.35000000000000003,0.6499999999999999,0.005750000000000001,0.016428571428571428,0.9835714285714285,0
0.00575,0.36000000000000004,0.6399999999999999,0.005750000000000001,0.01597222222222222,0.9840277777777777,0
0.00575,0.37,0.63,0.005750000000000001,0.015540540540540543,0.9844594594594595,0
0.00575,0.38,0.6200000000000001,0.005750000000000001,0.015131578947368426,0.9848684210526316,0
0.00575,0.39,0.61,0.005750000000000001,0.014743589743589745,0.9852564102564103,0
0.00575,0.4,0.6000000000000001,0.005750000000000001,0.014375000000000006,0.985625,0
0.00575,0.41000000000000003,0.5900000000000001,0.005750000000000001,0.014024390243902443,0.9859756097560975,0
0.00575,0.42000000000000004,0.58,0.005750000000000001,0.01369047619047619,0.9863095238095239,0
0.00575,0.43,0.5700000000000001,0.005750000000000001,0.013372093023255817,0.9866279069767442,0
0.00575,0.44,0.56,0.005750000000000001,0.01306818181818182,0.9869318181818182,0
0.00575,0.45,0.55,0.005750000000000001,0.01277777777777778,0.9872222222222222,0
0.00575,0.46,0.54,0.005750000000000001,0.012500000000000002,0.9875,0
0.00575,0.47000000000000003,0.53,0.005750000000000001,0.012234042553191491,0.9877659574468085,0
0.00575,0.48000000000000004,0.5200000000000001,0.005750000000000001,0.011979166666666671,0.9880208333333333,0
0.00575,0.49,0.51,0.005750000000000001,0.011734693877551022,0.988265306122449,0
0.00575,0.5,0.5000000000000001,0.005750000000000001,0.011500000000000003,0.9885,0
0.00575,0.51,0.48999999999999994,0.005750000000000001,0.01127450980392157,0.9887254901960785,0
0.00575,0.52,0.48,0.005750000000000001,0.011057692307692308,0.9889423076923077,0
0.00575,0.53,0.47000000000000003,0.005750000000000001,0.010849056603773586,0.9891509433962264,0
0.00575,0.54,0.46,0.005750000000000001,0.01064814814814815,0.9893518518518518,0
0.00575,0.55,0.45,0.005750000000000001,0.010454545454545456,0.9895454545454545,0
0.00575,0.56,0.43999999999999995,0.005750000000000001,0.010267857142857143,0.9897321428571428,0
0.00575,0.5700000000000001,0.43,0.005750000000000001,0.010087719298245614,0.9899122807017544,0
0.00575,0.5800000000000001,0.41999999999999993,0.005750000000000001,0.009913793103448277,0.9900862068965517,0
0.00575,0.59,0.41000000000000003,0.005750000000000001,0.00974576271186441,0.9902542372881356,0
0.00575,0.6,0.4,0.005750000000000001,0.009583333333333334,0.9904166666666666,0
0.00575,0.61,0.39,0.005750000000000001,0.009426229508196722,0.9905737704918033,0
0.00575,0.62,0.38,0.005750000000000001,0.009274193548387098,0.9907258064516129,0
0.00575,0.63,0.36999999999999994,0.005750000000000001,0.009126984126984126,0.9908730158730159,0
0.00575,0.64,0.36,0.005750000000000001,0.008984375000000001,0.991015625,1
0.00575,0.65,0.35,0.005750000000000001,0.008846153846153847,0.9911538461538462,1
0.00575,0.66,0.3399999999999999,0.005750000000000001,0.008712121212121211,0.9912878787878788,1
0.00575,0.67,0.32999999999999996,0.005750000000000001,0.008582089552238806,0.9914179104477612,1
0.00575,0.68,0.32,0.005750000000000001,0.008455882352941178,0.9915441176470589,1
0.00575,0.6900000000000001,0.3099999999999999,0.005750000000000001,0.008333333333333333,0.9916666666666667,1
0.00575,0.7000000000000001,0.29999999999999993,0.005750000000000001,0.008214285714285714,0.9917857142857143,1
0.00575,0.7100000000000001,0.29,0.005750000000000001,0.008098591549295776,0.9919014084507042,1
0.00575,0.72,0.28,0.005750000000000001,0.007986111111111112,0.9920138888888889,1
0.00575,0.73,0.2700000000000001,0.005750000000000001,0.007876712328767124,0.9921232876712329,1
0.00575,0.74,0.26,0.005750000000000001,0.007770270270270272,0.9922297297297298,1
0.00575,0.75,0.25,0.005750000000000001,0.007666666666666668,0.9923333333333333,1
0.00575,0.76,0.24,0.005750000000000001,0.0075657894736842115,0.9924342105263158,1
0.00575,0.77,0.22999999999999995,0.005750000000000001,0.007467532467532468,0.9925324675324675,1
0.00575,0.78,0.21999999999999997,0.005750000000000001,0.0073717948717948725,0.9926282051282052,1
0.00575,0.79,0.20999999999999994,0.005750000000000001,0.0072784810126582285,0.9927215189873417,1
0.00575,0.8,0.19999999999999993,0.005750000000000001,0.0071875,0.9928125,1
0.00575,0.81,0.18999999999999992,0.005750000000000001,0.0070987654320987656,0.9929012345679012,1
0.00575,0.8200000000000001,0.17999999999999994,0.005750000000000001,0.00701219512195122,0.9929878048780488,1
0.00575,0.8300000000000001,0.16999999999999993,0.005750000000000001,0.006927710843373494,0.9930722891566265,1
0.00575,0.8400000000000001,0.15999999999999992,0.005750000000000001,0.006845238095238095,0.9931547619047619,1
0.00575,0.85,0.15000000000000002,0.005750000000000001,0.006764705882352943,0.9932352941176471,1
0.00575,0.86,0.14,0.005750000000000001,0.006686046511627908,0.9933139534883721,1
0.00575,0.87,0.13000000000000003,0.005750000000000001,0.006609195402298851,0.9933908045977011,1
0.00575,0.88,0.12,0.005750000000000001,0.0065340909090909095,0.993465909090909,1
0.00575,0.89,0.10999999999999999,0.005750000000000001,0.006460674157303371,0.9935393258426967,1
0.00575,0.9,0.09999999999999996,0.005750000000000001,0.006388888888888889,0.9936111111111111,1
0.00575,0.91,0.08999999999999996,0.005750000000000001,0.00631868131868132,0.9936813186813187,1
0.00575,0.92,0.07999999999999997,0.005750000000000001,0.00625,0.99375,1
0.00575,0.93,0.06999999999999995,0.005750000000000001,0.006182795698924732,0.9938172043010752,1
0.00575,0.9400000000000001,0.05999999999999994,0.005750000000000001,0.006117021276595745,0.9938829787234043,1
0.00575,0.9500000000000001,0.04999999999999993,0.005750000000000001,0.0060526315789473685,0.9939473684210526,1
0.00575,0.9600000000000001,0.039999999999999925,0.005750000000000001,0.005989583333333334,0.9940104166666667,1
0.00575,0.97,0.03000000000000003,0.005750000000000001,0.005927835051546392,0.9940721649484536,1
0.00575,0.98,0.020000000000000014,0.005750000000000001,0.005867346938775511,0.9941326530612244,1
0.00575,0.99,0.010000000000000009,0.005750000000000001,0.005808080808080809,0.9941919191919192,1
0.00575,1.0,0.0,0.005750000000000001,0.005750000000000001,0.99425,1
0.006,0.01,0.99,0.006,0.5999999999999995,0.40000000000000047,0
0.006,0.02,0.9800000000000001,0.006,0.30000000000000143,0.6999999999999986,0
0.006,0.03,0.97,0.006,0.19999999999999982,0.8000000000000002,0
0.006,0.04,0.96,0.006,0.14999999999999988,0.8500000000000001,0
0.006,0.05,0.9499999999999998,0.006,0.11999999999999963,0.8800000000000003,0
0.006,0.060000000000000005,0.94,0.006,0.09999999999999991,0.9000000000000001,0
0.006,0.06999999999999999,0.9300000000000002,0.006,0.08571428571428591,0.9142857142857141,0
0.006,0.08,0.92,0.006,0.07500000000000004,0.9249999999999999,0
0.006,0.09,0.91,0.006,0.0666666666666667,0.9333333333333333,0
0.006,0.09999999999999999,0.8999999999999999,0.006,0.05999999999999995,0.9400000000000001,0
0.006,0.11,0.89,0.006,0.05454545454545455,0.9454545454545454,0
0.006,0.12,0.8800000000000001,0.006,0.05000000000000005,0.95,0
0.006,0.13,0.8699999999999999,0.006,0.046153846153846115,0.9538461538461539,0
0.006,0.14,0.86,0.006,0.04285714285714285,0.9571428571428572,0
0.006,0.15000000000000002,0.8500000000000001,0.006,0.04000000000000002,0.96,0
0.006,0.16,0.84,0.006,0.03749999999999999,0.9625,0
0.006,0.17,0.8300000000000001,0.006,0.03529411764705884,0.9647058823529412,0
0.006,0.18000000000000002,0.82,0.006,0.033333333333333326,0.9666666666666667,0
0.006,0.19,0.81,0.006,0.03157894736842106,0.968421052631579,0
0.006,0.2,0.7999999999999999,0.006,0.029999999999999992,0.97,0
0.006,0.21000000000000002,0.79,0.006,0.028571428571428577,0.9714285714285714,0
0.006,0.22,0.78,0.006,0.027272727272727275,0.9727272727272728,0
0.006,0.23,0.77,0.006,0.026086956521739132,0.9739130434782609,0
0.006,0.24000000000000002,0.7599999999999999,0.006,0.02499999999999999,0.975,0
0.006,0.25,0.7499999999999999,0.006,0.02399999999999999,0.976,0
0.006,0.26,0.74,0.006,0.023076923076923078,0.9769230769230769,0
0.006,0.27,0.73,0.006,0.02222222222222222,0.9777777777777777,0
0.006,0.28,0.72,0.006,0.021428571428571425,0.9785714285714285,0
0.006,0.29000000000000004,0.7099999999999999,0.006,0.020689655172413782,0.9793103448275862,0
0.006,0.3,0.7000000000000001,0.006,0.020000000000000004,0.98,0
0.006,0.31,0.69,0.006,0.019354838709677417,0.9806451612903225,0
0.006,0.32,0.6799999999999998,0.006,0.01874999999999999,0.98125,0
0.006,0.33,0.6699999999999999,0.006,0.018181818181818177,0.9818181818181818,0
0.006,0.34,0.66,0.006,0.017647058823529415,0.9823529411764705,0
0.006,0.35000000000000003,0.6499999999999999,0.006,0.01714285714285714,0.9828571428571429,0
0.006,0.36000000000000004,0.6399999999999999,0.006,0.016666666666666663,0.9833333333333334,0
0.006,0.37,0.63,0.006,0.016216216216216217,0.9837837837837837,0
0.006,0.38,0.6200000000000001,0.006,0.01578947368421053,0.9842105263157894,0
0.006,0.39,0.61,0.006,0.015384615384615384,0.9846153846153847,0
0.006,0.4,0.6000000000000001,0.006,0.015000000000000003,0.985,0
0.006,0.41000000000000003,0.5900000000000001,0.006,0.014634146341463417,0.9853658536585366,0
0.006,0.42000000000000004,0.58,0.006,0.014285714285714285,0.9857142857142858,0
0.006,0.43,0.5700000000000001,0.006,0.013953488372093025,0.986046511627907,0
0.006,0.44,0.56,0.006,0.013636363636363637,0.9863636363636363,0
0.006,0.45,0.55,0.006,0.013333333333333334,0.9866666666666667,0
0.006,0.46,0.54,0.006,0.013043478260869566,0.9869565217391304,0
0.006,0.47000000000000003,0.53,0.006,0.012765957446808512,0.9872340425531915,0
0.006,0.48000000000000004,0.5200000000000001,0.006,0.012500000000000004,0.9875,0
0.006,0.49,0.51,0.006,0.012244897959183675,0.9877551020408163,0
0.006,0.5,0.5000000000000001,0.006,0.012000000000000004,0.988,0
0.006,0.51,0.48999999999999994,0.006,0.011764705882352941,0.9882352941176471,0
0.006,0.52,0.48,0.006,0.011538461538461539,0.9884615384615385,0
0.006,0.53,0.47000000000000003,0.006,0.011320754716981131,0.9886792452830189,0
0.006,0.54,0.46,0.006,0.01111111111111111,0.9888888888888889,0
0.006,0.55,0.45,0.006,0.010909090909090908,0.9890909090909091,0
0.006,0.56,0.43999999999999995,0.006,0.010714285714285713,0.9892857142857143,0
0.006,0.5700000000000001,0.43,0.006,0.010526315789473684,0.9894736842105263,0
0.006,0.5800000000000001,0.41999999999999993,0.006,0.010344827586206895,0.9896551724137931,0
0.006,0.59,0.41000000000000003,0.006,0.01016949152542373,0.9898305084745763,0
0.006,0.6,0.4,0.006,0.01,0.99,0
0.006,0.61,0.39,0.006,0.009836065573770493,0.9901639344262295,0
0.006,0.62,0.38,0.006,0.00967741935483871,0.9903225806451613,0
0.006,0.63,0.36999999999999994,0.006,0.009523809523809523,0.9904761904761905,0
0.006,0.64,0.36,0.006,0.009375,0.990625,0
0.006,0.65,0.35,0.006,0.00923076923076923,0.9907692307692307,0
0.006,0.66,0.3399999999999999,0.006,0.009090909090909089,0.990909090909091,0
0.006,0.67,0.32999999999999996,0.006,0.008955223880597014,0.991044776119403,1
0.006,0.68,0.32,0.006,0.008823529411764707,0.9911764705882353,1
0.006,0.6900000000000001,0.3099999999999999,0.006,0.008695652173913042,0.991304347826087,1
0.006,0.7000000000000001,0.29999999999999993,0.006,0.00857142857142857,0.9914285714285714,1
0.006,0.7100000000000001,0.29,0.006,0.008450704225352114,0.9915492957746479,1
0.006,0.72,0.28,0.006,0.008333333333333333,0.9916666666666667,1
0.006,0.73,0.2700000000000001,0.006,0.008219178082191782,0.9917808219178083,1
0.006,0.74,0.26,0.006,0.008108108108108109,0.9918918918918919,1
0.006,0.75,0.25,0.006,0.008,0.992,1
0.006,0.76,0.24,0.006,0.007894736842105263,0.9921052631578947,1
0.006,0.77,0.22999999999999995,0.006,0.007792207792207792,0.9922077922077922,1
0.006,0.78,0.21999999999999997,0.006,0.007692307692307692,0.9923076923076923,1
0.006,0.79,0.20999999999999994,0.006,0.007594936708860759,0.9924050632911392,1
0.006,0.8,0.19999999999999993,0.006,0.0075,0.9925,1
0.006,0.81,0.18999999999999992,0.006,0.007407407407407407,0.9925925925925926,1
0.006,0.8200000000000001,0.17999999999999994,0.006,0.007317073170731707,0.9926829268292683,1
0.006,0.8300000000000001,0.16999999999999993,0.006,0.007228915662650602,0.9927710843373494,1
0.006,0.8400000000000001,0.15999999999999992,0.006,0.007142857142857143,0.9928571428571429,1
0.006,0.85,0.15000000000000002,0.006,0.007058823529411765,0.9929411764705882,1
0.006,0.86,0.14,0.006,0.0069767441860465115,0.9930232558139535,1
0.006,0.87,0.13000000000000003,0.006,0.006896551724137931,0.993103448275862,1
0.006,0.88,0.12,0.006,0.006818181818181819,0.9931818181818182,1
0.006,0.89,0.10999999999999999,0.006,0.006741573033707865,0.9932584269662922,1
0.006,0.9,0.09999999999999996,0.006,0.006666666666666666,0.9933333333333333,1
0.006,0.91,0.08999999999999996,0.006,0.006593406593406593,0.9934065934065934,1
0.006,0.92,0.07999999999999997,0.006,0.006521739130434782,0.9934782608695653,1
0.006,0.93,0.06999999999999995,0.006,0.0064516129032258064,0.9935483870967742,1
0.006,0.9400000000000001,0.05999999999999994,0.006,0.006382978723404255,0.9936170212765958,1
0.006,0.9500000000000001,0.04999999999999993,0.006,0.00631578947368421,0.9936842105263158,1
0.006,0.9600000000000001,0.039999999999999925,0.006,0.0062499999999999995,0.99375,1
0.006,0.97,0.03000000000000003,0.006,0.006185567010309279,0.9938144329896907,1
0.006,0.98,0.020000000000000014,0.006,0.006122448979591837,0.9938775510204082,1
0.006,0.99,0.010000000000000009,0.006,0.006060606060606061,0.9939393939393939,1
0.006,1.0,0.0,0.006,0.006,0.994,1
0.00625,0.01,0.99,0.00625,0.6249999999999994,0.37500000000000056,0
0.00625,0.02,0.9800000000000001,0.00625,0.3125000000000015,0.6874999999999984,0
0.00625,0.03,0.97,0.00625,0.20833333333333315,0.7916666666666669,0
0.00625,0.04,0.96,0.00625,0.15624999999999986,0.8437500000000001,0
0.00625,0.05,0.9499999999999998,0.00625,0.12499999999999963,0.8750000000000003,0
0.00625,0.060000000000000005,0.94,0.00625,0.10416666666666657,0.8958333333333335,0
0.00625,0.06999999999999999,0.9300000000000002,0.00625,0.0892857142857145,0.9107142857142855,0
0.00625,0.08,0.92,0.00625,0.07812500000000004,0.921875,0
0.00625,0.09,0.91,0.00625,0.06944444444444448,0.9305555555555556,0
0.00625,0.09999999999999999,0.8999999999999999,0.00625,0.06249999999999995,0.9375,0
0.00625,0.11,0.89,0.00625,0.05681818181818183,0.9431818181818181,0
0.00625,0.12,0.8800000000000001,0.00625,0.052083333333333384,0.9479166666666666,0
0.00625,0.13,0.8699999999999999,0.00625,0.04807692307692304,0.951923076923077,0
0.00625,0.14,0.86,0.00625,0.044642857142857144,0.9553571428571429,0
0.00625,0.15000000000000002,0.8500000000000001,0.00625,0.04166666666666669,0.9583333333333333,0
0.00625,0.16,0.84,0.00625,0.03906249999999999,0.9609375,0
0.00625,0.17,0.8300000000000001,0.00625,0.036764705882352956,0.9632352941176471,0
0.00625,0.18000000000000002,0.82,0.00625,0.03472222222222222,0.9652777777777778,0
0.00625,0.19,0.81,0.00625,0.032894736842105275,0.9671052631578947,0
0.00625,0.2,0.7999999999999999,0.00625,0.031249999999999993,0.96875,0
0.00625,0.21000000000000002,0.79,0.00625,0.029761904761904767,0.9702380952380952,0
0.00625,0.22,0.78,0.00625,0.028409090909090915,0.9715909090909091,0
0.00625,0.23,0.77,0.00625,0.027173913043478264,0.9728260869565217,0
0.00625,0.24000000000000002,0.7599999999999999,0.00625,0.026041666666666657,0.9739583333333334,0
0.00625,0.25,0.7499999999999999,0.00625,0.02499999999999999,0.975,0
0.00625,0.26,0.74,0.00625,0.02403846153846154,0.9759615384615384,0
0.00625,0.27,0.73,0.00625,0.023148148148148147,0.9768518518518519,0
0.00625,0.28,0.72,0.00625,0.022321428571428572,0.9776785714285714,0
0.00625,0.29000000000000004,0.7099999999999999,0.00625,0.021551724137931026,0.978448275862069,0
0.00625,0.3,0.7000000000000001,0.00625,0.02083333333333334,0.9791666666666666,0
0.00625,0.31,0.69,0.00625,0.02016129032258064,0.9798387096774194,0
0.00625,0.32,0.6799999999999998,0.00625,0.01953124999999999,0.98046875,0
0.00625,0.33,0.6699999999999999,0.00625,0.018939393939393936,0.9810606060606061,0
0.00625,0.34,0.66,0.00625,0.018382352941176475,0.9816176470588235,0
0.00625,0.35000000000000003,0.6499999999999999,0.00625,0.017857142857142853,0.9821428571428571,0
0.00625,0.36000000000000004,0.6399999999999999,0.00625,0.01736111111111111,0.9826388888888888,0
0.00625,0.37,0.63,0.00625,0.016891891891891893,0.9831081081081081,0
0.00625,0.38,0.6200000000000001,0.00625,0.016447368421052638,0.9835526315789473,0
0.00625,0.39,0.61,0.00625,0.016025641025641028,0.9839743589743589,0
0.00625,0.4,0.6000000000000001,0.00625,0.015625000000000003,0.984375,0
0.00625,0.41000000000000003,0.5900000000000001,0.00625,0.015243902439024393,0.9847560975609756,0
0.00625,0.42000000000000004,0.58,0.00625,0.01488095238095238,0.9851190476190477,0
0.00625,0.43,0.5700000000000001,0.00625,0.014534883720930236,0.9854651162790697,0
0.00625,0.44,0.56,0.00625,0.014204545454545458,0.9857954545454546,0
0.00625,0.45,0.55,0.00625,0.013888888888888892,0.9861111111111112,0
0.00625,0.46,0.54,0.00625,0.013586956521739132,0.9864130434782609,0
0.00625,0.47000000000000003,0.53,0.00625,0.013297872340425534,0.9867021276595744,0
0.00625,0.48000000000000004,0.5200000000000001,0.00625,0.013020833333333337,0.9869791666666666,0
0.00625,0.49,0.51,0.00625,0.012755102040816327,0.9872448979591837,0
0.00625,0.5,0.5000000000000001,0.00625,0.012500000000000004,0.9875,0
0.00625,0.51,0.48999999999999994,0.00625,0.012254901960784314,0.9877450980392157,0
0.00625,0.52,0.48,0.00625,0.01201923076923077,0.9879807692307693,0
0.00625,0.53,0.47000000000000003,0.00625,0.01179245283018868,0.9882075471698113,0
0.00625,0.54,0.46,0.00625,0.011574074074074073,0.9884259259259259,0
0.00625,0.55,0.45,0.00625,0.011363636363636364,0.9886363636363636,0
0.00625,0.56,0.43999999999999995,0.00625,0.011160714285714286,0.9888392857142857,0
0.00625,0.5700000000000001,0.43,0.00625,0.010964912280701754,0.9890350877192983,0
0.00625,0.5800000000000001,0.41999999999999993,0.00625,0.010775862068965516,0.9892241379310345,0
0.00625,0.59,0.41000000000000003,0.00625,0.010593220338983052,0.989406779661017,0
0.00625,0.6,0.4,0.00625,0.010416666666666668,0.9895833333333334,0
0.00625,0.61,0.39,0.00625,0.010245901639344263,0.9897540983606558,0
0.00625,0.62,0.38,0.00625,0.010080645161290324,0.9899193548387096,0
0.00625,0.63,0.36999999999999994,0.00625,0.00992063492063492,0.9900793650793651,0
0.00625,0.64,0.36,0.00625,0.009765625,0.990234375,0
0.00625,0.65,0.35,0.00625,0.009615384615384616,0.9903846153846154,0
0.00625,0.66,0.3399999999999999,0.00625,0.009469696969696968,0.990530303030303,0
0.00625,0.67,0.32999999999999996,0.00625,0.009328358208955223,0.9906716417910448,0
0.00625,0.68,0.32,0.00625,0.009191176470588237,0.9908088235294118,0
0.00625,0.6900000000000001,0.3099999999999999,0.00625,0.009057971014492752,0.9909420289855072,0
0.00625,0.7000000000000001,0.29999999999999993,0.00625,0.008928571428571428,0.9910714285714286,1
0.00625,0.7100000000000001,0.29,0.00625,0.008802816901408451,0.9911971830985915,1
0.00625,0.72,0.28,0.00625,0.008680555555555556,0.9913194444444444,1
0.00625,0.73,0.2700000000000001,0.00625,0.00856164383561644,0.9914383561643836,1
0.00625,0.74,0.26,0.00625,0.008445945945945946,0.9915540540540541,1
0.00625,0.75,0.25,0.00625,0.008333333333333333,0.9916666666666667,1
0.00625,0.76,0.24,0.00625,0.008223684210526315,0.9917763157894737,1
0.00625,0.77,0.22999999999999995,0.00625,0.008116883116883118,0.9918831168831169,1
0.00625,0.78,0.21999999999999997,0.00625,0.008012820512820514,0.9919871794871795,1
0.00625,0.79,0.20999999999999994,0.00625,0.007911392405063292,0.9920886075949367,1
0.00625,0.8,0.19999999999999993,0.00625,0.0078125,0.9921875,1
0.00625,0.81,0.18999999999999992,0.00625,0.007716049382716049,0.9922839506172839,1
0.00625,0.8200000000000001,0.17999999999999994,0.00625,0.007621951219512195,0.9923780487804879,1
0.00625,0.8300000000000001,0.16999999999999993,0.00625,0.007530120481927711,0.9924698795180723,1
0.00625,0.8400000000000001,0.15999999999999992,0.00625,0.00744047619047619,0.9925595238095238,1
0.00625,0.85,0.15000000000000002,0.00625,0.007352941176470589,0.9926470588235294,1
0.00625,0.86,0.14,0.00625,0.007267441860465117,0.9927325581395349,1
0.00625,0.87,0.13000000000000003,0.00625,0.007183908045977012,0.992816091954023,1
0.00625,0.88,0.12,0.00625,0.007102272727272728,0.9928977272727273,1
0.00625,0.89,0.10999999999999999,0.00625,0.00702247191011236,0.9929775280898876,1
0.00625,0.9,0.09999999999999996,0.00625,0.006944444444444445,0.9930555555555556,1
0.00625,0.91,0.08999999999999996,0.00625,0.006868131868131868,0.9931318681318682,1
0.00625,0.92,0.07999999999999997,0.00625,0.006793478260869565,0.9932065217391305,1
0.00625,0.93,0.06999999999999995,0.00625,0.006720430107526882,0.9932795698924731,1
0.00625,0.9400000000000001,0.05999999999999994,0.00625,0.006648936170212766,0.9933510638297872,1
0.00625,0.9500000000000001,0.04999999999999993,0.00625,0.006578947368421052,0.993421052631579,1
0.00625,0.9600000000000001,0.039999999999999925,0.00625,0.006510416666666666,0.9934895833333334,1
0.00625,0.97,0.03000000000000003,0.00625,0.0064432989690721655,0.9935567010309279,1
0.00625,0.98,0.020000000000000014,0.00625,0.006377551020408163,0.9936224489795918,1
0.00625,0.99,0.010000000000000009,0.00625,0.006313131313131314,0.9936868686868687,1
0.00625,1.0,0.0,0.00625,0.00625,0.99375,1
0.006500000000000001,0.01,0.99,0.006500000000000001,0.6499999999999995,0.35000000000000053,0
0.006500000000000001,0.02,0.9800000000000001,0.006500000000000001,0.32500000000000157,0.6749999999999985,0
0.006500000000000001,0.03,0.97,0.006500000000000001,0.21666666666666648,0.7833333333333335,0
0.006500000000000001,0.04,0.96,0.006500000000000001,0.16249999999999987,0.8375000000000001,0
0.006500000000000001,0.05,0.9499999999999998,0.006500000000000001,0.12999999999999962,0.8700000000000003,0
0.006500000000000001,0.060000000000000005,0.94,0.006500000000000001,0.10833333333333324,0.8916666666666667,0
0.006500000000000001,0.06999999999999999,0.9300000000000002,0.006500000000000001,0.09285714285714308,0.9071428571428569,0
0.006500000000000001,0.08,0.92,0.006500000000000001,0.08125000000000004,0.91875,0
0.006500000000000001,0.09,0.91,0.006500000000000001,0.07222222222222226,0.9277777777777777,0
0.006500000000000001,0.09999999999999999,0.8999999999999999,0.006500000000000001,0.06499999999999995,0.935,0
0.006500000000000001,0.11,0.89,0.006500000000000001,0.059090909090909104,0.9409090909090909,0
0.006500000000000001,0.12,0.8800000000000001,0.006500000000000001,0.054166666666666724,0.9458333333333333,0
0.006500000000000001,0.13,0.8699999999999999,0.006500000000000001,0.04999999999999996,0.9500000000000001,0
0.006500000000000001,0.14,0.86,0.006500000000000001,0.04642857142857143,0.9535714285714285,0
0.006500000000000001,0.15000000000000002,0.8500000000000001,0.006500000000000001,0.04333333333333336,0.9566666666666667,0
0.006500000000000001,0.16,0.84,0.006500000000000001,0.040624999999999994,0.959375,0
0.006500000000000001,0.17,0.8300000000000001,0.006500000000000001,0.038235294117647076,0.961764705882353,0
0.006500000000000001,0.18000000000000002,0.82,0.006500000000000001,0.03611111111111111,0.9638888888888889,0
0.006500000000000001,0.19,0.81,0.006500000000000001,0.03421052631578948,0.9657894736842105,0
0.006500000000000001,0.2,0.7999999999999999,0.006500000000000001,0.032499999999999994,0.9675,0
0.006500000000000001,0.21000000000000002,0.79,0.006500000000000001,0.03095238095238096,0.969047619047619,0
0.006500000000000001,0.22,0.78,0.006500000000000001,0.029545454545454552,0.9704545454545455,0
0.006500000000000001,0.23,0.77,0.006500000000000001,0.028260869565217395,0.9717391304347827,0
0.006500000000000001,0.24000000000000002,0.7599999999999999,0.006500000000000001,0.027083333333333324,0.9729166666666667,0
0.006500000000000001,0.25,0.7499999999999999,0.006500000000000001,0.025999999999999992,0.974,0
0.006500000000000001,0.26,0.74,0.006500000000000001,0.025,0.975,0
0.006500000000000001,0.27,0.73,0.006500000000000001,0.024074074074074074,0.975925925925926,0
0.006500000000000001,0.28,0.72,0.006500000000000001,0.023214285714285715,0.9767857142857143,0
0.006500000000000001,0.29000000000000004,0.7099999999999999,0.006500000000000001,0.022413793103448265,0.9775862068965517,0
0.006500000000000001,0.3,0.7000000000000001,0.006500000000000001,0.021666666666666674,0.9783333333333333,0
0.006500000000000001,0.31,0.69,0.006500000000000001,0.02096774193548387,0.9790322580645161,0
0.006500000000000001,0.32,0.6799999999999998,0.006500000000000001,0.02031249999999999,0.9796875,0
0.006500000000000001,0.33,0.6699999999999999,0.006500000000000001,0.019696969696969695,0.9803030303030303,0
0.006500000000000001,0.34,0.66,0.006500000000000001,0.019117647058823534,0.9808823529411764,0
0.006500000000000001,0.35000000000000003,0.6499999999999999,0.006500000000000001,0.01857142857142857,0.9814285714285714,0
0.006500000000000001,0.36000000000000004,0.6399999999999999,0.006500000000000001,0.018055555555555554,0.9819444444444444,0
0.006500000000000001,0.37,0.63,0.006500000000000001,0.01756756756756757,0.9824324324324324,0
0.006500000000000001,0.38,0.6200000000000001,0.006500000000000001,0.01710526315789474,0.9828947368421053,0
0.006500000000000001,0.39,0.61,0.006500000000000001,0.016666666666666666,0.9833333333333333,0
0.006500000000000001,0.4,0.6000000000000001,0.006500000000000001,0.016250000000000004,0.98375,0
0.006500000000000001,0.41000000000000003,0.5900000000000001,0.006500000000000001,0.01585365853658537,0.9841463414634146,0
0.006500000000000001,0.42000000000000004,0.58,0.006500000000000001,0.015476190476190477,0.9845238095238096,0
0.006500000000000001,0.43,0.5700000000000001,0.006500000000000001,0.015116279069767445,0.9848837209302326,0
0.006500000000000001,0.44,0.56,0.006500000000000001,0.014772727272727276,0.9852272727272727,0
0.006500000000000001,0.45,0.55,0.006500000000000001,0.014444444444444447,0.9855555555555555,0
0.006500000000000001,0.46,0.54,0.006500000000000001,0.014130434782608697,0.9858695652173913,0
0.006500000000000001,0.47000000000000003,0.53,0.006500000000000001,0.013829787234042556,0.9861702127659574,0
0.006500000000000001,0.48000000000000004,0.5200000000000001,0.006500000000000001,0.013541666666666672,0.9864583333333333,0
0.006500000000000001,0.49,0.51,0.006500000000000001,0.01326530612244898,0.986734693877551,0
0.006500000000000001,0.5,0.5000000000000001,0.006500000000000001,0.013000000000000005,0.987,0
0.006500000000000001,0.51,0.48999999999999994,0.006500000000000001,0.012745098039215688,0.9872549019607844,0
0.006500000000000001,0.52,0.48,0.006500000000000001,0.0125,0.9875,0
0.006500000000000001,0.53,0.47000000000000003,0.006500000000000001,0.012264150943396227,0.9877358490566037,0
0.006500000000000001,0.54,0.46,0.006500000000000001,0.012037037037037037,0.9879629629629629,0
0.006500000000000001,0.55,0.45,0.006500000000000001,0.011818181818181818,0.9881818181818182,0
0.006500000000000001,0.56,0.43999999999999995,0.006500000000000001,0.011607142857142858,0.9883928571428572,0
0.006500000000000001,0.5700000000000001,0.43,0.006500000000000001,0.011403508771929824,0.9885964912280701,0
0.006500000000000001,0.5800000000000001,0.41999999999999993,0.006500000000000001,0.011206896551724138,0.9887931034482759,0
0.006500000000000001,0.59,0.41000000000000003,0.006500000000000001,0.011016949152542374,0.9889830508474576,0
0.006500000000000001,0.6,0.4,0.006500000000000001,0.010833333333333335,0.9891666666666666,0
0.006500000000000001,0.61,0.39,0.006500000000000001,0.010655737704918034,0.989344262295082,0
0.006500000000000001,0.62,0.38,0.006500000000000001,0.010483870967741936,0.989516129032258,0
0.006500000000000001,0.63,0.36999999999999994,0.006500000000000001,0.010317460317460317,0.9896825396825397,0
0.006500000000000001,0.64,0.36,0.006500000000000001,0.01015625,0.98984375,0
0.006500000000000001,0.65,0.35,0.006500000000000001,0.01,0.99,0
0.006500000000000001,0.66,0.3399999999999999,0.006500000000000001,0.009848484848484848,0.9901515151515151,0
0.006500000000000001,0.67,0.32999999999999996,0.006500000000000001,0.009701492537313432,0.9902985074626866,0
0.006500000000000001,0.68,0.32,0.006500000000000001,0.009558823529411767,0.9904411764705883,0
0.006500000000000001,0.6900000000000001,0.3099999999999999,0.006500000000000001,0.009420289855072463,0.9905797101449275,0
0.006500000000000001,0.7000000000000001,0.29999999999999993,0.006500000000000001,0.009285714285714286,0.9907142857142857,0
0.006500000000000001,0.7100000000000001,0.29,0.006500000000000001,0.00915492957746479,0.9908450704225352,0
0.006500000000000001,0.72,0.28,0.006500000000000001,0.009027777777777779,0.9909722222222223,0
0.006500000000000001,0.73,0.2700000000000001,0.006500000000000001,0.008904109589041097,0.9910958904109589,1
0.006500000000000001,0.74,0.26,0.006500000000000001,0.008783783783783784,0.9912162162162163,1
0.006500000000000001,0.75,0.25,0.006500000000000001,0.008666666666666668,0.9913333333333333,1
0.006500000000000001,0.76,0.24,0.006500000000000001,0.008552631578947369,0.9914473684210526,1
0.006500000000000001,0.77,0.22999999999999995,0.006500000000000001,0.008441558441558443,0.9915584415584415,1
0.006500000000000001,0.78,0.21999999999999997,0.006500000000000001,0.008333333333333333,0.9916666666666667,1
0.006500000000000001,0.79,0.20999999999999994,0.006500000000000001,0.008227848101265823,0.9917721518987341,1
0.006500000000000001,0.8,0.19999999999999993,0.006500000000000001,0.008125,0.991875,1
0.006500000000000001,0.81,0.18999999999999992,0.006500000000000001,0.008024691358024692,0.9919753086419754,1
0.006500000000000001,0.8200000000000001,0.17999999999999994,0.006500000000000001,0.007926829268292683,0.9920731707317073,1
0.006500000000000001,0.8300000000000001,0.16999999999999993,0.006500000000000001,0.00783132530120482,0.9921686746987952,1
0.006500000000000001,0.8400000000000001,0.15999999999999992,0.006500000000000001,0.007738095238095238,0.9922619047619048,1
0.006500000000000001,0.85,0.15000000000000002,0.006500000000000001,0.007647058823529413,0.9923529411764705,1
0.006500000000000001,0.86,0.14,0.006500000000000001,0.007558139534883722,0.9924418604651163,1
0.006500000000000001,0.87,0.13000000000000003,0.006500000000000001,0.007471264367816093,0.9925287356321839,1
0.006500000000000001,0.88,0.12,0.006500000000000001,0.007386363636363637,0.9926136363636363,1
0.006500000000000001,0.89,0.10999999999999999,0.006500000000000001,0.007303370786516854,0.9926966292134831,1
0.006500000000000001,0.9,0.09999999999999996,0.006500000000000001,0.007222222222222223,0.9927777777777778,1
0.006500000000000001,0.91,0.08999999999999996,0.006500000000000001,0.0071428571428571435,0.9928571428571429,1
0.006500000000000001,0.92,0.07999999999999997,0.006500000000000001,0.007065217391304348,0.9929347826086956,1
0.006500000000000001,0.93,0.06999999999999995,0.006500000000000001,0.006989247311827957,0.9930107526881721,1
0.006500000000000001,0.9400000000000001,0.05999999999999994,0.006500000000000001,0.006914893617021277,0.9930851063829788,1
0.006500000000000001,0.9500000000000001,0.04999999999999993,0.006500000000000001,0.006842105263157895,0.9931578947368421,1
0.006500000000000001,0.9600000000000001,0.039999999999999925,0.006500000000000001,0.0067708333333333336,0.9932291666666667,1
0.006500000000000001,0.97,0.03000000000000003,0.006500000000000001,0.006701030927835052,0.993298969072165,1
0.006500000000000001,0.98,0.020000000000000014,0.006500000000000001,0.00663265306122449,0.9933673469387755,1
0.006500000000000001,0.99,0.010000000000000009,0.006500000000000001,0.006565656565656566,0.9934343434343434,1
0.006500000000000001,1.0,0.0,0.006500000000000001,0.006500000000000001,0.9935,1
0.00675,0.01,0.99,0.006750000000000001,0.6749999999999995,0.3250000000000005,0
0.00675,0.02,0.9800000000000001,0.006750000000000001,0.33750000000000163,0.6624999999999983,0
0.00675,0.03,0.97,0.006750000000000001,0.22499999999999984,0.7750000000000001,0
0.00675,0.04,0.96,0.006750000000000001,0.16874999999999987,0.8312500000000002,0
0.00675,0.05,0.9499999999999998,0.006750000000000001,0.1349999999999996,0.8650000000000004,0
0.00675,0.060000000000000005,0.94,0.006750000000000001,0.11249999999999992,0.8875000000000001,0
0.00675,0.06999999999999999,0.9300000000000002,0.006750000000000001,0.09642857142857165,0.9035714285714284,0
0.00675,0.08,0.92,0.006750000000000001,0.08437500000000005,0.9156249999999999,0
0.00675,0.09,0.91,0.006750000000000001,0.07500000000000004,0.9249999999999999,0
0.00675,0.09999999999999999,0.8999999999999999,0.006750000000000001,0.06749999999999995,0.9325000000000001,0
0.00675,0.11,0.89,0.006750000000000001,0.06136363636363638,0.9386363636363636,0
0.00675,0.12,0.8800000000000001,0.006750000000000001,0.056250000000000064,0.94375,0
0.00675,0.13,0.8699999999999999,0.006750000000000001,0.051923076923076884,0.9480769230769232,0
0.00675,0.14,0.86,0.006750000000000001,0.048214285714285716,0.9517857142857142,0
0.00675,0.15000000000000002,0.8500000000000001,0.006750000000000001,0.04500000000000003,0.955,0
0.00675,0.16,0.84,0.006750000000000001,0.042187499999999996,0.9578125,0
0.00675,0.17,0.8300000000000001,0.006750000000000001,0.039705882352941195,0.9602941176470589,0
0.00675,0.18000000000000002,0.82,0.006750000000000001,0.03749999999999999,0.9625,0
0.00675,0.19,0.81,0.006750000000000001,0.0355263157894737,0.9644736842105263,0
0.00675,0.2,0.7999999999999999,0.006750000000000001,0.033749999999999995,0.96625,0
0.00675,0.21000000000000002,0.79,0.006750000000000001,0.032142857142857154,0.9678571428571429,0
0.00675,0.22,0.78,0.006750000000000001,0.03068181818181819,0.9693181818181819,0
0.00675,0.23,0.77,0.006750000000000001,0.029347826086956526,0.9706521739130435,0
0.00675,0.24000000000000002,0.7599999999999999,0.006750000000000001,0.02812499999999999,0.971875,0
0.00675,0.25,0.7499999999999999,0.006750000000000001,0.026999999999999993,0.973,0
0.00675,0.26,0.74,0.006750000000000001,0.025961538461538463,0.9740384615384615,0
0.00675,0.27,0.73,0.006750000000000001,0.025,0.975,0
0.00675,0.28,0.72,0.006750000000000001,0.024107142857142858,0.9758928571428571,0
0.00675,0.29000000000000004,0.7099999999999999,0.006750000000000001,0.023275862068965508,0.9767241379310345,0
0.00675,0.3,0.7000000000000001,0.006750000000000001,0.022500000000000006,0.9775,0
0.00675,0.31,0.69,0.006750000000000001,0.021774193548387097,0.978225806451613,0
0.00675,0.32,0.6799999999999998,0.006750000000000001,0.02109374999999999,0.97890625,0
0.00675,0.33,0.6699999999999999,0.006750000000000001,0.02045454545454545,0.9795454545454545,0
0.00675,0.34,0.66,0.006750000000000001,0.019852941176470594,0.9801470588235294,0
0.00675,0.35000000000000003,0.6499999999999999,0.006750000000000001,0.019285714285714285,0.9807142857142858,0
0.00675,0.36000000000000004,0.6399999999999999,0.006750000000000001,0.018749999999999996,0.98125,0
0.00675,0.37,0.63,0.006750000000000001,0.018243243243243244,0.9817567567567568,0
0.00675,0.38,0.6200000000000001,0.006750000000000001,0.01776315789473685,0.9822368421052632,0
0.00675,0.39,0.61,0.006750000000000001,0.01730769230769231,0.9826923076923076,0
0.00675,0.4,0.6000000000000001,0.006750000000000001,0.016875000000000005,0.983125,0
0.00675,0.41000000000000003,0.5900000000000001,0.006750000000000001,0.016463414634146346,0.9835365853658536,0
0.00675,0.42000000000000004,0.58,0.006750000000000001,0.016071428571428573,0.9839285714285714,0
0.00675,0.43,0.5700000000000001,0.006750000000000001,0.015697674418604656,0.9843023255813953,0
0.00675,0.44,0.56,0.006750000000000001,0.015340909090909094,0.9846590909090909,0
0.00675,0.45,0.55,0.006750000000000001,0.015000000000000003,0.985,0
0.00675,0.46,0.54,0.006750000000000001,0.014673913043478263,0.9853260869565217,0
0.00675,0.47000000000000003,0.53,0.006750000000000001,0.014361702127659576,0.9856382978723405,0
0.00675,0.48000000000000004,0.5200000000000001,0.006750000000000001,0.014062500000000006,0.9859375,0
0.00675,0.49,0.51,0.006750000000000001,0.013775510204081635,0.9862244897959184,0
0.00675,0.5,0.5000000000000001,0.006750000000000001,0.013500000000000005,0.9865,0
0.00675,0.51,0.48999999999999994,0.006750000000000001,0.01323529411764706,0.986764705882353,0
0.00675,0.52,0.48,0.006750000000000001,0.012980769230769231,0.9870192307692308,0
0.00675,0.53,0.47000000000000003,0.006750000000000001,0.012735849056603774,0.9872641509433963,0
0.00675,0.54,0.46,0.006750000000000001,0.0125,0.9875,0
0.00675,0.55,0.45,0.006750000000000001,0.012272727272727274,0.9877272727272727,0
0.00675,0.56,0.43999999999999995,0.006750000000000001,0.012053571428571429,0.9879464285714286,0
0.00675,0.5700000000000001,0.43,0.006750000000000001,0.011842105263157895,0.9881578947368421,0
0.00675,0.5800000000000001,0.41999999999999993,0.006750000000000001,0.01163793103448276,0.9883620689655173,0
0.00675,0.59,0.41000000000000003,0.006750000000000001,0.011440677966101697,0.9885593220338983,0
0.00675,0.6,0.4,0.006750000000000001,0.011250000000000001,0.98875,0
0.00675,0.61,0.39,0.006750000000000001,0.011065573770491804,0.9889344262295082,0
0.00675,0.62,0.38,0.006750000000000001,0.01088709677419355,0.9891129032258065,0
0.00675,0.63,0.36999999999999994,0.006750000000000001,0.010714285714285714,0.9892857142857143,0
0.00675,0.64,0.36,0.006750000000000001,0.010546875,0.989453125,0
0.00675,0.65,0.35,0.006750000000000001,0.010384615384615386,0.9896153846153846,0
0.00675,0.66,0.3399999999999999,0.006750000000000001,0.010227272727272725,0.9897727272727272,0
0.00675,0.67,0.32999999999999996,0.006750000000000001,0.010074626865671642,0.9899253731343284,0
0.00675,0.68,0.32,0.006750000000000001,0.009926470588235297,0.9900735294117647,0
0.00675,0.6900000000000001,0.3099999999999999,0.006750000000000001,0.009782608695652173,0.9902173913043478,0
0.00675,0.7000000000000001,0.29999999999999993,0.006750000000000001,0.009642857142857142,0.9903571428571428,0
0.00675,0.7100000000000001,0.29,0.006750000000000001,0.009507042253521128,0.9904929577464788,0
0.00675,0.72,0.28,0.006750000000000001,0.009375000000000001,0.990625,0
0.00675,0.73,0.2700000000000001,0.006750000000000001,0.009246575342465755,0.9907534246575342,0
0.00675,0.74,0.26,0.006750000000000001,0.009121621621621622,0.9908783783783783,0
0.00675,0.75,0.25,0.006750000000000001,0.009000000000000001,0.991,0
0.00675,0.76,0.24,0.006750000000000001,0.008881578947368423,0.9911184210526316,1
0.00675,0.77,0.22999999999999995,0.006750000000000001,0.008766233766233767,0.9912337662337662,1
0.00675,0.78,0.21999999999999997,0.006750000000000001,0.008653846153846154,0.9913461538461539,1
0.00675,0.79,0.20999999999999994,0.006750000000000001,0.008544303797468355,0.9914556962025316,1
0.00675,0.8,0.19999999999999993,0.006750000000000001,0.0084375,0.9915625,1
0.00675,0.81,0.18999999999999992,0.006750000000000001,0.008333333333333333,0.9916666666666667,1
0.00675,0.8200000000000001,0.17999999999999994,0.006750000000000001,0.008231707317073171,0.9917682926829269,1
0.00675,0.8300000000000001,0.16999999999999993,0.006750000000000001,0.008132530120481927,0.9918674698795181,1
0.00675,0.8400000000000001,0.15999999999999992,0.006750000000000001,0.008035714285714287,0.9919642857142857,1
0.00675,0.85,0.15000000000000002,0.006750000000000001,0.007941176470588236,0.9920588235294118,1
0.00675,0.86,0.14,0.006750000000000001,0.007848837209302326,0.9921511627906977,1
0.00675,0.87,0.13000000000000003,0.006750000000000001,0.007758620689655173,0.9922413793103448,1
0.00675,0.88,0.12,0.006750000000000001,0.007670454545454546,0.9923295454545454,1
0.00675,0.89,0.10999999999999999,0.006750000000000001,0.007584269662921349,0.9924157303370786,1
0.00675,0.9,0.09999999999999996,0.006750000000000001,0.007500000000000001,0.9925,1
0.00675,0.91,0.08999999999999996,0.006750000000000001,0.007417582417582418,0.9925824175824176,1
0.00675,0.92,0.07999999999999997,0.006750000000000001,0.007336956521739131,0.9926630434782608,1
0.00675,0.93,0.06999999999999995,0.006750000000000001,0.007258064516129033,0.992741935483871,1
0.00675,0.9400000000000001,0.05999999999999994,0.006750000000000001,0.007180851063829788,0.9928191489361702,1
0.00675,0.9500000000000001,0.04999999999999993,0.006750000000000001,0.007105263157894737,0.9928947368421053,1
0.00675,0.9600000000000001,0.039999999999999925,0.006750000000000001,0.00703125,0.99296875,1
0.00675,0.97,0.03000000000000003,0.006750000000000001,0.0069587628865979394,0.9930412371134021,1
0.00675,0.98,0.020000000000000014,0.006750000000000001,0.006887755102040817,0.9931122448979591,1
0.00675,0.99,0.010000000000000009,0.006750000000000001,0.006818181818181819,0.9931818181818182,1
0.00675,1.0,0.0,0.006750000000000001,0.006750000000000001,0.99325,1
0.007,0.01,0.99,0.007,0.6999999999999994,0.3000000000000006,0
0.007,0.02,0.9800000000000001,0.007,0.35000000000000164,0.6499999999999984,0
0.007,0.03,0.97,0.007,0.23333333333333314,0.7666666666666668,0
0.007,0.04,0.96,0.007,0.17499999999999985,0.8250000000000002,0
0.007,0.05,0.9499999999999998,0.007,0.13999999999999957,0.8600000000000004,0
0.007,0.060000000000000005,0.94,0.007,0.11666666666666657,0.8833333333333334,0
0.007,0.06999999999999999,0.9300000000000002,0.007,0.10000000000000023,0.8999999999999998,0
0.007,0.08,0.92,0.007,0.08750000000000005,0.9125,0
0.007,0.09,0.91,0.007,0.0777777777777778,0.9222222222222222,0
0.007,0.09999999999999999,0.8999999999999999,0.007,0.06999999999999994,0.93,0
0.007,0.11,0.89,0.007,0.06363636363636364,0.9363636363636364,0
0.007,0.12,0.8800000000000001,0.007,0.05833333333333339,0.9416666666666667,0
0.007,0.13,0.8699999999999999,0.007,0.0538461538461538,0.9461538461538462,0
0.007,0.14,0.86,0.007,0.049999999999999996,0.95,0
0.007,0.15000000000000002,0.8500000000000001,0.007,0.0466666666666667,0.9533333333333333,0
0.007,0.16,0.84,0.007,0.04374999999999999,0.95625,0
0.007,0.17,0.8300000000000001,0.007,0.041176470588235314,0.9588235294117646,0
0.007,0.18000000000000002,0.82,0.007,0.03888888888888888,0.9611111111111111,0
0.007,0.19,0.81,0.007,0.036842105263157905,0.9631578947368421,0
0.007,0.2,0.7999999999999999,0.007,0.03499999999999999,0.965,0
0.007,0.21000000000000002,0.79,0.007,0.03333333333333334,0.9666666666666667,0
0.007,0.22,0.78,0.007,0.03181818181818182,0.9681818181818181,0
0.007,0.23,0.77,0.007,0.030434782608695657,0.9695652173913043,0
0.007,0.24000000000000002,0.7599999999999999,0.007,0.029166666666666653,0.9708333333333333,0
0.007,0.25,0.7499999999999999,0.007,0.027999999999999987,0.972,0
0.007,0.26,0.74,0.007,0.02692307692307692,0.9730769230769231,0
0.007,0.27,0.73,0.007,0.025925925925925925,0.9740740740740741,0
0.007,0.28,0.72,0.007,0.024999999999999998,0.975,0
0.007,0.29000000000000004,0.7099999999999999,0.007,0.024137931034482748,0.9758620689655173,0
0.007,0.3,0.7000000000000001,0.007,0.023333333333333338,0.9766666666666667,0
0.007,0.31,0.69,0.007,0.022580645161290318,0.9774193548387097,0
0.007,0.32,0.6799999999999998,0.007,0.021874999999999988,0.978125,0
0.007,0.33,0.6699999999999999,0.007,0.021212121212121206,0.9787878787878788,0
0.007,0.34,0.66,0.007,0.02058823529411765,0.9794117647058823,0
0.007,0.35000000000000003,0.6499999999999999,0.007,0.019999999999999997,0.98,0
0.007,0.36000000000000004,0.6399999999999999,0.007,0.01944444444444444,0.9805555555555555,0
0.007,0.37,0.63,0.007,0.01891891891891892,0.981081081081081,0
0.007,0.38,0.6200000000000001,0.007,0.018421052631578953,0.981578947368421,0
0.007,0.39,0.61,0.007,0.017948717948717947,0.982051282051282,0
0.007,0.4,0.6000000000000001,0.007,0.017500000000000005,0.9825,0
0.007,0.41000000000000003,0.5900000000000001,0.007,0.017073170731707322,0.9829268292682927,0
0.007,0.42000000000000004,0.58,0.007,0.016666666666666666,0.9833333333333333,0
0.007,0.43,0.5700000000000001,0.007,0.016279069767441864,0.9837209302325581,0
0.007,0.44,0.56,0.007,0.01590909090909091,0.9840909090909091,0
0.007,0.45,0.55,0.007,0.015555555555555557,0.9844444444444445,0
0.007,0.46,0.54,0.007,0.015217391304347828,0.9847826086956522,0
0.007,0.47000000000000003,0.53,0.007,0.014893617021276596,0.9851063829787234,0
0.007,0.48000000000000004,0.5200000000000001,0.007,0.014583333333333337,0.9854166666666666,0
0.007,0.49,0.51,0.007,0.014285714285714287,0.9857142857142858,0
0.007,0.5,0.5000000000000001,0.007,0.014000000000000004,0.986,0
0.007,0.51,0.48999999999999994,0.007,0.013725490196078431,0.9862745098039216,0
0.007,0.52,0.48,0.007,0.01346153846153846,0.9865384615384616,0
0.007,0.53,0.47000000000000003,0.007,0.01320754716981132,0.9867924528301887,0
0.007,0.54,0.46,0.007,0.012962962962962963,0.987037037037037,0
0.007,0.55,0.45,0.007,0.012727272727272726,0.9872727272727273,0
0.007,0.56,0.43999999999999995,0.007,0.012499999999999999,0.9875,0
0.007,0.5700000000000001,0.43,0.007,0.012280701754385963,0.987719298245614,0
0.007,0.5800000000000001,0.41999999999999993,0.007,0.012068965517241377,0.9879310344827587,0
0.007,0.59,0.41000000000000003,0.007,0.011864406779661017,0.988135593220339,0
0.007,0.6,0.4,0.007,0.011666666666666667,0.9883333333333333,0
0.007,0.61,0.39,0.007,0.011475409836065575,0.9885245901639345,0
0.007,0.62,0.38,0.007,0.011290322580645162,0.9887096774193549,0
0.007,0.63,0.36999999999999994,0.007,0.01111111111111111,0.9888888888888889,0
0.007,0.64,0.36,0.007,0.0109375,0.9890625,0
0.007,0.65,0.35,0.007,0.010769230769230769,0.9892307692307692,0
0.007,0.66,0.3399999999999999,0.007,0.010606060606060603,0.9893939393939394,0
0.007,0.67,0.32999999999999996,0.007,0.010447761194029851,0.9895522388059701,0
0.007,0.68,0.32,0.007,0.010294117647058825,0.9897058823529412,0
0.007,0.6900000000000001,0.3099999999999999,0.007,0.010144927536231882,0.9898550724637681,0
0.007,0.7000000000000001,0.29999999999999993,0.007,0.009999999999999998,0.99,0
0.007,0.7100000000000001,0.29,0.007,0.009859154929577466,0.9901408450704225,0
0.007,0.72,0.28,0.007,0.009722222222222222,0.9902777777777778,0
0.007,0.73,0.2700000000000001,0.007,0.009589041095890411,0.9904109589041096,0
0.007,0.74,0.26,0.007,0.00945945945945946,0.9905405405405405,0
0.007,0.75,0.25,0.007,0.009333333333333334,0.9906666666666667,0
0.007,0.76,0.24,0.007,0.009210526315789475,0.9907894736842106,0
0.007,0.77,0.22999999999999995,0.007,0.00909090909090909,0.990909090909091,0
0.007,0.78,0.21999999999999997,0.007,0.008974358974358974,0.9910256410256411,1
0.007,0.79,0.20999999999999994,0.007,0.008860759493670886,0.9911392405063291,1
0.007,0.8,0.19999999999999993,0.007,0.008749999999999999,0.99125,1
0.007,0.81,0.18999999999999992,0.007,0.008641975308641974,0.991358024691358,1
0.007,0.8200000000000001,0.17999999999999994,0.007,0.008536585365853657,0.9914634146341463,1
0.007,0.8300000000000001,0.16999999999999993,0.007,0.008433734939759036,0.9915662650602409,1
0.007,0.8400000000000001,0.15999999999999992,0.007,0.008333333333333333,0.9916666666666667,1
0.007,0.85,0.15000000000000002,0.007,0.00823529411764706,0.991764705882353,1
0.007,0.86,0.14,0.007,0.00813953488372093,0.9918604651162791,1
0.007,0.87,0.13000000000000003,0.007,0.008045977011494253,0.9919540229885058,1
0.007,0.88,0.12,0.007,0.007954545454545455,0.9920454545454546,1
0.007,0.89,0.10999999999999999,0.007,0.007865168539325843,0.9921348314606742,1
0.007,0.9,0.09999999999999996,0.007,0.0077777777777777776,0.9922222222222222,1
0.007,0.91,0.08999999999999996,0.007,0.007692307692307692,0.9923076923076923,1
0.007,0.92,0.07999999999999997,0.007,0.0076086956521739125,0.9923913043478261,1
0.007,0.93,0.06999999999999995,0.007,0.007526881720430107,0.9924731182795699,1
0.007,0.9400000000000001,0.05999999999999994,0.007,0.007446808510638297,0.9925531914893617,1
0.007,0.9500000000000001,0.04999999999999993,0.007,0.007368421052631579,0.9926315789473684,1
0.007,0.9600000000000001,0.039999999999999925,0.007,0.007291666666666666,0.9927083333333333,1
0.007,0.97,0.03000000000000003,0.007,0.007216494845360825,0.9927835051546392,1
0.007,0.98,0.020000000000000014,0.007,0.0071428571428571435,0.9928571428571429,1
0.007,0.99,0.010000000000000009,0.007,0.007070707070707071,0.9929292929292929,1
0.007,1.0,0.0,0.007,0.007,0.993,1
0.00725,0.01,0.99,0.007250000000000001,0.7249999999999995,0.27500000000000047,0
0.00725,0.02,0.9800000000000001,0.007250000000000001,0.36250000000000177,0.6374999999999982,0
0.00725,0.03,0.97,0.007250000000000001,0.2416666666666665,0.7583333333333335,0
0.00725,0.04,0.96,0.007250000000000001,0.18124999999999988,0.8187500000000001,0
0.00725,0.05,0.9499999999999998,0.007250000000000001,0.14499999999999957,0.8550000000000004,0
0.00725,0.060000000000000005,0.94,0.007250000000000001,0.12083333333333325,0.8791666666666668,0
0.00725,0.06999999999999999,0.9300000000000002,0.007250000000000001,0.10357142857142883,0.8964285714285711,0
0.00725,0.08,0.92,0.007250000000000001,0.09062500000000007,0.9093749999999999,0
0.00725,0.09,0.91,0.007250000000000001,0.0805555555555556,0.9194444444444444,0
0.00725,0.09999999999999999,0.8999999999999999,0.007250000000000001,0.07249999999999995,0.9275,0
0.00725,0.11,0.89,0.007250000000000001,0.06590909090909093,0.9340909090909091,0
0.00725,0.12,0.8800000000000001,0.007250000000000001,0.060416666666666737,0.9395833333333332,0
0.00725,0.13,0.8699999999999999,0.007250000000000001,0.05576923076923073,0.9442307692307693,0
0.00725,0.14,0.86,0.007250000000000001,0.05178571428571429,0.9482142857142857,0
0.00725,0.15000000000000002,0.8500000000000001,0.007250000000000001,0.04833333333333337,0.9516666666666667,0
0.00725,0.16,0.84,0.007250000000000001,0.0453125,0.9546875,0
0.00725,0.17,0.8300000000000001,0.007250000000000001,0.042647058823529434,0.9573529411764705,0
0.00725,0.18000000000000002,0.82,0.007250000000000001,0.04027777777777777,0.9597222222222223,0
0.00725,0.19,0.81,0.007250000000000001,0.03815789473684212,0.9618421052631578,0
0.00725,0.2,0.7999999999999999,0.007250000000000001,0.03625,0.96375,0
0.00725,0.21000000000000002,0.79,0.007250000000000001,0.03452380952380953,0.9654761904761905,0
0.00725,0.22,0.78,0.007250000000000001,0.032954545454545466,0.9670454545454545,0
0.00725,0.23,0.77,0.007250000000000001,0.03152173913043479,0.9684782608695652,0
0.00725,0.24000000000000002,0.7599999999999999,0.007250000000000001,0.030208333333333327,0.9697916666666667,0
0.00725,0.25,0.7499999999999999,0.007250000000000001,0.02899999999999999,0.971,0
0.00725,0.26,0.74,0.007250000000000001,0.02788461538461539,0.9721153846153846,0
0.00725,0.27,0.73,0.007250000000000001,0.026851851851851856,0.9731481481481481,0
0.00725,0.28,0.72,0.007250000000000001,0.025892857142857145,0.9741071428571428,0
0.00725,0.29000000000000004,0.7099999999999999,0.007250000000000001,0.02499999999999999,0.975,0
0.00725,0.3,0.7000000000000001,0.007250000000000001,0.024166666666666677,0.9758333333333333,0
0.00725,0.31,0.69,0.007250000000000001,0.02338709677419355,0.9766129032258064,0
0.00725,0.32,0.6799999999999998,0.007250000000000001,0.022656249999999992,0.97734375,0
0.00725,0.33,0.6699999999999999,0.007250000000000001,0.02196969696969697,0.978030303030303,0
0.00725,0.34,0.66,0.007250000000000001,0.02132352941176471,0.9786764705882353,0
0.00725,0.35000000000000003,0.6499999999999999,0.007250000000000001,0.020714285714285713,0.9792857142857143,0
0.00725,0.36000000000000004,0.6399999999999999,0.007250000000000001,0.020138888888888887,0.9798611111111111,0
0.00725,0.37,0.63,0.007250000000000001,0.0195945945945946,0.9804054054054054,0
0.00725,0.38,0.6200000000000001,0.007250000000000001,0.01907894736842106,0.9809210526315789,0
0.00725,0.39,0.61,0.007250000000000001,0.018589743589743593,0.9814102564102564,0
0.00725,0.4,0.6000000000000001,0.007250000000000001,0.018125000000000006,0.9818749999999999,0
0.00725,0.41000000000000003,0.5900000000000001,0.007250000000000001,0.017682926829268298,0.9823170731707317,0
0.00725,0.42000000000000004,0.58,0.007250000000000001,0.017261904761904763,0.9827380952380952,0
0.00725,0.43,0.5700000000000001,0.007250000000000001,0.016860465116279075,0.983139534883721,0
0.00725,0.44,0.56,0.007250000000000001,0.016477272727272733,0.9835227272727273,0
0.00725,0.45,0.55,0.007250000000000001,0.016111111111111114,0.9838888888888889,0
0.00725,0.46,0.54,0.007250000000000001,0.015760869565217394,0.9842391304347826,0
0.00725,0.47000000000000003,0.53,0.007250000000000001,0.01542553191489362,0.9845744680851064,0
0.00725,0.48000000000000004,0.5200000000000001,0.007250000000000001,0.015104166666666674,0.9848958333333333,0
0.00725,0.49,0.51,0.007250000000000001,0.014795918367346941,0.985204081632653,0
0.00725,0.5,0.5000000000000001,0.007250000000000001,0.014500000000000006,0.9855,0
0.00725,0.51,0.48999999999999994,0.007250000000000001,0.014215686274509805,0.9857843137254902,0
0.00725,0.52,0.48,0.007250000000000001,0.013942307692307695,0.9860576923076924,0
0.00725,0.53,0.47000000000000003,0.007250000000000001,0.01367924528301887,0.9863207547169811,0
0.00725,0.54,0.46,0.007250000000000001,0.013425925925925928,0.986574074074074,0
0.00725,0.55,0.45,0.007250000000000001,0.013181818181818183,0.9868181818181818,0
0.00725,0.56,0.43999999999999995,0.007250000000000001,0.012946428571428572,0.9870535714285714,0
0.00725,0.5700000000000001,0.43,0.007250000000000001,0.012719298245614036,0.987280701754386,0
0.00725,0.5800000000000001,0.41999999999999993,0.007250000000000001,0.0125,0.9875,0
0.00725,0.59,0.41000000000000003,0.007250000000000001,0.012288135593220341,0.9877118644067796,0
0.00725,0.6,0.4,0.007250000000000001,0.012083333333333337,0.9879166666666667,0
0.00725,0.61,0.39,0.007250000000000001,0.011885245901639347,0.9881147540983607,0
0.00725,0.62,0.38,0.007250000000000001,0.011693548387096776,0.9883064516129032,0
0.00725,0.63,0.36999999999999994,0.007250000000000001,0.011507936507936507,0.9884920634920635,0
0.00725,0.64,0.36,0.007250000000000001,0.011328125000000001,0.988671875,0
0.00725,0.65,0.35,0.007250000000000001,0.011153846153846155,0.9888461538461538,0
0.00725,0.66,0.3399999999999999,0.007250000000000001,0.010984848484848484,0.9890151515151515,0
0.00725,0.67,0.32999999999999996,0.007250000000000001,0.01082089552238806,0.9891791044776119,0
0.00725,0.68,0.32,0.007250000000000001,0.010661764705882355,0.9893382352941177,0
0.00725,0.6900000000000001,0.3099999999999999,0.007250000000000001,0.010507246376811594,0.9894927536231884,0
0.00725,0.7000000000000001,0.29999999999999993,0.007250000000000001,0.010357142857142858,0.9896428571428572,0
0.00725,0.7100000000000001,0.29,0.007250000000000001,0.010211267605633805,0.9897887323943662,0
0.00725,0.72,0.28,0.007250000000000001,0.010069444444444447,0.9899305555555555,0
0.00725,0.73,0.2700000000000001,0.007250000000000001,0.009931506849315071,0.9900684931506849,0
0.00725,0.74,0.26,0.007250000000000001,0.0097972972972973,0.9902027027027027,0
0.00725,0.75,0.25,0.007250000000000001,0.009666666666666669,0.9903333333333333,0
0.00725,0.76,0.24,0.007250000000000001,0.009539473684210528,0.9904605263157895,0
0.00725,0.77,0.22999999999999995,0.007250000000000001,0.009415584415584417,0.9905844155844156,0
0.00725,0.78,0.21999999999999997,0.007250000000000001,0.009294871794871797,0.9907051282051282,0
0.00725,0.79,0.20999999999999994,0.007250000000000001,0.009177215189873418,0.9908227848101265,0
0.00725,0.8,0.19999999999999993,0.007250000000000001,0.009062500000000001,0.9909375,0
0.00725,0.81,0.18999999999999992,0.007250000000000001,0.008950617283950617,0.9910493827160494,1
0.00725,0.8200000000000001,0.17999999999999994,0.007250000000000001,0.008841463414634147,0.9911585365853659,1
0.00725,0.8300000000000001,0.16999999999999993,0.007250000000000001,0.008734939759036145,0.9912650602409638,1
0.00725,0.8400000000000001,0.15999999999999992,0.007250000000000001,0.008630952380952382,0.9913690476190476,1
0.00725,0.85,0.15000000000000002,0.007250000000000001,0.008529411764705884,0.9914705882352941,1
0.00725,0.86,0.14,0.007250000000000001,0.008430232558139536,0.9915697674418604,1
0.00725,0.87,0.13000000000000003,0.007250000000000001,0.008333333333333335,0.9916666666666667,1
0.00725,0.88,0.12,0.007250000000000001,0.008238636363636365,0.9917613636363636,1
0.00725,0.89,0.10999999999999999,0.007250000000000001,0.008146067415730339,0.9918539325842697,1
0.00725,0.9,0.09999999999999996,0.007250000000000001,0.008055555555555557,0.9919444444444444,1
0.00725,0.91,0.08999999999999996,0.007250000000000001,0.007967032967032968,0.9920329670329671,1
0.00725,0.92,0.07999999999999997,0.007250000000000001,0.007880434782608697,0.9921195652173913,1
0.00725,0.93,0.06999999999999995,0.007250000000000001,0.007795698924731183,0.9922043010752688,1
0.00725,0.9400000000000001,0.05999999999999994,0.007250000000000001,0.007712765957446809,0.9922872340425531,1
0.00725,0.9500000000000001,0.04999999999999993,0.007250000000000001,0.0076315789473684215,0.9923684210526316,1
0.00725,0.9600000000000001,0.039999999999999925,0.007250000000000001,0.007552083333333334,0.9924479166666667,1
0.00725,0.97,0.03000000000000003,0.007250000000000001,0.0074742268041237125,0.9925257731958763,1
0.00725,0.98,0.020000000000000014,0.007250000000000001,0.0073979591836734705,0.9926020408163265,1
0.00725,0.99,0.010000000000000009,0.007250000000000001,0.007323232323232324,0.9926767676767677,1
0.00725,1.0,0.0,0.007250000000000001,0.007250000000000001,0.99275,1
0.0075,0.01,0.99,0.0075,0.7499999999999993,0.25000000000000067,0
0.0075,0.02,0.9800000000000001,0.0075,0.3750000000000017,0.6249999999999982,0
0.0075,0.03,0.97,0.0075,0.24999999999999978,0.7500000000000002,0
0.0075,0.04,0.96,0.0075,0.18749999999999983,0.8125000000000002,0
0.0075,0.05,0.9499999999999998,0.0075,0.14999999999999952,0.8500000000000005,0
0.0075,0.060000000000000005,0.94,0.0075,0.12499999999999989,0.8750000000000001,0
0.0075,0.06999999999999999,0.9300000000000002,0.0075,0.10714285714285739,0.8928571428571426,0
0.0075,0.08,0.92,0.0075,0.09375000000000004,0.90625,0
0.0075,0.09,0.91,0.0075,0.08333333333333336,0.9166666666666666,0
0.0075,0.09999999999999999,0.8999999999999999,0.0075,0.07499999999999993,0.925,0
0.0075,0.11,0.89,0.0075,0.06818181818181819,0.9318181818181818,0
0.0075,0.12,0.8800000000000001,0.0075,0.06250000000000006,0.9375,0
0.0075,0.13,0.8699999999999999,0.0075,0.05769230769230764,0.9423076923076924,0
0.0075,0.14,0.86,0.0075,0.05357142857142856,0.9464285714285714,0
0.0075,0.15000000000000002,0.8500000000000001,0.0075,0.05000000000000003,0.95,0
0.0075,0.16,0.84,0.0075,0.046874999999999986,0.953125,0
0.0075,0.17,0.8300000000000001,0.0075,0.044117647058823546,0.9558823529411764,0
0.0075,0.18000000000000002,0.82,0.0075,0.04166666666666665,0.9583333333333334,0
0.0075,0.19,0.81,0.0075,0.03947368421052633,0.9605263157894737,0
0.0075,0.2,0.7999999999999999,0.0075,0.037499999999999985,0.9625,0
0.0075,0.21000000000000002,0.79,0.0075,0.03571428571428572,0.9642857142857143,0
0.0075,0.22,0.78,0.0075,0.034090909090909095,0.9659090909090909,0
0.0075,0.23,0.77,0.0075,0.03260869565217391,0.967391304347826,0
0.0075,0.24000000000000002,0.7599999999999999,0.0075,0.031249999999999986,0.96875,0
0.0075,0.25,0.7499999999999999,0.0075,0.029999999999999985,0.97,0
0.0075,0.26,0.74,0.0075,0.028846153846153844,0.9711538461538461,0
0.0075,0.27,0.73,0.0075,0.027777777777777776,0.9722222222222222,0
0.0075,0.28,0.72,0.0075,0.02678571428571428,0.9732142857142857,0
0.0075,0.29000000000000004,0.7099999999999999,0.0075,0.025862068965517227,0.9741379310344828,0
0.0075,0.3,0.7000000000000001,0.0075,0.025000000000000005,0.975,0
0.0075,0.31,0.69,0.0075,0.02419354838709677,0.9758064516129032,0
0.0075,0.32,0.6799999999999998,0.0075,0.023437499999999986,0.9765625,0
0.0075,0.33,0.6699999999999999,0.0075,0.02272727272727272,0.9772727272727273,0
0.0075,0.34,0.66,0.0075,0.022058823529411766,0.9779411764705882,0
0.0075,0.35000000000000003,0.6499999999999999,0.0075,0.021428571428571422,0.9785714285714285,0
0.0075,0.36000000000000004,0.6399999999999999,0.0075,0.020833333333333325,0.9791666666666666,0
0.0075,0.37,0.63,0.0075,0.02027027027027027,0.9797297297297297,0
0.0075,0.38,0.6200000000000001,0.0075,0.019736842105263164,0.9802631578947368,0
0.0075,0.39,0.61,0.0075,0.01923076923076923,0.9807692307692307,0
0.0075,0.4,0.6000000000000001,0.0075,0.018750000000000003,0.98125,0
0.0075,0.41000000000000003,0.5900000000000001,0.0075,0.01829268292682927,0.9817073170731707,0
0.0075,0.42000000000000004,0.58,0.0075,0.017857142857142856,0.9821428571428571,0
0.0075,0.43,0.5700000000000001,0.0075,0.017441860465116282,0.9825581395348837,0
0.0075,0.44,0.56,0.0075,0.017045454545454548,0.9829545454545454,0
0.0075,0.45,0.55,0.0075,0.016666666666666666,0.9833333333333333,0
0.0075,0.46,0.54,0.0075,0.016304347826086956,0.9836956521739131,0
0.0075,0.47000000000000003,0.53,0.0075,0.015957446808510637,0.9840425531914894,0
0.0075,0.48000000000000004,0.5200000000000001,0.0075,0.015625000000000003,0.984375,0
0.0075,0.49,0.51,0.0075,0.015306122448979591,0.9846938775510204,0
0.0075,0.5,0.5000000000000001,0.0075,0.015000000000000003,0.985,0
0.0075,0.51,0.48999999999999994,0.0075,0.014705882352941176,0.9852941176470589,0
0.0075,0.52,0.48,0.0075,0.014423076923076922,0.9855769230769231,0
0.0075,0.53,0.47000000000000003,0.0075,0.014150943396226414,0.9858490566037735,0
0.0075,0.54,0.46,0.0075,0.013888888888888888,0.9861111111111112,0
0.0075,0.55,0.45,0.0075,0.013636363636363634,0.9863636363636363,0
0.0075,0.56,0.43999999999999995,0.0075,0.01339285714285714,0.9866071428571429,0
0.0075,0.5700000000000001,0.43,0.0075,0.013157894736842103,0.9868421052631579,0
0.0075,0.5800000000000001,0.41999999999999993,0.0075,0.012931034482758619,0.9870689655172413,0
0.0075,0.59,0.41000000000000003,0.0075,0.012711864406779662,0.9872881355932204,0
0.0075,0.6,0.4,0.0075,0.0125,0.9875,0
0.0075,0.61,0.39,0.0075,0.012295081967213115,0.9877049180327869,0
0.0075,0.62,0.38,0.0075,0.012096774193548387,0.9879032258064516,0
0.0075,0.63,0.36999999999999994,0.0075,0.011904761904761902,0.9880952380952381,0
0.0075,0.64,0.36,0.0075,0.01171875,0.98828125,0
0.0075,0.65,0.35,0.0075,0.011538461538461537,0.9884615384615385,0
0.0075,0.66,0.3399999999999999,0.0075,0.01136363636363636,0.9886363636363636,0
0.0075,0.67,0.32999999999999996,0.0075,0.011194029850746268,0.9888059701492538,0
0.0075,0.68,0.32,0.0075,0.011029411764705883,0.9889705882352942,0
0.0075,0.6900000000000001,0.3099999999999999,0.0075,0.0108695652173913,0.9891304347826086,0
0.0075,0.7000000000000001,0.29999999999999993,0.0075,0.010714285714285713,0.9892857142857143,0
0.0075,0.7100000000000001,0.29,0.0075,0.01056338028169014,0.9894366197183099,0
0.0075,0.72,0.28,0.0075,0.010416666666666666,0.9895833333333334,0
0.0075,0.73,0.2700000000000001,0.0075,0.010273972602739725,0.9897260273972602,0
0.0075,0.74,0.26,0.0075,0.010135135135135136,0.9898648648648649,0
0.0075,0.75,0.25,0.0075,0.01,0.99,0
0.0075,0.76,0.24,0.0075,0.009868421052631578,0.9901315789473685,0
0.0075,0.77,0.22999999999999995,0.0075,0.00974025974025974,0.9902597402597403,0
0.0075,0.78,0.21999999999999997,0.0075,0.009615384615384614,0.9903846153846154,0
0.0075,0.79,0.20999999999999994,0.0075,0.009493670886075948,0.990506329113924,0
0.0075,0.8,0.19999999999999993,0.0075,0.009375,0.990625,0
0.0075,0.81,0.18999999999999992,0.0075,0.009259259259259259,0.9907407407407407,0
0.0075,0.8200000000000001,0.17999999999999994,0.0075,0.009146341463414634,0.9908536585365854,0
0.0075,0.8300000000000001,0.16999999999999993,0.0075,0.009036144578313253,0.9909638554216867,0
0.0075,0.8400000000000001,0.15999999999999992,0.0075,0.008928571428571428,0.9910714285714286,1
0.0075,0.85,0.15000000000000002,0.0075,0.008823529411764706,0.9911764705882353,1
0.0075,0.86,0.14,0.0075,0.00872093023255814,0.9912790697674418,1
0.0075,0.87,0.13000000000000003,0.0075,0.008620689655172414,0.9913793103448276,1
0.0075,0.88,0.12,0.0075,0.008522727272727272,0.9914772727272727,1
0.0075,0.89,0.10999999999999999,0.0075,0.008426966292134831,0.9915730337078652,1
0.0075,0.9,0.09999999999999996,0.0075,0.008333333333333333,0.9916666666666667,1
0.0075,0.91,0.08999999999999996,0.0075,0.008241758241758242,0.9917582417582418,1
0.0075,0.92,0.07999999999999997,0.0075,0.008152173913043478,0.9918478260869565,1
0.0075,0.93,0.06999999999999995,0.0075,0.008064516129032258,0.9919354838709677,1
0.0075,0.9400000000000001,0.05999999999999994,0.0075,0.007978723404255319,0.9920212765957447,1
0.0075,0.9500000000000001,0.04999999999999993,0.0075,0.007894736842105262,0.9921052631578947,1
0.0075,0.9600000000000001,0.039999999999999925,0.0075,0.007812499999999999,0.9921875,1
0.0075,0.97,0.03000000000000003,0.0075,0.007731958762886598,0.9922680412371134,1
0.0075,0.98,0.020000000000000014,0.0075,0.007653061224489796,0.9923469387755102,1
0.0075,0.99,0.010000000000000009,0.0075,0.007575757575757576,0.9924242424242424,1
0.0075,1.0,0.0,0.0075,0.0075,0.9925,1
0.00775,0.01,0.99,0.007749999999999999,0.7749999999999992,0.22500000000000075,0
0.00775,0.02,0.9800000000000001,0.007749999999999999,0.3875000000000018,0.6124999999999983,0
0.00775,0.03,0.97,0.007749999999999999,0.2583333333333331,0.7416666666666669,0
0.00775,0.04,0.96,0.007749999999999999,0.1937499999999998,0.8062500000000001,0
0.00775,0.05,0.9499999999999998,0.007749999999999999,0.1549999999999995,0.8450000000000005,0
0.00775,0.060000000000000005,0.94,0.007749999999999999,0.12916666666666654,0.8708333333333335,0
0.00775,0.06999999999999999,0.9300000000000002,0.007749999999999999,0.11071428571428596,0.889285714285714,0
0.00775,0.08,0.92,0.007749999999999999,0.09687500000000003,0.903125,0
0.00775,0.09,0.91,0.007749999999999999,0.08611111111111112,0.9138888888888889,0
0.00775,0.09999999999999999,0.8999999999999999,0.007749999999999999,0.07749999999999992,0.9225000000000001,0
0.00775,0.11,0.89,0.007749999999999999,0.07045454545454545,0.9295454545454546,0
0.00775,0.12,0.8800000000000001,0.007749999999999999,0.06458333333333338,0.9354166666666666,0
0.00775,0.13,0.8699999999999999,0.007749999999999999,0.059615384615384556,0.9403846153846155,0
0.00775,0.14,0.86,0.007749999999999999,0.05535714285714285,0.9446428571428571,0
0.00775,0.15000000000000002,0.8500000000000001,0.007749999999999999,0.051666666666666694,0.9483333333333333,0
0.00775,0.16,0.84,0.007749999999999999,0.04843749999999999,0.9515625,0
0.00775,0.17,0.8300000000000001,0.007749999999999999,0.04558823529411766,0.9544117647058823,0
0.00775,0.18000000000000002,0.82,0.007749999999999999,0.04305555555555554,0.9569444444444445,0
0.00775,0.19,0.81,0.007749999999999999,0.040789473684210535,0.9592105263157895,0
0.00775,0.2,0.7999999999999999,0.007749999999999999,0.038749999999999986,0.96125,0
0.00775,0.21000000000000002,0.79,0.007749999999999999,0.036904761904761905,0.9630952380952381,0
0.00775,0.22,0.78,0.007749999999999999,0.035227272727272725,0.9647727272727272,0
0.00775,0.23,0.77,0.007749999999999999,0.03369565217391304,0.966304347826087,0
0.00775,0.24000000000000002,0.7599999999999999,0.007749999999999999,0.03229166666666665,0.9677083333333334,0
0.00775,0.25,0.7499999999999999,0.007749999999999999,0.030999999999999982,0.969,0
0.00775,0.26,0.74,0.007749999999999999,0.029807692307692302,0.9701923076923077,0
0.00775,0.27,0.73,0.007749999999999999,0.0287037037037037,0.9712962962962963,0
0.00775,0.28,0.72,0.007749999999999999,0.027678571428571424,0.9723214285714286,0
0.00775,0.29000000000000004,0.7099999999999999,0.007749999999999999,0.026724137931034467,0.9732758620689655,0
0.00775,0.3,0.7000000000000001,0.007749999999999999,0.025833333333333337,0.9741666666666666,0
0.00775,0.31,0.69,0.007749999999999999,0.024999999999999994,0.975,0
0.00775,0.32,0.6799999999999998,0.007749999999999999,0.024218749999999983,0.97578125,0
0.00775,0.33,0.6699999999999999,0.007749999999999999,0.023484848484848476,0.9765151515151516,0
0.00775,0.34,0.66,0.007749999999999999,0.022794117647058822,0.9772058823529411,0
0.00775,0.35000000000000003,0.6499999999999999,0.007749999999999999,0.022142857142857134,0.9778571428571429,0
0.00775,0.36000000000000004,0.6399999999999999,0.007749999999999999,0.02152777777777777,0.9784722222222222,0
0.00775,0.37,0.63,0.007749999999999999,0.020945945945945944,0.9790540540540541,0
0.00775,0.38,0.6200000000000001,0.007749999999999999,0.020394736842105268,0.9796052631578948,0
0.00775,0.39,0.61,0.007749999999999999,0.019871794871794867,0.9801282051282051,0
0.00775,0.4,0.6000000000000001,0.007749999999999999,0.019375000000000003,0.980625,0
0.00775,0.41000000000000003,0.5900000000000001,0.007749999999999999,0.018902439024390247,0.9810975609756097,0
0.00775,0.42000000000000004,0.58,0.007749999999999999,0.01845238095238095,0.981547619047619,0
0.00775,0.43,0.5700000000000001,0.007749999999999999,0.01802325581395349,0.9819767441860465,0
0.00775,0.44,0.56,0.007749999999999999,0.017613636363636363,0.9823863636363637,0
0.00775,0.45,0.55,0.007749999999999999,0.017222222222222222,0.9827777777777778,0
0.00775,0.46,0.54,0.007749999999999999,0.01684782608695652,0.9831521739130434,0
0.00775,0.47000000000000003,0.53,0.007749999999999999,0.01648936170212766,0.9835106382978723,0
0.00775,0.48000000000000004,0.5200000000000001,0.007749999999999999,0.016145833333333335,0.9838541666666667,0
0.00775,0.49,0.51,0.007749999999999999,0.015816326530612244,0.9841836734693877,0
0.00775,0.5,0.5000000000000001,0.007749999999999999,0.015500000000000002,0.9845,0
0.00775,0.51,0.48999999999999994,0.007749999999999999,0.015196078431372547,0.9848039215686275,0
0.00775,0.52,0.48,0.007749999999999999,0.014903846153846151,0.9850961538461539,0
0.00775,0.53,0.47000000000000003,0.007749999999999999,0.014622641509433959,0.9853773584905661,0
0.00775,0.54,0.46,0.007749999999999999,0.01435185185185185,0.9856481481481482,0
0.00775,0.55,0.45,0.007749999999999999,0.014090909090909088,0.985909090909091,0
0.00775,0.56,0.43999999999999995,0.007749999999999999,0.013839285714285712,0.9861607142857143,0
0.00775,0.5700000000000001,0.43,0.007749999999999999,0.013596491228070173,0.9864035087719298,0
0.00775,0.5800000000000001,0.41999999999999993,0.007749999999999999,0.013362068965517239,0.9866379310344827,0
0.00775,0.59,0.41000000000000003,0.007749999999999999,0.013135593220338982,0.986864406779661,0
0.00775,0.6,0.4,0.007749999999999999,0.012916666666666665,0.9870833333333333,0
0.00775,0.61,0.39,0.007749999999999999,0.012704918032786883,0.9872950819672132,0
0.00775,0.62,0.38,0.007749999999999999,0.012499999999999999,0.9875,0
0.00775,0.63,0.36999999999999994,0.007749999999999999,0.012301587301587298,0.9876984126984127,0
0.00775,0.64,0.36,0.007749999999999999,0.012109374999999999,0.987890625,0
0.00775,0.65,0.35,0.007749999999999999,0.011923076923076922,0.9880769230769231,0
0.00775,0.66,0.3399999999999999,0.007749999999999999,0.011742424242424238,0.9882575757575758,0
0.00775,0.67,0.32999999999999996,0.007749999999999999,0.011567164179104476,0.9884328358208955,0
0.00775,0.68,0.32,0.007749999999999999,0.011397058823529411,0.9886029411764706,0
0.00775,0.6900000000000001,0.3099999999999999,0.007749999999999999,0.011231884057971011,0.988768115942029,0
0.00775,0.7000000000000001,0.29999999999999993,0.007749999999999999,0.011071428571428569,0.9889285714285714,0
0.00775,0.7100000000000001,0.29,0.007749999999999999,0.010915492957746478,0.9890845070422535,0
0.00775,0.72,0.28,0.007749999999999999,0.010763888888888889,0.9892361111111111,0
0.00775,0.73,0.2700000000000001,0.007749999999999999,0.010616438356164383,0.9893835616438356,0
0.00775,0.74,0.26,0.007749999999999999,0.010472972972972972,0.989527027027027,0
0.00775,0.75,0.25,0.007749999999999999,0.010333333333333332,0.9896666666666667,0
0.00775,0.76,0.24,0.007749999999999999,0.01019736842105263,0.9898026315789473,0
0.00775,0.77,0.22999999999999995,0.007749999999999999,0.010064935064935063,0.9899350649350649,0
0.00775,0.78,0.21999999999999997,0.007749999999999999,0.009935897435897434,0.9900641025641026,0
0.00775,0.79,0.20999999999999994,0.007749999999999999,0.00981012658227848,0.9901898734177215,0
0.00775,0.8,0.19999999999999993,0.007749999999999999,0.009687499999999998,0.9903125,0
0.00775,0.81,0.18999999999999992,0.007749999999999999,0.0095679012345679,0.9904320987654321,0
0.00775,0.8200000000000001,0.17999999999999994,0.007749999999999999,0.00945121951219512,0.9905487804878049,0
0.00775,0.8300000000000001,0.16999999999999993,0.007749999999999999,0.00933734939759036,0.9906626506024097,0
0.00775,0.8400000000000001,0.15999999999999992,0.007749999999999999,0.009226190476190475,0.9907738095238096,0
0.00775,0.85,0.15000000000000002,0.007749999999999999,0.009117647058823529,0.9908823529411764,0
0.00775,0.86,0.14,0.007749999999999999,0.009011627906976743,0.9909883720930233,0
0.00775,0.87,0.13000000000000003,0.007749999999999999,0.008908045977011492,0.9910919540229886,1
0.00775,0.88,0.12,0.007749999999999999,0.008806818181818181,0.9911931818181818,1
0.00775,0.89,0.10999999999999999,0.007749999999999999,0.008707865168539325,0.9912921348314607,1
0.00775,0.9,0.09999999999999996,0.007749999999999999,0.00861111111111111,0.9913888888888889,1
0.00775,0.91,0.08999999999999996,0.007749999999999999,0.008516483516483516,0.9914835164835165,1
0.00775,0.92,0.07999999999999997,0.007749999999999999,0.008423913043478259,0.9915760869565218,1
0.00775,0.93,0.06999999999999995,0.007749999999999999,0.008333333333333331,0.9916666666666667,1
0.00775,0.9400000000000001,0.05999999999999994,0.007749999999999999,0.008244680851063828,0.9917553191489362,1
0.00775,0.9500000000000001,0.04999999999999993,0.007749999999999999,0.008157894736842104,0.9918421052631579,1
0.00775,0.9600000000000001,0.039999999999999925,0.007749999999999999,0.008072916666666666,0.9919270833333333,1
0.00775,0.97,0.03000000000000003,0.007749999999999999,0.007989690721649484,0.9920103092783505,1
0.00775,0.98,0.020000000000000014,0.007749999999999999,0.007908163265306122,0.9920918367346939,1
0.00775,0.99,0.010000000000000009,0.007749999999999999,0.007828282828282827,0.9921717171717171,1
0.00775,1.0,0.0,0.007749999999999999,0.007749999999999999,0.99225,1
0.008,0.01,0.99,0.008,0.7999999999999993,0.20000000000000073,0
0.008,0.02,0.9800000000000001,0.008,0.40000000000000185,0.5999999999999981,0
0.008,0.03,0.97,0.008,0.26666666666666644,0.7333333333333336,0
0.008,0.04,0.96,0.008,0.19999999999999982,0.8000000000000002,0
0.008,0.05,0.9499999999999998,0.008,0.1599999999999995,0.8400000000000005,0
0.008,0.060000000000000005,0.94,0.008,0.13333333333333322,0.8666666666666668,0
0.008,0.06999999999999999,0.9300000000000002,0.008,0.11428571428571455,0.8857142857142855,0
0.008,0.08,0.92,0.008,0.10000000000000005,0.8999999999999999,0
0.008,0.09,0.91,0.008,0.08888888888888892,0.9111111111111111,0
0.008,0.09999999999999999,0.8999999999999999,0.008,0.07999999999999993,0.92,0
0.008,0.11,0.89,0.008,0.07272727272727274,0.9272727272727272,0
0.008,0.12,0.8800000000000001,0.008,0.06666666666666674,0.9333333333333332,0
0.008,0.13,0.8699999999999999,0.008,0.061538461538461486,0.9384615384615385,0
0.008,0.14,0.86,0.008,0.05714285714285714,0.9428571428571428,0
0.008,0.15000000000000002,0.8500000000000001,0.008,0.053333333333333365,0.9466666666666667,0
0.008,0.16,0.84,0.008,0.04999999999999999,0.95,0
0.008,0.17,0.8300000000000001,0.008,0.047058823529411785,0.9529411764705882,0
0.008,0.18000000000000002,0.82,0.008,0.04444444444444443,0.9555555555555556,0
0.008,0.19,0.81,0.008,0.04210526315789475,0.9578947368421052,0
0.008,0.2,0.7999999999999999,0.008,0.03999999999999999,0.96,0
0.008,0.21000000000000002,0.79,0.008,0.038095238095238106,0.9619047619047619,0
0.008,0.22,0.78,0.008,0.03636363636363637,0.9636363636363636,0
0.008,0.23,0.77,0.008,0.034782608695652174,0.9652173913043478,0
0.008,0.24000000000000002,0.7599999999999999,0.008,0.03333333333333332,0.9666666666666667,0
0.008,0.25,0.7499999999999999,0.008,0.03199999999999999,0.968,0
0.008,0.26,0.74,0.008,0.030769230769230767,0.9692307692307692,0
0.008,0.27,0.73,0.008,0.029629629629629627,0.9703703703703703,0
0.008,0.28,0.72,0.008,0.02857142857142857,0.9714285714285714,0
0.008,0.29000000000000004,0.7099999999999999,0.008,0.02758620689655171,0.9724137931034483,0
0.008,0.3,0.7000000000000001,0.008,0.026666666666666672,0.9733333333333334,0
0.008,0.31,0.69,0.008,0.025806451612903222,0.9741935483870968,0
0.008,0.32,0.6799999999999998,0.008,0.024999999999999988,0.975,0
0.008,0.33,0.6699999999999999,0.008,0.02424242424242424,0.9757575757575757,0
0.008,0.34,0.66,0.008,0.023529411764705885,0.9764705882352941,0
0.008,0.35000000000000003,0.6499999999999999,0.008,0.02285714285714285,0.9771428571428572,0
0.008,0.36000000000000004,0.6399999999999999,0.008,0.022222222222222216,0.9777777777777777,0
0.008,0.37,0.63,0.008,0.021621621621621623,0.9783783783783784,0
0.008,0.38,0.6200000000000001,0.008,0.021052631578947375,0.9789473684210527,0
0.008,0.39,0.61,0.008,0.020512820512820513,0.9794871794871794,0
0.008,0.4,0.6000000000000001,0.008,0.020000000000000004,0.98,0
0.008,0.41000000000000003,0.5900000000000001,0.008,0.019512195121951223,0.9804878048780488,0
0.008,0.42000000000000004,0.58,0.008,0.019047619047619046,0.9809523809523809,0
0.008,0.43,0.5700000000000001,0.008,0.0186046511627907,0.9813953488372092,0
0.008,0.44,0.56,0.008,0.018181818181818184,0.9818181818181818,0
0.008,0.45,0.55,0.008,0.01777777777777778,0.9822222222222222,0
0.008,0.46,0.54,0.008,0.017391304347826087,0.9826086956521739,0
0.008,0.47000000000000003,0.53,0.008,0.01702127659574468,0.9829787234042553,0
0.008,0.48000000000000004,0.5200000000000001,0.008,0.01666666666666667,0.9833333333333333,0
0.008,0.49,0.51,0.008,0.0163265306122449,0.9836734693877551,0
0.008,0.5,0.5000000000000001,0.008,0.016000000000000004,0.984,0
0.008,0.51,0.48999999999999994,0.008,0.01568627450980392,0.9843137254901961,0
0.008,0.52,0.48,0.008,0.015384615384615384,0.9846153846153847,0
0.008,0.53,0.47000000000000003,0.008,0.01509433962264151,0.9849056603773585,0
0.008,0.54,0.46,0.008,0.014814814814814814,0.9851851851851852,0
0.008,0.55,0.45,0.008,0.014545454545454545,0.9854545454545455,0
0.008,0.56,0.43999999999999995,0.008,0.014285714285714285,0.9857142857142858,0
0.008,0.5700000000000001,0.43,0.008,0.014035087719298244,0.9859649122807017,0
0.008,0.5800000000000001,0.41999999999999993,0.008,0.01379310344827586,0.9862068965517241,0
0.008,0.59,0.41000000000000003,0.008,0.013559322033898306,0.9864406779661017,0
0.008,0.6,0.4,0.008,0.013333333333333334,0.9866666666666667,0
0.008,0.61,0.39,0.008,0.013114754098360656,0.9868852459016394,0
0.008,0.62,0.38,0.008,0.012903225806451613,0.9870967741935484,0
0.008,0.63,0.36999999999999994,0.008,0.012698412698412697,0.9873015873015873,0
0.008,0.64,0.36,0.008,0.0125,0.9875,0
0.008,0.65,0.35,0.008,0.012307692307692308,0.9876923076923076,0
0.008,0.66,0.3399999999999999,0.008,0.01212121212121212,0.9878787878787879,0
0.008,0.67,0.32999999999999996,0.008,0.011940298507462687,0.9880597014925373,0
0.008,0.68,0.32,0.008,0.011764705882352943,0.9882352941176471,0
0.008,0.6900000000000001,0.3099999999999999,0.008,0.011594202898550721,0.9884057971014493,0
0.008,0.7000000000000001,0.29999999999999993,0.008,0.011428571428571429,0.9885714285714285,0
0.008,0.7100000000000001,0.29,0.008,0.011267605633802818,0.9887323943661972,0
0.008,0.72,0.28,0.008,0.011111111111111112,0.9888888888888889,0
0.008,0.73,0.2700000000000001,0.008,0.010958904109589041,0.989041095890411,0
0.008,0.74,0.26,0.008,0.010810810810810811,0.9891891891891892,0
0.008,0.75,0.25,0.008,0.010666666666666666,0.9893333333333333,0
0.008,0.76,0.24,0.008,0.010526315789473684,0.9894736842105263,0
0.008,0.77,0.22999999999999995,0.008,0.01038961038961039,0.9896103896103896,0
0.008,0.78,0.21999999999999997,0.008,0.010256410256410256,0.9897435897435898,0
0.008,0.79,0.20999999999999994,0.008,0.010126582278481013,0.9898734177215189,0
0.008,0.8,0.19999999999999993,0.008,0.01,0.99,0
0.008,0.81,0.18999999999999992,0.008,0.009876543209876543,0.9901234567901235,0
0.008,0.8200000000000001,0.17999999999999994,0.008,0.00975609756097561,0.9902439024390244,0
0.008,0.8300000000000001,0.16999999999999993,0.008,0.009638554216867469,0.9903614457831326,0
0.008,0.8400000000000001,0.15999999999999992,0.008,0.009523809523809523,0.9904761904761905,0
0.008,0.85,0.15000000000000002,0.008,0.009411764705882354,0.9905882352941177,0
0.008,0.86,0.14,0.008,0.009302325581395349,0.9906976744186047,0
0.008,0.87,0.13000000000000003,0.008,0.009195402298850575,0.9908045977011495,0
0.008,0.88,0.12,0.008,0.00909090909090909,0.990909090909091,0
0.008,0.89,0.10999999999999999,0.008,0.008988764044943821,0.9910112359550561,1
0.008,0.9,0.09999999999999996,0.008,0.008888888888888889,0.9911111111111112,1
0.008,0.91,0.08999999999999996,0.008,0.008791208791208791,0.9912087912087912,1
0.008,0.92,0.07999999999999997,0.008,0.008695652173913044,0.991304347826087,1
0.008,0.93,0.06999999999999995,0.008,0.008602150537634409,0.9913978494623656,1
0.008,0.9400000000000001,0.05999999999999994,0.008,0.00851063829787234,0.9914893617021276,1
0.008,0.9500000000000001,0.04999999999999993,0.008,0.008421052631578947,0.991578947368421,1
0.008,0.9600000000000001,0.039999999999999925,0.008,0.008333333333333333,0.9916666666666667,1
0.008,0.97,0.03000000000000003,0.008,0.008247422680412371,0.9917525773195877,1
0.008,0.98,0.020000000000000014,0.008,0.00816326530612245,0.9918367346938776,1
0.008,0.99,0.010000000000000009,0.008,0.00808080808080808,0.9919191919191919,1
0.008,1.0,0.0,0.008,0.008,0.992,1
0.00825,0.01,0.99,0.00825,0.8249999999999993,0.1750000000000007,0
0.00825,0.02,0.9800000000000001,0.00825,0.4125000000000019,0.5874999999999981,0
0.00825,0.03,0.97,0.00825,0.27499999999999974,0.7250000000000003,0
0.00825,0.04,0.96,0.00825,0.20624999999999982,0.7937500000000002,0
0.00825,0.05,0.9499999999999998,0.00825,0.1649999999999995,0.8350000000000005,0
0.00825,0.060000000000000005,0.94,0.00825,0.13749999999999987,0.8625000000000002,0
0.00825,0.06999999999999999,0.9300000000000002,0.00825,0.11785714285714313,0.8821428571428569,0
0.00825,0.08,0.92,0.00825,0.10312500000000005,0.896875,0
0.00825,0.09,0.91,0.00825,0.0916666666666667,0.9083333333333333,0
0.00825,0.09999999999999999,0.8999999999999999,0.00825,0.08249999999999993,0.9175000000000001,0
0.00825,0.11,0.89,0.00825,0.07500000000000001,0.925,0
0.00825,0.12,0.8800000000000001,0.00825,0.06875000000000007,0.9312499999999999,0
0.00825,0.13,0.8699999999999999,0.00825,0.0634615384615384,0.9365384615384615,0
0.00825,0.14,0.86,0.00825,0.05892857142857143,0.9410714285714286,0
0.00825,0.15000000000000002,0.8500000000000001,0.00825,0.055000000000000035,0.945,0
0.00825,0.16,0.84,0.00825,0.05156249999999999,0.9484375,0
0.00825,0.17,0.8300000000000001,0.00825,0.048529411764705904,0.9514705882352941,0
0.00825,0.18000000000000002,0.82,0.00825,0.04583333333333332,0.9541666666666667,0
0.00825,0.19,0.81,0.00825,0.043421052631578964,0.9565789473684211,0
0.00825,0.2,0.7999999999999999,0.00825,0.04124999999999999,0.95875,0
0.00825,0.21000000000000002,0.79,0.00825,0.03928571428571429,0.9607142857142857,0
0.00825,0.22,0.78,0.00825,0.037500000000000006,0.9625,0
0.00825,0.23,0.77,0.00825,0.035869565217391305,0.9641304347826087,0
0.00825,0.24000000000000002,0.7599999999999999,0.00825,0.03437499999999999,0.965625,0
0.00825,0.25,0.7499999999999999,0.00825,0.03299999999999999,0.967,0
0.00825,0.26,0.74,0.00825,0.03173076923076923,0.9682692307692308,0
0.00825,0.27,0.73,0.00825,0.030555555555555555,0.9694444444444444,0
0.00825,0.28,0.72,0.00825,0.029464285714285714,0.9705357142857143,0
0.00825,0.29000000000000004,0.7099999999999999,0.00825,0.028448275862068953,0.971551724137931,0
0.00825,0.3,0.7000000000000001,0.00825,0.027500000000000007,0.9725,0
0.00825,0.31,0.69,0.00825,0.026612903225806447,0.9733870967741935,0
0.00825,0.32,0.6799999999999998,0.00825,0.025781249999999988,0.97421875,0
0.00825,0.33,0.6699999999999999,0.00825,0.024999999999999994,0.975,0
0.00825,0.34,0.66,0.00825,0.024264705882352945,0.975735294117647,0
0.00825,0.35000000000000003,0.6499999999999999,0.00825,0.023571428571428566,0.9764285714285714,0
0.00825,0.36000000000000004,0.6399999999999999,0.00825,0.02291666666666666,0.9770833333333333,0
0.00825,0.37,0.63,0.00825,0.0222972972972973,0.9777027027027027,0
0.00825,0.38,0.6200000000000001,0.00825,0.021710526315789482,0.9782894736842105,0
0.00825,0.39,0.61,0.00825,0.021153846153846155,0.9788461538461538,0
0.00825,0.4,0.6000000000000001,0.00825,0.020625000000000004,0.979375,0
0.00825,0.41000000000000003,0.5900000000000001,0.00825,0.0201219512195122,0.9798780487804878,0
0.00825,0.42000000000000004,0.58,0.00825,0.019642857142857142,0.9803571428571428,0
0.00825,0.43,0.5700000000000001,0.00825,0.019186046511627912,0.9808139534883721,0
0.00825,0.44,0.56,0.00825,0.018750000000000003,0.98125,0
0.00825,0.45,0.55,0.00825,0.018333333333333337,0.9816666666666667,0
0.00825,0.46,0.54,0.00825,0.017934782608695653,0.9820652173913044,0
0.00825,0.47000000000000003,0.53,0.00825,0.017553191489361703,0.9824468085106383,0
0.00825,0.48000000000000004,0.5200000000000001,0.00825,0.017187500000000005,0.9828125,0
0.00825,0.49,0.51,0.00825,0.01683673469387755,0.9831632653061224,0
0.00825,0.5,0.5000000000000001,0.00825,0.016500000000000004,0.9835,0
0.00825,0.51,0.48999999999999994,0.00825,0.016176470588235296,0.9838235294117647,0
0.00825,0.52,0.48,0.00825,0.015865384615384615,0.9841346153846153,0
0.00825,0.53,0.47000000000000003,0.00825,0.015566037735849057,0.9844339622641509,0
0.00825,0.54,0.46,0.00825,0.015277777777777777,0.9847222222222223,0
0.00825,0.55,0.45,0.00825,0.015,0.985,0
0.00825,0.56,0.43999999999999995,0.00825,0.014732142857142857,0.9852678571428571,0
0.00825,0.5700000000000001,0.43,0.00825,0.014473684210526316,0.9855263157894737,0
0.00825,0.5800000000000001,0.41999999999999993,0.00825,0.014224137931034482,0.9857758620689655,0
0.00825,0.59,0.41000000000000003,0.00825,0.013983050847457629,0.9860169491525423,0
0.00825,0.6,0.4,0.00825,0.013750000000000002,0.98625,0
0.00825,0.61,0.39,0.00825,0.013524590163934426,0.9864754098360655,0
0.00825,0.62,0.38,0.00825,0.013306451612903227,0.9866935483870968,0
0.00825,0.63,0.36999999999999994,0.00825,0.013095238095238094,0.986904761904762,0
0.00825,0.64,0.36,0.00825,0.012890625000000001,0.987109375,0
0.00825,0.65,0.35,0.00825,0.012692307692307692,0.9873076923076923,0
0.00825,0.66,0.3399999999999999,0.00825,0.012499999999999997,0.9875,0
0.00825,0.67,0.32999999999999996,0.00825,0.012313432835820896,0.9876865671641791,0
0.00825,0.68,0.32,0.00825,0.012132352941176473,0.9878676470588236,0
0.00825,0.6900000000000001,0.3099999999999999,0.00825,0.011956521739130432,0.9880434782608696,0
0.00825,0.7000000000000001,0.29999999999999993,0.00825,0.011785714285714285,0.9882142857142857,0
0.00825,0.7100000000000001,0.29,0.00825,0.011619718309859157,0.9883802816901408,0
0.00825,0.72,0.28,0.00825,0.011458333333333334,0.9885416666666667,0
0.00825,0.73,0.2700000000000001,0.00825,0.011301369863013699,0.9886986301369863,0
0.00825,0.74,0.26,0.00825,0.01114864864864865,0.9888513513513514,0
0.00825,0.75,0.25,0.00825,0.011000000000000001,0.989,0
0.00825,0.76,0.24,0.00825,0.010855263157894738,0.9891447368421052,0
0.00825,0.77,0.22999999999999995,0.00825,0.010714285714285714,0.9892857142857143,0
0.00825,0.78,0.21999999999999997,0.00825,0.010576923076923078,0.989423076923077,0
0.00825,0.79,0.20999999999999994,0.00825,0.010443037974683544,0.9895569620253164,0
0.00825,0.8,0.19999999999999993,0.00825,0.0103125,0.9896875,0
0.00825,0.81,0.18999999999999992,0.00825,0.010185185185185184,0.9898148148148148,0
0.00825,0.8200000000000001,0.17999999999999994,0.00825,0.010060975609756098,0.989939024390244,0
0.00825,0.8300000000000001,0.16999999999999993,0.00825,0.009939759036144578,0.9900602409638555,0
0.00825,0.8400000000000001,0.15999999999999992,0.00825,0.009821428571428571,0.9901785714285715,0
0.00825,0.85,0.15000000000000002,0.00825,0.009705882352941177,0.9902941176470588,0
0.00825,0.86,0.14,0.00825,0.009593023255813954,0.9904069767441861,0
0.00825,0.87,0.13000000000000003,0.00825,0.009482758620689655,0.9905172413793103,0
0.00825,0.88,0.12,0.00825,0.009375,0.990625,0
0.00825,0.89,0.10999999999999999,0.00825,0.009269662921348315,0.9907303370786517,0
0.00825,0.9,0.09999999999999996,0.00825,0.009166666666666667,0.9908333333333333,0
0.00825,0.91,0.08999999999999996,0.00825,0.009065934065934067,0.990934065934066,0
0.00825,0.92,0.07999999999999997,0.00825,0.008967391304347826,0.9910326086956521,1
0.00825,0.93,0.06999999999999995,0.00825,0.008870967741935484,0.9911290322580645,1
0.00825,0.9400000000000001,0.05999999999999994,0.00825,0.008776595744680852,0.9912234042553192,1
0.00825,0.9500000000000001,0.04999999999999993,0.00825,0.008684210526315789,0.9913157894736843,1
0.00825,0.9600000000000001,0.039999999999999925,0.00825,0.008593749999999999,0.99140625,1
0.00825,0.97,0.03000000000000003,0.00825,0.008505154639175259,0.9914948453608248,1
0.00825,0.98,0.020000000000000014,0.00825,0.008418367346938776,0.9915816326530612,1
0.00825,0.99,0.010000000000000009,0.00825,0.008333333333333333,0.9916666666666667,1
0.00825,1.0,0.0,0.00825,0.00825,0.99175,1
0.0085,0.01,0.99,0.0085,0.8499999999999993,0.1500000000000007,0
0.0085,0.02,0.9800000000000001,0.0085,0.425000000000002,0.574999999999998,0
0.0085,0.03,0.97,0.0085,0.2833333333333331,0.7166666666666669,0
0.0085,0.04,0.96,0.0085,0.21249999999999983,0.7875000000000002,0
0.0085,0.05,0.9499999999999998,0.0085,0.16999999999999948,0.8300000000000005,0
0.0085,0.060000000000000005,0.94,0.0085,0.14166666666666655,0.8583333333333334,0
0.0085,0.06999999999999999,0.9300000000000002,0.0085,0.12142857142857172,0.8785714285714283,0
0.0085,0.08,0.92,0.0085,0.10625000000000007,0.8937499999999999,0
0.0085,0.09,0.91,0.0085,0.09444444444444448,0.9055555555555556,0
0.0085,0.09999999999999999,0.8999999999999999,0.0085,0.08499999999999994,0.915,0
0.0085,0.11,0.89,0.0085,0.07727272727272728,0.9227272727272727,0
0.0085,0.12,0.8800000000000001,0.0085,0.0708333333333334,0.9291666666666666,0
0.0085,0.13,0.8699999999999999,0.0085,0.06538461538461533,0.9346153846153846,0
0.0085,0.14,0.86,0.0085,0.060714285714285714,0.9392857142857143,0
0.0085,0.15000000000000002,0.8500000000000001,0.0085,0.056666666666666705,0.9433333333333332,0
0.0085,0.16,0.84,0.0085,0.05312499999999999,0.946875,0
0.0085,0.17,0.8300000000000001,0.0085,0.050000000000000024,0.95,0
0.0085,0.18000000000000002,0.82,0.0085,0.047222222222222214,0.9527777777777778,0
0.0085,0.19,0.81,0.0085,0.04473684210526317,0.9552631578947368,0
0.0085,0.2,0.7999999999999999,0.0085,0.04249999999999999,0.9575,0
0.0085,0.21000000000000002,0.79,0.0085,0.040476190476190485,0.9595238095238096,0
0.0085,0.22,0.78,0.0085,0.03863636363636364,0.9613636363636363,0
0.0085,0.23,0.77,0.0085,0.036956521739130443,0.9630434782608696,0
0.0085,0.24000000000000002,0.7599999999999999,0.0085,0.03541666666666665,0.9645833333333333,0
0.0085,0.25,0.7499999999999999,0.0085,0.03399999999999999,0.966,0
0.0085,0.26,0.74,0.0085,0.032692307692307694,0.9673076923076923,0
0.0085,0.27,0.73,0.0085,0.03148148148148148,0.9685185185185186,0
0.0085,0.28,0.72,0.0085,0.030357142857142857,0.9696428571428571,0
0.0085,0.29000000000000004,0.7099999999999999,0.0085,0.029310344827586193,0.9706896551724138,0
0.0085,0.3,0.7000000000000001,0.0085,0.028333333333333342,0.9716666666666667,0
0.0085,0.31,0.69,0.0085,0.027419354838709675,0.9725806451612903,0
0.0085,0.32,0.6799999999999998,0.0085,0.02656249999999999,0.9734375,0
0.0085,0.33,0.6699999999999999,0.0085,0.025757575757575753,0.9742424242424242,0
0.0085,0.34,0.66,0.0085,0.025000000000000005,0.975,0
0.0085,0.35000000000000003,0.6499999999999999,0.0085,0.024285714285714282,0.9757142857142858,0
0.0085,0.36000000000000004,0.6399999999999999,0.0085,0.023611111111111107,0.9763888888888889,0
0.0085,0.37,0.63,0.0085,0.022972972972972974,0.977027027027027,0
0.0085,0.38,0.6200000000000001,0.0085,0.022368421052631586,0.9776315789473684,0
0.0085,0.39,0.61,0.0085,0.021794871794871797,0.9782051282051282,0
0.0085,0.4,0.6000000000000001,0.0085,0.021250000000000005,0.97875,0
0.0085,0.41000000000000003,0.5900000000000001,0.0085,0.020731707317073175,0.9792682926829268,0
0.0085,0.42000000000000004,0.58,0.0085,0.02023809523809524,0.9797619047619047,0
0.0085,0.43,0.5700000000000001,0.0085,0.01976744186046512,0.9802325581395349,0
0.0085,0.44,0.56,0.0085,0.01931818181818182,0.9806818181818182,0
0.0085,0.45,0.55,0.0085,0.018888888888888893,0.9811111111111112,0
0.0085,0.46,0.54,0.0085,0.018478260869565222,0.9815217391304347,0
0.0085,0.47000000000000003,0.53,0.0085,0.018085106382978725,0.9819148936170212,0
0.0085,0.48000000000000004,0.5200000000000001,0.0085,0.01770833333333334,0.9822916666666667,0
0.0085,0.49,0.51,0.0085,0.017346938775510204,0.9826530612244898,0
0.0085,0.5,0.5000000000000001,0.0085,0.017000000000000005,0.983,0
0.0085,0.51,0.48999999999999994,0.0085,0.016666666666666666,0.9833333333333333,0
0.0085,0.52,0.48,0.0085,0.016346153846153847,0.9836538461538461,0
0.0085,0.53,0.47000000000000003,0.0085,0.016037735849056604,0.9839622641509433,0
0.0085,0.54,0.46,0.0085,0.01574074074074074,0.9842592592592593,0
0.0085,0.55,0.45,0.0085,0.015454545454545455,0.9845454545454545,0
0.0085,0.56,0.43999999999999995,0.0085,0.015178571428571428,0.9848214285714286,0
0.0085,0.5700000000000001,0.43,0.0085,0.014912280701754385,0.9850877192982456,0
0.0085,0.5800000000000001,0.41999999999999993,0.0085,0.014655172413793103,0.9853448275862069,0
0.0085,0.59,0.41000000000000003,0.0085,0.014406779661016951,0.985593220338983,0
0.0085,0.6,0.4,0.0085,0.014166666666666668,0.9858333333333333,0
0.0085,0.61,0.39,0.0085,0.013934426229508199,0.9860655737704918,0
0.0085,0.62,0.38,0.0085,0.013709677419354839,0.9862903225806452,0
0.0085,0.63,0.36999999999999994,0.0085,0.013492063492063491,0.9865079365079366,0
0.0085,0.64,0.36,0.0085,0.013281250000000001,0.98671875,0
0.0085,0.65,0.35,0.0085,0.013076923076923078,0.9869230769230769,0
0.0085,0.66,0.3399999999999999,0.0085,0.012878787878787877,0.9871212121212122,0
0.0085,0.67,0.32999999999999996,0.0085,0.012686567164179105,0.9873134328358208,0
0.0085,0.68,0.32,0.0085,0.012500000000000002,0.9875,0
0.0085,0.6900000000000001,0.3099999999999999,0.0085,0.012318840579710142,0.9876811594202899,0
0.0085,0.7000000000000001,0.29999999999999993,0.0085,0.012142857142857143,0.9878571428571429,0
0.0085,0.7100000000000001,0.29,0.0085,0.011971830985915494,0.9880281690140845,0
0.0085,0.72,0.28,0.0085,0.011805555555555557,0.9881944444444445,0
0.0085,0.73,0.2700000000000001,0.0085,0.011643835616438357,0.9883561643835617,0
0.0085,0.74,0.26,0.0085,0.011486486486486487,0.9885135135135135,0
0.0085,0.75,0.25,0.0085,0.011333333333333334,0.9886666666666667,0
0.0085,0.76,0.24,0.0085,0.01118421052631579,0.9888157894736842,0
0.0085,0.77,0.22999999999999995,0.0085,0.01103896103896104,0.9889610389610389,0
0.0085,0.78,0.21999999999999997,0.0085,0.010897435897435899,0.9891025641025641,0
0.0085,0.79,0.20999999999999994,0.0085,0.010759493670886076,0.989240506329114,0
0.0085,0.8,0.19999999999999993,0.0085,0.010625,0.989375,0
0.0085,0.81,0.18999999999999992,0.0085,0.010493827160493827,0.9895061728395061,0
0.0085,0.8200000000000001,0.17999999999999994,0.0085,0.010365853658536586,0.9896341463414634,0
0.0085,0.8300000000000001,0.16999999999999993,0.0085,0.010240963855421687,0.9897590361445783,0
0.0085,0.8400000000000001,0.15999999999999992,0.0085,0.01011904761904762,0.9898809523809524,0
0.0085,0.85,0.15000000000000002,0.0085,0.01,0.99,0
0.0085,0.86,0.14,0.0085,0.00988372093023256,0.9901162790697674,0
0.0085,0.87,0.13000000000000003,0.0085,0.009770114942528737,0.9902298850574712,0
0.0085,0.88,0.12,0.0085,0.00965909090909091,0.9903409090909091,0
0.0085,0.89,0.10999999999999999,0.0085,0.009550561797752809,0.9904494382022472,0
0.0085,0.9,0.09999999999999996,0.0085,0.009444444444444445,0.9905555555555555,0
0.0085,0.91,0.08999999999999996,0.0085,0.00934065934065934,0.9906593406593407,0
0.0085,0.92,0.07999999999999997,0.0085,0.00923913043478261,0.9907608695652174,0
0.0085,0.93,0.06999999999999995,0.0085,0.00913978494623656,0.9908602150537634,0
0.0085,0.9400000000000001,0.05999999999999994,0.0085,0.009042553191489363,0.9909574468085106,0
0.0085,0.9500000000000001,0.04999999999999993,0.0085,0.008947368421052631,0.9910526315789474,1
0.0085,0.9600000000000001,0.039999999999999925,0.0085,0.008854166666666666,0.9911458333333333,1
0.0085,0.97,0.03000000000000003,0.0085,0.008762886597938144,0.9912371134020619,1
0.0085,0.98,0.020000000000000014,0.0085,0.008673469387755102,0.9913265306122448,1
0.0085,0.99,0.010000000000000009,0.0085,0.008585858585858587,0.9914141414141414,1
0.0085,1.0,0.0,0.0085,0.0085,0.9915,1
0.00875,0.01,0.99,0.00875,0.8749999999999993,0.12500000000000067,0
0.00875,0.02,0.9800000000000001,0.00875,0.4375000000000021,0.5624999999999979,0
0.00875,0.03,0.97,0.00875,0.29166666666666646,0.7083333333333335,0
0.00875,0.04,0.96,0.00875,0.21874999999999983,0.7812500000000002,0
0.00875,0.05,0.9499999999999998,0.00875,0.17499999999999946,0.8250000000000005,0
0.00875,0.060000000000000005,0.94,0.00875,0.14583333333333323,0.8541666666666667,0
0.00875,0.06999999999999999,0.9300000000000002,0.00875,0.1250000000000003,0.8749999999999997,0
0.00875,0.08,0.92,0.00875,0.10937500000000007,0.8906249999999999,0
0.00875,0.09,0.91,0.00875,0.09722222222222227,0.9027777777777777,0
0.00875,0.09999999999999999,0.8999999999999999,0.00875,0.08749999999999993,0.9125000000000001,0
0.00875,0.11,0.89,0.00875,0.07954545454545456,0.9204545454545454,0
0.00875,0.12,0.8800000000000001,0.00875,0.07291666666666674,0.9270833333333333,0
0.00875,0.13,0.8699999999999999,0.00875,0.06730769230769225,0.9326923076923077,0
0.00875,0.14,0.86,0.00875,0.0625,0.9375,0
0.00875,0.15000000000000002,0.8500000000000001,0.00875,0.058333333333333376,0.9416666666666667,0
0.00875,0.16,0.84,0.00875,0.05468749999999999,0.9453125,0
0.00875,0.17,0.8300000000000001,0.00875,0.05147058823529414,0.9485294117647058,0
0.00875,0.18000000000000002,0.82,0.00875,0.048611111111111105,0.9513888888888888,0
0.00875,0.19,0.81,0.00875,0.04605263157894739,0.9539473684210527,0
0.00875,0.2,0.7999999999999999,0.00875,0.04374999999999999,0.95625,0
0.00875,0.21000000000000002,0.79,0.00875,0.04166666666666668,0.9583333333333334,0
0.00875,0.22,0.78,0.00875,0.03977272727272728,0.9602272727272727,0
0.00875,0.23,0.77,0.00875,0.038043478260869575,0.9619565217391304,0
0.00875,0.24000000000000002,0.7599999999999999,0.00875,0.03645833333333332,0.9635416666666666,0
0.00875,0.25,0.7499999999999999,0.00875,0.03499999999999999,0.965,0
0.00875,0.26,0.74,0.00875,0.03365384615384616,0.9663461538461539,0
0.00875,0.27,0.73,0.00875,0.032407407407407406,0.9675925925925926,0
0.00875,0.28,0.72,0.00875,0.03125,0.96875,0
0.00875,0.29000000000000004,0.7099999999999999,0.00875,0.030172413793103436,0.9698275862068966,0
0.00875,0.3,0.7000000000000001,0.00875,0.029166666666666678,0.9708333333333333,0
0.00875,0.31,0.69,0.00875,0.028225806451612902,0.9717741935483871,0
0.00875,0.32,0.6799999999999998,0.00875,0.027343749999999986,0.97265625,0
0.00875,0.33,0.6699999999999999,0.00875,0.026515151515151512,0.9734848484848485,0
0.00875,0.34,0.66,0.00875,0.025735294117647065,0.9742647058823529,0
0.00875,0.35000000000000003,0.6499999999999999,0.00875,0.024999999999999994,0.975,0
0.00875,0.36000000000000004,0.6399999999999999,0.00875,0.024305555555555552,0.9756944444444444,0
0.00875,0.37,0.63,0.00875,0.02364864864864865,0.9763513513513513,0
0.00875,0.38,0.6200000000000001,0.00875,0.023026315789473693,0.9769736842105263,0
0.00875,0.39,0.61,0.00875,0.022435897435897436,0.9775641025641025,0
0.00875,0.4,0.6000000000000001,0.00875,0.021875000000000006,0.978125,0
0.00875,0.41000000000000003,0.5900000000000001,0.00875,0.02134146341463415,0.9786585365853658,0
0.00875,0.42000000000000004,0.58,0.00875,0.020833333333333332,0.9791666666666666,0
0.00875,0.43,0.5700000000000001,0.00875,0.02034883720930233,0.9796511627906976,0
0.00875,0.44,0.56,0.00875,0.01988636363636364,0.9801136363636364,0
0.00875,0.45,0.55,0.00875,0.019444444444444448,0.9805555555555555,0
0.00875,0.46,0.54,0.00875,0.019021739130434787,0.9809782608695652,0
0.00875,0.47000000000000003,0.53,0.00875,0.018617021276595747,0.9813829787234043,0
0.00875,0.48000000000000004,0.5200000000000001,0.00875,0.018229166666666675,0.9817708333333334,0
0.00875,0.49,0.51,0.00875,0.01785714285714286,0.9821428571428571,0
0.00875,0.5,0.5000000000000001,0.00875,0.017500000000000005,0.9825,0
0.00875,0.51,0.48999999999999994,0.00875,0.01715686274509804,0.9828431372549019,0
0.00875,0.52,0.48,0.00875,0.01682692307692308,0.9831730769230769,0
0.00875,0.53,0.47000000000000003,0.00875,0.01650943396226415,0.9834905660377359,0
0.00875,0.54,0.46,0.00875,0.016203703703703703,0.9837962962962963,0
0.00875,0.55,0.45,0.00875,0.01590909090909091,0.9840909090909091,0
0.00875,0.56,0.43999999999999995,0.00875,0.015625,0.984375,0
0.00875,0.5700000000000001,0.43,0.00875,0.015350877192982455,0.9846491228070176,0
0.00875,0.5800000000000001,0.41999999999999993,0.00875,0.015086206896551723,0.9849137931034483,0
0.00875,0.59,0.41000000000000003,0.00875,0.014830508474576273,0.9851694915254238,0
0.00875,0.6,0.4,0.00875,0.014583333333333335,0.9854166666666667,0
0.00875,0.61,0.39,0.00875,0.01434426229508197,0.985655737704918,0
0.00875,0.62,0.38,0.00875,0.014112903225806453,0.9858870967741935,0
0.00875,0.63,0.36999999999999994,0.00875,0.013888888888888888,0.9861111111111112,0
0.00875,0.64,0.36,0.00875,0.013671875000000002,0.986328125,0
0.00875,0.65,0.35,0.00875,0.013461538461538462,0.9865384615384616,0
0.00875,0.66,0.3399999999999999,0.00875,0.013257575757575756,0.9867424242424242,0
0.00875,0.67,0.32999999999999996,0.00875,0.013059701492537315,0.9869402985074627,0
0.00875,0.68,0.32,0.00875,0.012867647058823532,0.9871323529411765,0
0.00875,0.6900000000000001,0.3099999999999999,0.00875,0.012681159420289852,0.9873188405797102,0
0.00875,0.7000000000000001,0.29999999999999993,0.00875,0.0125,0.9875,0
0.00875,0.7100000000000001,0.29,0.00875,0.012323943661971832,0.9876760563380281,0
0.00875,0.72,0.28,0.00875,0.01215277777777778,0.9878472222222222,0
0.00875,0.73,0.2700000000000001,0.00875,0.011986301369863015,0.988013698630137,0
0.00875,0.74,0.26,0.00875,0.011824324324324325,0.9881756756756757,0
0.00875,0.75,0.25,0.00875,0.011666666666666667,0.9883333333333333,0
0.00875,0.76,0.24,0.00875,0.011513157894736843,0.9884868421052632,0
0.00875,0.77,0.22999999999999995,0.00875,0.011363636363636364,0.9886363636363636,0
0.00875,0.78,0.21999999999999997,0.00875,0.011217948717948718,0.9887820512820513,0
0.00875,0.79,0.20999999999999994,0.00875,0.011075949367088608,0.9889240506329114,0
0.00875,0.8,0.19999999999999993,0.00875,0.010937500000000001,0.9890625,0
0.00875,0.81,0.18999999999999992,0.00875,0.01080246913580247,0.9891975308641975,0
0.00875,0.8200000000000001,0.17999999999999994,0.00875,0.010670731707317074,0.989329268292683,0
0.00875,0.8300000000000001,0.16999999999999993,0.00875,0.010542168674698794,0.9894578313253012,0
0.00875,0.8400000000000001,0.15999999999999992,0.00875,0.010416666666666666,0.9895833333333334,0
0.00875,0.85,0.15000000000000002,0.00875,0.010294117647058825,0.9897058823529412,0
0.00875,0.86,0.14,0.00875,0.010174418604651164,0.9898255813953488,0
0.00875,0.87,0.13000000000000003,0.00875,0.010057471264367818,0.9899425287356322,0
0.00875,0.88,0.12,0.00875,0.00994318181818182,0.9900568181818182,0
0.00875,0.89,0.10999999999999999,0.00875,0.009831460674157305,0.9901685393258427,0
0.00875,0.9,0.09999999999999996,0.00875,0.009722222222222222,0.9902777777777778,0
0.00875,0.91,0.08999999999999996,0.00875,0.009615384615384616,0.9903846153846154,0
0.00875,0.92,0.07999999999999997,0.00875,0.009510869565217392,0.9904891304347826,0
0.00875,0.93,0.06999999999999995,0.00875,0.009408602150537635,0.9905913978494624,0
0.00875,0.9400000000000001,0.05999999999999994,0.00875,0.009308510638297872,0.9906914893617021,0
0.00875,0.9500000000000001,0.04999999999999993,0.00875,0.009210526315789475,0.9907894736842106,0
0.00875,0.9600000000000001,0.039999999999999925,0.00875,0.009114583333333334,0.9908854166666666,0
0.00875,0.97,0.03000000000000003,0.00875,0.009020618556701032,0.990979381443299,0
0.00875,0.98,0.020000000000000014,0.00875,0.00892857142857143,0.9910714285714286,1
0.00875,0.99,0.010000000000000009,0.00875,0.00883838383838384,0.9911616161616161,1
0.00875,1.0,0.0,0.00875,0.00875,0.99125,1
0.009000000000000001,0.01,0.99,0.009000000000000001,0.8999999999999994,0.10000000000000064,0
0.009000000000000001,0.02,0.9800000000000001,0.009000000000000001,0.4500000000000022,0.5499999999999978,0
0.009000000000000001,0.03,0.97,0.009000000000000001,0.29999999999999977,0.7000000000000002,0
0.009000000000000001,0.04,0.96,0.009000000000000001,0.22499999999999984,0.7750000000000001,0
0.009000000000000001,0.05,0.9499999999999998,0.009000000000000001,0.17999999999999947,0.8200000000000005,0
0.009000000000000001,0.060000000000000005,0.94,0.009000000000000001,0.14999999999999988,0.8500000000000001,0
0.009000000000000001,0.06999999999999999,0.9300000000000002,0.009000000000000001,0.1285714285714289,0.8714285714285711,0
0.009000000000000001,0.08,0.92,0.009000000000000001,0.11250000000000007,0.8875,0
0.009000000000000001,0.09,0.91,0.009000000000000001,0.10000000000000005,0.8999999999999999,0
0.009000000000000001,0.09999999999999999,0.8999999999999999,0.009000000000000001,0.08999999999999993,0.91,0
0.009000000000000001,0.11,0.89,0.009000000000000001,0.08181818181818183,0.9181818181818182,0
0.009000000000000001,0.12,0.8800000000000001,0.009000000000000001,0.07500000000000008,0.9249999999999999,0
0.009000000000000001,0.13,0.8699999999999999,0.009000000000000001,0.06923076923076918,0.9307692307692308,0
0.009000000000000001,0.14,0.86,0.009000000000000001,0.0642857142857143,0.9357142857142857,0
0.009000000000000001,0.15000000000000002,0.8500000000000001,0.009000000000000001,0.06000000000000004,0.94,0
0.009000000000000001,0.16,0.84,0.009000000000000001,0.056249999999999994,0.94375,0
0.009000000000000001,0.17,0.8300000000000001,0.009000000000000001,0.05294117647058826,0.9470588235294117,0
0.009000000000000001,0.18000000000000002,0.82,0.009000000000000001,0.04999999999999999,0.95,0
0.009000000000000001,0.19,0.81,0.009000000000000001,0.047368421052631594,0.9526315789473684,0
0.009000000000000001,0.2,0.7999999999999999,0.009000000000000001,0.04499999999999999,0.955,0
0.009000000000000001,0.21000000000000002,0.79,0.009000000000000001,0.04285714285714287,0.9571428571428571,0
0.009000000000000001,0.22,0.78,0.009000000000000001,0.040909090909090916,0.9590909090909091,0
0.009000000000000001,0.23,0.77,0.009000000000000001,0.039130434782608706,0.9608695652173913,0
0.009000000000000001,0.24000000000000002,0.7599999999999999,0.009000000000000001,0.03749999999999999,0.9625,0
0.009000000000000001,0.25,0.7499999999999999,0.009000000000000001,0.03599999999999999,0.964,0
0.009000000000000001,0.26,0.74,0.009000000000000001,0.03461538461538462,0.9653846153846154,0
0.009000000000000001,0.27,0.73,0.009000000000000001,0.03333333333333333,0.9666666666666667,0
0.009000000000000001,0.28,0.72,0.009000000000000001,0.03214285714285715,0.9678571428571429,0
0.009000000000000001,0.29000000000000004,0.7099999999999999,0.009000000000000001,0.03103448275862068,0.9689655172413794,0
0.009000000000000001,0.3,0.7000000000000001,0.009000000000000001,0.03000000000000001,0.97,0
0.009000000000000001,0.31,0.69,0.009000000000000001,0.029032258064516127,0.9709677419354839,0
0.009000000000000001,0.32,0.6799999999999998,0.009000000000000001,0.028124999999999987,0.971875,0
0.009000000000000001,0.33,0.6699999999999999,0.009000000000000001,0.02727272727272727,0.9727272727272728,0
0.009000000000000001,0.34,0.66,0.009000000000000001,0.026470588235294124,0.9735294117647059,0
0.009000000000000001,0.35000000000000003,0.6499999999999999,0.009000000000000001,0.02571428571428571,0.9742857142857143,0
0.009000000000000001,0.36000000000000004,0.6399999999999999,0.009000000000000001,0.024999999999999994,0.975,0
0.009000000000000001,0.37,0.63,0.009000000000000001,0.02432432432432433,0.9756756756756757,0
0.009000000000000001,0.38,0.6200000000000001,0.009000000000000001,0.023684210526315797,0.9763157894736842,0
0.009000000000000001,0.39,0.61,0.009000000000000001,0.023076923076923078,0.9769230769230769,0
0.009000000000000001,0.4,0.6000000000000001,0.009000000000000001,0.022500000000000006,0.9775,0
0.009000000000000001,0.41000000000000003,0.5900000000000001,0.009000000000000001,0.021951219512195128,0.9780487804878049,0
0.009000000000000001,0.42000000000000004,0.58,0.009000000000000001,0.02142857142857143,0.9785714285714285,0
0.009000000000000001,0.43,0.5700000000000001,0.009000000000000001,0.02093023255813954,0.9790697674418605,0
0.009000000000000001,0.44,0.56,0.009000000000000001,0.020454545454545458,0.9795454545454545,0
0.009000000000000001,0.45,0.55,0.009000000000000001,0.020000000000000004,0.98,0
0.009000000000000001,0.46,0.54,0.009000000000000001,0.019565217391304353,0.9804347826086957,0
0.009000000000000001,0.47000000000000003,0.53,0.009000000000000001,0.01914893617021277,0.9808510638297873,0
0.009000000000000001,0.48000000000000004,0.5200000000000001,0.009000000000000001,0.018750000000000006,0.98125,0
0.009000000000000001,0.49,0.51,0.009000000000000001,0.018367346938775512,0.9816326530612245,0
0.009000000000000001,0.5,0.5000000000000001,0.009000000000000001,0.018000000000000006,0.982,0
0.009000000000000001,0.51,0.48999999999999994,0.009000000000000001,0.017647058823529415,0.9823529411764705,0
0.009000000000000001,0.52,0.48,0.009000000000000001,0.01730769230769231,0.9826923076923076,0
0.009000000000000001,0.53,0.47000000000000003,0.009000000000000001,0.016981132075471698,0.9830188679245283,0
0.009000000000000001,0.54,0.46,0.009000000000000001,0.016666666666666666,0.9833333333333333,0
0.009000000000000001,0.55,0.45,0.009000000000000001,0.016363636363636365,0.9836363636363636,0
0.009000000000000001,0.56,0.43999999999999995,0.009000000000000001,0.016071428571428573,0.9839285714285714,0
0.009000000000000001,0.5700000000000001,0.43,0.009000000000000001,0.015789473684210527,0.9842105263157894,0
0.009000000000000001,0.5800000000000001,0.41999999999999993,0.009000000000000001,0.015517241379310345,0.9844827586206897,0
0.009000000000000001,0.59,0.41000000000000003,0.009000000000000001,0.015254237288135596,0.9847457627118644,0
0.009000000000000001,0.6,0.4,0.009000000000000001,0.015000000000000003,0.985,0
0.009000000000000001,0.61,0.39,0.009000000000000001,0.01475409836065574,0.9852459016393442,0
0.009000000000000001,0.62,0.38,0.009000000000000001,0.014516129032258067,0.9854838709677419,0
0.009000000000000001,0.63,0.36999999999999994,0.009000000000000001,0.014285714285714285,0.9857142857142858,0
0.009000000000000001,0.64,0.36,0.009000000000000001,0.014062500000000002,0.9859375,0
0.009000000000000001,0.65,0.35,0.009000000000000001,0.013846153846153847,0.9861538461538462,0
0.009000000000000001,0.66,0.3399999999999999,0.009000000000000001,0.013636363636363636,0.9863636363636363,0
0.009000000000000001,0.67,0.32999999999999996,0.009000000000000001,0.013432835820895522,0.9865671641791045,0
0.009000000000000001,0.68,0.32,0.009000000000000001,0.013235294117647062,0.986764705882353,0
0.009000000000000001,0.6900000000000001,0.3099999999999999,0.009000000000000001,0.013043478260869563,0.9869565217391304,0
0.009000000000000001,0.7000000000000001,0.29999999999999993,0.009000000000000001,0.012857142857142857,0.9871428571428571,0
0.009000000000000001,0.7100000000000001,0.29,0.009000000000000001,0.012676056338028171,0.9873239436619718,0
0.009000000000000001,0.72,0.28,0.009000000000000001,0.012500000000000002,0.9875,0
0.009000000000000001,0.73,0.2700000000000001,0.009000000000000001,0.012328767123287673,0.9876712328767123,0
0.009000000000000001,0.74,0.26,0.009000000000000001,0.012162162162162165,0.9878378378378379,0
0.009000000000000001,0.75,0.25,0.009000000000000001,0.012000000000000002,0.988,0
0.009000000000000001,0.76,0.24,0.009000000000000001,0.011842105263157895,0.9881578947368421,0
0.009000000000000001,0.77,0.22999999999999995,0.009000000000000001,0.011688311688311689,0.9883116883116884,0
0.009000000000000001,0.78,0.21999999999999997,0.009000000000000001,0.011538461538461539,0.9884615384615385,0
0.009000000000000001,0.79,0.20999999999999994,0.009000000000000001,0.01139240506329114,0.9886075949367089,0
0.009000000000000001,0.8,0.19999999999999993,0.009000000000000001,0.011250000000000001,0.98875,0
0.009000000000000001,0.81,0.18999999999999992,0.009000000000000001,0.011111111111111112,0.9888888888888889,0
0.009000000000000001,0.8200000000000001,0.17999999999999994,0.009000000000000001,0.010975609756097562,0.9890243902439024,0
0.009000000000000001,0.8300000000000001,0.16999999999999993,0.009000000000000001,0.010843373493975903,0.9891566265060241,0
0.009000000000000001,0.8400000000000001,0.15999999999999992,0.009000000000000001,0.010714285714285714,0.9892857142857143,0
0.009000000000000001,0.85,0.15000000000000002,0.009000000000000001,0.010588235294117648,0.9894117647058823,0
0.009000000000000001,0.86,0.14,0.009000000000000001,0.010465116279069769,0.9895348837209302,0
0.009000000000000001,0.87,0.13000000000000003,0.009000000000000001,0.010344827586206898,0.9896551724137931,0
0.009000000000000001,0.88,0.12,0.009000000000000001,0.010227272727272729,0.9897727272727272,0
0.009000000000000001,0.89,0.10999999999999999,0.009000000000000001,0.010112359550561799,0.9898876404494382,0
0.009000000000000001,0.9,0.09999999999999996,0.009000000000000001,0.01,0.99,0
0.009000000000000001,0.91,0.08999999999999996,0.009000000000000001,0.009890109890109891,0.9901098901098901,0
0.009000000000000001,0.92,0.07999999999999997,0.009000000000000001,0.009782608695652175,0.9902173913043478,0
0.009000000000000001,0.93,0.06999999999999995,0.009000000000000001,0.00967741935483871,0.9903225806451613,0
0.009000000000000001,0.9400000000000001,0.05999999999999994,0.009000000000000001,0.009574468085106383,0.9904255319148936,0
0.009000000000000001,0.9500000000000001,0.04999999999999993,0.009000000000000001,0.009473684210526316,0.9905263157894737,0
0.009000000000000001,0.9600000000000001,0.039999999999999925,0.009000000000000001,0.009375,0.990625,0
0.009000000000000001,0.97,0.03000000000000003,0.009000000000000001,0.00927835051546392,0.9907216494845361,0
0.009000000000000001,0.98,0.020000000000000014,0.009000000000000001,0.009183673469387756,0.9908163265306122,0
0.009000000000000001,0.99,0.010000000000000009,0.009000000000000001,0.009090909090909092,0.990909090909091,0
0.009000000000000001,1.0,0.0,0.009000000000000001,0.009000000000000001,0.991,0
0.00925,0.01,0.99,0.009250000000000001,0.9249999999999993,0.07500000000000073,0
0.00925,0.02,0.9800000000000001,0.009250000000000001,0.46250000000000224,0.5374999999999978,0
0.00925,0.03,0.97,0.009250000000000001,0.3083333333333331,0.6916666666666669,0
0.00925,0.04,0.96,0.009250000000000001,0.23124999999999982,0.7687500000000002,0
0.00925,0.05,0.9499999999999998,0.009250000000000001,0.18499999999999944,0.8150000000000006,0
0.00925,0.060000000000000005,0.94,0.009250000000000001,0.15416666666666656,0.8458333333333334,0
0.00925,0.06999999999999999,0.9300000000000002,0.009250000000000001,0.13214285714285745,0.8678571428571425,0
0.00925,0.08,0.92,0.009250000000000001,0.11562500000000007,0.8843749999999999,0
0.00925,0.09,0.91,0.009250000000000001,0.10277777777777783,0.8972222222222221,0
0.00925,0.09999999999999999,0.8999999999999999,0.009250000000000001,0.09249999999999993,0.9075000000000001,0
0.00925,0.11,0.89,0.009250000000000001,0.08409090909090912,0.9159090909090909,0
0.00925,0.12,0.8800000000000001,0.009250000000000001,0.07708333333333342,0.9229166666666666,0
0.00925,0.13,0.8699999999999999,0.009250000000000001,0.0711538461538461,0.9288461538461539,0
0.00925,0.14,0.86,0.009250000000000001,0.06607142857142857,0.9339285714285714,0
0.00925,0.15000000000000002,0.8500000000000001,0.009250000000000001,0.06166666666666671,0.9383333333333332,0
0.00925,0.16,0.84,0.009250000000000001,0.057812499999999996,0.9421875,0
0.00925,0.17,0.8300000000000001,0.009250000000000001,0.05441176470588238,0.9455882352941176,0
0.00925,0.18000000000000002,0.82,0.009250000000000001,0.05138888888888888,0.9486111111111111,0
0.00925,0.19,0.81,0.009250000000000001,0.04868421052631581,0.9513157894736842,0
0.00925,0.2,0.7999999999999999,0.009250000000000001,0.04624999999999999,0.95375,0
0.00925,0.21000000000000002,0.79,0.009250000000000001,0.044047619047619065,0.9559523809523809,0
0.00925,0.22,0.78,0.009250000000000001,0.04204545454545456,0.9579545454545454,0
0.00925,0.23,0.77,0.009250000000000001,0.04021739130434784,0.9597826086956521,0
0.00925,0.24000000000000002,0.7599999999999999,0.009250000000000001,0.038541666666666655,0.9614583333333333,0
0.00925,0.25,0.7499999999999999,0.009250000000000001,0.03699999999999999,0.963,0
0.00925,0.26,0.74,0.009250000000000001,0.03557692307692308,0.9644230769230769,0
0.00925,0.27,0.73,0.009250000000000001,0.03425925925925926,0.9657407407407408,0
0.00925,0.28,0.72,0.009250000000000001,0.033035714285714286,0.9669642857142857,0
0.00925,0.29000000000000004,0.7099999999999999,0.009250000000000001,0.03189655172413792,0.968103448275862,0
0.00925,0.3,0.7000000000000001,0.009250000000000001,0.030833333333333345,0.9691666666666666,0
0.00925,0.31,0.69,0.009250000000000001,0.029838709677419355,0.9701612903225807,0
0.00925,0.32,0.6799999999999998,0.009250000000000001,0.028906249999999988,0.97109375,0
0.00925,0.33,0.6699999999999999,0.009250000000000001,0.028030303030303027,0.9719696969696969,0
0.00925,0.34,0.66,0.009250000000000001,0.027205882352941184,0.9727941176470588,0
0.00925,0.35000000000000003,0.6499999999999999,0.009250000000000001,0.026428571428571426,0.9735714285714285,0
0.00925,0.36000000000000004,0.6399999999999999,0.009250000000000001,0.02569444444444444,0.9743055555555555,0
0.00925,0.37,0.63,0.009250000000000001,0.025000000000000005,0.975,0
0.00925,0.38,0.6200000000000001,0.009250000000000001,0.024342105263157904,0.9756578947368421,0
0.00925,0.39,0.61,0.009250000000000001,0.02371794871794872,0.9762820512820513,0
0.00925,0.4,0.6000000000000001,0.009250000000000001,0.023125000000000007,0.9768749999999999,0
0.00925,0.41000000000000003,0.5900000000000001,0.009250000000000001,0.022560975609756104,0.9774390243902439,0
0.00925,0.42000000000000004,0.58,0.009250000000000001,0.022023809523809525,0.9779761904761904,0
0.00925,0.43,0.5700000000000001,0.009250000000000001,0.02151162790697675,0.9784883720930233,0
0.00925,0.44,0.56,0.009250000000000001,0.02102272727272728,0.9789772727272728,0
0.00925,0.45,0.55,0.009250000000000001,0.02055555555555556,0.9794444444444445,0
0.00925,0.46,0.54,0.009250000000000001,0.02010869565217392,0.9798913043478261,0
0.00925,0.47000000000000003,0.53,0.009250000000000001,0.01968085106382979,0.9803191489361702,0
0.00925,0.48000000000000004,0.5200000000000001,0.009250000000000001,0.01927083333333334,0.9807291666666667,0
0.00925,0.49,0.51,0.009250000000000001,0.018877551020408168,0.9811224489795918,0
0.00925,0.5,0.5000000000000001,0.009250000000000001,0.018500000000000006,0.9815,0
0.00925,0.51,0.48999999999999994,0.009250000000000001,0.018137254901960786,0.9818627450980392,0
0.00925,0.52,0.48,0.009250000000000001,0.01778846153846154,0.9822115384615384,0
0.00925,0.53,0.47000000000000003,0.009250000000000001,0.01745283018867925,0.9825471698113207,0
0.00925,0.54,0.46,0.009250000000000001,0.01712962962962963,0.9828703703703704,0
0.00925,0.55,0.45,0.009250000000000001,0.01681818181818182,0.9831818181818182,0
0.00925,0.56,0.43999999999999995,0.009250000000000001,0.016517857142857143,0.9834821428571429,0
0.00925,0.5700000000000001,0.43,0.009250000000000001,0.0162280701754386,0.9837719298245614,0
0.00925,0.5800000000000001,0.41999999999999993,0.009250000000000001,0.015948275862068966,0.9840517241379311,0
0.00925,0.59,0.41000000000000003,0.009250000000000001,0.015677966101694918,0.9843220338983051,0
0.00925,0.6,0.4,0.009250000000000001,0.015416666666666669,0.9845833333333334,0
0.00925,0.61,0.39,0.009250000000000001,0.01516393442622951,0.9848360655737705,0
0.00925,0.62,0.38,0.009250000000000001,0.014919354838709679,0.9850806451612903,0
0.00925,0.63,0.36999999999999994,0.009250000000000001,0.014682539682539682,0.9853174603174604,0
0.00925,0.64,0.36,0.009250000000000001,0.014453125000000002,0.985546875,0
0.00925,0.65,0.35,0.009250000000000001,0.014230769230769233,0.9857692307692307,0
0.00925,0.66,0.3399999999999999,0.009250000000000001,0.014015151515151513,0.9859848484848485,0
0.00925,0.67,0.32999999999999996,0.009250000000000001,0.013805970149253732,0.9861940298507462,0
0.00925,0.68,0.32,0.009250000000000001,0.013602941176470592,0.9863970588235295,0
0.00925,0.6900000000000001,0.3099999999999999,0.009250000000000001,0.013405797101449273,0.9865942028985507,0
0.00925,0.7000000000000001,0.29999999999999993,0.009250000000000001,0.013214285714285715,0.9867857142857143,0
0.00925,0.7100000000000001,0.29,0.009250000000000001,0.013028169014084509,0.9869718309859155,0
0.00925,0.72,0.28,0.009250000000000001,0.012847222222222225,0.9871527777777778,0
0.00925,0.73,0.2700000000000001,0.009250000000000001,0.01267123287671233,0.9873287671232877,0
0.00925,0.74,0.26,0.009250000000000001,0.012500000000000002,0.9875,0
0.00925,0.75,0.25,0.009250000000000001,0.012333333333333335,0.9876666666666667,0
0.00925,0.76,0.24,0.009250000000000001,0.012171052631578949,0.9878289473684211,0
0.00925,0.77,0.22999999999999995,0.009250000000000001,0.012012987012987014,0.987987012987013,0
0.00925,0.78,0.21999999999999997,0.009250000000000001,0.01185897435897436,0.9881410256410257,0
0.00925,0.79,0.20999999999999994,0.009250000000000001,0.011708860759493673,0.9882911392405064,0
0.00925,0.8,0.19999999999999993,0.009250000000000001,0.011562500000000002,0.9884375,0
0.00925,0.81,0.18999999999999992,0.009250000000000001,0.011419753086419755,0.9885802469135803,0
0.00925,0.8200000000000001,0.17999999999999994,0.009250000000000001,0.01128048780487805,0.988719512195122,0
0.00925,0.8300000000000001,0.16999999999999993,0.009250000000000001,0.011144578313253013,0.988855421686747,0
0.00925,0.8400000000000001,0.15999999999999992,0.009250000000000001,0.011011904761904763,0.9889880952380953,0
0.00925,0.85,0.15000000000000002,0.009250000000000001,0.010882352941176473,0.9891176470588235,0
0.00925,0.86,0.14,0.009250000000000001,0.010755813953488375,0.9892441860465117,0
0.00925,0.87,0.13000000000000003,0.009250000000000001,0.010632183908045979,0.989367816091954,0
0.00925,0.88,0.12,0.009250000000000001,0.010511363636363638,0.9894886363636364,0
0.00925,0.89,0.10999999999999999,0.009250000000000001,0.010393258426966293,0.9896067415730337,0
0.00925,0.9,0.09999999999999996,0.009250000000000001,0.01027777777777778,0.9897222222222222,0
0.00925,0.91,0.08999999999999996,0.009250000000000001,0.010164835164835165,0.9898351648351649,0
0.00925,0.92,0.07999999999999997,0.009250000000000001,0.010054347826086957,0.9899456521739131,0
0.00925,0.93,0.06999999999999995,0.009250000000000001,0.009946236559139785,0.9900537634408603,0
0.00925,0.9400000000000001,0.05999999999999994,0.009250000000000001,0.009840425531914894,0.9901595744680851,0
0.00925,0.9500000000000001,0.04999999999999993,0.009250000000000001,0.009736842105263158,0.9902631578947368,0
0.00925,0.9600000000000001,0.039999999999999925,0.009250000000000001,0.009635416666666667,0.9903645833333333,0
0.00925,0.97,0.03000000000000003,0.009250000000000001,0.009536082474226805,0.9904639175257732,0
0.00925,0.98,0.020000000000000014,0.009250000000000001,0.009438775510204084,0.9905612244897959,0
0.00925,0.99,0.010000000000000009,0.009250000000000001,0.009343434343434345,0.9906565656565657,0
0.00925,1.0,0.0,0.009250000000000001,0.009250000000000001,0.99075,0
0.0095,0.01,0.99,0.0095,0.9499999999999992,0.05000000000000082,0
0.0095,0.02,0.9800000000000001,0.0095,0.4750000000000022,0.5249999999999978,0
0.0095,0.03,0.97,0.0095,0.3166666666666664,0.6833333333333336,0
0.0095,0.04,0.96,0.0095,0.2374999999999998,0.7625000000000002,0
0.0095,0.05,0.9499999999999998,0.0095,0.1899999999999994,0.8100000000000006,0
0.0095,0.060000000000000005,0.94,0.0095,0.1583333333333332,0.8416666666666668,0
0.0095,0.06999999999999999,0.9300000000000002,0.0095,0.135714285714286,0.864285714285714,0
0.0095,0.08,0.92,0.0095,0.11875000000000005,0.88125,0
0.0095,0.09,0.91,0.0095,0.10555555555555558,0.8944444444444444,0
0.0095,0.09999999999999999,0.8999999999999999,0.0095,0.09499999999999992,0.905,0
0.0095,0.11,0.89,0.0095,0.08636363636363638,0.9136363636363636,0
0.0095,0.12,0.8800000000000001,0.0095,0.07916666666666675,0.9208333333333333,0
0.0095,0.13,0.8699999999999999,0.0095,0.07307692307692301,0.926923076923077,0
0.0095,0.14,0.86,0.0095,0.06785714285714285,0.9321428571428572,0
0.0095,0.15000000000000002,0.8500000000000001,0.0095,0.06333333333333337,0.9366666666666666,0
0.0095,0.16,0.84,0.0095,0.05937499999999999,0.940625,0
0.0095,0.17,0.8300000000000001,0.0095,0.055882352941176494,0.9441176470588235,0
0.0095,0.18000000000000002,0.82,0.0095,0.052777777777777764,0.9472222222222222,0
0.0095,0.19,0.81,0.0095,0.05000000000000001,0.95,0
0.0095,0.2,0.7999999999999999,0.0095,0.04749999999999998,0.9525,0
0.0095,0.21000000000000002,0.79,0.0095,0.045238095238095244,0.9547619047619047,0
0.0095,0.22,0.78,0.0095,0.04318181818181819,0.9568181818181818,0
0.0095,0.23,0.77,0.0095,0.04130434782608696,0.9586956521739131,0
0.0095,0.24000000000000002,0.7599999999999999,0.0095,0.03958333333333332,0.9604166666666667,0
0.0095,0.25,0.7499999999999999,0.0095,0.037999999999999985,0.962,0
0.0095,0.26,0.74,0.0095,0.036538461538461534,0.9634615384615385,0
0.0095,0.27,0.73,0.0095,0.03518518518518518,0.9648148148148148,0
0.0095,0.28,0.72,0.0095,0.033928571428571426,0.9660714285714286,0
0.0095,0.29000000000000004,0.7099999999999999,0.0095,0.032758620689655155,0.9672413793103448,0
0.0095,0.3,0.7000000000000001,0.0095,0.031666666666666676,0.9683333333333333,0
0.0095,0.31,0.69,0.0095,0.030645161290322576,0.9693548387096774,0
0.0095,0.32,0.6799999999999998,0.0095,0.029687499999999985,0.9703125,0
0.0095,0.33,0.6699999999999999,0.0095,0.028787878787878782,0.9712121212121212,0
0.0095,0.34,0.66,0.0095,0.027941176470588237,0.9720588235294118,0
0.0095,0.35000000000000003,0.6499999999999999,0.0095,0.027142857142857135,0.9728571428571429,0
0.0095,0.36000000000000004,0.6399999999999999,0.0095,0.026388888888888882,0.9736111111111111,0
0.0095,0.37,0.63,0.0095,0.025675675675675674,0.9743243243243244,0
0.0095,0.38,0.6200000000000001,0.0095,0.025000000000000005,0.975,0
0.0095,0.39,0.61,0.0095,0.02435897435897436,0.9756410256410256,0
0.0095,0.4,0.6000000000000001,0.0095,0.023750000000000004,0.97625,0
0.0095,0.41000000000000003,0.5900000000000001,0.0095,0.023170731707317076,0.9768292682926829,0
0.0095,0.42000000000000004,0.58,0.0095,0.022619047619047615,0.9773809523809524,0
0.0095,0.43,0.5700000000000001,0.0095,0.022093023255813957,0.977906976744186,0
0.0095,0.44,0.56,0.0095,0.021590909090909095,0.9784090909090909,0
0.0095,0.45,0.55,0.0095,0.021111111111111112,0.9788888888888889,0
0.0095,0.46,0.54,0.0095,0.02065217391304348,0.9793478260869565,0
0.0095,0.47000000000000003,0.53,0.0095,0.02021276595744681,0.9797872340425532,0
0.0095,0.48000000000000004,0.5200000000000001,0.0095,0.019791666666666673,0.9802083333333333,0
0.0095,0.49,0.51,0.0095,0.019387755102040816,0.9806122448979592,0
0.0095,0.5,0.5000000000000001,0.0095,0.019000000000000003,0.981,0
0.0095,0.51,0.48999999999999994,0.0095,0.018627450980392157,0.9813725490196078,0
0.0095,0.52,0.48,0.0095,0.018269230769230767,0.9817307692307692,0
0.0095,0.53,0.47000000000000003,0.0095,0.017924528301886792,0.9820754716981132,0
0.0095,0.54,0.46,0.0095,0.01759259259259259,0.9824074074074074,0
0.0095,0.55,0.45,0.0095,0.01727272727272727,0.9827272727272728,0
0.0095,0.56,0.43999999999999995,0.0095,0.016964285714285713,0.9830357142857142,0
0.0095,0.5700000000000001,0.43,0.0095,0.016666666666666663,0.9833333333333334,0
0.0095,0.5800000000000001,0.41999999999999993,0.0095,0.016379310344827584,0.9836206896551725,0
0.0095,0.59,0.41000000000000003,0.0095,0.016101694915254237,0.9838983050847457,0
0.0095,0.6,0.4,0.0095,0.015833333333333335,0.9841666666666666,0
0.0095,0.61,0.39,0.0095,0.01557377049180328,0.9844262295081967,0
0.0095,0.62,0.38,0.0095,0.01532258064516129,0.9846774193548387,0
0.0095,0.63,0.36999999999999994,0.0095,0.015079365079365076,0.984920634920635,0
0.0095,0.64,0.36,0.0095,0.01484375,0.98515625,0
0.0095,0.65,0.35,0.0095,0.014615384615384615,0.9853846153846154,0
0.0095,0.66,0.3399999999999999,0.0095,0.014393939393939391,0.9856060606060606,0
0.0095,0.67,0.32999999999999996,0.0095,0.01417910447761194,0.985820895522388,0
0.0095,0.68,0.32,0.0095,0.013970588235294118,0.9860294117647059,0
0.0095,0.6900000000000001,0.3099999999999999,0.0095,0.013768115942028982,0.986231884057971,0
0.0095,0.7000000000000001,0.29999999999999993,0.0095,0.01357142857142857,0.9864285714285714,0
0.0095,0.7100000000000001,0.29,0.0095,0.013380281690140845,0.9866197183098592,0
0.0095,0.72,0.28,0.0095,0.013194444444444444,0.9868055555555556,0
0.0095,0.73,0.2700000000000001,0.0095,0.013013698630136987,0.986986301369863,0
0.0095,0.74,0.26,0.0095,0.012837837837837837,0.9871621621621621,0
0.0095,0.75,0.25,0.0095,0.012666666666666666,0.9873333333333333,0
0.0095,0.76,0.24,0.0095,0.012499999999999999,0.9875,0
0.0095,0.77,0.22999999999999995,0.0095,0.012337662337662337,0.9876623376623377,0
0.0095,0.78,0.21999999999999997,0.0095,0.01217948717948718,0.9878205128205129,0
0.0095,0.79,0.20999999999999994,0.0095,0.012025316455696202,0.9879746835443038,0
0.0095,0.8,0.19999999999999993,0.0095,0.011874999999999998,0.988125,0
0.0095,0.81,0.18999999999999992,0.0095,0.011728395061728394,0.9882716049382716,0
0.0095,0.8200000000000001,0.17999999999999994,0.0095,0.011585365853658535,0.9884146341463415,0
0.0095,0.8300000000000001,0.16999999999999993,0.0095,0.01144578313253012,0.9885542168674699,0
0.0095,0.8400000000000001,0.15999999999999992,0.0095,0.011309523809523808,0.9886904761904762,0
0.0095,0.85,0.15000000000000002,0.0095,0.011176470588235295,0.9888235294117647,0
0.0095,0.86,0.14,0.0095,0.011046511627906977,0.9889534883720931,0
0.0095,0.87,0.13000000000000003,0.0095,0.010919540229885057,0.9890804597701149,0
0.0095,0.88,0.12,0.0095,0.010795454545454546,0.9892045454545455,0
0.0095,0.89,0.10999999999999999,0.0095,0.010674157303370787,0.9893258426966293,0
0.0095,0.9,0.09999999999999996,0.0095,0.010555555555555556,0.9894444444444445,0
0.0095,0.91,0.08999999999999996,0.0095,0.010439560439560439,0.9895604395604396,0
0.0095,0.92,0.07999999999999997,0.0095,0.010326086956521738,0.9896739130434783,0
0.0095,0.93,0.06999999999999995,0.0095,0.010215053763440859,0.9897849462365591,0
0.0095,0.9400000000000001,0.05999999999999994,0.0095,0.010106382978723403,0.9898936170212767,0
0.0095,0.9500000000000001,0.04999999999999993,0.0095,0.009999999999999998,0.99,0
0.0095,0.9600000000000001,0.039999999999999925,0.0095,0.009895833333333333,0.9901041666666667,0
0.0095,0.97,0.03000000000000003,0.0095,0.00979381443298969,0.9902061855670103,0
0.0095,0.98,0.020000000000000014,0.0095,0.009693877551020408,0.9903061224489796,0
0.0095,0.99,0.010000000000000009,0.0095,0.009595959595959595,0.9904040404040404,0
0.0095,1.0,0.0,0.0095,0.0095,0.9905,0
0.00975,0.01,0.99,0.009749999999999998,0.974999999999999,0.02500000000000102,0
0.00975,0.02,0.9800000000000001,0.009749999999999998,0.4875000000000022,0.5124999999999977,0
0.00975,0.03,0.97,0.009749999999999998,0.3249999999999997,0.6750000000000003,0
0.00975,0.04,0.96,0.009749999999999998,0.24374999999999974,0.7562500000000003,0
0.00975,0.05,0.9499999999999998,0.009749999999999998,0.19499999999999937,0.8050000000000006,0
0.00975,0.060000000000000005,0.94,0.009749999999999998,0.16249999999999984,0.8375000000000001,0
0.00975,0.06999999999999999,0.9300000000000002,0.009749999999999998,0.13928571428571457,0.8607142857142854,0
0.00975,0.08,0.92,0.009749999999999998,0.12187500000000004,0.8781249999999999,0
0.00975,0.09,0.91,0.009749999999999998,0.10833333333333335,0.8916666666666666,0
0.00975,0.09999999999999999,0.8999999999999999,0.009749999999999998,0.09749999999999989,0.9025000000000001,0
0.00975,0.11,0.89,0.009749999999999998,0.08863636363636364,0.9113636363636364,0
0.00975,0.12,0.8800000000000001,0.009749999999999998,0.08125000000000006,0.91875,0
0.00975,0.13,0.8699999999999999,0.009749999999999998,0.07499999999999991,0.925,0
0.00975,0.14,0.86,0.009749999999999998,0.06964285714285712,0.9303571428571429,0
0.00975,0.15000000000000002,0.8500000000000001,0.009749999999999998,0.06500000000000003,0.9349999999999999,0
0.00975,0.16,0.84,0.009749999999999998,0.06093749999999998,0.9390625,0
0.00975,0.17,0.8300000000000001,0.009749999999999998,0.0573529411764706,0.9426470588235294,0
0.00975,0.18000000000000002,0.82,0.009749999999999998,0.05416666666666664,0.9458333333333333,0
0.00975,0.19,0.81,0.009749999999999998,0.05131578947368422,0.9486842105263158,0
0.00975,0.2,0.7999999999999999,0.009749999999999998,0.048749999999999974,0.95125,0
0.00975,0.21000000000000002,0.79,0.009749999999999998,0.04642857142857143,0.9535714285714285,0
0.00975,0.22,0.78,0.009749999999999998,0.04431818181818182,0.9556818181818182,0
0.00975,0.23,0.77,0.009749999999999998,0.042391304347826085,0.9576086956521739,0
0.00975,0.24000000000000002,0.7599999999999999,0.009749999999999998,0.040624999999999974,0.959375,0
0.00975,0.25,0.7499999999999999,0.009749999999999998,0.03899999999999998,0.9610000000000001,0
0.00975,0.26,0.74,0.009749999999999998,0.03749999999999999,0.9625,0
0.00975,0.27,0.73,0.009749999999999998,0.0361111111111111,0.9638888888888889,0
0.00975,0.28,0.72,0.009749999999999998,0.03482142857142856,0.9651785714285714,0
0.00975,0.29000000000000004,0.7099999999999999,0.009749999999999998,0.03362068965517239,0.9663793103448276,0
0.00975,0.3,0.7000000000000001,0.009749999999999998,0.0325,0.9675,0
0.00975,0.31,0.69,0.009749999999999998,0.0314516129032258,0.9685483870967742,0
0.00975,0.32,0.6799999999999998,0.009749999999999998,0.03046874999999998,0.9695312500000001,0
0.00975,0.33,0.6699999999999999,0.009749999999999998,0.029545454545454534,0.9704545454545455,0
0.00975,0.34,0.66,0.009749999999999998,0.028676470588235293,0.9713235294117647,0
0.00975,0.35000000000000003,0.6499999999999999,0.009749999999999998,0.027857142857142844,0.9721428571428572,0
0.00975,0.36000000000000004,0.6399999999999999,0.009749999999999998,0.02708333333333332,0.9729166666666667,0
0.00975,0.37,0.63,0.009749999999999998,0.026351351351351346,0.9736486486486486,0
0.00975,0.38,0.6200000000000001,0.009749999999999998,0.02565789473684211,0.9743421052631579,0
0.00975,0.39,0.61,0.009749999999999998,0.024999999999999994,0.975,0
0.00975,0.4,0.6000000000000001,0.009749999999999998,0.024375,0.975625,0
0.00975,0.41000000000000003,0.5900000000000001,0.009749999999999998,0.02378048780487805,0.9762195121951219,0
0.00975,0.42000000000000004,0.58,0.009749999999999998,0.023214285714285708,0.9767857142857143,0
0.00975,0.43,0.5700000000000001,0.009749999999999998,0.02267441860465116,0.9773255813953489,0
0.00975,0.44,0.56,0.009749999999999998,0.02215909090909091,0.977840909090909,0
0.00975,0.45,0.55,0.009749999999999998,0.021666666666666664,0.9783333333333334,0
0.00975,0.46,0.54,0.009749999999999998,0.021195652173913043,0.9788043478260869,0
0.00975,0.47000000000000003,0.53,0.009749999999999998,0.02074468085106383,0.9792553191489362,0
0.00975,0.48000000000000004,0.5200000000000001,0.009749999999999998,0.0203125,0.9796875,0
0.00975,0.49,0.51,0.009749999999999998,0.019897959183673465,0.9801020408163266,0
0.00975,0.5,0.5000000000000001,0.009749999999999998,0.0195,0.9805,0
0.00975,0.51,0.48999999999999994,0.009749999999999998,0.019117647058823524,0.9808823529411764,0
0.00975,0.52,0.48,0.009749999999999998,0.018749999999999996,0.98125,0
0.00975,0.53,0.47000000000000003,0.009749999999999998,0.018396226415094336,0.9816037735849057,0
0.00975,0.54,0.46,0.009749999999999998,0.01805555555555555,0.9819444444444444,0
0.00975,0.55,0.45,0.009749999999999998,0.017727272727272723,0.9822727272727273,0
0.00975,0.56,0.43999999999999995,0.009749999999999998,0.01741071428571428,0.9825892857142857,0
0.00975,0.5700000000000001,0.43,0.009749999999999998,0.01710526315789473,0.9828947368421053,0
0.00975,0.5800000000000001,0.41999999999999993,0.009749999999999998,0.016810344827586202,0.9831896551724137,0
0.00975,0.59,0.41000000000000003,0.009749999999999998,0.016525423728813556,0.9834745762711864,0
0.00975,0.6,0.4,0.009749999999999998,0.016249999999999997,0.98375,0
0.00975,0.61,0.39,0.009749999999999998,0.015983606557377048,0.9840163934426229,0
0.00975,0.62,0.38,0.009749999999999998,0.015725806451612902,0.9842741935483871,0
0.00975,0.63,0.36999999999999994,0.009749999999999998,0.01547619047619047,0.9845238095238096,0
0.00975,0.64,0.36,0.009749999999999998,0.015234374999999996,0.984765625,0
0.00975,0.65,0.35,0.009749999999999998,0.014999999999999996,0.985,0
0.00975,0.66,0.3399999999999999,0.009749999999999998,0.014772727272727267,0.9852272727272727,0
0.00975,0.67,0.32999999999999996,0.009749999999999998,0.014552238805970145,0.9854477611940299,0
0.00975,0.68,0.32,0.009749999999999998,0.014338235294117646,0.9856617647058824,0
0.00975,0.6900000000000001,0.3099999999999999,0.009749999999999998,0.01413043478260869,0.9858695652173913,0
0.00975,0.7000000000000001,0.29999999999999993,0.009749999999999998,0.013928571428571426,0.9860714285714286,0
0.00975,0.7100000000000001,0.29,0.009749999999999998,0.013732394366197182,0.9862676056338028,0
0.00975,0.72,0.28,0.009749999999999998,0.013541666666666665,0.9864583333333333,0
0.00975,0.73,0.2700000000000001,0.009749999999999998,0.013356164383561641,0.9866438356164383,0
0.00975,0.74,0.26,0.009749999999999998,0.013175675675675673,0.9868243243243243,0
0.00975,0.75,0.25,0.009749999999999998,0.012999999999999998,0.987,0
0.00975,0.76,0.24,0.009749999999999998,0.012828947368421051,0.9871710526315789,0
0.00975,0.77,0.22999999999999995,0.009749999999999998,0.01266233766233766,0.9873376623376623,0
0.00975,0.78,0.21999999999999997,0.009749999999999998,0.012499999999999997,0.9875,0
0.00975,0.79,0.20999999999999994,0.009749999999999998,0.01234177215189873,0.9876582278481013,0
0.00975,0.8,0.19999999999999993,0.009749999999999998,0.012187499999999997,0.9878125,0
0.00975,0.81,0.18999999999999992,0.009749999999999998,0.012037037037037034,0.9879629629629629,0
0.00975,0.8200000000000001,0.17999999999999994,0.009749999999999998,0.011890243902439021,0.988109756097561,0
0.00975,0.8300000000000001,0.16999999999999993,0.009749999999999998,0.011746987951807225,0.9882530120481928,0
0.00975,0.8400000000000001,0.15999999999999992,0.009749999999999998,0.011607142857142854,0.9883928571428572,0
0.00975,0.85,0.15000000000000002,0.009749999999999998,0.011470588235294116,0.9885294117647059,0
0.00975,0.86,0.14,0.009749999999999998,0.01133720930232558,0.9886627906976744,0
0.00975,0.87,0.13000000000000003,0.009749999999999998,0.011206896551724136,0.9887931034482759,0
0.00975,0.88,0.12,0.009749999999999998,0.011079545454545453,0.9889204545454545,0
0.00975,0.89,0.10999999999999999,0.009749999999999998,0.01095505617977528,0.9890449438202247,0
0.00975,0.9,0.09999999999999996,0.009749999999999998,0.010833333333333332,0.9891666666666666,0
0.00975,0.91,0.08999999999999996,0.009749999999999998,0.010714285714285713,0.9892857142857143,0
0.00975,0.92,0.07999999999999997,0.009749999999999998,0.01059782608695652,0.9894021739130435,0
0.00975,0.93,0.06999999999999995,0.009749999999999998,0.010483870967741933,0.989516129032258,0
0.00975,0.9400000000000001,0.05999999999999994,0.009749999999999998,0.010372340425531913,0.9896276595744681,0
0.00975,0.9500000000000001,0.04999999999999993,0.009749999999999998,0.01026315789473684,0.9897368421052631,0
0.00975,0.9600000000000001,0.039999999999999925,0.009749999999999998,0.010156249999999997,0.98984375,0
0.00975,0.97,0.03000000000000003,0.009749999999999998,0.010051546391752576,0.9899484536082475,0
0.00975,0.98,0.020000000000000014,0.009749999999999998,0.009948979591836733,0.9900510204081633,0
0.00975,0.99,0.010000000000000009,0.009749999999999998,0.009848484848484846,0.9901515151515151,0
0.00975,1.0,0.0,0.009749999999999998,0.009749999999999998,0.99025,0
0.01,0.01,0.99,0.010000000000000002,0.9999999999999993,6.661338147750939e-16,0
0.01,0.02,0.9800000000000001,0.010000000000000002,0.5000000000000024,0.49999999999999756,0
0.01,0.03,0.97,0.010000000000000002,0.3333333333333331,0.666666666666667,0
0.01,0.04,0.96,0.010000000000000002,0.24999999999999983,0.7500000000000002,0
0.01,0.05,0.9499999999999998,0.010000000000000002,0.19999999999999943,0.8000000000000006,0
0.01,0.060000000000000005,0.94,0.010000000000000002,0.16666666666666655,0.8333333333333335,0
0.01,0.06999999999999999,0.9300000000000002,0.010000000000000002,0.1428571428571432,0.8571428571428568,0
0.01,0.08,0.92,0.010000000000000002,0.12500000000000008,0.8749999999999999,0
0.01,0.09,0.91,0.010000000000000002,0.11111111111111117,0.8888888888888888,0
0.01,0.09999999999999999,0.8999999999999999,0.010000000000000002,0.09999999999999994,0.9,0
0.01,0.11,0.89,0.010000000000000002,0.09090909090909094,0.9090909090909091,0
0.01,0.12,0.8800000000000001,0.010000000000000002,0.08333333333333343,0.9166666666666665,0
0.01,0.13,0.8699999999999999,0.010000000000000002,0.07692307692307687,0.9230769230769231,0
0.01,0.14,0.86,0.010000000000000002,0.07142857142857144,0.9285714285714286,0
0.01,0.15000000000000002,0.8500000000000001,0.010000000000000002,0.06666666666666672,0.9333333333333332,0
0.01,0.16,0.84,0.010000000000000002,0.0625,0.9375,0
0.01,0.17,0.8300000000000001,0.010000000000000002,0.05882352941176474,0.9411764705882353,0
0.01,0.18000000000000002,0.82,0.010000000000000002,0.05555555555555555,0.9444444444444444,0
0.01,0.19,0.81,0.010000000000000002,0.052631578947368446,0.9473684210526315,0
0.01,0.2,0.7999999999999999,0.010000000000000002,0.049999999999999996,0.95,0
0.01,0.21000000000000002,0.79,0.010000000000000002,0.04761904761904764,0.9523809523809523,0
0.01,0.22,0.78,0.010000000000000002,0.04545454545454547,0.9545454545454546,0
0.01,0.23,0.77,0.010000000000000002,0.04347826086956523,0.9565217391304348,0
0.01,0.24000000000000002,0.7599999999999999,0.010000000000000002,0.04166666666666666,0.9583333333333334,0
0.01,0.25,0.7499999999999999,0.010000000000000002,0.03999999999999999,0.96,0
0.01,0.26,0.74,0.010000000000000002,0.03846153846153847,0.9615384615384616,0
0.01,0.27,0.73,0.010000000000000002,0.03703703703703704,0.9629629629629629,0
0.01,0.28,0.72,0.010000000000000002,0.03571428571428572,0.9642857142857143,0
0.01,0.29000000000000004,0.7099999999999999,0.010000000000000002,0.03448275862068965,0.9655172413793104,0
0.01,0.3,0.7000000000000001,0.010000000000000002,0.03333333333333335,0.9666666666666667,0
0.01,0.31,0.69,0.010000000000000002,0.03225806451612903,0.967741935483871,0
0.01,0.32,0.6799999999999998,0.010000000000000002,0.03124999999999999,0.96875,0
0.01,0.33,0.6699999999999999,0.010000000000000002,0.030303030303030304,0.9696969696969697,0
0.01,0.34,0.66,0.010000000000000002,0.029411764705882363,0.9705882352941176,0
0.01,0.35000000000000003,0.6499999999999999,0.010000000000000002,0.02857142857142857,0.9714285714285714,0
0.01,0.36000000000000004,0.6399999999999999,0.010000000000000002,0.027777777777777776,0.9722222222222222,0
0.01,0.37,0.63,0.010000000000000002,0.027027027027027032,0.9729729729729729,0
0.01,0.38,0.6200000000000001,0.010000000000000002,0.026315789473684223,0.9736842105263158,0
0.01,0.39,0.61,0.010000000000000002,0.025641025641025644,0.9743589743589743,0
0.01,0.4,0.6000000000000001,0.010000000000000002,0.025000000000000012,0.975,0
0.01,0.41000000000000003,0.5900000000000001,0.010000000000000002,0.024390243902439032,0.975609756097561,0
0.01,0.42000000000000004,0.58,0.010000000000000002,0.02380952380952381,0.9761904761904762,0
0.01,0.43,0.5700000000000001,0.010000000000000002,0.02325581395348838,0.9767441860465116,0
0.01,0.44,0.56,0.010000000000000002,0.022727272727272735,0.9772727272727273,0
0.01,0.45,0.55,0.010000000000000002,0.02222222222222223,0.9777777777777777,0
0.01,0.46,0.54,0.010000000000000002,0.021739130434782615,0.9782608695652174,0
0.01,0.47000000000000003,0.53,0.010000000000000002,0.021276595744680857,0.9787234042553191,0
0.01,0.48000000000000004,0.5200000000000001,0.010000000000000002,0.020833333333333343,0.9791666666666666,0
0.01,0.49,0.51,0.010000000000000002,0.020408163265306128,0.9795918367346939,0
0.01,0.5,0.5000000000000001,0.010000000000000002,0.020000000000000007,0.98,0
0.01,0.51,0.48999999999999994,0.010000000000000002,0.019607843137254905,0.9803921568627451,0
0.01,0.52,0.48,0.010000000000000002,0.019230769230769235,0.9807692307692307,0
0.01,0.53,0.47000000000000003,0.010000000000000002,0.01886792452830189,0.9811320754716981,0
0.01,0.54,0.46,0.010000000000000002,0.01851851851851852,0.9814814814814815,0
0.01,0.55,0.45,0.010000000000000002,0.018181818181818184,0.9818181818181818,0
0.01,0.56,0.43999999999999995,0.010000000000000002,0.01785714285714286,0.9821428571428571,0
0.01,0.5700000000000001,0.43,0.010000000000000002,0.01754385964912281,0.9824561403508771,0
0.01,0.5800000000000001,0.41999999999999993,0.010000000000000002,0.017241379310344827,0.9827586206896551,0
0.01,0.59,0.41000000000000003,0.010000000000000002,0.016949152542372885,0.9830508474576272,0
0.01,0.6,0.4,0.010000000000000002,0.01666666666666667,0.9833333333333333,0
0.01,0.61,0.39,0.010000000000000002,0.016393442622950824,0.9836065573770492,0
0.01,0.62,0.38,0.010000000000000002,0.01612903225806452,0.9838709677419355,0
0.01,0.63,0.36999999999999994,0.010000000000000002,0.015873015873015872,0.9841269841269842,0
0.01,0.64,0.36,0.010000000000000002,0.015625000000000003,0.984375,0
0.01,0.65,0.35,0.010000000000000002,0.015384615384615387,0.9846153846153846,0
0.01,0.66,0.3399999999999999,0.010000000000000002,0.015151515151515152,0.9848484848484849,0
0.01,0.67,0.32999999999999996,0.010000000000000002,0.01492537313432836,0.9850746268656716,0
0.01,0.68,0.32,0.010000000000000002,0.014705882352941181,0.9852941176470588,0
0.01,0.6900000000000001,0.3099999999999999,0.010000000000000002,0.014492753623188404,0.9855072463768116,0
0.01,0.7000000000000001,0.29999999999999993,0.010000000000000002,0.014285714285714287,0.9857142857142858,0
0.01,0.7100000000000001,0.29,0.010000000000000002,0.014084507042253525,0.9859154929577465,0
0.01,0.72,0.28,0.010000000000000002,0.013888888888888892,0.9861111111111112,0
0.01,0.73,0.2700000000000001,0.010000000000000002,0.013698630136986304,0.9863013698630136,0
0.01,0.74,0.26,0.010000000000000002,0.013513513513513516,0.9864864864864865,0
0.01,0.75,0.25,0.010000000000000002,0.013333333333333336,0.9866666666666667,0
0.01,0.76,0.24,0.010000000000000002,0.013157894736842108,0.9868421052631579,0
0.01,0.77,0.22999999999999995,0.010000000000000002,0.01298701298701299,0.987012987012987,0
0.01,0.78,0.21999999999999997,0.010000000000000002,0.012820512820512822,0.9871794871794872,0
0.01,0.79,0.20999999999999994,0.010000000000000002,0.012658227848101267,0.9873417721518988,0
0.01,0.8,0.19999999999999993,0.010000000000000002,0.012500000000000002,0.9875,0
0.01,0.81,0.18999999999999992,0.010000000000000002,0.01234567901234568,0.9876543209876543,0
0.01,0.8200000000000001,0.17999999999999994,0.010000000000000002,0.012195121951219514,0.9878048780487805,0
0.01,0.8300000000000001,0.16999999999999993,0.010000000000000002,0.012048192771084338,0.9879518072289156,0
0.01,0.8400000000000001,0.15999999999999992,0.010000000000000002,0.011904761904761906,0.9880952380952381,0
0.01,0.85,0.15000000000000002,0.010000000000000002,0.011764705882352944,0.9882352941176471,0
0.01,0.86,0.14,0.010000000000000002,0.011627906976744188,0.9883720930232558,0
0.01,0.87,0.13000000000000003,0.010000000000000002,0.01149425287356322,0.9885057471264368,0
0.01,0.88,0.12,0.010000000000000002,0.011363636363636366,0.9886363636363636,0
0.01,0.89,0.10999999999999999,0.010000000000000002,0.011235955056179777,0.9887640449438202,0
0.01,0.9,0.09999999999999996,0.010000000000000002,0.011111111111111113,0.9888888888888889,0
0.01,0.91,0.08999999999999996,0.010000000000000002,0.010989010989010992,0.989010989010989,0
0.01,0.92,0.07999999999999997,0.010000000000000002,0.010869565217391306,0.9891304347826086,0
0.01,0.93,0.06999999999999995,0.010000000000000002,0.010752688172043012,0.989247311827957,0
0.01,0.9400000000000001,0.05999999999999994,0.010000000000000002,0.010638297872340427,0.9893617021276596,0
0.01,0.9500000000000001,0.04999999999999993,0.010000000000000002,0.010526315789473686,0.9894736842105263,0
0.01,0.9600000000000001,0.039999999999999925,0.010000000000000002,0.010416666666666668,0.9895833333333334,0
0.01,0.97,0.03000000000000003,0.010000000000000002,0.010309278350515465,0.9896907216494846,0
0.01,0.98,0.020000000000000014,0.010000000000000002,0.010204081632653064,0.9897959183673469,0
0.01,0.99,0.010000000000000009,0.010000000000000002,0.010101010101010104,0.98989898989899,0
0.01,1.0,0.0,0.010000000000000002,0.010000000000000002,0.99,0
0.01025,0.01,0.99,0.010250000000000002,1.0249999999999992,-0.024999999999999245,0
0.01025,0.02,0.9800000000000001,0.010250000000000002,0.5125000000000025,0.4874999999999975,0
0.01025,0.03,0.97,0.010250000000000002,0.34166666666666645,0.6583333333333335,0
0.01025,0.04,0.96,0.010250000000000002,0.2562499999999998,0.7437500000000001,0
0.01025,0.05,0.9499999999999998,0.010250000000000002,0.2049999999999994,0.7950000000000006,0
0.01025,0.060000000000000005,0.94,0.010250000000000002,0.17083333333333323,0.8291666666666668,0
0.01025,0.06999999999999999,0.9300000000000002,0.010250000000000002,0.1464285714285718,0.8535714285714282,0
0.01025,0.08,0.92,0.010250000000000002,0.1281250000000001,0.871875,0
0.01025,0.09,0.91,0.010250000000000002,0.11388888888888896,0.8861111111111111,0
0.01025,0.09999999999999999,0.8999999999999999,0.010250000000000002,0.10249999999999992,0.8975000000000001,0
0.01025,0.11,0.89,0.010250000000000002,0.09318181818181821,0.9068181818181817,0
0.01025,0.12,0.8800000000000001,0.010250000000000002,0.08541666666666677,0.9145833333333332,0
0.01025,0.13,0.8699999999999999,0.010250000000000002,0.07884615384615379,0.9211538461538462,0
0.01025,0.14,0.86,0.010250000000000002,0.07321428571428572,0.9267857142857143,0
0.01025,0.15000000000000002,0.8500000000000001,0.010250000000000002,0.06833333333333338,0.9316666666666666,0
0.01025,0.16,0.84,0.010250000000000002,0.0640625,0.9359375,0
0.01025,0.17,0.8300000000000001,0.010250000000000002,0.06029411764705886,0.9397058823529412,0
0.01025,0.18000000000000002,0.82,0.010250000000000002,0.05694444444444444,0.9430555555555555,0
0.01025,0.19,0.81,0.010250000000000002,0.05394736842105266,0.9460526315789474,0
0.01025,0.2,0.7999999999999999,0.010250000000000002,0.05125,0.94875,0
0.01025,0.21000000000000002,0.79,0.010250000000000002,0.04880952380952383,0.9511904761904761,0
0.01025,0.22,0.78,0.010250000000000002,0.046590909090909106,0.9534090909090909,0
0.01025,0.23,0.77,0.010250000000000002,0.04456521739130436,0.9554347826086956,0
0.01025,0.24000000000000002,0.7599999999999999,0.010250000000000002,0.04270833333333333,0.9572916666666667,0
0.01025,0.25,0.7499999999999999,0.010250000000000002,0.04099999999999999,0.959,0
0.01025,0.26,0.74,0.010250000000000002,0.03942307692307693,0.9605769230769231,0
0.01025,0.27,0.73,0.010250000000000002,0.03796296296296297,0.962037037037037,0
0.01025,0.28,0.72,0.010250000000000002,0.03660714285714286,0.9633928571428572,0
0.01025,0.29000000000000004,0.7099999999999999,0.010250000000000002,0.035344827586206884,0.9646551724137931,0
0.01025,0.3,0.7000000000000001,0.010250000000000002,0.03416666666666668,0.9658333333333333,0
0.01025,0.31,0.69,0.010250000000000002,0.03306451612903226,0.9669354838709677,0
0.01025,0.32,0.6799999999999998,0.010250000000000002,0.03203124999999999,0.96796875,0
0.01025,0.33,0.6699999999999999,0.010250000000000002,0.03106060606060606,0.968939393939394,0
0.01025,0.34,0.66,0.010250000000000002,0.030147058823529423,0.9698529411764706,0
0.01025,0.35000000000000003,0.6499999999999999,0.010250000000000002,0.029285714285714283,0.9707142857142858,0
0.01025,0.36000000000000004,0.6399999999999999,0.010250000000000002,0.02847222222222222,0.9715277777777778,0
0.01025,0.37,0.63,0.010250000000000002,0.027702702702702708,0.9722972972972973,0
0.01025,0.38,0.6200000000000001,0.010250000000000002,0.02697368421052633,0.9730263157894736,0
0.01025,0.39,0.61,0.010250000000000002,0.026282051282051286,0.9737179487179487,0
0.01025,0.4,0.6000000000000001,0.010250000000000002,0.025625000000000012,0.974375,0
0.01025,0.41000000000000003,0.5900000000000001,0.010250000000000002,0.025000000000000012,0.975,0
0.01025,0.42000000000000004,0.58,0.010250000000000002,0.024404761904761908,0.9755952380952381,0
0.01025,0.43,0.5700000000000001,0.010250000000000002,0.02383720930232559,0.9761627906976744,0
0.01025,0.44,0.56,0.010250000000000002,0.023295454545454553,0.9767045454545454,0
0.01025,0.45,0.55,0.010250000000000002,0.022777777777777786,0.9772222222222222,0
0.01025,0.46,0.54,0.010250000000000002,0.02228260869565218,0.9777173913043479,0
0.01025,0.47000000000000003,0.53,0.010250000000000002,0.02180851063829788,0.9781914893617021,0
0.01025,0.48000000000000004,0.5200000000000001,0.010250000000000002,0.021354166666666678,0.9786458333333333,0
0.01025,0.49,0.51,0.010250000000000002,0.02091836734693878,0.9790816326530613,0
0.01025,0.5,0.5000000000000001,0.010250000000000002,0.020500000000000008,0.9795,0
0.01025,0.51,0.48999999999999994,0.010250000000000002,0.02009803921568628,0.9799019607843137,0
0.01025,0.52,0.48,0.010250000000000002,0.019711538461538464,0.9802884615384615,0
0.01025,0.53,0.47000000000000003,0.010250000000000002,0.019339622641509437,0.9806603773584905,0
0.01025,0.54,0.46,0.010250000000000002,0.018981481481481485,0.9810185185185185,0
0.01025,0.55,0.45,0.010250000000000002,0.01863636363636364,0.9813636363636363,0
0.01025,0.56,0.43999999999999995,0.010250000000000002,0.01830357142857143,0.9816964285714286,0
0.01025,0.5700000000000001,0.43,0.010250000000000002,0.017982456140350878,0.9820175438596491,0
0.01025,0.5800000000000001,0.41999999999999993,0.010250000000000002,0.01767241379310345,0.9823275862068965,0
0.01025,0.59,0.41000000000000003,0.010250000000000002,0.017372881355932207,0.9826271186440678,0
0.01025,0.6,0.4,0.010250000000000002,0.01708333333333334,0.9829166666666667,0
0.01025,0.61,0.39,0.010250000000000002,0.016803278688524593,0.9831967213114754,0
0.01025,0.62,0.38,0.010250000000000002,0.016532258064516133,0.9834677419354839,0
0.01025,0.63,0.36999999999999994,0.010250000000000002,0.01626984126984127,0.9837301587301587,0
0.01025,0.64,0.36,0.010250000000000002,0.016015625000000002,0.983984375,0
0.01025,0.65,0.35,0.010250000000000002,0.01576923076923077,0.9842307692307692,0
0.01025,0.66,0.3399999999999999,0.010250000000000002,0.01553030303030303,0.984469696969697,0
0.01025,0.67,0.32999999999999996,0.010250000000000002,0.015298507462686569,0.9847014925373134,0
0.01025,0.68,0.32,0.010250000000000002,0.015073529411764711,0.9849264705882352,0
0.01025,0.6900000000000001,0.3099999999999999,0.010250000000000002,0.014855072463768115,0.9851449275362318,0
0.01025,0.7000000000000001,0.29999999999999993,0.010250000000000002,0.014642857142857145,0.9853571428571428,0
0.01025,0.7100000000000001,0.29,0.010250000000000002,0.014436619718309862,0.9855633802816901,0
0.01025,0.72,0.28,0.010250000000000002,0.014236111111111114,0.9857638888888889,0
0.01025,0.73,0.2700000000000001,0.010250000000000002,0.014041095890410962,0.9859589041095891,0
0.01025,0.74,0.26,0.010250000000000002,0.013851351351351354,0.9861486486486486,0
0.01025,0.75,0.25,0.010250000000000002,0.013666666666666669,0.9863333333333333,0
0.01025,0.76,0.24,0.010250000000000002,0.01348684210526316,0.9865131578947368,0
0.01025,0.77,0.22999999999999995,0.010250000000000002,0.013311688311688314,0.9866883116883117,0
0.01025,0.78,0.21999999999999997,0.010250000000000002,0.013141025641025643,0.9868589743589744,0
0.01025,0.79,0.20999999999999994,0.010250000000000002,0.012974683544303799,0.9870253164556962,0
0.01025,0.8,0.19999999999999993,0.010250000000000002,0.012812500000000003,0.9871875,0
0.01025,0.81,0.18999999999999992,0.010250000000000002,0.012654320987654323,0.9873456790123457,0
0.01025,0.8200000000000001,0.17999999999999994,0.010250000000000002,0.012500000000000002,0.9875,0
0.01025,0.8300000000000001,0.16999999999999993,0.010250000000000002,0.012349397590361447,0.9876506024096385,0
0.01025,0.8400000000000001,0.15999999999999992,0.010250000000000002,0.012202380952380954,0.9877976190476191,0
0.01025,0.85,0.15000000000000002,0.010250000000000002,0.012058823529411768,0.9879411764705882,0
0.01025,0.86,0.14,0.010250000000000002,0.011918604651162793,0.9880813953488372,0
0.01025,0.87,0.13000000000000003,0.010250000000000002,0.011781609195402302,0.9882183908045977,0
0.01025,0.88,0.12,0.010250000000000002,0.011647727272727275,0.9883522727272728,0
0.01025,0.89,0.10999999999999999,0.010250000000000002,0.011516853932584272,0.9884831460674157,0
0.01025,0.9,0.09999999999999996,0.010250000000000002,0.011388888888888891,0.9886111111111111,0
0.01025,0.91,0.08999999999999996,0.010250000000000002,0.011263736263736265,0.9887362637362638,0
0.01025,0.92,0.07999999999999997,0.010250000000000002,0.011141304347826089,0.9888586956521739,0
0.01025,0.93,0.06999999999999995,0.010250000000000002,0.011021505376344087,0.988978494623656,0
0.01025,0.9400000000000001,0.05999999999999994,0.010250000000000002,0.010904255319148938,0.989095744680851,0
0.01025,0.9500000000000001,0.04999999999999993,0.010250000000000002,0.010789473684210528,0.9892105263157894,0
0.01025,0.9600000000000001,0.039999999999999925,0.010250000000000002,0.010677083333333335,0.9893229166666667,0
0.01025,0.97,0.03000000000000003,0.010250000000000002,0.010567010309278353,0.9894329896907217,0
0.01025,0.98,0.020000000000000014,0.010250000000000002,0.01045918367346939,0.9895408163265306,0
0.01025,0.99,0.010000000000000009,0.010250000000000002,0.010353535353535356,0.9896464646464647,0
0.01025,1.0,0.0,0.010250000000000002,0.010250000000000002,0.98975,0
0.0105,0.01,0.99,0.0105,1.0499999999999992,-0.049999999999999156,0
0.0105,0.02,0.9800000000000001,0.0105,0.5250000000000025,0.47499999999999754,0
0.0105,0.03,0.97,0.0105,0.3499999999999997,0.6500000000000004,0
0.0105,0.04,0.96,0.0105,0.2624999999999998,0.7375000000000003,0
0.0105,0.05,0.9499999999999998,0.0105,0.20999999999999935,0.7900000000000007,0
0.0105,0.060000000000000005,0.94,0.0105,0.17499999999999985,0.8250000000000002,0
0.0105,0.06999999999999999,0.9300000000000002,0.0105,0.15000000000000036,0.8499999999999996,0
0.0105,0.08,0.92,0.0105,0.13125000000000006,0.8687499999999999,0
0.0105,0.09,0.91,0.0105,0.11666666666666671,0.8833333333333333,0
0.0105,0.09999999999999999,0.8999999999999999,0.0105,0.10499999999999991,0.8950000000000001,0
0.0105,0.11,0.89,0.0105,0.09545454545454547,0.9045454545454545,0
0.0105,0.12,0.8800000000000001,0.0105,0.08750000000000009,0.9124999999999999,0
0.0105,0.13,0.8699999999999999,0.0105,0.0807692307692307,0.9192307692307693,0
0.0105,0.14,0.86,0.0105,0.075,0.925,0
0.0105,0.15000000000000002,0.8500000000000001,0.0105,0.07000000000000005,0.9299999999999999,0
0.0105,0.16,0.84,0.0105,0.06562499999999999,0.934375,0
0.0105,0.17,0.8300000000000001,0.0105,0.06176470588235297,0.9382352941176471,0
0.0105,0.18000000000000002,0.82,0.0105,0.05833333333333332,0.9416666666666667,0
0.0105,0.19,0.81,0.0105,0.05526315789473686,0.9447368421052631,0
0.0105,0.2,0.7999999999999999,0.0105,0.052499999999999984,0.9475,0
0.0105,0.21000000000000002,0.79,0.0105,0.05000000000000001,0.95,0
0.0105,0.22,0.78,0.0105,0.047727272727272736,0.9522727272727273,0
0.0105,0.23,0.77,0.0105,0.045652173913043485,0.9543478260869566,0
0.0105,0.24000000000000002,0.7599999999999999,0.0105,0.04374999999999998,0.95625,0
0.0105,0.25,0.7499999999999999,0.0105,0.04199999999999998,0.958,0
0.0105,0.26,0.74,0.0105,0.04038461538461539,0.9596153846153846,0
0.0105,0.27,0.73,0.0105,0.03888888888888889,0.9611111111111111,0
0.0105,0.28,0.72,0.0105,0.0375,0.9625,0
0.0105,0.29000000000000004,0.7099999999999999,0.0105,0.03620689655172412,0.9637931034482758,0
0.0105,0.3,0.7000000000000001,0.0105,0.03500000000000001,0.965,0
0.0105,0.31,0.69,0.0105,0.03387096774193548,0.9661290322580646,0
0.0105,0.32,0.6799999999999998,0.0105,0.03281249999999999,0.9671875,0
0.0105,0.33,0.6699999999999999,0.0105,0.031818181818181815,0.9681818181818181,0
0.0105,0.34,0.66,0.0105,0.030882352941176475,0.9691176470588235,0
0.0105,0.35000000000000003,0.6499999999999999,0.0105,0.029999999999999995,0.97,0
0.0105,0.36000000000000004,0.6399999999999999,0.0105,0.02916666666666666,0.9708333333333333,0
0.0105,0.37,0.63,0.0105,0.02837837837837838,0.9716216216216216,0
0.0105,0.38,0.6200000000000001,0.0105,0.02763157894736843,0.9723684210526315,0
0.0105,0.39,0.61,0.0105,0.026923076923076925,0.9730769230769231,0
0.0105,0.4,0.6000000000000001,0.0105,0.026250000000000006,0.97375,0
0.0105,0.41000000000000003,0.5900000000000001,0.0105,0.02560975609756098,0.974390243902439,0
0.0105,0.42000000000000004,0.58,0.0105,0.024999999999999998,0.975,0
0.0105,0.43,0.5700000000000001,0.0105,0.024418604651162797,0.9755813953488373,0
0.0105,0.44,0.56,0.0105,0.023863636363636368,0.9761363636363636,0
0.0105,0.45,0.55,0.0105,0.023333333333333338,0.9766666666666667,0
0.0105,0.46,0.54,0.0105,0.022826086956521743,0.9771739130434782,0
0.0105,0.47000000000000003,0.53,0.0105,0.022340425531914895,0.9776595744680852,0
0.0105,0.48000000000000004,0.5200000000000001,0.0105,0.021875000000000006,0.978125,0
0.0105,0.49,0.51,0.0105,0.02142857142857143,0.9785714285714285,0
0.0105,0.5,0.5000000000000001,0.0105,0.021000000000000005,0.979,0
0.0105,0.51,0.48999999999999994,0.0105,0.020588235294117647,0.9794117647058823,0
0.0105,0.52,0.48,0.0105,0.020192307692307693,0.9798076923076923,0
0.0105,0.53,0.47000000000000003,0.0105,0.01981132075471698,0.980188679245283,0
0.0105,0.54,0.46,0.0105,0.019444444444444445,0.9805555555555555,0
0.0105,0.55,0.45,0.0105,0.01909090909090909,0.980909090909091,0
0.0105,0.56,0.43999999999999995,0.0105,0.01875,0.98125,0
0.0105,0.5700000000000001,0.43,0.0105,0.018421052631578946,0.9815789473684211,0
0.0105,0.5800000000000001,0.41999999999999993,0.0105,0.018103448275862067,0.9818965517241379,0
0.0105,0.59,0.41000000000000003,0.0105,0.017796610169491526,0.9822033898305085,0
0.0105,0.6,0.4,0.0105,0.0175,0.9825,0
0.0105,0.61,0.39,0.0105,0.01721311475409836,0.9827868852459016,0
0.0105,0.62,0.38,0.0105,0.016935483870967744,0.9830645161290322,0
0.0105,0.63,0.36999999999999994,0.0105,0.016666666666666663,0.9833333333333334,0
0.0105,0.64,0.36,0.0105,0.01640625,0.98359375,0
0.0105,0.65,0.35,0.0105,0.016153846153846154,0.9838461538461538,0
0.0105,0.66,0.3399999999999999,0.0105,0.015909090909090907,0.9840909090909091,0
0.0105,0.67,0.32999999999999996,0.0105,0.015671641791044775,0.9843283582089553,0
0.0105,0.68,0.32,0.0105,0.015441176470588238,0.9845588235294117,0
0.0105,0.6900000000000001,0.3099999999999999,0.0105,0.015217391304347823,0.9847826086956522,0
0.0105,0.7000000000000001,0.29999999999999993,0.0105,0.015,0.985,0
0.0105,0.7100000000000001,0.29,0.0105,0.014788732394366198,0.9852112676056338,0
0.0105,0.72,0.28,0.0105,0.014583333333333335,0.9854166666666667,0
0.0105,0.73,0.2700000000000001,0.0105,0.014383561643835618,0.9856164383561644,0
0.0105,0.74,0.26,0.0105,0.01418918918918919,0.9858108108108108,0
0.0105,0.75,0.25,0.0105,0.014,0.986,0
0.0105,0.76,0.24,0.0105,0.013815789473684212,0.9861842105263158,0
0.0105,0.77,0.22999999999999995,0.0105,0.013636363636363637,0.9863636363636363,0
0.0105,0.78,0.21999999999999997,0.0105,0.013461538461538462,0.9865384615384616,0
0.0105,0.79,0.20999999999999994,0.0105,0.013291139240506329,0.9867088607594937,0
0.0105,0.8,0.19999999999999993,0.0105,0.013125,0.986875,0
0.0105,0.81,0.18999999999999992,0.0105,0.012962962962962963,0.987037037037037,0
0.0105,0.8200000000000001,0.17999999999999994,0.0105,0.012804878048780487,0.9871951219512195,0
0.0105,0.8300000000000001,0.16999999999999993,0.0105,0.012650602409638554,0.9873493975903614,0
0.0105,0.8400000000000001,0.15999999999999992,0.0105,0.012499999999999999,0.9875,0
0.0105,0.85,0.15000000000000002,0.0105,0.012352941176470589,0.9876470588235294,0
0.0105,0.86,0.14,0.0105,0.012209302325581397,0.9877906976744186,0
0.0105,0.87,0.13000000000000003,0.0105,0.012068965517241381,0.9879310344827587,0
0.0105,0.88,0.12,0.0105,0.011931818181818182,0.9880681818181818,0
0.0105,0.89,0.10999999999999999,0.0105,0.011797752808988765,0.9882022471910112,0
0.0105,0.9,0.09999999999999996,0.0105,0.011666666666666667,0.9883333333333333,0
0.0105,0.91,0.08999999999999996,0.0105,0.011538461538461539,0.9884615384615385,0
0.0105,0.92,0.07999999999999997,0.0105,0.01141304347826087,0.9885869565217391,0
0.0105,0.93,0.06999999999999995,0.0105,0.01129032258064516,0.9887096774193549,0
0.0105,0.9400000000000001,0.05999999999999994,0.0105,0.011170212765957447,0.9888297872340426,0
0.0105,0.9500000000000001,0.04999999999999993,0.0105,0.011052631578947368,0.9889473684210527,0
0.0105,0.9600000000000001,0.039999999999999925,0.0105,0.0109375,0.9890625,0
0.0105,0.97,0.03000000000000003,0.0105,0.010824742268041239,0.9891752577319588,0
0.0105,0.98,0.020000000000000014,0.0105,0.010714285714285714,0.9892857142857143,0
0.0105,0.99,0.010000000000000009,0.0105,0.010606060606060607,0.9893939393939394,0
0.0105,1.0,0.0,0.0105,0.0105,0.9895,0
0.010750000000000001,0.01,0.99,0.010750000000000001,1.074999999999999,-0.07499999999999907,0
0.010750000000000001,0.02,0.9800000000000001,0.010750000000000001,0.5375000000000025,0.46249999999999747,0
0.010750000000000001,0.03,0.97,0.010750000000000001,0.35833333333333306,0.6416666666666669,0
0.010750000000000001,0.04,0.96,0.010750000000000001,0.26874999999999977,0.7312500000000002,0
0.010750000000000001,0.05,0.9499999999999998,0.010750000000000001,0.21499999999999936,0.7850000000000006,0
0.010750000000000001,0.060000000000000005,0.94,0.010750000000000001,0.17916666666666653,0.8208333333333335,0
0.010750000000000001,0.06999999999999999,0.9300000000000002,0.010750000000000001,0.15357142857142894,0.8464285714285711,0
0.010750000000000001,0.08,0.92,0.010750000000000001,0.13437500000000008,0.8656249999999999,0
0.010750000000000001,0.09,0.91,0.010750000000000001,0.11944444444444449,0.8805555555555555,0
0.010750000000000001,0.09999999999999999,0.8999999999999999,0.010750000000000001,0.10749999999999992,0.8925000000000001,0
0.010750000000000001,0.11,0.89,0.010750000000000001,0.09772727272727275,0.9022727272727272,0
0.010750000000000001,0.12,0.8800000000000001,0.010750000000000001,0.08958333333333343,0.9104166666666665,0
0.010750000000000001,0.13,0.8699999999999999,0.010750000000000001,0.08269230769230762,0.9173076923076924,0
0.010750000000000001,0.14,0.86,0.010750000000000001,0.07678571428571429,0.9232142857142858,0
0.010750000000000001,0.15000000000000002,0.8500000000000001,0.010750000000000001,0.07166666666666671,0.9283333333333332,0
0.010750000000000001,0.16,0.84,0.010750000000000001,0.0671875,0.9328125,0
0.010750000000000001,0.17,0.8300000000000001,0.010750000000000001,0.06323529411764708,0.9367647058823529,0
0.010750000000000001,0.18000000000000002,0.82,0.010750000000000001,0.05972222222222221,0.9402777777777778,0
0.010750000000000001,0.19,0.81,0.010750000000000001,0.056578947368421076,0.9434210526315789,0
0.010750000000000001,0.2,0.7999999999999999,0.010750000000000001,0.053749999999999985,0.94625,0
0.010750000000000001,0.21000000000000002,0.79,0.010750000000000001,0.0511904761904762,0.9488095238095238,0
0.010750000000000001,0.22,0.78,0.010750000000000001,0.04886363636363637,0.9511363636363637,0
0.010750000000000001,0.23,0.77,0.010750000000000001,0.046739130434782616,0.9532608695652174,0
0.010750000000000001,0.24000000000000002,0.7599999999999999,0.010750000000000001,0.04479166666666665,0.9552083333333333,0
0.010750000000000001,0.25,0.7499999999999999,0.010750000000000001,0.04299999999999998,0.9570000000000001,0
0.010750000000000001,0.26,0.74,0.010750000000000001,0.041346153846153845,0.9586538461538462,0
0.010750000000000001,0.27,0.73,0.010750000000000001,0.03981481481481482,0.9601851851851851,0
0.010750000000000001,0.28,0.72,0.010750000000000001,0.038392857142857145,0.9616071428571429,0
0.010750000000000001,0.29000000000000004,0.7099999999999999,0.010750000000000001,0.03706896551724136,0.9629310344827586,0
0.010750000000000001,0.3,0.7000000000000001,0.010750000000000001,0.03583333333333334,0.9641666666666666,0
0.010750000000000001,0.31,0.69,0.010750000000000001,0.03467741935483871,0.9653225806451613,0
0.010750000000000001,0.32,0.6799999999999998,0.010750000000000001,0.033593749999999985,0.96640625,0
0.010750000000000001,0.33,0.6699999999999999,0.010750000000000001,0.03257575757575757,0.9674242424242424,0
0.010750000000000001,0.34,0.66,0.010750000000000001,0.031617647058823535,0.9683823529411765,0
0.010750000000000001,0.35000000000000003,0.6499999999999999,0.010750000000000001,0.030714285714285708,0.9692857142857143,0
0.010750000000000001,0.36000000000000004,0.6399999999999999,0.010750000000000001,0.029861111111111106,0.9701388888888889,0
0.010750000000000001,0.37,0.63,0.010750000000000001,0.029054054054054056,0.970945945945946,0
0.010750000000000001,0.38,0.6200000000000001,0.010750000000000001,0.028289473684210538,0.9717105263157895,0
0.010750000000000001,0.39,0.61,0.010750000000000001,0.027564102564102567,0.9724358974358974,0
0.010750000000000001,0.4,0.6000000000000001,0.010750000000000001,0.026875000000000007,0.973125,0
0.010750000000000001,0.41000000000000003,0.5900000000000001,0.010750000000000001,0.026219512195121957,0.973780487804878,0
0.010750000000000001,0.42000000000000004,0.58,0.010750000000000001,0.025595238095238095,0.9744047619047619,0
0.010750000000000001,0.43,0.5700000000000001,0.010750000000000001,0.025000000000000005,0.975,0
0.010750000000000001,0.44,0.56,0.010750000000000001,0.024431818181818186,0.9755681818181818,0
0.010750000000000001,0.45,0.55,0.010750000000000001,0.023888888888888894,0.9761111111111112,0
0.010750000000000001,0.46,0.54,0.010750000000000001,0.023369565217391308,0.9766304347826087,0
0.010750000000000001,0.47000000000000003,0.53,0.010750000000000001,0.022872340425531917,0.9771276595744681,0
0.010750000000000001,0.48000000000000004,0.5200000000000001,0.010750000000000001,0.02239583333333334,0.9776041666666666,0
0.010750000000000001,0.49,0.51,0.010750000000000001,0.021938775510204084,0.9780612244897959,0
0.010750000000000001,0.5,0.5000000000000001,0.010750000000000001,0.021500000000000005,0.9785,0
0.010750000000000001,0.51,0.48999999999999994,0.010750000000000001,0.02107843137254902,0.9789215686274509,0
0.010750000000000001,0.52,0.48,0.010750000000000001,0.020673076923076922,0.979326923076923,0
0.010750000000000001,0.53,0.47000000000000003,0.010750000000000001,0.020283018867924527,0.9797169811320755,0
0.010750000000000001,0.54,0.46,0.010750000000000001,0.01990740740740741,0.9800925925925926,0
0.010750000000000001,0.55,0.45,0.010750000000000001,0.019545454545454546,0.9804545454545455,0
0.010750000000000001,0.56,0.43999999999999995,0.010750000000000001,0.019196428571428573,0.9808035714285714,0
0.010750000000000001,0.5700000000000001,0.43,0.010750000000000001,0.018859649122807017,0.981140350877193,0
0.010750000000000001,0.5800000000000001,0.41999999999999993,0.010750000000000001,0.01853448275862069,0.9814655172413793,0
0.010750000000000001,0.59,0.41000000000000003,0.010750000000000001,0.018220338983050848,0.9817796610169491,0
0.010750000000000001,0.6,0.4,0.010750000000000001,0.017916666666666668,0.9820833333333333,0
0.010750000000000001,0.61,0.39,0.010750000000000001,0.017622950819672134,0.9823770491803279,0
0.010750000000000001,0.62,0.38,0.010750000000000001,0.017338709677419357,0.9826612903225806,0
0.010750000000000001,0.63,0.36999999999999994,0.010750000000000001,0.017063492063492062,0.9829365079365079,0
0.010750000000000001,0.64,0.36,0.010750000000000001,0.016796875,0.983203125,0
0.010750000000000001,0.65,0.35,0.010750000000000001,0.01653846153846154,0.9834615384615385,0
0.010750000000000001,0.66,0.3399999999999999,0.010750000000000001,0.016287878787878785,0.9837121212121213,0
0.010750000000000001,0.67,0.32999999999999996,0.010750000000000001,0.016044776119402984,0.983955223880597,0
0.010750000000000001,0.68,0.32,0.010750000000000001,0.015808823529411768,0.9841911764705882,0
0.010750000000000001,0.6900000000000001,0.3099999999999999,0.010750000000000001,0.015579710144927534,0.9844202898550725,0
0.010750000000000001,0.7000000000000001,0.29999999999999993,0.010750000000000001,0.015357142857142857,0.9846428571428572,0
0.010750000000000001,0.7100000000000001,0.29,0.010750000000000001,0.015140845070422538,0.9848591549295774,0
0.010750000000000001,0.72,0.28,0.010750000000000001,0.014930555555555558,0.9850694444444444,0
0.010750000000000001,0.73,0.2700000000000001,0.010750000000000001,0.014726027397260276,0.9852739726027397,0
0.010750000000000001,0.74,0.26,0.010750000000000001,0.014527027027027028,0.985472972972973,0
0.010750000000000001,0.75,0.25,0.010750000000000001,0.014333333333333335,0.9856666666666667,0
0.010750000000000001,0.76,0.24,0.010750000000000001,0.014144736842105264,0.9858552631578947,0
0.010750000000000001,0.77,0.22999999999999995,0.010750000000000001,0.013961038961038962,0.986038961038961,0
0.010750000000000001,0.78,0.21999999999999997,0.010750000000000001,0.013782051282051283,0.9862179487179488,0
0.010750000000000001,0.79,0.20999999999999994,0.010750000000000001,0.01360759493670886,0.9863924050632912,0
0.010750000000000001,0.8,0.19999999999999993,0.010750000000000001,0.0134375,0.9865625,0
0.010750000000000001,0.81,0.18999999999999992,0.010750000000000001,0.013271604938271606,0.9867283950617284,0
0.010750000000000001,0.8200000000000001,0.17999999999999994,0.010750000000000001,0.013109756097560975,0.9868902439024391,0
0.010750000000000001,0.8300000000000001,0.16999999999999993,0.010750000000000001,0.012951807228915663,0.9870481927710844,0
0.010750000000000001,0.8400000000000001,0.15999999999999992,0.010750000000000001,0.012797619047619047,0.987202380952381,0
0.010750000000000001,0.85,0.15000000000000002,0.010750000000000001,0.012647058823529412,0.9873529411764705,0
0.010750000000000001,0.86,0.14,0.010750000000000001,0.0125,0.9875,0
0.010750000000000001,0.87,0.13000000000000003,0.010750000000000001,0.012356321839080461,0.9876436781609196,0
0.010750000000000001,0.88,0.12,0.010750000000000001,0.012215909090909092,0.9877840909090909,0
0.010750000000000001,0.89,0.10999999999999999,0.010750000000000001,0.012078651685393259,0.9879213483146068,0
0.010750000000000001,0.9,0.09999999999999996,0.010750000000000001,0.011944444444444445,0.9880555555555556,0
0.010750000000000001,0.91,0.08999999999999996,0.010750000000000001,0.011813186813186815,0.9881868131868132,0
0.010750000000000001,0.92,0.07999999999999997,0.010750000000000001,0.011684782608695652,0.9883152173913043,0
0.010750000000000001,0.93,0.06999999999999995,0.010750000000000001,0.011559139784946238,0.9884408602150537,0
0.010750000000000001,0.9400000000000001,0.05999999999999994,0.010750000000000001,0.011436170212765958,0.988563829787234,0
0.010750000000000001,0.9500000000000001,0.04999999999999993,0.010750000000000001,0.011315789473684211,0.9886842105263158,0
0.010750000000000001,0.9600000000000001,0.039999999999999925,0.010750000000000001,0.011197916666666667,0.9888020833333333,0
0.010750000000000001,0.97,0.03000000000000003,0.010750000000000001,0.011082474226804124,0.9889175257731959,0
0.010750000000000001,0.98,0.020000000000000014,0.010750000000000001,0.010969387755102042,0.989030612244898,0
0.010750000000000001,0.99,0.010000000000000009,0.010750000000000001,0.010858585858585859,0.9891414141414141,0
0.010750000000000001,1.0,0.0,0.010750000000000001,0.010750000000000001,0.98925,0
0.011,0.01,0.99,0.011000000000000001,1.0999999999999992,-0.0999999999999992,0
0.011,0.02,0.9800000000000001,0.011000000000000001,0.5500000000000026,0.4499999999999974,0
0.011,0.03,0.97,0.011000000000000001,0.36666666666666636,0.6333333333333336,0
0.011,0.04,0.96,0.011000000000000001,0.2749999999999998,0.7250000000000002,0
0.011,0.05,0.9499999999999998,0.011000000000000001,0.21999999999999933,0.7800000000000007,0
0.011,0.060000000000000005,0.94,0.011000000000000001,0.18333333333333318,0.8166666666666669,0
0.011,0.06999999999999999,0.9300000000000002,0.011000000000000001,0.15714285714285753,0.8428571428571425,0
0.011,0.08,0.92,0.011000000000000001,0.1375000000000001,0.8624999999999999,0
0.011,0.09,0.91,0.011000000000000001,0.12222222222222227,0.8777777777777778,0
0.011,0.09999999999999999,0.8999999999999999,0.011000000000000001,0.10999999999999992,0.8900000000000001,0
0.011,0.11,0.89,0.011000000000000001,0.10000000000000002,0.9,0
0.011,0.12,0.8800000000000001,0.011000000000000001,0.09166666666666676,0.9083333333333332,0
0.011,0.13,0.8699999999999999,0.011000000000000001,0.08461538461538455,0.9153846153846155,0
0.011,0.14,0.86,0.011000000000000001,0.07857142857142857,0.9214285714285715,0
0.011,0.15000000000000002,0.8500000000000001,0.011000000000000001,0.07333333333333339,0.9266666666666666,0
0.011,0.16,0.84,0.011000000000000001,0.06874999999999999,0.93125,0
0.011,0.17,0.8300000000000001,0.011000000000000001,0.06470588235294121,0.9352941176470588,0
0.011,0.18000000000000002,0.82,0.011000000000000001,0.0611111111111111,0.9388888888888889,0
0.011,0.19,0.81,0.011000000000000001,0.057894736842105284,0.9421052631578947,0
0.011,0.2,0.7999999999999999,0.011000000000000001,0.054999999999999986,0.9450000000000001,0
0.011,0.21000000000000002,0.79,0.011000000000000001,0.052380952380952396,0.9476190476190476,0
0.011,0.22,0.78,0.011000000000000001,0.05000000000000001,0.95,0
0.011,0.23,0.77,0.011000000000000001,0.04782608695652175,0.9521739130434782,0
0.011,0.24000000000000002,0.7599999999999999,0.011000000000000001,0.045833333333333316,0.9541666666666667,0
0.011,0.25,0.7499999999999999,0.011000000000000001,0.043999999999999984,0.956,0
0.011,0.26,0.74,0.011000000000000001,0.04230769230769231,0.9576923076923077,0
0.011,0.27,0.73,0.011000000000000001,0.040740740740740744,0.9592592592592593,0
0.011,0.28,0.72,0.011000000000000001,0.039285714285714285,0.9607142857142857,0
0.011,0.29000000000000004,0.7099999999999999,0.011000000000000001,0.037931034482758606,0.9620689655172414,0
0.011,0.3,0.7000000000000001,0.011000000000000001,0.03666666666666668,0.9633333333333334,0
0.011,0.31,0.69,0.011000000000000001,0.035483870967741936,0.964516129032258,0
0.011,0.32,0.6799999999999998,0.011000000000000001,0.03437499999999998,0.9656250000000001,0
0.011,0.33,0.6699999999999999,0.011000000000000001,0.03333333333333333,0.9666666666666667,0
0.011,0.34,0.66,0.011000000000000001,0.03235294117647059,0.9676470588235294,0
0.011,0.35000000000000003,0.6499999999999999,0.011000000000000001,0.031428571428571424,0.9685714285714285,0
0.011,0.36000000000000004,0.6399999999999999,0.011000000000000001,0.03055555555555555,0.9694444444444444,0
0.011,0.37,0.63,0.011000000000000001,0.02972972972972973,0.9702702702702702,0
0.011,0.38,0.6200000000000001,0.011000000000000001,0.028947368421052642,0.9710526315789474,0
0.011,0.39,0.61,0.011000000000000001,0.028205128205128206,0.9717948717948718,0
0.011,0.4,0.6000000000000001,0.011000000000000001,0.02750000000000001,0.9725,0
0.011,0.41000000000000003,0.5900000000000001,0.011000000000000001,0.026829268292682933,0.973170731707317,0
0.011,0.42000000000000004,0.58,0.011000000000000001,0.02619047619047619,0.9738095238095238,0
0.011,0.43,0.5700000000000001,0.011000000000000001,0.025581395348837216,0.9744186046511628,0
0.011,0.44,0.56,0.011000000000000001,0.025000000000000005,0.975,0
0.011,0.45,0.55,0.011000000000000001,0.02444444444444445,0.9755555555555555,0
0.011,0.46,0.54,0.011000000000000001,0.023913043478260874,0.9760869565217392,0
0.011,0.47000000000000003,0.53,0.011000000000000001,0.02340425531914894,0.9765957446808511,0
0.011,0.48000000000000004,0.5200000000000001,0.011000000000000001,0.022916666666666675,0.9770833333333333,0
0.011,0.49,0.51,0.011000000000000001,0.022448979591836737,0.9775510204081632,0
0.011,0.5,0.5000000000000001,0.011000000000000001,0.022000000000000006,0.978,0
0.011,0.51,0.48999999999999994,0.011000000000000001,0.021568627450980395,0.9784313725490196,0
0.011,0.52,0.48,0.011000000000000001,0.021153846153846155,0.9788461538461538,0
0.011,0.53,0.47000000000000003,0.011000000000000001,0.020754716981132078,0.9792452830188679,0
0.011,0.54,0.46,0.011000000000000001,0.020370370370370372,0.9796296296296296,0
0.011,0.55,0.45,0.011000000000000001,0.02,0.98,0
0.011,0.56,0.43999999999999995,0.011000000000000001,0.019642857142857142,0.9803571428571428,0
0.011,0.5700000000000001,0.43,0.011000000000000001,0.01929824561403509,0.980701754385965,0
0.011,0.5800000000000001,0.41999999999999993,0.011000000000000001,0.01896551724137931,0.9810344827586207,0
0.011,0.59,0.41000000000000003,0.011000000000000001,0.018644067796610174,0.9813559322033898,0
0.011,0.6,0.4,0.011000000000000001,0.018333333333333337,0.9816666666666667,0
0.011,0.61,0.39,0.011000000000000001,0.018032786885245903,0.9819672131147541,0
0.011,0.62,0.38,0.011000000000000001,0.017741935483870968,0.9822580645161291,0
0.011,0.63,0.36999999999999994,0.011000000000000001,0.017460317460317457,0.9825396825396825,0
0.011,0.64,0.36,0.011000000000000001,0.0171875,0.9828125,0
0.011,0.65,0.35,0.011000000000000001,0.016923076923076923,0.9830769230769231,0
0.011,0.66,0.3399999999999999,0.011000000000000001,0.016666666666666666,0.9833333333333333,0
0.011,0.67,0.32999999999999996,0.011000000000000001,0.016417910447761194,0.9835820895522388,0
0.011,0.68,0.32,0.011000000000000001,0.016176470588235296,0.9838235294117647,0
0.011,0.6900000000000001,0.3099999999999999,0.011000000000000001,0.015942028985507246,0.9840579710144928,0
0.011,0.7000000000000001,0.29999999999999993,0.011000000000000001,0.015714285714285715,0.9842857142857143,0
0.011,0.7100000000000001,0.29,0.011000000000000001,0.015492957746478875,0.9845070422535211,0
0.011,0.72,0.28,0.011000000000000001,0.015277777777777779,0.9847222222222223,0
0.011,0.73,0.2700000000000001,0.011000000000000001,0.015068493150684934,0.9849315068493151,0
0.011,0.74,0.26,0.011000000000000001,0.014864864864864866,0.9851351351351352,0
0.011,0.75,0.25,0.011000000000000001,0.014666666666666668,0.9853333333333333,0
0.011,0.76,0.24,0.011000000000000001,0.014473684210526317,0.9855263157894737,0
0.011,0.77,0.22999999999999995,0.011000000000000001,0.014285714285714287,0.9857142857142858,0
0.011,0.78,0.21999999999999997,0.011000000000000001,0.014102564102564103,0.985897435897436,0
0.011,0.79,0.20999999999999994,0.011000000000000001,0.013924050632911394,0.9860759493670886,0
0.011,0.8,0.19999999999999993,0.011000000000000001,0.01375,0.98625,0
0.011,0.81,0.18999999999999992,0.011000000000000001,0.013580246913580247,0.9864197530864197,0
0.011,0.8200000000000001,0.17999999999999994,0.011000000000000001,0.013414634146341463,0.9865853658536585,0
0.011,0.8300000000000001,0.16999999999999993,0.011000000000000001,0.01325301204819277,0.9867469879518073,0
0.011,0.8400000000000001,0.15999999999999992,0.011000000000000001,0.013095238095238096,0.986904761904762,0
0.011,0.85,0.15000000000000002,0.011000000000000001,0.012941176470588237,0.9870588235294118,0
0.011,0.86,0.14,0.011000000000000001,0.012790697674418606,0.9872093023255814,0
0.011,0.87,0.13000000000000003,0.011000000000000001,0.012643678160919542,0.9873563218390805,0
0.011,0.88,0.12,0.011000000000000001,0.0125,0.9875,0
0.011,0.89,0.10999999999999999,0.011000000000000001,0.012359550561797755,0.9876404494382023,0
0.011,0.9,0.09999999999999996,0.011000000000000001,0.012222222222222223,0.9877777777777778,0
0.011,0.91,0.08999999999999996,0.011000000000000001,0.012087912087912088,0.987912087912088,0
0.011,0.92,0.07999999999999997,0.011000000000000001,0.011956521739130435,0.9880434782608696,0
0.011,0.93,0.06999999999999995,0.011000000000000001,0.011827956989247313,0.9881720430107527,0
0.011,0.9400000000000001,0.05999999999999994,0.011000000000000001,0.01170212765957447,0.9882978723404255,0
0.011,0.9500000000000001,0.04999999999999993,0.011000000000000001,0.011578947368421053,0.988421052631579,0
0.011,0.9600000000000001,0.039999999999999925,0.011000000000000001,0.011458333333333334,0.9885416666666667,0
0.011,0.97,0.03000000000000003,0.011000000000000001,0.011340206185567012,0.988659793814433,0
0.011,0.98,0.020000000000000014,0.011000000000000001,0.011224489795918368,0.9887755102040816,0
0.011,0.99,0.010000000000000009,0.011000000000000001,0.011111111111111112,0.9888888888888889,0
0.011,1.0,0.0,0.011000000000000001,0.011000000000000001,0.989,0
0.01125,0.01,0.99,0.01125,1.124999999999999,-0.12499999999999889,0
0.01125,0.02,0.9800000000000001,0.01125,0.5625000000000026,0.43749999999999745,0
0.01125,0.03,0.97,0.01125,0.37499999999999967,0.6250000000000003,0
0.01125,0.04,0.96,0.01125,0.2812499999999997,0.7187500000000002,0
0.01125,0.05,0.9499999999999998,0.01125,0.22499999999999928,0.7750000000000007,0
0.01125,0.060000000000000005,0.94,0.01125,0.18749999999999983,0.8125000000000002,0
0.01125,0.06999999999999999,0.9300000000000002,0.01125,0.1607142857142861,0.839285714285714,0
0.01125,0.08,0.92,0.01125,0.14062500000000006,0.859375,0
0.01125,0.09,0.91,0.01125,0.12500000000000003,0.875,0
0.01125,0.09999999999999999,0.8999999999999999,0.01125,0.11249999999999989,0.8875000000000001,0
0.01125,0.11,0.89,0.01125,0.10227272727272728,0.8977272727272727,0
0.01125,0.12,0.8800000000000001,0.01125,0.09375000000000008,0.9062499999999999,0
0.01125,0.13,0.8699999999999999,0.01125,0.08653846153846145,0.9134615384615385,0
0.01125,0.14,0.86,0.01125,0.08035714285714285,0.9196428571428572,0
0.01125,0.15000000000000002,0.8500000000000001,0.01125,0.07500000000000004,0.9249999999999999,0
0.01125,0.16,0.84,0.01125,0.07031249999999999,0.9296875,0
0.01125,0.17,0.8300000000000001,0.01125,0.06617647058823532,0.9338235294117647,0
0.01125,0.18000000000000002,0.82,0.01125,0.06249999999999998,0.9375,0
0.01125,0.19,0.81,0.01125,0.05921052631578949,0.9407894736842105,0
0.01125,0.2,0.7999999999999999,0.01125,0.05624999999999998,0.94375,0
0.01125,0.21000000000000002,0.79,0.01125,0.053571428571428575,0.9464285714285714,0
0.01125,0.22,0.78,0.01125,0.05113636363636364,0.9488636363636364,0
0.01125,0.23,0.77,0.01125,0.04891304347826087,0.9510869565217391,0
0.01125,0.24000000000000002,0.7599999999999999,0.01125,0.04687499999999998,0.953125,0
0.01125,0.25,0.7499999999999999,0.01125,0.04499999999999998,0.9550000000000001,0
0.01125,0.26,0.74,0.01125,0.04326923076923077,0.9567307692307693,0
0.01125,0.27,0.73,0.01125,0.041666666666666664,0.9583333333333334,0
0.01125,0.28,0.72,0.01125,0.040178571428571425,0.9598214285714286,0
0.01125,0.29000000000000004,0.7099999999999999,0.01125,0.03879310344827584,0.9612068965517242,0
0.01125,0.3,0.7000000000000001,0.01125,0.037500000000000006,0.9625,0
0.01125,0.31,0.69,0.01125,0.03629032258064516,0.9637096774193549,0
0.01125,0.32,0.6799999999999998,0.01125,0.03515624999999998,0.96484375,0
0.01125,0.33,0.6699999999999999,0.01125,0.03409090909090908,0.9659090909090909,0
0.01125,0.34,0.66,0.01125,0.03308823529411765,0.9669117647058824,0
0.01125,0.35000000000000003,0.6499999999999999,0.01125,0.03214285714285713,0.9678571428571429,0
0.01125,0.36000000000000004,0.6399999999999999,0.01125,0.03124999999999999,0.96875,0
0.01125,0.37,0.63,0.01125,0.030405405405405404,0.9695945945945946,0
0.01125,0.38,0.6200000000000001,0.01125,0.029605263157894746,0.9703947368421053,0
0.01125,0.39,0.61,0.01125,0.028846153846153844,0.9711538461538461,0
0.01125,0.4,0.6000000000000001,0.01125,0.028125000000000004,0.971875,0
0.01125,0.41000000000000003,0.5900000000000001,0.01125,0.027439024390243906,0.9725609756097561,0
0.01125,0.42000000000000004,0.58,0.01125,0.02678571428571428,0.9732142857142857,0
0.01125,0.43,0.5700000000000001,0.01125,0.02616279069767442,0.9738372093023255,0
0.01125,0.44,0.56,0.01125,0.02556818181818182,0.9744318181818182,0
0.01125,0.45,0.55,0.01125,0.025,0.975,0
0.01125,0.46,0.54,0.01125,0.024456521739130436,0.9755434782608695,0
0.01125,0.47000000000000003,0.53,0.01125,0.023936170212765957,0.976063829787234,0
0.01125,0.48000000000000004,0.5200000000000001,0.01125,0.023437500000000007,0.9765625,0
0.01125,0.49,0.51,0.01125,0.02295918367346939,0.9770408163265306,0
0.01125,0.5,0.5000000000000001,0.01125,0.022500000000000003,0.9775,0
0.01125,0.51,0.48999999999999994,0.01125,0.022058823529411763,0.9779411764705882,0
0.01125,0.52,0.48,0.01125,0.021634615384615384,0.9783653846153846,0
0.01125,0.53,0.47000000000000003,0.01125,0.02122641509433962,0.9787735849056604,0
0.01125,0.54,0.46,0.01125,0.020833333333333332,0.9791666666666666,0
0.01125,0.55,0.45,0.01125,0.02045454545454545,0.9795454545454545,0
0.01125,0.56,0.43999999999999995,0.01125,0.020089285714285712,0.9799107142857143,0
0.01125,0.5700000000000001,0.43,0.01125,0.019736842105263153,0.9802631578947368,0
0.01125,0.5800000000000001,0.41999999999999993,0.01125,0.019396551724137928,0.9806034482758621,0
0.01125,0.59,0.41000000000000003,0.01125,0.019067796610169493,0.9809322033898306,0
0.01125,0.6,0.4,0.01125,0.01875,0.98125,0
0.01125,0.61,0.39,0.01125,0.018442622950819672,0.9815573770491803,0
0.01125,0.62,0.38,0.01125,0.01814516129032258,0.9818548387096774,0
0.01125,0.63,0.36999999999999994,0.01125,0.017857142857142853,0.9821428571428571,0
0.01125,0.64,0.36,0.01125,0.017578125,0.982421875,0
0.01125,0.65,0.35,0.01125,0.017307692307692305,0.9826923076923076,0
0.01125,0.66,0.3399999999999999,0.01125,0.01704545454545454,0.9829545454545454,0
0.01125,0.67,0.32999999999999996,0.01125,0.016791044776119403,0.9832089552238806,0
0.01125,0.68,0.32,0.01125,0.016544117647058824,0.9834558823529411,0
0.01125,0.6900000000000001,0.3099999999999999,0.01125,0.016304347826086953,0.9836956521739131,0
0.01125,0.7000000000000001,0.29999999999999993,0.01125,0.01607142857142857,0.9839285714285715,0
0.01125,0.7100000000000001,0.29,0.01125,0.01584507042253521,0.9841549295774648,0
0.01125,0.72,0.28,0.01125,0.015625,0.984375,0
0.01125,0.73,0.2700000000000001,0.01125,0.015410958904109588,0.9845890410958904,0
0.01125,0.74,0.26,0.01125,0.015202702702702702,0.9847972972972973,0
0.01125,0.75,0.25,0.01125,0.015,0.985,0
0.01125,0.76,0.24,0.01125,0.014802631578947368,0.9851973684210527,0
0.01125,0.77,0.22999999999999995,0.01125,0.01461038961038961,0.9853896103896104,0
0.01125,0.78,0.21999999999999997,0.01125,0.014423076923076922,0.9855769230769231,0
0.01125,0.79,0.20999999999999994,0.01125,0.014240506329113924,0.9857594936708861,0
0.01125,0.8,0.19999999999999993,0.01125,0.014062499999999999,0.9859375,0
0.01125,0.81,0.18999999999999992,0.01125,0.013888888888888888,0.9861111111111112,0
0.01125,0.8200000000000001,0.17999999999999994,0.01125,0.01371951219512195,0.9862804878048781,0
0.01125,0.8300000000000001,0.16999999999999993,0.01125,0.013554216867469878,0.9864457831325302,0
0.01125,0.8400000000000001,0.15999999999999992,0.01125,0.01339285714285714,0.9866071428571429,0
0.01125,0.85,0.15000000000000002,0.01125,0.013235294117647059,0.986764705882353,0
0.01125,0.86,0.14,0.01125,0.013081395348837208,0.9869186046511628,0
0.01125,0.87,0.13000000000000003,0.01125,0.01293103448275862,0.9870689655172413,0
0.01125,0.88,0.12,0.01125,0.012784090909090908,0.9872159090909091,0
0.01125,0.89,0.10999999999999999,0.01125,0.012640449438202247,0.9873595505617978,0
0.01125,0.9,0.09999999999999996,0.01125,0.012499999999999999,0.9875,0
0.01125,0.91,0.08999999999999996,0.01125,0.012362637362637362,0.9876373626373627,0
0.01125,0.92,0.07999999999999997,0.01125,0.012228260869565216,0.9877717391304348,0
0.01125,0.93,0.06999999999999995,0.01125,0.012096774193548387,0.9879032258064516,0
0.01125,0.9400000000000001,0.05999999999999994,0.01125,0.011968085106382977,0.988031914893617,0
0.01125,0.9500000000000001,0.04999999999999993,0.01125,0.011842105263157893,0.9881578947368421,0
0.01125,0.9600000000000001,0.039999999999999925,0.01125,0.011718749999999998,0.98828125,0
0.01125,0.97,0.03000000000000003,0.01125,0.011597938144329897,0.9884020618556701,0
0.01125,0.98,0.020000000000000014,0.01125,0.011479591836734694,0.9885204081632653,0
0.01125,0.99,0.010000000000000009,0.01125,0.011363636363636364,0.9886363636363636,0
0.01125,1.0,0.0,0.01125,0.01125,0.98875,0
0.0115,0.01,0.99,0.0115,1.149999999999999,-0.14999999999999902,0
0.0115,0.02,0.9800000000000001,0.0115,0.5750000000000026,0.4249999999999974,0
0.0115,0.03,0.97,0.0115,0.38333333333333297,0.616666666666667,0
0.0115,0.04,0.96,0.0115,0.28749999999999976,0.7125000000000002,0
0.0115,0.05,0.9499999999999998,0.0115,0.2299999999999993,0.7700000000000007,0
0.0115,0.060000000000000005,0.94,0.0115,0.19166666666666649,0.8083333333333336,0
0.0115,0.06999999999999999,0.9300000000000002,0.0115,0.16428571428571465,0.8357142857142854,0
0.0115,0.08,0.92,0.0115,0.14375000000000007,0.85625,0
0.0115,0.09,0.91,0.0115,0.12777777777777782,0.8722222222222222,0
0.0115,0.09999999999999999,0.8999999999999999,0.0115,0.1149999999999999,0.8850000000000001,0
0.0115,0.11,0.89,0.0115,0.10454545454545455,0.8954545454545455,0
0.0115,0.12,0.8800000000000001,0.0115,0.09583333333333342,0.9041666666666666,0
0.0115,0.13,0.8699999999999999,0.0115,0.08846153846153838,0.9115384615384616,0
0.0115,0.14,0.86,0.0115,0.08214285714285713,0.9178571428571429,0
0.0115,0.15000000000000002,0.8500000000000001,0.0115,0.07666666666666672,0.9233333333333333,0
0.0115,0.16,0.84,0.0115,0.07187499999999998,0.928125,0
0.0115,0.17,0.8300000000000001,0.0115,0.06764705882352944,0.9323529411764706,0
0.0115,0.18000000000000002,0.82,0.0115,0.06388888888888887,0.9361111111111111,0
0.0115,0.19,0.81,0.0115,0.0605263157894737,0.9394736842105263,0
0.0115,0.2,0.7999999999999999,0.0115,0.05749999999999998,0.9425,0
0.0115,0.21000000000000002,0.79,0.0115,0.05476190476190477,0.9452380952380952,0
0.0115,0.22,0.78,0.0115,0.052272727272727276,0.9477272727272728,0
0.0115,0.23,0.77,0.0115,0.05,0.95,0
0.0115,0.24000000000000002,0.7599999999999999,0.0115,0.04791666666666664,0.9520833333333334,0
0.0115,0.25,0.7499999999999999,0.0115,0.04599999999999998,0.9540000000000001,0
0.0115,0.26,0.74,0.0115,0.044230769230769226,0.9557692307692308,0
0.0115,0.27,0.73,0.0115,0.04259259259259259,0.9574074074074074,0
0.0115,0.28,0.72,0.0115,0.041071428571428564,0.9589285714285715,0
0.0115,0.29000000000000004,0.7099999999999999,0.0115,0.039655172413793086,0.9603448275862069,0
0.0115,0.3,0.7000000000000001,0.0115,0.038333333333333344,0.9616666666666667,0
0.0115,0.31,0.69,0.0115,0.03709677419354838,0.9629032258064516,0
0.0115,0.32,0.6799999999999998,0.0115,0.03593749999999998,0.9640625,0
0.0115,0.33,0.6699999999999999,0.0115,0.03484848484848484,0.9651515151515152,0
0.0115,0.34,0.66,0.0115,0.03382352941176471,0.9661764705882353,0
0.0115,0.35000000000000003,0.6499999999999999,0.0115,0.03285714285714285,0.9671428571428572,0
0.0115,0.36000000000000004,0.6399999999999999,0.0115,0.031944444444444435,0.9680555555555556,0
0.0115,0.37,0.63,0.0115,0.03108108108108108,0.9689189189189189,0
0.0115,0.38,0.6200000000000001,0.0115,0.03026315789473685,0.9697368421052631,0
0.0115,0.39,0.61,0.0115,0.029487179487179487,0.9705128205128205,0
0.0115,0.4,0.6000000000000001,0.0115,0.028750000000000005,0.97125,0
0.0115,0.41000000000000003,0.5900000000000001,0.0115,0.028048780487804882,0.9719512195121951,0
0.0115,0.42000000000000004,0.58,0.0115,0.027380952380952377,0.9726190476190476,0
0.0115,0.43,0.5700000000000001,0.0115,0.02674418604651163,0.9732558139534884,0
0.0115,0.44,0.56,0.0115,0.026136363636363638,0.9738636363636364,0
0.0115,0.45,0.55,0.0115,0.025555555555555557,0.9744444444444444,0
0.0115,0.46,0.54,0.0115,0.025,0.975,0
0.0115,0.47000000000000003,0.53,0.0115,0.02446808510638298,0.975531914893617,0
0.0115,0.48000000000000004,0.5200000000000001,0.0115,0.02395833333333334,0.9760416666666667,0
0.0115,0.49,0.51,0.0115,0.02346938775510204,0.976530612244898,0
0.0115,0.5,0.5000000000000001,0.0115,0.023000000000000003,0.977,0
0.0115,0.51,0.48999999999999994,0.0115,0.022549019607843137,0.9774509803921568,0
0.0115,0.52,0.48,0.0115,0.022115384615384613,0.9778846153846154,0
0.0115,0.53,0.47000000000000003,0.0115,0.02169811320754717,0.9783018867924528,0
0.0115,0.54,0.46,0.0115,0.021296296296296296,0.9787037037037037,0
0.0115,0.55,0.45,0.0115,0.02090909090909091,0.9790909090909091,0
0.0115,0.56,0.43999999999999995,0.0115,0.020535714285714282,0.9794642857142857,0
0.0115,0.5700000000000001,0.43,0.0115,0.020175438596491225,0.9798245614035088,0
0.0115,0.5800000000000001,0.41999999999999993,0.0115,0.01982758620689655,0.9801724137931035,0
0.0115,0.59,0.41000000000000003,0.0115,0.019491525423728815,0.9805084745762712,0
0.0115,0.6,0.4,0.0115,0.01916666666666667,0.9808333333333333,0
0.0115,0.61,0.39,0.0115,0.018852459016393444,0.9811475409836066,0
0.0115,0.62,0.38,0.0115,0.018548387096774192,0.9814516129032258,0
0.0115,0.63,0.36999999999999994,0.0115,0.01825396825396825,0.9817460317460317,0
0.0115,0.64,0.36,0.0115,0.01796875,0.98203125,0
0.0115,0.65,0.35,0.0115,0.01769230769230769,0.9823076923076923,0
0.0115,0.66,0.3399999999999999,0.0115,0.01742424242424242,0.9825757575757575,0
0.0115,0.67,0.32999999999999996,0.0115,0.017164179104477612,0.9828358208955223,0
0.0115,0.68,0.32,0.0115,0.016911764705882355,0.9830882352941176,0
0.0115,0.6900000000000001,0.3099999999999999,0.0115,0.016666666666666663,0.9833333333333334,0
0.0115,0.7000000000000001,0.29999999999999993,0.0115,0.016428571428571428,0.9835714285714285,0
0.0115,0.7100000000000001,0.29,0.0115,0.01619718309859155,0.9838028169014085,0
0.0115,0.72,0.28,0.0115,0.01597222222222222,0.9840277777777777,0
0.0115,0.73,0.2700000000000001,0.0115,0.015753424657534248,0.9842465753424657,0
0.0115,0.74,0.26,0.0115,0.01554054054054054,0.9844594594594595,0
0.0115,0.75,0.25,0.0115,0.015333333333333332,0.9846666666666667,0
0.0115,0.76,0.24,0.0115,0.015131578947368421,0.9848684210526316,0
0.0115,0.77,0.22999999999999995,0.0115,0.014935064935064935,0.9850649350649351,0
0.0115,0.78,0.21999999999999997,0.0115,0.014743589743589743,0.9852564102564103,0
0.0115,0.79,0.20999999999999994,0.0115,0.014556962025316455,0.9854430379746836,0
0.0115,0.8,0.19999999999999993,0.0115,0.014374999999999999,0.985625,0
0.0115,0.81,0.18999999999999992,0.0115,0.01419753086419753,0.9858024691358025,0
0.0115,0.8200000000000001,0.17999999999999994,0.0115,0.014024390243902438,0.9859756097560975,0
0.0115,0.8300000000000001,0.16999999999999993,0.0115,0.013855421686746987,0.986144578313253,0
0.0115,0.8400000000000001,0.15999999999999992,0.0115,0.013690476190476189,0.9863095238095239,0
0.0115,0.85,0.15000000000000002,0.0115,0.013529411764705882,0.9864705882352941,0
0.0115,0.86,0.14,0.0115,0.013372093023255814,0.9866279069767442,0
0.0115,0.87,0.13000000000000003,0.0115,0.013218390804597701,0.9867816091954023,0
0.0115,0.88,0.12,0.0115,0.013068181818181817,0.9869318181818182,0
0.0115,0.89,0.10999999999999999,0.0115,0.012921348314606741,0.9870786516853932,0
0.0115,0.9,0.09999999999999996,0.0115,0.012777777777777777,0.9872222222222222,0
0.0115,0.91,0.08999999999999996,0.0115,0.012637362637362638,0.9873626373626374,0
0.0115,0.92,0.07999999999999997,0.0115,0.012499999999999999,0.9875,0
0.0115,0.93,0.06999999999999995,0.0115,0.012365591397849462,0.9876344086021506,0
0.0115,0.9400000000000001,0.05999999999999994,0.0115,0.012234042553191488,0.9877659574468085,0
0.0115,0.9500000000000001,0.04999999999999993,0.0115,0.012105263157894735,0.9878947368421053,0
0.0115,0.9600000000000001,0.039999999999999925,0.0115,0.011979166666666666,0.9880208333333333,0
0.0115,0.97,0.03000000000000003,0.0115,0.011855670103092783,0.9881443298969073,0
0.0115,0.98,0.020000000000000014,0.0115,0.01173469387755102,0.988265306122449,0
0.0115,0.99,0.010000000000000009,0.0115,0.011616161616161616,0.9883838383838384,0
0.0115,1.0,0.0,0.0115,0.0115,0.9885,0
0.01175,0.01,0.99,0.01175,1.174999999999999,-0.17499999999999893,0
0.01175,0.02,0.9800000000000001,0.01175,0.5875000000000027,0.4124999999999973,0
0.01175,0.03,0.97,0.01175,0.39166666666666633,0.6083333333333336,0
0.01175,0.04,0.96,0.01175,0.29374999999999973,0.7062500000000003,0
0.01175,0.05,0.9499999999999998,0.01175,0.23499999999999927,0.7650000000000008,0
0.01175,0.060000000000000005,0.94,0.01175,0.19583333333333316,0.8041666666666668,0
0.01175,0.06999999999999999,0.9300000000000002,0.01175,0.16785714285714323,0.8321428571428567,0
0.01175,0.08,0.92,0.01175,0.14687500000000006,0.8531249999999999,0
0.01175,0.09,0.91,0.01175,0.1305555555555556,0.8694444444444445,0
0.01175,0.09999999999999999,0.8999999999999999,0.01175,0.1174999999999999,0.8825000000000001,0
0.01175,0.11,0.89,0.01175,0.10681818181818183,0.8931818181818182,0
0.01175,0.12,0.8800000000000001,0.01175,0.09791666666666676,0.9020833333333332,0
0.01175,0.13,0.8699999999999999,0.01175,0.0903846153846153,0.9096153846153847,0
0.01175,0.14,0.86,0.01175,0.08392857142857142,0.9160714285714285,0
0.01175,0.15000000000000002,0.8500000000000001,0.01175,0.07833333333333338,0.9216666666666666,0
0.01175,0.16,0.84,0.01175,0.07343749999999999,0.9265625,0
0.01175,0.17,0.8300000000000001,0.01175,0.06911764705882356,0.9308823529411765,0
0.01175,0.18000000000000002,0.82,0.01175,0.06527777777777775,0.9347222222222222,0
0.01175,0.19,0.81,0.01175,0.061842105263157914,0.9381578947368421,0
0.01175,0.2,0.7999999999999999,0.01175,0.05874999999999998,0.94125,0
0.01175,0.21000000000000002,0.79,0.01175,0.05595238095238096,0.944047619047619,0
0.01175,0.22,0.78,0.01175,0.05340909090909091,0.946590909090909,0
0.01175,0.23,0.77,0.01175,0.051086956521739134,0.9489130434782609,0
0.01175,0.24000000000000002,0.7599999999999999,0.01175,0.04895833333333331,0.9510416666666667,0
0.01175,0.25,0.7499999999999999,0.01175,0.04699999999999998,0.9530000000000001,0
0.01175,0.26,0.74,0.01175,0.04519230769230769,0.9548076923076924,0
0.01175,0.27,0.73,0.01175,0.04351851851851852,0.9564814814814815,0
0.01175,0.28,0.72,0.01175,0.04196428571428571,0.9580357142857143,0
0.01175,0.29000000000000004,0.7099999999999999,0.01175,0.04051724137931032,0.9594827586206897,0
0.01175,0.3,0.7000000000000001,0.01175,0.039166666666666676,0.9608333333333333,0
0.01175,0.31,0.69,0.01175,0.037903225806451606,0.9620967741935484,0
0.01175,0.32,0.6799999999999998,0.01175,0.03671874999999998,0.96328125,0
0.01175,0.33,0.6699999999999999,0.01175,0.0356060606060606,0.9643939393939394,0
0.01175,0.34,0.66,0.01175,0.03455882352941177,0.9654411764705882,0
0.01175,0.35000000000000003,0.6499999999999999,0.01175,0.033571428571428565,0.9664285714285714,0
0.01175,0.36000000000000004,0.6399999999999999,0.01175,0.03263888888888888,0.9673611111111111,0
0.01175,0.37,0.63,0.01175,0.03175675675675676,0.9682432432432433,0
0.01175,0.38,0.6200000000000001,0.01175,0.030921052631578957,0.969078947368421,0
0.01175,0.39,0.61,0.01175,0.03012820512820513,0.9698717948717949,0
0.01175,0.4,0.6000000000000001,0.01175,0.029375000000000005,0.970625,0
0.01175,0.41000000000000003,0.5900000000000001,0.01175,0.02865853658536586,0.9713414634146341,0
0.01175,0.42000000000000004,0.58,0.01175,0.027976190476190474,0.9720238095238095,0
0.01175,0.43,0.5700000000000001,0.01175,0.027325581395348842,0.9726744186046512,0
0.01175,0.44,0.56,0.01175,0.026704545454545457,0.9732954545454545,0
0.01175,0.45,0.55,0.01175,0.026111111111111113,0.9738888888888889,0
0.01175,0.46,0.54,0.01175,0.025543478260869567,0.9744565217391304,0
0.01175,0.47000000000000003,0.53,0.01175,0.025,0.975,0
0.01175,0.48000000000000004,0.5200000000000001,0.01175,0.024479166666666673,0.9755208333333333,0
0.01175,0.49,0.51,0.01175,0.023979591836734693,0.9760204081632653,0
0.01175,0.5,0.5000000000000001,0.01175,0.023500000000000007,0.9765,0
0.01175,0.51,0.48999999999999994,0.01175,0.023039215686274508,0.9769607843137255,0
0.01175,0.52,0.48,0.01175,0.022596153846153846,0.9774038461538461,0
0.01175,0.53,0.47000000000000003,0.01175,0.022169811320754716,0.9778301886792453,0
0.01175,0.54,0.46,0.01175,0.02175925925925926,0.9782407407407407,0
0.01175,0.55,0.45,0.01175,0.021363636363636362,0.9786363636363636,0
0.01175,0.56,0.43999999999999995,0.01175,0.020982142857142855,0.9790178571428572,0
0.01175,0.5700000000000001,0.43,0.01175,0.020614035087719296,0.9793859649122807,0
0.01175,0.5800000000000001,0.41999999999999993,0.01175,0.02025862068965517,0.9797413793103449,0
0.01175,0.59,0.41000000000000003,0.01175,0.019915254237288137,0.9800847457627119,0
0.01175,0.6,0.4,0.01175,0.019583333333333335,0.9804166666666667,0
0.01175,0.61,0.39,0.01175,0.019262295081967213,0.9807377049180328,0
0.01175,0.62,0.38,0.01175,0.018951612903225806,0.9810483870967742,0
0.01175,0.63,0.36999999999999994,0.01175,0.018650793650793647,0.9813492063492063,0
0.01175,0.64,0.36,0.01175,0.018359375,0.981640625,0
0.01175,0.65,0.35,0.01175,0.018076923076923077,0.9819230769230769,0
0.01175,0.66,0.3399999999999999,0.01175,0.0178030303030303,0.9821969696969697,0
0.01175,0.67,0.32999999999999996,0.01175,0.01753731343283582,0.9824626865671642,0
0.01175,0.68,0.32,0.01175,0.017279411764705883,0.9827205882352941,0
0.01175,0.6900000000000001,0.3099999999999999,0.01175,0.017028985507246373,0.9829710144927536,0
0.01175,0.7000000000000001,0.29999999999999993,0.01175,0.016785714285714286,0.9832142857142857,0
0.01175,0.7100000000000001,0.29,0.01175,0.01654929577464789,0.9834507042253521,0
0.01175,0.72,0.28,0.01175,0.016319444444444445,0.9836805555555556,0
0.01175,0.73,0.2700000000000001,0.01175,0.016095890410958904,0.9839041095890411,0
0.01175,0.74,0.26,0.01175,0.01587837837837838,0.9841216216216216,0
0.01175,0.75,0.25,0.01175,0.015666666666666666,0.9843333333333333,0
0.01175,0.76,0.24,0.01175,0.015460526315789473,0.9845394736842106,0
0.01175,0.77,0.22999999999999995,0.01175,0.01525974025974026,0.9847402597402597,0
0.01175,0.78,0.21999999999999997,0.01175,0.015064102564102564,0.9849358974358975,0
0.01175,0.79,0.20999999999999994,0.01175,0.014873417721518987,0.985126582278481,0
0.01175,0.8,0.19999999999999993,0.01175,0.0146875,0.9853125,0
0.01175,0.81,0.18999999999999992,0.01175,0.014506172839506172,0.9854938271604938,0
0.01175,0.8200000000000001,0.17999999999999994,0.01175,0.014329268292682926,0.9856707317073171,0
0.01175,0.8300000000000001,0.16999999999999993,0.01175,0.014156626506024094,0.9858433734939759,0
0.01175,0.8400000000000001,0.15999999999999992,0.01175,0.013988095238095237,0.9860119047619048,0
0.01175,0.85,0.15000000000000002,0.01175,0.013823529411764707,0.9861764705882353,0
0.01175,0.86,0.14,0.01175,0.01366279069767442,0.9863372093023256,0
0.01175,0.87,0.13000000000000003,0.01175,0.013505747126436781,0.9864942528735632,0
0.01175,0.88,0.12,0.01175,0.013352272727272727,0.9866477272727273,0
0.01175,0.89,0.10999999999999999,0.01175,0.013202247191011237,0.9867977528089887,0
0.01175,0.9,0.09999999999999996,0.01175,0.013055555555555555,0.9869444444444444,0
0.01175,0.91,0.08999999999999996,0.01175,0.012912087912087911,0.9870879120879121,0
0.01175,0.92,0.07999999999999997,0.01175,0.012771739130434782,0.9872282608695652,0
0.01175,0.93,0.06999999999999995,0.01175,0.012634408602150538,0.9873655913978494,0
0.01175,0.9400000000000001,0.05999999999999994,0.01175,0.012499999999999999,0.9875,0
0.01175,0.9500000000000001,0.04999999999999993,0.01175,0.012368421052631579,0.9876315789473684,0
0.01175,0.9600000000000001,0.039999999999999925,0.01175,0.012239583333333333,0.9877604166666667,0
0.01175,0.97,0.03000000000000003,0.01175,0.01211340206185567,0.9878865979381444,0
0.01175,0.98,0.020000000000000014,0.01175,0.011989795918367347,0.9880102040816326,0
0.01175,0.99,0.010000000000000009,0.01175,0.011868686868686869,0.9881313131313131,0
0.01175,1.0,0.0,0.01175,0.01175,0.98825,0
0.012,0.01,0.99,0.012,1.199999999999999,-0.19999999999999907,0
0.012,0.02,0.9800000000000001,0.012,0.6000000000000029,0.39999999999999714,0
0.012,0.03,0.97,0.012,0.39999999999999963,0.6000000000000003,0
0.012,0.04,0.96,0.012,0.29999999999999977,0.7000000000000002,0
0.012,0.05,0.9499999999999998,0.012,0.23999999999999927,0.7600000000000007,0
0.012,0.060000000000000005,0.94,0.012,0.19999999999999982,0.8000000000000002,0
0.012,0.06999999999999999,0.9300000000000002,0.012,0.17142857142857182,0.8285714285714282,0
0.012,0.08,0.92,0.012,0.15000000000000008,0.8499999999999999,0
0.012,0.09,0.91,0.012,0.1333333333333334,0.8666666666666666,0
0.012,0.09999999999999999,0.8999999999999999,0.012,0.1199999999999999,0.8800000000000001,0
0.012,0.11,0.89,0.012,0.1090909090909091,0.8909090909090909,0
0.012,0.12,0.8800000000000001,0.012,0.1000000000000001,0.8999999999999999,0
0.012,0.13,0.8699999999999999,0.012,0.09230769230769223,0.9076923076923078,0
0.012,0.14,0.86,0.012,0.0857142857142857,0.9142857142857143,0
0.012,0.15000000000000002,0.8500000000000001,0.012,0.08000000000000004,0.9199999999999999,0
0.012,0.16,0.84,0.012,0.07499999999999998,0.925,0
0.012,0.17,0.8300000000000001,0.012,0.07058823529411767,0.9294117647058824,0
0.012,0.18000000000000002,0.82,0.012,0.06666666666666665,0.9333333333333333,0
0.012,0.19,0.81,0.012,0.06315789473684212,0.9368421052631579,0
0.012,0.2,0.7999999999999999,0.012,0.059999999999999984,0.9400000000000001,0
0.012,0.21000000000000002,0.79,0.012,0.057142857142857155,0.9428571428571428,0
0.012,0.22,0.78,0.012,0.05454545454545455,0.9454545454545454,0
0.012,0.23,0.77,0.012,0.052173913043478265,0.9478260869565217,0
0.012,0.24000000000000002,0.7599999999999999,0.012,0.04999999999999998,0.9500000000000001,0
0.012,0.25,0.7499999999999999,0.012,0.04799999999999998,0.9520000000000001,0
0.012,0.26,0.74,0.012,0.046153846153846156,0.9538461538461538,0
0.012,0.27,0.73,0.012,0.04444444444444444,0.9555555555555556,0
0.012,0.28,0.72,0.012,0.04285714285714285,0.9571428571428572,0
0.012,0.29000000000000004,0.7099999999999999,0.012,0.041379310344827565,0.9586206896551724,0
0.012,0.3,0.7000000000000001,0.012,0.04000000000000001,0.96,0
0.012,0.31,0.69,0.012,0.038709677419354833,0.9612903225806452,0
0.012,0.32,0.6799999999999998,0.012,0.03749999999999998,0.9625,0
0.012,0.33,0.6699999999999999,0.012,0.036363636363636355,0.9636363636363636,0
0.012,0.34,0.66,0.012,0.03529411764705883,0.9647058823529412,0
0.012,0.35000000000000003,0.6499999999999999,0.012,0.03428571428571428,0.9657142857142857,0
0.012,0.36000000000000004,0.6399999999999999,0.012,0.033333333333333326,0.9666666666666667,0
0.012,0.37,0.63,0.012,0.032432432432432434,0.9675675675675676,0
0.012,0.38,0.6200000000000001,0.012,0.03157894736842106,0.968421052631579,0
0.012,0.39,0.61,0.012,0.030769230769230767,0.9692307692307692,0
0.012,0.4,0.6000000000000001,0.012,0.030000000000000006,0.97,0
0.012,0.41000000000000003,0.5900000000000001,0.012,0.029268292682926834,0.9707317073170731,0
0.012,0.42000000000000004,0.58,0.012,0.02857142857142857,0.9714285714285714,0
0.012,0.43,0.5700000000000001,0.012,0.02790697674418605,0.9720930232558139,0
0.012,0.44,0.56,0.012,0.027272727272727275,0.9727272727272728,0
0.012,0.45,0.55,0.012,0.02666666666666667,0.9733333333333334,0
0.012,0.46,0.54,0.012,0.026086956521739132,0.9739130434782609,0
0.012,0.47000000000000003,0.53,0.012,0.025531914893617023,0.9744680851063829,0
0.012,0.48000000000000004,0.5200000000000001,0.012,0.02500000000000001,0.975,0
0.012,0.49,0.51,0.012,0.02448979591836735,0.9755102040816327,0
0.012,0.5,0.5000000000000001,0.012,0.024000000000000007,0.976,0
0.012,0.51,0.48999999999999994,0.012,0.023529411764705882,0.9764705882352941,0
0.012,0.52,0.48,0.012,0.023076923076923078,0.9769230769230769,0
0.012,0.53,0.47000000000000003,0.012,0.022641509433962263,0.9773584905660377,0
0.012,0.54,0.46,0.012,0.02222222222222222,0.9777777777777777,0
0.012,0.55,0.45,0.012,0.021818181818181816,0.9781818181818182,0
0.012,0.56,0.43999999999999995,0.012,0.021428571428571425,0.9785714285714285,0
0.012,0.5700000000000001,0.43,0.012,0.021052631578947368,0.9789473684210527,0
0.012,0.5800000000000001,0.41999999999999993,0.012,0.02068965517241379,0.9793103448275862,0
0.012,0.59,0.41000000000000003,0.012,0.02033898305084746,0.9796610169491525,0
0.012,0.6,0.4,0.012,0.02,0.98,0
0.012,0.61,0.39,0.012,0.019672131147540985,0.980327868852459,0
0.012,0.62,0.38,0.012,0.01935483870967742,0.9806451612903225,0
0.012,0.63,0.36999999999999994,0.012,0.019047619047619046,0.9809523809523809,0
0.012,0.64,0.36,0.012,0.01875,0.98125,0
0.012,0.65,0.35,0.012,0.01846153846153846,0.9815384615384616,0
0.012,0.66,0.3399999999999999,0.012,0.018181818181818177,0.9818181818181818,0
0.012,0.67,0.32999999999999996,0.012,0.017910447761194027,0.982089552238806,0
0.012,0.68,0.32,0.012,0.017647058823529415,0.9823529411764705,0
0.012,0.6900000000000001,0.3099999999999999,0.012,0.017391304347826084,0.9826086956521739,0
0.012,0.7000000000000001,0.29999999999999993,0.012,0.01714285714285714,0.9828571428571429,0
0.012,0.7100000000000001,0.29,0.012,0.016901408450704227,0.9830985915492958,0
0.012,0.72,0.28,0.012,0.016666666666666666,0.9833333333333333,0
0.012,0.73,0.2700000000000001,0.012,0.016438356164383564,0.9835616438356164,0
0.012,0.74,0.26,0.012,0.016216216216216217,0.9837837837837837,0
0.012,0.75,0.25,0.012,0.016,0.984,0
0.012,0.76,0.24,0.012,0.015789473684210527,0.9842105263157894,0
0.012,0.77,0.22999999999999995,0.012,0.015584415584415584,0.9844155844155844,0
0.012,0.78,0.21999999999999997,0.012,0.015384615384615384,0.9846153846153847,0
0.012,0.79,0.20999999999999994,0.012,0.015189873417721518,0.9848101265822785,0
0.012,0.8,0.19999999999999993,0.012,0.015,0.985,0
0.012,0.81,0.18999999999999992,0.012,0.014814814814814814,0.9851851851851852,0
0.012,0.8200000000000001,0.17999999999999994,0.012,0.014634146341463414,0.9853658536585366,0
0.012,0.8300000000000001,0.16999999999999993,0.012,0.014457831325301203,0.9855421686746988,0
0.012,0.8400000000000001,0.15999999999999992,0.012,0.014285714285714285,0.9857142857142858,0
0.012,0.85,0.15000000000000002,0.012,0.01411764705882353,0.9858823529411764,0
0.012,0.86,0.14,0.012,0.013953488372093023,0.986046511627907,0
0.012,0.87,0.13000000000000003,0.012,0.013793103448275862,0.9862068965517241,0
0.012,0.88,0.12,0.012,0.013636363636363637,0.9863636363636363,0
0.012,0.89,0.10999999999999999,0.012,0.01348314606741573,0.9865168539325843,0
0.012,0.9,0.09999999999999996,0.012,0.013333333333333332,0.9866666666666667,0
0.012,0.91,0.08999999999999996,0.012,0.013186813186813187,0.9868131868131869,0
0.012,0.92,0.07999999999999997,0.012,0.013043478260869565,0.9869565217391304,0
0.012,0.93,0.06999999999999995,0.012,0.012903225806451613,0.9870967741935484,0
0.012,0.9400000000000001,0.05999999999999994,0.012,0.01276595744680851,0.9872340425531915,0
0.012,0.9500000000000001,0.04999999999999993,0.012,0.01263157894736842,0.9873684210526316,0
0.012,0.9600000000000001,0.039999999999999925,0.012,0.012499999999999999,0.9875,0
0.012,0.97,0.03000000000000003,0.012,0.012371134020618558,0.9876288659793815,0
0.012,0.98,0.020000000000000014,0.012,0.012244897959183675,0.9877551020408163,0
0.012,0.99,0.010000000000000009,0.012,0.012121212121212121,0.9878787878787879,0
0.012,1.0,0.0,0.012,0.012,0.988,0
0.01225,0.01,0.99,0.01225,1.224999999999999,-0.22499999999999898,0
0.01225,0.02,0.9800000000000001,0.01225,0.6125000000000029,0.38749999999999707,0
0.01225,0.03,0.97,0.01225,0.408333333333333,0.591666666666667,0
0.01225,0.04,0.96,0.01225,0.30624999999999974,0.6937500000000003,0
0.01225,0.05,0.9499999999999998,0.01225,0.24499999999999925,0.7550000000000008,0
0.01225,0.060000000000000005,0.94,0.01225,0.2041666666666665,0.7958333333333335,0
0.01225,0.06999999999999999,0.9300000000000002,0.01225,0.1750000000000004,0.8249999999999996,0
0.01225,0.08,0.92,0.01225,0.1531250000000001,0.8468749999999999,0
0.01225,0.09,0.91,0.01225,0.13611111111111115,0.8638888888888888,0
0.01225,0.09999999999999999,0.8999999999999999,0.01225,0.1224999999999999,0.8775000000000001,0
0.01225,0.11,0.89,0.01225,0.11136363636363639,0.8886363636363637,0
0.01225,0.12,0.8800000000000001,0.01225,0.10208333333333343,0.8979166666666666,0
0.01225,0.13,0.8699999999999999,0.01225,0.09423076923076915,0.9057692307692309,0
0.01225,0.14,0.86,0.01225,0.0875,0.9125,0
0.01225,0.15000000000000002,0.8500000000000001,0.01225,0.08166666666666672,0.9183333333333332,0
0.01225,0.16,0.84,0.01225,0.07656249999999999,0.9234375,0
0.01225,0.17,0.8300000000000001,0.01225,0.0720588235294118,0.9279411764705882,0
0.01225,0.18000000000000002,0.82,0.01225,0.06805555555555554,0.9319444444444445,0
0.01225,0.19,0.81,0.01225,0.06447368421052634,0.9355263157894737,0
0.01225,0.2,0.7999999999999999,0.01225,0.061249999999999985,0.93875,0
0.01225,0.21000000000000002,0.79,0.01225,0.05833333333333335,0.9416666666666667,0
0.01225,0.22,0.78,0.01225,0.05568181818181819,0.9443181818181818,0
0.01225,0.23,0.77,0.01225,0.053260869565217396,0.9467391304347826,0
0.01225,0.24000000000000002,0.7599999999999999,0.01225,0.051041666666666645,0.9489583333333333,0
0.01225,0.25,0.7499999999999999,0.01225,0.04899999999999998,0.9510000000000001,0
0.01225,0.26,0.74,0.01225,0.047115384615384615,0.9528846153846153,0
0.01225,0.27,0.73,0.01225,0.045370370370370366,0.9546296296296296,0
0.01225,0.28,0.72,0.01225,0.04375,0.95625,0
0.01225,0.29000000000000004,0.7099999999999999,0.01225,0.04224137931034481,0.9577586206896552,0
0.01225,0.3,0.7000000000000001,0.01225,0.040833333333333346,0.9591666666666666,0
0.01225,0.31,0.69,0.01225,0.03951612903225806,0.9604838709677419,0
0.01225,0.32,0.6799999999999998,0.01225,0.03828124999999998,0.9617187500000001,0
0.01225,0.33,0.6699999999999999,0.01225,0.03712121212121212,0.9628787878787879,0
0.01225,0.34,0.66,0.01225,0.036029411764705886,0.9639705882352941,0
0.01225,0.35000000000000003,0.6499999999999999,0.01225,0.03499999999999999,0.965,0
0.01225,0.36000000000000004,0.6399999999999999,0.01225,0.03402777777777777,0.9659722222222222,0
0.01225,0.37,0.63,0.01225,0.03310810810810811,0.9668918918918918,0
0.01225,0.38,0.6200000000000001,0.01225,0.03223684210526317,0.9677631578947369,0
0.01225,0.39,0.61,0.01225,0.03141025641025641,0.9685897435897436,0
0.01225,0.4,0.6000000000000001,0.01225,0.030625000000000006,0.969375,0
0.01225,0.41000000000000003,0.5900000000000001,0.01225,0.02987804878048781,0.9701219512195122,0
0.01225,0.42000000000000004,0.58,0.01225,0.029166666666666664,0.9708333333333333,0
0.01225,0.43,0.5700000000000001,0.01225,0.02848837209302326,0.9715116279069768,0
0.01225,0.44,0.56,0.01225,0.027840909090909097,0.9721590909090909,0
0.01225,0.45,0.55,0.01225,0.027222222222222228,0.9727777777777777,0
0.01225,0.46,0.54,0.01225,0.026630434782608698,0.9733695652173913,0
0.01225,0.47000000000000003,0.53,0.01225,0.026063829787234045,0.9739361702127659,0
0.01225,0.48000000000000004,0.5200000000000001,0.01225,0.02552083333333334,0.9744791666666667,0
0.01225,0.49,0.51,0.01225,0.025,0.975,0
0.01225,0.5,0.5000000000000001,0.01225,0.024500000000000008,0.9755,0
0.01225,0.51,0.48999999999999994,0.01225,0.024019607843137256,0.9759803921568627,0
0.01225,0.52,0.48,0.01225,0.023557692307692307,0.9764423076923077,0
0.01225,0.53,0.47000000000000003,0.01225,0.02311320754716981,0.9768867924528302,0
0.01225,0.54,0.46,0.01225,0.022685185185185183,0.9773148148148149,0
0.01225,0.55,0.45,0.01225,0.02227272727272727,0.9777272727272728,0
0.01225,0.56,0.43999999999999995,0.01225,0.021875,0.978125,0
0.01225,0.5700000000000001,0.43,0.01225,0.021491228070175436,0.9785087719298246,0
0.01225,0.5800000000000001,0.41999999999999993,0.01225,0.02112068965517241,0.9788793103448276,0
0.01225,0.59,0.41000000000000003,0.01225,0.020762711864406782,0.9792372881355932,0
0.01225,0.6,0.4,0.01225,0.02041666666666667,0.9795833333333334,0
0.01225,0.61,0.39,0.01225,0.020081967213114754,0.9799180327868853,0
0.01225,0.62,0.38,0.01225,0.019758064516129034,0.980241935483871,0
0.01225,0.63,0.36999999999999994,0.01225,0.01944444444444444,0.9805555555555555,0
0.01225,0.64,0.36,0.01225,0.019140625,0.980859375,0
0.01225,0.65,0.35,0.01225,0.018846153846153846,0.9811538461538462,0
0.01225,0.66,0.3399999999999999,0.01225,0.01856060606060606,0.981439393939394,0
0.01225,0.67,0.32999999999999996,0.01225,0.018283582089552237,0.9817164179104477,0
0.01225,0.68,0.32,0.01225,0.018014705882352943,0.981985294117647,0
0.01225,0.6900000000000001,0.3099999999999999,0.01225,0.017753623188405794,0.9822463768115942,0
0.01225,0.7000000000000001,0.29999999999999993,0.01225,0.017499999999999998,0.9825,0
0.01225,0.7100000000000001,0.29,0.01225,0.017253521126760565,0.9827464788732394,0
0.01225,0.72,0.28,0.01225,0.01701388888888889,0.9829861111111111,0
0.01225,0.73,0.2700000000000001,0.01225,0.01678082191780822,0.9832191780821917,0
0.01225,0.74,0.26,0.01225,0.016554054054054055,0.9834459459459459,0
0.01225,0.75,0.25,0.01225,0.016333333333333335,0.9836666666666667,0
0.01225,0.76,0.24,0.01225,0.01611842105263158,0.9838815789473684,0
0.01225,0.77,0.22999999999999995,0.01225,0.01590909090909091,0.9840909090909091,0
0.01225,0.78,0.21999999999999997,0.01225,0.015705128205128205,0.9842948717948719,0
0.01225,0.79,0.20999999999999994,0.01225,0.01550632911392405,0.984493670886076,0
0.01225,0.8,0.19999999999999993,0.01225,0.0153125,0.9846875,0
0.01225,0.81,0.18999999999999992,0.01225,0.015123456790123457,0.9848765432098765,0
0.01225,0.8200000000000001,0.17999999999999994,0.01225,0.014939024390243902,0.9850609756097561,0
0.01225,0.8300000000000001,0.16999999999999993,0.01225,0.014759036144578313,0.9852409638554217,0
0.01225,0.8400000000000001,0.15999999999999992,0.01225,0.014583333333333332,0.9854166666666667,0
0.01225,0.85,0.15000000000000002,0.01225,0.014411764705882353,0.9855882352941177,0
0.01225,0.86,0.14,0.01225,0.014244186046511629,0.9857558139534883,0
0.01225,0.87,0.13000000000000003,0.01225,0.014080459770114942,0.985919540229885,0
0.01225,0.88,0.12,0.01225,0.013920454545454547,0.9860795454545455,0
0.01225,0.89,0.10999999999999999,0.01225,0.013764044943820225,0.9862359550561798,0
0.01225,0.9,0.09999999999999996,0.01225,0.013611111111111112,0.9863888888888889,0
0.01225,0.91,0.08999999999999996,0.01225,0.013461538461538462,0.9865384615384616,0
0.01225,0.92,0.07999999999999997,0.01225,0.013315217391304347,0.9866847826086956,0
0.01225,0.93,0.06999999999999995,0.01225,0.013172043010752688,0.9868279569892473,0
0.01225,0.9400000000000001,0.05999999999999994,0.01225,0.013031914893617021,0.986968085106383,0
0.01225,0.9500000000000001,0.04999999999999993,0.01225,0.012894736842105263,0.9871052631578947,0
0.01225,0.9600000000000001,0.039999999999999925,0.01225,0.012760416666666666,0.9872395833333333,0
0.01225,0.97,0.03000000000000003,0.01225,0.012628865979381444,0.9873711340206186,0
0.01225,0.98,0.020000000000000014,0.01225,0.0125,0.9875,0
0.01225,0.99,0.010000000000000009,0.01225,0.012373737373737374,0.9876262626262626,0
0.01225,1.0,0.0,0.01225,0.01225,0.98775,0
0.0125,0.01,0.99,0.012499999999999999,1.249999999999999,-0.2499999999999989,0
0.0125,0.02,0.9800000000000001,0.012499999999999999,0.6250000000000029,0.3749999999999971,0
0.0125,0.03,0.97,0.012499999999999999,0.41666666666666624,0.5833333333333337,0
0.0125,0.04,0.96,0.012499999999999999,0.3124999999999997,0.6875000000000002,0
0.0125,0.05,0.9499999999999998,0.012499999999999999,0.2499999999999992,0.7500000000000008,0
0.0125,0.060000000000000005,0.94,0.012499999999999999,0.20833333333333312,0.7916666666666669,0
0.0125,0.06999999999999999,0.9300000000000002,0.012499999999999999,0.17857142857142896,0.8214285714285711,0
0.0125,0.08,0.92,0.012499999999999999,0.15625000000000006,0.84375,0
0.0125,0.09,0.91,0.012499999999999999,0.13888888888888892,0.861111111111111,0
0.0125,0.09999999999999999,0.8999999999999999,0.012499999999999999,0.12499999999999988,0.8750000000000001,0
0.0125,0.11,0.89,0.012499999999999999,0.11363636363636365,0.8863636363636364,0
0.0125,0.12,0.8800000000000001,0.012499999999999999,0.10416666666666675,0.8958333333333333,0
0.0125,0.13,0.8699999999999999,0.012499999999999999,0.09615384615384606,0.903846153846154,0
0.0125,0.14,0.86,0.012499999999999999,0.08928571428571427,0.9107142857142857,0
0.0125,0.15000000000000002,0.8500000000000001,0.012499999999999999,0.08333333333333337,0.9166666666666666,0
0.0125,0.16,0.84,0.012499999999999999,0.07812499999999997,0.921875,0
0.0125,0.17,0.8300000000000001,0.012499999999999999,0.07352941176470591,0.926470588235294,0
0.0125,0.18000000000000002,0.82,0.012499999999999999,0.06944444444444442,0.9305555555555556,0
0.0125,0.19,0.81,0.012499999999999999,0.06578947368421054,0.9342105263157895,0
0.0125,0.2,0.7999999999999999,0.012499999999999999,0.06249999999999997,0.9375,0
0.0125,0.21000000000000002,0.79,0.012499999999999999,0.05952380952380953,0.9404761904761905,0
0.0125,0.22,0.78,0.012499999999999999,0.05681818181818182,0.9431818181818181,0
0.0125,0.23,0.77,0.012499999999999999,0.05434782608695652,0.9456521739130435,0
0.0125,0.24000000000000002,0.7599999999999999,0.012499999999999999,0.05208333333333331,0.9479166666666667,0
0.0125,0.25,0.7499999999999999,0.012499999999999999,0.049999999999999975,0.9500000000000001,0
0.0125,0.26,0.74,0.012499999999999999,0.04807692307692307,0.9519230769230769,0
0.0125,0.27,0.73,0.012499999999999999,0.04629629629629629,0.9537037037037037,0
0.0125,0.28,0.72,0.012499999999999999,0.04464285714285714,0.9553571428571429,0
0.0125,0.29000000000000004,0.7099999999999999,0.012499999999999999,0.043103448275862044,0.9568965517241379,0
0.0125,0.3,0.7000000000000001,0.012499999999999999,0.04166666666666667,0.9583333333333334,0
0.0125,0.31,0.69,0.012499999999999999,0.04032258064516128,0.9596774193548387,0
0.0125,0.32,0.6799999999999998,0.012499999999999999,0.03906249999999997,0.9609375,0
0.0125,0.33,0.6699999999999999,0.012499999999999999,0.037878787878787866,0.9621212121212122,0
0.0125,0.34,0.66,0.012499999999999999,0.03676470588235294,0.9632352941176471,0
0.0125,0.35000000000000003,0.6499999999999999,0.012499999999999999,0.035714285714285705,0.9642857142857143,0
0.0125,0.36000000000000004,0.6399999999999999,0.012499999999999999,0.03472222222222221,0.9652777777777778,0
0.0125,0.37,0.63,0.012499999999999999,0.03378378378378378,0.9662162162162162,0
0.0125,0.38,0.6200000000000001,0.012499999999999999,0.03289473684210527,0.9671052631578947,0
0.0125,0.39,0.61,0.012499999999999999,0.03205128205128205,0.967948717948718,0
0.0125,0.4,0.6000000000000001,0.012499999999999999,0.03125000000000001,0.96875,0
0.0125,0.41000000000000003,0.5900000000000001,0.012499999999999999,0.030487804878048783,0.9695121951219512,0
0.0125,0.42000000000000004,0.58,0.012499999999999999,0.029761904761904757,0.9702380952380952,0
0.0125,0.43,0.5700000000000001,0.012499999999999999,0.029069767441860468,0.9709302325581395,0
0.0125,0.44,0.56,0.012499999999999999,0.02840909090909091,0.9715909090909091,0
0.0125,0.45,0.55,0.012499999999999999,0.02777777777777778,0.9722222222222222,0
0.0125,0.46,0.54,0.012499999999999999,0.02717391304347826,0.9728260869565217,0
0.0125,0.47000000000000003,0.53,0.012499999999999999,0.026595744680851064,0.973404255319149,0
0.0125,0.48000000000000004,0.5200000000000001,0.012499999999999999,0.02604166666666667,0.9739583333333334,0
0.0125,0.49,0.51,0.012499999999999999,0.02551020408163265,0.9744897959183674,0
0.0125,0.5,0.5000000000000001,0.012499999999999999,0.025000000000000005,0.975,0
0.0125,0.51,0.48999999999999994,0.012499999999999999,0.024509803921568624,0.9754901960784313,0
0.0125,0.52,0.48,0.012499999999999999,0.024038461538461536,0.9759615384615384,0
0.0125,0.53,0.47000000000000003,0.012499999999999999,0.023584905660377357,0.9764150943396226,0
0.0125,0.54,0.46,0.012499999999999999,0.023148148148148143,0.9768518518518519,0
0.0125,0.55,0.45,0.012499999999999999,0.022727272727272724,0.9772727272727273,0
0.0125,0.56,0.43999999999999995,0.012499999999999999,0.02232142857142857,0.9776785714285714,0
0.0125,0.5700000000000001,0.43,0.012499999999999999,0.021929824561403504,0.9780701754385965,0
0.0125,0.5800000000000001,0.41999999999999993,0.012499999999999999,0.02155172413793103,0.978448275862069,0
0.0125,0.59,0.41000000000000003,0.012499999999999999,0.0211864406779661,0.978813559322034,0
0.0125,0.6,0.4,0.012499999999999999,0.020833333333333332,0.9791666666666666,0
0.0125,0.61,0.39,0.012499999999999999,0.020491803278688523,0.9795081967213115,0
0.0125,0.62,0.38,0.012499999999999999,0.020161290322580645,0.9798387096774194,0
0.0125,0.63,0.36999999999999994,0.012499999999999999,0.019841269841269837,0.9801587301587301,0
0.0125,0.64,0.36,0.012499999999999999,0.019531249999999997,0.98046875,0
0.0125,0.65,0.35,0.012499999999999999,0.01923076923076923,0.9807692307692307,0
0.0125,0.66,0.3399999999999999,0.012499999999999999,0.018939393939393933,0.9810606060606061,0
0.0125,0.67,0.32999999999999996,0.012499999999999999,0.018656716417910446,0.9813432835820896,0
0.0125,0.68,0.32,0.012499999999999999,0.01838235294117647,0.9816176470588235,0
0.0125,0.6900000000000001,0.3099999999999999,0.012499999999999999,0.0181159420289855,0.9818840579710145,0
0.0125,0.7000000000000001,0.29999999999999993,0.012499999999999999,0.017857142857142853,0.9821428571428571,0
0.0125,0.7100000000000001,0.29,0.012499999999999999,0.017605633802816902,0.9823943661971831,0
0.0125,0.72,0.28,0.012499999999999999,0.017361111111111112,0.9826388888888888,0
0.0125,0.73,0.2700000000000001,0.012499999999999999,0.017123287671232876,0.9828767123287672,0
0.0125,0.74,0.26,0.012499999999999999,0.01689189189189189,0.9831081081081081,0
0.0125,0.75,0.25,0.012499999999999999,0.016666666666666666,0.9833333333333333,0
0.0125,0.76,0.24,0.012499999999999999,0.01644736842105263,0.9835526315789473,0
0.0125,0.77,0.22999999999999995,0.012499999999999999,0.016233766233766232,0.9837662337662337,0
0.0125,0.78,0.21999999999999997,0.012499999999999999,0.016025641025641024,0.983974358974359,0
0.0125,0.79,0.20999999999999994,0.012499999999999999,0.01582278481012658,0.9841772151898734,0
0.0125,0.8,0.19999999999999993,0.012499999999999999,0.015624999999999998,0.984375,0
0.0125,0.81,0.18999999999999992,0.012499999999999999,0.015432098765432096,0.9845679012345679,0
0.0125,0.8200000000000001,0.17999999999999994,0.012499999999999999,0.015243902439024388,0.9847560975609756,0
0.0125,0.8300000000000001,0.16999999999999993,0.012499999999999999,0.01506024096385542,0.9849397590361446,0
0.0125,0.8400000000000001,0.15999999999999992,0.012499999999999999,0.014880952380952378,0.9851190476190477,0
0.0125,0.85,0.15000000000000002,0.012499999999999999,0.014705882352941176,0.9852941176470589,0
0.0125,0.86,0.14,0.012499999999999999,0.014534883720930232,0.9854651162790697,0
0.0125,0.87,0.13000000000000003,0.012499999999999999,0.014367816091954021,0.985632183908046,0
0.0125,0.88,0.12,0.012499999999999999,0.014204545454545454,0.9857954545454546,0
0.0125,0.89,0.10999999999999999,0.012499999999999999,0.014044943820224717,0.9859550561797753,0
0.0125,0.9,0.09999999999999996,0.012499999999999999,0.013888888888888888,0.9861111111111112,0
0.0125,0.91,0.08999999999999996,0.012499999999999999,0.013736263736263734,0.9862637362637363,0
0.0125,0.92,0.07999999999999997,0.012499999999999999,0.013586956521739128,0.9864130434782609,0
0.0125,0.93,0.06999999999999995,0.012499999999999999,0.013440860215053762,0.9865591397849462,0
0.0125,0.9400000000000001,0.05999999999999994,0.012499999999999999,0.01329787234042553,0.9867021276595744,0
0.0125,0.9500000000000001,0.04999999999999993,0.012499999999999999,0.013157894736842103,0.9868421052631579,0
0.0125,0.9600000000000001,0.039999999999999925,0.012499999999999999,0.01302083333333333,0.9869791666666666,0
0.0125,0.97,0.03000000000000003,0.012499999999999999,0.01288659793814433,0.9871134020618557,0
0.0125,0.98,0.020000000000000014,0.012499999999999999,0.012755102040816325,0.9872448979591837,0
0.0125,0.99,0.010000000000000009,0.012499999999999999,0.012626262626262626,0.9873737373737373,0
0.0125,1.0,0.0,0.012499999999999999,0.012499999999999999,0.9875,0
0.012750000000000001,0.01,0.99,0.012750000000000001,1.274999999999999,-0.274999999999999,0
0.012750000000000001,0.02,0.9800000000000001,0.012750000000000001,0.6375000000000031,0.36249999999999694,0
0.012750000000000001,0.03,0.97,0.012750000000000001,0.42499999999999966,0.5750000000000004,0
0.012750000000000001,0.04,0.96,0.012750000000000001,0.31874999999999976,0.6812500000000002,0
0.012750000000000001,0.05,0.9499999999999998,0.012750000000000001,0.2549999999999992,0.7450000000000008,0
0.012750000000000001,0.060000000000000005,0.94,0.012750000000000001,0.21249999999999983,0.7875000000000002,0
0.012750000000000001,0.06999999999999999,0.9300000000000002,0.012750000000000001,0.18214285714285758,0.8178571428571424,0
0.012750000000000001,0.08,0.92,0.012750000000000001,0.1593750000000001,0.840625,0
0.012750000000000001,0.09,0.91,0.012750000000000001,0.14166666666666672,0.8583333333333333,0
0.012750000000000001,0.09999999999999999,0.8999999999999999,0.012750000000000001,0.1274999999999999,0.8725,0
0.012750000000000001,0.11,0.89,0.012750000000000001,0.11590909090909093,0.884090909090909,0
0.012750000000000001,0.12,0.8800000000000001,0.012750000000000001,0.10625000000000011,0.8937499999999999,0
0.012750000000000001,0.13,0.8699999999999999,0.012750000000000001,0.09807692307692299,0.901923076923077,0
0.012750000000000001,0.14,0.86,0.012750000000000001,0.09107142857142857,0.9089285714285714,0
0.012750000000000001,0.15000000000000002,0.8500000000000001,0.012750000000000001,0.08500000000000006,0.9149999999999999,0
0.012750000000000001,0.16,0.84,0.012750000000000001,0.0796875,0.9203125,0
0.012750000000000001,0.17,0.8300000000000001,0.012750000000000001,0.07500000000000004,0.9249999999999999,0
0.012750000000000001,0.18000000000000002,0.82,0.012750000000000001,0.07083333333333332,0.9291666666666667,0
0.012750000000000001,0.19,0.81,0.012750000000000001,0.06710526315789477,0.9328947368421052,0
0.012750000000000001,0.2,0.7999999999999999,0.012750000000000001,0.06374999999999999,0.93625,0
0.012750000000000001,0.21000000000000002,0.79,0.012750000000000001,0.06071428571428573,0.9392857142857143,0
0.012750000000000001,0.22,0.78,0.012750000000000001,0.05795454545454547,0.9420454545454545,0
0.012750000000000001,0.23,0.77,0.012750000000000001,0.05543478260869566,0.9445652173913044,0
0.012750000000000001,0.24000000000000002,0.7599999999999999,0.012750000000000001,0.05312499999999998,0.946875,0
0.012750000000000001,0.25,0.7499999999999999,0.012750000000000001,0.05099999999999998,0.9490000000000001,0
0.012750000000000001,0.26,0.74,0.012750000000000001,0.04903846153846154,0.9509615384615384,0
0.012750000000000001,0.27,0.73,0.012750000000000001,0.04722222222222222,0.9527777777777777,0
0.012750000000000001,0.28,0.72,0.012750000000000001,0.045535714285714284,0.9544642857142858,0
0.012750000000000001,0.29000000000000004,0.7099999999999999,0.012750000000000001,0.043965517241379294,0.9560344827586207,0
0.012750000000000001,0.3,0.7000000000000001,0.012750000000000001,0.04250000000000001,0.9575,0
0.012750000000000001,0.31,0.69,0.012750000000000001,0.04112903225806451,0.9588709677419355,0
0.012750000000000001,0.32,0.6799999999999998,0.012750000000000001,0.03984374999999998,0.96015625,0
0.012750000000000001,0.33,0.6699999999999999,0.012750000000000001,0.03863636363636363,0.9613636363636364,0
0.012750000000000001,0.34,0.66,0.012750000000000001,0.037500000000000006,0.9625,0
0.012750000000000001,0.35000000000000003,0.6499999999999999,0.012750000000000001,0.03642857142857142,0.9635714285714285,0
0.012750000000000001,0.36000000000000004,0.6399999999999999,0.012750000000000001,0.03541666666666666,0.9645833333333333,0
0.012750000000000001,0.37,0.63,0.012750000000000001,0.03445945945945946,0.9655405405405405,0
0.012750000000000001,0.38,0.6200000000000001,0.012750000000000001,0.03355263157894738,0.9664473684210526,0
0.012750000000000001,0.39,0.61,0.012750000000000001,0.032692307692307694,0.9673076923076923,0
0.012750000000000001,0.4,0.6000000000000001,0.012750000000000001,0.03187500000000001,0.968125,0
0.012750000000000001,0.41000000000000003,0.5900000000000001,0.012750000000000001,0.031097560975609763,0.9689024390243902,0
0.012750000000000001,0.42000000000000004,0.58,0.012750000000000001,0.030357142857142857,0.9696428571428571,0
0.012750000000000001,0.43,0.5700000000000001,0.012750000000000001,0.02965116279069768,0.9703488372093023,0
0.012750000000000001,0.44,0.56,0.012750000000000001,0.028977272727272733,0.9710227272727273,0
0.012750000000000001,0.45,0.55,0.012750000000000001,0.02833333333333334,0.9716666666666667,0
0.012750000000000001,0.46,0.54,0.012750000000000001,0.02771739130434783,0.9722826086956522,0
0.012750000000000001,0.47000000000000003,0.53,0.012750000000000001,0.02712765957446809,0.972872340425532,0
0.012750000000000001,0.48000000000000004,0.5200000000000001,0.012750000000000001,0.02656250000000001,0.9734375,0
0.012750000000000001,0.49,0.51,0.012750000000000001,0.02602040816326531,0.9739795918367347,0
0.012750000000000001,0.5,0.5000000000000001,0.012750000000000001,0.02550000000000001,0.9745,0
0.012750000000000001,0.51,0.48999999999999994,0.012750000000000001,0.025,0.975,0
0.012750000000000001,0.52,0.48,0.012750000000000001,0.02451923076923077,0.9754807692307692,0
0.012750000000000001,0.53,0.47000000000000003,0.012750000000000001,0.024056603773584907,0.9759433962264151,0
0.012750000000000001,0.54,0.46,0.012750000000000001,0.02361111111111111,0.9763888888888889,0
0.012750000000000001,0.55,0.45,0.012750000000000001,0.023181818181818182,0.9768181818181818,0
0.012750000000000001,0.56,0.43999999999999995,0.012750000000000001,0.022767857142857142,0.9772321428571429,0
0.012750000000000001,0.5700000000000001,0.43,0.012750000000000001,0.02236842105263158,0.9776315789473684,0
0.012750000000000001,0.5800000000000001,0.41999999999999993,0.012750000000000001,0.021982758620689654,0.9780172413793103,0
0.012750000000000001,0.59,0.41000000000000003,0.012750000000000001,0.021610169491525427,0.9783898305084746,0
0.012750000000000001,0.6,0.4,0.012750000000000001,0.02125,0.97875,0
0.012750000000000001,0.61,0.39,0.012750000000000001,0.020901639344262295,0.9790983606557377,0
0.012750000000000001,0.62,0.38,0.012750000000000001,0.02056451612903226,0.9794354838709678,0
0.012750000000000001,0.63,0.36999999999999994,0.012750000000000001,0.020238095238095236,0.9797619047619047,0
0.012750000000000001,0.64,0.36,0.012750000000000001,0.019921875000000002,0.980078125,0
0.012750000000000001,0.65,0.35,0.012750000000000001,0.019615384615384614,0.9803846153846154,0
0.012750000000000001,0.66,0.3399999999999999,0.012750000000000001,0.019318181818181814,0.9806818181818182,0
0.012750000000000001,0.67,0.32999999999999996,0.012750000000000001,0.019029850746268655,0.9809701492537314,0
0.012750000000000001,0.68,0.32,0.012750000000000001,0.018750000000000003,0.98125,0
0.012750000000000001,0.6900000000000001,0.3099999999999999,0.012750000000000001,0.018478260869565215,0.9815217391304348,0
0.012750000000000001,0.7000000000000001,0.29999999999999993,0.012750000000000001,0.018214285714285714,0.9817857142857143,0
0.012750000000000001,0.7100000000000001,0.29,0.012750000000000001,0.017957746478873243,0.9820422535211267,0
0.012750000000000001,0.72,0.28,0.012750000000000001,0.017708333333333336,0.9822916666666667,0
0.012750000000000001,0.73,0.2700000000000001,0.012750000000000001,0.017465753424657535,0.9825342465753425,0
0.012750000000000001,0.74,0.26,0.012750000000000001,0.01722972972972973,0.9827702702702703,0
0.012750000000000001,0.75,0.25,0.012750000000000001,0.017,0.983,0
0.012750000000000001,0.76,0.24,0.012750000000000001,0.016776315789473684,0.9832236842105263,0
0.012750000000000001,0.77,0.22999999999999995,0.012750000000000001,0.01655844155844156,0.9834415584415584,0
0.012750000000000001,0.78,0.21999999999999997,0.012750000000000001,0.016346153846153847,0.9836538461538461,0
0.012750000000000001,0.79,0.20999999999999994,0.012750000000000001,0.016139240506329113,0.9838607594936709,0
0.012750000000000001,0.8,0.19999999999999993,0.012750000000000001,0.0159375,0.9840625,0
0.012750000000000001,0.81,0.18999999999999992,0.012750000000000001,0.01574074074074074,0.9842592592592593,0
0.012750000000000001,0.8200000000000001,0.17999999999999994,0.012750000000000001,0.015548780487804878,0.9844512195121952,0
0.012750000000000001,0.8300000000000001,0.16999999999999993,0.012750000000000001,0.01536144578313253,0.9846385542168675,0
0.012750000000000001,0.8400000000000001,0.15999999999999992,0.012750000000000001,0.015178571428571428,0.9848214285714286,0
0.012750000000000001,0.85,0.15000000000000002,0.012750000000000001,0.015000000000000001,0.985,0
0.012750000000000001,0.86,0.14,0.012750000000000001,0.014825581395348838,0.9851744186046512,0
0.012750000000000001,0.87,0.13000000000000003,0.012750000000000001,0.014655172413793105,0.9853448275862069,0
0.012750000000000001,0.88,0.12,0.012750000000000001,0.014488636363636365,0.9855113636363636,0
0.012750000000000001,0.89,0.10999999999999999,0.012750000000000001,0.014325842696629214,0.9856741573033708,0
0.012750000000000001,0.9,0.09999999999999996,0.012750000000000001,0.014166666666666668,0.9858333333333333,0
0.012750000000000001,0.91,0.08999999999999996,0.012750000000000001,0.014010989010989012,0.985989010989011,0
0.012750000000000001,0.92,0.07999999999999997,0.012750000000000001,0.013858695652173913,0.9861413043478261,0
0.012750000000000001,0.93,0.06999999999999995,0.012750000000000001,0.013709677419354839,0.9862903225806452,0
0.012750000000000001,0.9400000000000001,0.05999999999999994,0.012750000000000001,0.013563829787234043,0.986436170212766,0
0.012750000000000001,0.9500000000000001,0.04999999999999993,0.012750000000000001,0.013421052631578948,0.986578947368421,0
0.012750000000000001,0.9600000000000001,0.039999999999999925,0.012750000000000001,0.01328125,0.98671875,0
0.012750000000000001,0.97,0.03000000000000003,0.012750000000000001,0.013144329896907218,0.9868556701030928,0
0.012750000000000001,0.98,0.020000000000000014,0.012750000000000001,0.013010204081632655,0.9869897959183673,0
0.012750000000000001,0.99,0.010000000000000009,0.012750000000000001,0.01287878787878788,0.9871212121212121,0
0.012750000000000001,1.0,0.0,0.012750000000000001,0.012750000000000001,0.98725,0
0.013000000000000001,0.01,0.99,0.013000000000000001,1.299999999999999,-0.29999999999999893,0
0.013000000000000001,0.02,0.9800000000000001,0.013000000000000001,0.6500000000000031,0.34999999999999687,0
0.013000000000000001,0.03,0.97,0.013000000000000001,0.43333333333333296,0.5666666666666671,0
0.013000000000000001,0.04,0.96,0.013000000000000001,0.32499999999999973,0.6750000000000003,0
0.013000000000000001,0.05,0.9499999999999998,0.013000000000000001,0.25999999999999923,0.7400000000000008,0
0.013000000000000001,0.060000000000000005,0.94,0.013000000000000001,0.21666666666666648,0.7833333333333335,0
0.013000000000000001,0.06999999999999999,0.9300000000000002,0.013000000000000001,0.18571428571428616,0.8142857142857138,0
0.013000000000000001,0.08,0.92,0.013000000000000001,0.1625000000000001,0.8374999999999999,0
0.013000000000000001,0.09,0.91,0.013000000000000001,0.14444444444444451,0.8555555555555555,0
0.013000000000000001,0.09999999999999999,0.8999999999999999,0.013000000000000001,0.1299999999999999,0.8700000000000001,0
0.013000000000000001,0.11,0.89,0.013000000000000001,0.11818181818181821,0.8818181818181818,0
0.013000000000000001,0.12,0.8800000000000001,0.013000000000000001,0.10833333333333345,0.8916666666666666,0
0.013000000000000001,0.13,0.8699999999999999,0.013000000000000001,0.09999999999999992,0.9000000000000001,0
0.013000000000000001,0.14,0.86,0.013000000000000001,0.09285714285714286,0.9071428571428571,0
0.013000000000000001,0.15000000000000002,0.8500000000000001,0.013000000000000001,0.08666666666666673,0.9133333333333333,0
0.013000000000000001,0.16,0.84,0.013000000000000001,0.08124999999999999,0.91875,0
0.013000000000000001,0.17,0.8300000000000001,0.013000000000000001,0.07647058823529415,0.9235294117647058,0
0.013000000000000001,0.18000000000000002,0.82,0.013000000000000001,0.07222222222222222,0.9277777777777778,0
0.013000000000000001,0.19,0.81,0.013000000000000001,0.06842105263157897,0.9315789473684211,0
0.013000000000000001,0.2,0.7999999999999999,0.013000000000000001,0.06499999999999999,0.935,0
0.013000000000000001,0.21000000000000002,0.79,0.013000000000000001,0.06190476190476192,0.9380952380952381,0
0.013000000000000001,0.22,0.78,0.013000000000000001,0.059090909090909104,0.9409090909090909,0
0.013000000000000001,0.23,0.77,0.013000000000000001,0.05652173913043479,0.9434782608695652,0
0.013000000000000001,0.24000000000000002,0.7599999999999999,0.013000000000000001,0.05416666666666665,0.9458333333333333,0
0.013000000000000001,0.25,0.7499999999999999,0.013000000000000001,0.051999999999999984,0.9480000000000001,0
0.013000000000000001,0.26,0.74,0.013000000000000001,0.05,0.95,0
0.013000000000000001,0.27,0.73,0.013000000000000001,0.04814814814814815,0.9518518518518518,0
0.013000000000000001,0.28,0.72,0.013000000000000001,0.04642857142857143,0.9535714285714285,0
0.013000000000000001,0.29000000000000004,0.7099999999999999,0.013000000000000001,0.04482758620689653,0.9551724137931035,0
0.013000000000000001,0.3,0.7000000000000001,0.013000000000000001,0.04333333333333335,0.9566666666666667,0
0.013000000000000001,0.31,0.69,0.013000000000000001,0.04193548387096774,0.9580645161290322,0
0.013000000000000001,0.32,0.6799999999999998,0.013000000000000001,0.04062499999999998,0.959375,0
0.013000000000000001,0.33,0.6699999999999999,0.013000000000000001,0.03939393939393939,0.9606060606060606,0
0.013000000000000001,0.34,0.66,0.013000000000000001,0.03823529411764707,0.961764705882353,0
0.013000000000000001,0.35000000000000003,0.6499999999999999,0.013000000000000001,0.03714285714285714,0.9628571428571429,0
0.013000000000000001,0.36000000000000004,0.6399999999999999,0.013000000000000001,0.03611111111111111,0.9638888888888889,0
0.013000000000000001,0.37,0.63,0.013000000000000001,0.03513513513513514,0.9648648648648649,0
0.013000000000000001,0.38,0.6200000000000001,0.013000000000000001,0.03421052631578948,0.9657894736842105,0
0.013000000000000001,0.39,0.61,0.013000000000000001,0.03333333333333333,0.9666666666666667,0
0.013000000000000001,0.4,0.6000000000000001,0.013000000000000001,0.03250000000000001,0.9675,0
0.013000000000000001,0.41000000000000003,0.5900000000000001,0.013000000000000001,0.03170731707317074,0.9682926829268292,0
0.013000000000000001,0.42000000000000004,0.58,0.013000000000000001,0.030952380952380953,0.969047619047619,0
0.013000000000000001,0.43,0.5700000000000001,0.013000000000000001,0.03023255813953489,0.9697674418604652,0
0.013000000000000001,0.44,0.56,0.013000000000000001,0.029545454545454552,0.9704545454545455,0
0.013000000000000001,0.45,0.55,0.013000000000000001,0.028888888888888895,0.9711111111111111,0
0.013000000000000001,0.46,0.54,0.013000000000000001,0.028260869565217395,0.9717391304347827,0
0.013000000000000001,0.47000000000000003,0.53,0.013000000000000001,0.02765957446808511,0.9723404255319149,0
0.013000000000000001,0.48000000000000004,0.5200000000000001,0.013000000000000001,0.027083333333333345,0.9729166666666667,0
0.013000000000000001,0.49,0.51,0.013000000000000001,0.02653061224489796,0.9734693877551021,0
0.013000000000000001,0.5,0.5000000000000001,0.013000000000000001,0.02600000000000001,0.974,0
0.013000000000000001,0.51,0.48999999999999994,0.013000000000000001,0.025490196078431376,0.9745098039215686,0
0.013000000000000001,0.52,0.48,0.013000000000000001,0.025,0.975,0
0.013000000000000001,0.53,0.47000000000000003,0.013000000000000001,0.024528301886792454,0.9754716981132076,0
0.013000000000000001,0.54,0.46,0.013000000000000001,0.024074074074074074,0.975925925925926,0
0.013000000000000001,0.55,0.45,0.013000000000000001,0.023636363636363636,0.9763636363636363,0
0.013000000000000001,0.56,0.43999999999999995,0.013000000000000001,0.023214285714285715,0.9767857142857143,0
0.013000000000000001,0.5700000000000001,0.43,0.013000000000000001,0.022807017543859647,0.9771929824561404,0
0.013000000000000001,0.5800000000000001,0.41999999999999993,0.013000000000000001,0.022413793103448276,0.9775862068965517,0
0.013000000000000001,0.59,0.41000000000000003,0.013000000000000001,0.02203389830508475,0.9779661016949153,0
0.013000000000000001,0.6,0.4,0.013000000000000001,0.02166666666666667,0.9783333333333333,0
0.013000000000000001,0.61,0.39,0.013000000000000001,0.021311475409836068,0.978688524590164,0
0.013000000000000001,0.62,0.38,0.013000000000000001,0.020967741935483872,0.9790322580645161,0
0.013000000000000001,0.63,0.36999999999999994,0.013000000000000001,0.020634920634920634,0.9793650793650793,0
0.013000000000000001,0.64,0.36,0.013000000000000001,0.0203125,0.9796875,0
0.013000000000000001,0.65,0.35,0.013000000000000001,0.02,0.98,0
0.013000000000000001,0.66,0.3399999999999999,0.013000000000000001,0.019696969696969695,0.9803030303030303,0
0.013000000000000001,0.67,0.32999999999999996,0.013000000000000001,0.019402985074626865,0.9805970149253731,0
0.013000000000000001,0.68,0.32,0.013000000000000001,0.019117647058823534,0.9808823529411764,0
0.013000000000000001,0.6900000000000001,0.3099999999999999,0.013000000000000001,0.018840579710144925,0.981159420289855,0
0.013000000000000001,0.7000000000000001,0.29999999999999993,0.013000000000000001,0.018571428571428572,0.9814285714285714,0
0.013000000000000001,0.7100000000000001,0.29,0.013000000000000001,0.01830985915492958,0.9816901408450704,0
0.013000000000000001,0.72,0.28,0.013000000000000001,0.018055555555555557,0.9819444444444444,0
0.013000000000000001,0.73,0.2700000000000001,0.013000000000000001,0.017808219178082195,0.9821917808219178,0
0.013000000000000001,0.74,0.26,0.013000000000000001,0.01756756756756757,0.9824324324324324,0
0.013000000000000001,0.75,0.25,0.013000000000000001,0.017333333333333336,0.9826666666666667,0
0.013000000000000001,0.76,0.24,0.013000000000000001,0.017105263157894738,0.9828947368421053,0
0.013000000000000001,0.77,0.22999999999999995,0.013000000000000001,0.016883116883116885,0.9831168831168832,0
0.013000000000000001,0.78,0.21999999999999997,0.013000000000000001,0.016666666666666666,0.9833333333333333,0
0.013000000000000001,0.79,0.20999999999999994,0.013000000000000001,0.016455696202531647,0.9835443037974684,0
0.013000000000000001,0.8,0.19999999999999993,0.013000000000000001,0.01625,0.98375,0
0.013000000000000001,0.81,0.18999999999999992,0.013000000000000001,0.016049382716049384,0.9839506172839506,0
0.013000000000000001,0.8200000000000001,0.17999999999999994,0.013000000000000001,0.015853658536585366,0.9841463414634146,0
0.013000000000000001,0.8300000000000001,0.16999999999999993,0.013000000000000001,0.01566265060240964,0.9843373493975903,0
0.013000000000000001,0.8400000000000001,0.15999999999999992,0.013000000000000001,0.015476190476190477,0.9845238095238096,0
0.013000000000000001,0.85,0.15000000000000002,0.013000000000000001,0.015294117647058826,0.9847058823529412,0
0.013000000000000001,0.86,0.14,0.013000000000000001,0.015116279069767443,0.9848837209302326,0
0.013000000000000001,0.87,0.13000000000000003,0.013000000000000001,0.014942528735632185,0.9850574712643678,0
0.013000000000000001,0.88,0.12,0.013000000000000001,0.014772727272727274,0.9852272727272727,0
0.013000000000000001,0.89,0.10999999999999999,0.013000000000000001,0.014606741573033709,0.9853932584269663,0
0.013000000000000001,0.9,0.09999999999999996,0.013000000000000001,0.014444444444444446,0.9855555555555555,0
0.013000000000000001,0.91,0.08999999999999996,0.013000000000000001,0.014285714285714287,0.9857142857142858,0
0.013000000000000001,0.92,0.07999999999999997,0.013000000000000001,0.014130434782608696,0.9858695652173913,0
0.013000000000000001,0.93,0.06999999999999995,0.013000000000000001,0.013978494623655914,0.986021505376344,0
0.013000000000000001,0.9400000000000001,0.05999999999999994,0.013000000000000001,0.013829787234042554,0.9861702127659574,0
0.013000000000000001,0.9500000000000001,0.04999999999999993,0.013000000000000001,0.01368421052631579,0.9863157894736843,0
0.013000000000000001,0.9600000000000001,0.039999999999999925,0.013000000000000001,0.013541666666666667,0.9864583333333333,0
0.013000000000000001,0.97,0.03000000000000003,0.013000000000000001,0.013402061855670104,0.98659793814433,0
0.013000000000000001,0.98,0.020000000000000014,0.013000000000000001,0.01326530612244898,0.986734693877551,0
0.013000000000000001,0.99,0.010000000000000009,0.013000000000000001,0.013131313131313133,0.9868686868686869,0
0.013000000000000001,1.0,0.0,0.013000000000000001,0.013000000000000001,0.987,0
0.01325,0.01,0.99,0.01325,1.3249999999999988,-0.32499999999999885,0
0.01325,0.02,0.9800000000000001,0.01325,0.6625000000000031,0.3374999999999969,0
0.01325,0.03,0.97,0.01325,0.44166666666666626,0.5583333333333338,0
0.01325,0.04,0.96,0.01325,0.3312499999999997,0.6687500000000003,0
0.01325,0.05,0.9499999999999998,0.01325,0.2649999999999992,0.7350000000000008,0
0.01325,0.060000000000000005,0.94,0.01325,0.22083333333333313,0.7791666666666669,0
0.01325,0.06999999999999999,0.9300000000000002,0.01325,0.18928571428571472,0.8107142857142853,0
0.01325,0.08,0.92,0.01325,0.16562500000000008,0.8343749999999999,0
0.01325,0.09,0.91,0.01325,0.14722222222222228,0.8527777777777777,0
0.01325,0.09999999999999999,0.8999999999999999,0.01325,0.13249999999999987,0.8675000000000002,0
0.01325,0.11,0.89,0.01325,0.12045454545454547,0.8795454545454545,0
0.01325,0.12,0.8800000000000001,0.01325,0.11041666666666677,0.8895833333333332,0
0.01325,0.13,0.8699999999999999,0.01325,0.10192307692307682,0.8980769230769232,0
0.01325,0.14,0.86,0.01325,0.09464285714285713,0.9053571428571429,0
0.01325,0.15000000000000002,0.8500000000000001,0.01325,0.08833333333333339,0.9116666666666666,0
0.01325,0.16,0.84,0.01325,0.08281249999999998,0.9171875,0
0.01325,0.17,0.8300000000000001,0.01325,0.07794117647058826,0.9220588235294117,0
0.01325,0.18000000000000002,0.82,0.01325,0.07361111111111109,0.9263888888888889,0
0.01325,0.19,0.81,0.01325,0.06973684210526318,0.9302631578947368,0
0.01325,0.2,0.7999999999999999,0.01325,0.06624999999999998,0.9337500000000001,0
0.01325,0.21000000000000002,0.79,0.01325,0.06309523809523811,0.9369047619047619,0
0.01325,0.22,0.78,0.01325,0.06022727272727273,0.9397727272727273,0
0.01325,0.23,0.77,0.01325,0.057608695652173914,0.942391304347826,0
0.01325,0.24000000000000002,0.7599999999999999,0.01325,0.05520833333333331,0.9447916666666667,0
0.01325,0.25,0.7499999999999999,0.01325,0.05299999999999998,0.9470000000000001,0
0.01325,0.26,0.74,0.01325,0.05096153846153846,0.9490384615384615,0
0.01325,0.27,0.73,0.01325,0.04907407407407407,0.950925925925926,0
0.01325,0.28,0.72,0.01325,0.04732142857142856,0.9526785714285715,0
0.01325,0.29000000000000004,0.7099999999999999,0.01325,0.045689655172413766,0.9543103448275863,0
0.01325,0.3,0.7000000000000001,0.01325,0.044166666666666674,0.9558333333333333,0
0.01325,0.31,0.69,0.01325,0.04274193548387096,0.957258064516129,0
0.01325,0.32,0.6799999999999998,0.01325,0.04140624999999998,0.95859375,0
0.01325,0.33,0.6699999999999999,0.01325,0.04015151515151514,0.9598484848484848,0
0.01325,0.34,0.66,0.01325,0.03897058823529412,0.9610294117647059,0
0.01325,0.35000000000000003,0.6499999999999999,0.01325,0.037857142857142846,0.9621428571428572,0
0.01325,0.36000000000000004,0.6399999999999999,0.01325,0.03680555555555554,0.9631944444444445,0
0.01325,0.37,0.63,0.01325,0.03581081081081081,0.9641891891891892,0
0.01325,0.38,0.6200000000000001,0.01325,0.03486842105263159,0.9651315789473685,0
0.01325,0.39,0.61,0.01325,0.03397435897435897,0.966025641025641,0
0.01325,0.4,0.6000000000000001,0.01325,0.03312500000000001,0.966875,0
0.01325,0.41000000000000003,0.5900000000000001,0.01325,0.032317073170731715,0.9676829268292683,0
0.01325,0.42000000000000004,0.58,0.01325,0.03154761904761905,0.968452380952381,0
0.01325,0.43,0.5700000000000001,0.01325,0.030813953488372098,0.9691860465116279,0
0.01325,0.44,0.56,0.01325,0.030113636363636367,0.9698863636363636,0
0.01325,0.45,0.55,0.01325,0.029444444444444447,0.9705555555555555,0
0.01325,0.46,0.54,0.01325,0.028804347826086957,0.971195652173913,0
0.01325,0.47000000000000003,0.53,0.01325,0.02819148936170213,0.9718085106382979,0
0.01325,0.48000000000000004,0.5200000000000001,0.01325,0.027604166666666673,0.9723958333333333,0
0.01325,0.49,0.51,0.01325,0.02704081632653061,0.9729591836734693,0
0.01325,0.5,0.5000000000000001,0.01325,0.026500000000000006,0.9735,0
0.01325,0.51,0.48999999999999994,0.01325,0.025980392156862743,0.9740196078431372,0
0.01325,0.52,0.48,0.01325,0.02548076923076923,0.9745192307692307,0
0.01325,0.53,0.47000000000000003,0.01325,0.024999999999999998,0.975,0
0.01325,0.54,0.46,0.01325,0.024537037037037034,0.975462962962963,0
0.01325,0.55,0.45,0.01325,0.02409090909090909,0.975909090909091,0
0.01325,0.56,0.43999999999999995,0.01325,0.02366071428571428,0.9763392857142857,0
0.01325,0.5700000000000001,0.43,0.01325,0.023245614035087715,0.9767543859649123,0
0.01325,0.5800000000000001,0.41999999999999993,0.01325,0.022844827586206894,0.9771551724137931,0
0.01325,0.59,0.41000000000000003,0.01325,0.022457627118644068,0.9775423728813559,0
0.01325,0.6,0.4,0.01325,0.022083333333333333,0.9779166666666667,0
0.01325,0.61,0.39,0.01325,0.021721311475409837,0.9782786885245902,0
0.01325,0.62,0.38,0.01325,0.021370967741935483,0.9786290322580645,0
0.01325,0.63,0.36999999999999994,0.01325,0.021031746031746026,0.9789682539682539,0
0.01325,0.64,0.36,0.01325,0.020703125,0.979296875,0
0.01325,0.65,0.35,0.01325,0.020384615384615383,0.9796153846153847,0
0.01325,0.66,0.3399999999999999,0.01325,0.02007575757575757,0.9799242424242425,0
0.01325,0.67,0.32999999999999996,0.01325,0.019776119402985074,0.9802238805970149,0
0.01325,0.68,0.32,0.01325,0.01948529411764706,0.9805147058823529,0
0.01325,0.6900000000000001,0.3099999999999999,0.01325,0.019202898550724632,0.9807971014492753,0
0.01325,0.7000000000000001,0.29999999999999993,0.01325,0.018928571428571427,0.9810714285714286,0
0.01325,0.7100000000000001,0.29,0.01325,0.018661971830985915,0.981338028169014,0
0.01325,0.72,0.28,0.01325,0.01840277777777778,0.9815972222222222,0
0.01325,0.73,0.2700000000000001,0.01325,0.018150684931506848,0.9818493150684932,0
0.01325,0.74,0.26,0.01325,0.017905405405405406,0.9820945945945946,0
0.01325,0.75,0.25,0.01325,0.017666666666666667,0.9823333333333333,0
0.01325,0.76,0.24,0.01325,0.017434210526315788,0.9825657894736842,0
0.01325,0.77,0.22999999999999995,0.01325,0.017207792207792207,0.9827922077922078,0
0.01325,0.78,0.21999999999999997,0.01325,0.016987179487179486,0.9830128205128205,0
0.01325,0.79,0.20999999999999994,0.01325,0.016772151898734176,0.9832278481012658,0
0.01325,0.8,0.19999999999999993,0.01325,0.016562499999999997,0.9834375,0
0.01325,0.81,0.18999999999999992,0.01325,0.01635802469135802,0.983641975308642,0
0.01325,0.8200000000000001,0.17999999999999994,0.01325,0.01615853658536585,0.9838414634146342,0
0.01325,0.8300000000000001,0.16999999999999993,0.01325,0.015963855421686744,0.9840361445783132,0
0.01325,0.8400000000000001,0.15999999999999992,0.01325,0.015773809523809523,0.9842261904761904,0
0.01325,0.85,0.15000000000000002,0.01325,0.015588235294117648,0.9844117647058823,0
0.01325,0.86,0.14,0.01325,0.015406976744186047,0.984593023255814,0
0.01325,0.87,0.13000000000000003,0.01325,0.015229885057471264,0.9847701149425288,0
0.01325,0.88,0.12,0.01325,0.015056818181818182,0.9849431818181819,0
0.01325,0.89,0.10999999999999999,0.01325,0.0148876404494382,0.9851123595505618,0
0.01325,0.9,0.09999999999999996,0.01325,0.014722222222222222,0.9852777777777778,0
0.01325,0.91,0.08999999999999996,0.01325,0.014560439560439559,0.9854395604395605,0
0.01325,0.92,0.07999999999999997,0.01325,0.014402173913043477,0.9855978260869566,0
0.01325,0.93,0.06999999999999995,0.01325,0.014247311827956988,0.985752688172043,0
0.01325,0.9400000000000001,0.05999999999999994,0.01325,0.014095744680851063,0.9859042553191489,0
0.01325,0.9500000000000001,0.04999999999999993,0.01325,0.01394736842105263,0.9860526315789474,0
0.01325,0.9600000000000001,0.039999999999999925,0.01325,0.013802083333333331,0.9861979166666667,0
0.01325,0.97,0.03000000000000003,0.01325,0.01365979381443299,0.9863402061855671,0
0.01325,0.98,0.020000000000000014,0.01325,0.013520408163265305,0.9864795918367347,0
0.01325,0.99,0.010000000000000009,0.01325,0.013383838383838383,0.9866161616161616,0
0.01325,1.0,0.0,0.01325,0.01325,0.98675,0
0.0135,0.01,0.99,0.013499999999999998,1.3499999999999985,-0.34999999999999853,0
0.0135,0.02,0.9800000000000001,0.013499999999999998,0.675000000000003,0.32499999999999696,0
0.0135,0.03,0.97,0.013499999999999998,0.4499999999999995,0.5500000000000005,0
0.0135,0.04,0.96,0.013499999999999998,0.33749999999999963,0.6625000000000003,0
0.0135,0.05,0.9499999999999998,0.013499999999999998,0.26999999999999913,0.7300000000000009,0
0.0135,0.060000000000000005,0.94,0.013499999999999998,0.22499999999999976,0.7750000000000002,0
0.0135,0.06999999999999999,0.9300000000000002,0.013499999999999998,0.19285714285714328,0.8071428571428567,0
0.0135,0.08,0.92,0.013499999999999998,0.16875000000000007,0.8312499999999999,0
0.0135,0.09,0.91,0.013499999999999998,0.15000000000000002,0.85,0
0.0135,0.09999999999999999,0.8999999999999999,0.013499999999999998,0.13499999999999987,0.8650000000000001,0
0.0135,0.11,0.89,0.013499999999999998,0.12272727272727273,0.8772727272727273,0
0.0135,0.12,0.8800000000000001,0.013499999999999998,0.11250000000000009,0.8875,0
0.0135,0.13,0.8699999999999999,0.013499999999999998,0.10384615384615374,0.8961538461538463,0
0.0135,0.14,0.86,0.013499999999999998,0.0964285714285714,0.9035714285714286,0
0.0135,0.15000000000000002,0.8500000000000001,0.013499999999999998,0.09000000000000004,0.9099999999999999,0
0.0135,0.16,0.84,0.013499999999999998,0.08437499999999998,0.915625,0
0.0135,0.17,0.8300000000000001,0.013499999999999998,0.07941176470588238,0.9205882352941176,0
0.0135,0.18000000000000002,0.82,0.013499999999999998,0.07499999999999997,0.925,0
0.0135,0.19,0.81,0.013499999999999998,0.07105263157894738,0.9289473684210526,0
0.0135,0.2,0.7999999999999999,0.013499999999999998,0.06749999999999996,0.9325,0
0.0135,0.21000000000000002,0.79,0.013499999999999998,0.0642857142857143,0.9357142857142857,0
0.0135,0.22,0.78,0.013499999999999998,0.06136363636363636,0.9386363636363636,0
0.0135,0.23,0.77,0.013499999999999998,0.05869565217391304,0.941304347826087,0
0.0135,0.24000000000000002,0.7599999999999999,0.013499999999999998,0.05624999999999997,0.9437500000000001,0
0.0135,0.25,0.7499999999999999,0.013499999999999998,0.05399999999999997,0.9460000000000001,0
0.0135,0.26,0.74,0.013499999999999998,0.05192307692307691,0.948076923076923,0
0.0135,0.27,0.73,0.013499999999999998,0.04999999999999999,0.95,0
0.0135,0.28,0.72,0.013499999999999998,0.0482142857142857,0.9517857142857143,0
0.0135,0.29000000000000004,0.7099999999999999,0.013499999999999998,0.046551724137931,0.953448275862069,0
0.0135,0.3,0.7000000000000001,0.013499999999999998,0.045000000000000005,0.955,0
0.0135,0.31,0.69,0.013499999999999998,0.04354838709677418,0.9564516129032258,0
0.0135,0.32,0.6799999999999998,0.013499999999999998,0.04218749999999997,0.9578125000000001,0
0.0135,0.33,0.6699999999999999,0.013499999999999998,0.040909090909090895,0.9590909090909091,0
0.0135,0.34,0.66,0.013499999999999998,0.039705882352941174,0.9602941176470589,0
0.0135,0.35000000000000003,0.6499999999999999,0.013499999999999998,0.038571428571428555,0.9614285714285714,0
0.0135,0.36000000000000004,0.6399999999999999,0.013499999999999998,0.037499999999999985,0.9625,0
0.0135,0.37,0.63,0.013499999999999998,0.03648648648648648,0.9635135135135136,0
0.0135,0.38,0.6200000000000001,0.013499999999999998,0.03552631578947369,0.9644736842105263,0
0.0135,0.39,0.61,0.013499999999999998,0.03461538461538461,0.9653846153846154,0
0.0135,0.4,0.6000000000000001,0.013499999999999998,0.03375,0.96625,0
0.0135,0.41000000000000003,0.5900000000000001,0.013499999999999998,0.032926829268292684,0.9670731707317073,0
0.0135,0.42000000000000004,0.58,0.013499999999999998,0.03214285714285713,0.9678571428571429,0
0.0135,0.43,0.5700000000000001,0.013499999999999998,0.031395348837209305,0.9686046511627907,0
0.0135,0.44,0.56,0.013499999999999998,0.03068181818181818,0.9693181818181819,0
0.0135,0.45,0.55,0.013499999999999998,0.03,0.97,0
0.0135,0.46,0.54,0.013499999999999998,0.02934782608695652,0.9706521739130435,0
0.0135,0.47000000000000003,0.53,0.013499999999999998,0.028723404255319145,0.9712765957446808,0
0.0135,0.48000000000000004,0.5200000000000001,0.013499999999999998,0.028125000000000004,0.971875,0
0.0135,0.49,0.51,0.013499999999999998,0.027551020408163263,0.9724489795918367,0
0.0135,0.5,0.5000000000000001,0.013499999999999998,0.027000000000000003,0.973,0
0.0135,0.51,0.48999999999999994,0.013499999999999998,0.026470588235294114,0.9735294117647059,0
0.0135,0.52,0.48,0.013499999999999998,0.025961538461538456,0.9740384615384615,0
0.0135,0.53,0.47000000000000003,0.013499999999999998,0.02547169811320754,0.9745283018867925,0
0.0135,0.54,0.46,0.013499999999999998,0.024999999999999994,0.975,0
0.0135,0.55,0.45,0.013499999999999998,0.02454545454545454,0.9754545454545455,0
0.0135,0.56,0.43999999999999995,0.013499999999999998,0.02410714285714285,0.9758928571428571,0
0.0135,0.5700000000000001,0.43,0.013499999999999998,0.023684210526315783,0.9763157894736842,0
0.0135,0.5800000000000001,0.41999999999999993,0.013499999999999998,0.02327586206896551,0.9767241379310345,0
0.0135,0.59,0.41000000000000003,0.013499999999999998,0.022881355932203386,0.9771186440677966,0
0.0135,0.6,0.4,0.013499999999999998,0.0225,0.9775,0
0.0135,0.61,0.39,0.013499999999999998,0.022131147540983605,0.9778688524590164,0
0.0135,0.62,0.38,0.013499999999999998,0.021774193548387093,0.978225806451613,0
0.0135,0.63,0.36999999999999994,0.013499999999999998,0.021428571428571422,0.9785714285714285,0
0.0135,0.64,0.36,0.013499999999999998,0.021093749999999998,0.97890625,0
0.0135,0.65,0.35,0.013499999999999998,0.020769230769230766,0.9792307692307692,0
0.0135,0.66,0.3399999999999999,0.013499999999999998,0.020454545454545447,0.9795454545454545,0
0.0135,0.67,0.32999999999999996,0.013499999999999998,0.02014925373134328,0.9798507462686568,0
0.0135,0.68,0.32,0.013499999999999998,0.019852941176470587,0.9801470588235294,0
0.0135,0.6900000000000001,0.3099999999999999,0.013499999999999998,0.01956521739130434,0.9804347826086957,0
0.0135,0.7000000000000001,0.29999999999999993,0.013499999999999998,0.01928571428571428,0.9807142857142858,0
0.0135,0.7100000000000001,0.29,0.013499999999999998,0.019014084507042252,0.9809859154929578,0
0.0135,0.72,0.28,0.013499999999999998,0.01875,0.98125,0
0.0135,0.73,0.2700000000000001,0.013499999999999998,0.018493150684931504,0.9815068493150685,0
0.0135,0.74,0.26,0.013499999999999998,0.01824324324324324,0.9817567567567568,0
0.0135,0.75,0.25,0.013499999999999998,0.018,0.982,0
0.0135,0.76,0.24,0.013499999999999998,0.01776315789473684,0.9822368421052632,0
0.0135,0.77,0.22999999999999995,0.013499999999999998,0.017532467532467528,0.9824675324675325,0
0.0135,0.78,0.21999999999999997,0.013499999999999998,0.017307692307692305,0.9826923076923076,0
0.0135,0.79,0.20999999999999994,0.013499999999999998,0.017088607594936706,0.9829113924050633,0
0.0135,0.8,0.19999999999999993,0.013499999999999998,0.016874999999999998,0.983125,0
0.0135,0.81,0.18999999999999992,0.013499999999999998,0.016666666666666663,0.9833333333333334,0
0.0135,0.8200000000000001,0.17999999999999994,0.013499999999999998,0.01646341463414634,0.9835365853658536,0
0.0135,0.8300000000000001,0.16999999999999993,0.013499999999999998,0.01626506024096385,0.9837349397590361,0
0.0135,0.8400000000000001,0.15999999999999992,0.013499999999999998,0.016071428571428566,0.9839285714285715,0
0.0135,0.85,0.15000000000000002,0.013499999999999998,0.01588235294117647,0.9841176470588235,0
0.0135,0.86,0.14,0.013499999999999998,0.01569767441860465,0.9843023255813953,0
0.0135,0.87,0.13000000000000003,0.013499999999999998,0.015517241379310343,0.9844827586206897,0
0.0135,0.88,0.12,0.013499999999999998,0.015340909090909089,0.9846590909090909,0
0.0135,0.89,0.10999999999999999,0.013499999999999998,0.015168539325842695,0.9848314606741573,0
0.0135,0.9,0.09999999999999996,0.013499999999999998,0.014999999999999998,0.985,0
0.0135,0.91,0.08999999999999996,0.013499999999999998,0.014835164835164833,0.9851648351648352,0
0.0135,0.92,0.07999999999999997,0.013499999999999998,0.014673913043478258,0.9853260869565218,0
0.0135,0.93,0.06999999999999995,0.013499999999999998,0.014516129032258062,0.9854838709677419,0
0.0135,0.9400000000000001,0.05999999999999994,0.013499999999999998,0.014361702127659571,0.9856382978723405,0
0.0135,0.9500000000000001,0.04999999999999993,0.013499999999999998,0.01421052631578947,0.9857894736842105,0
0.0135,0.9600000000000001,0.039999999999999925,0.013499999999999998,0.014062499999999997,0.9859375,0
0.0135,0.97,0.03000000000000003,0.013499999999999998,0.013917525773195875,0.9860824742268042,0
0.0135,0.98,0.020000000000000014,0.013499999999999998,0.013775510204081631,0.9862244897959184,0
0.0135,0.99,0.010000000000000009,0.013499999999999998,0.013636363636363634,0.9863636363636363,0
0.0135,1.0,0.0,0.013499999999999998,0.013499999999999998,0.9865,0
0.01375,0.01,0.99,0.013750000000000002,1.374999999999999,-0.3749999999999989,0
0.01375,0.02,0.9800000000000001,0.013750000000000002,0.6875000000000033,0.31249999999999667,0
0.01375,0.03,0.97,0.013750000000000002,0.458333333333333,0.541666666666667,0
0.01375,0.04,0.96,0.013750000000000002,0.3437499999999997,0.6562500000000002,0
0.01375,0.05,0.9499999999999998,0.013750000000000002,0.2749999999999992,0.7250000000000008,0
0.01375,0.060000000000000005,0.94,0.013750000000000002,0.2291666666666665,0.7708333333333335,0
0.01375,0.06999999999999999,0.9300000000000002,0.013750000000000002,0.1964285714285719,0.8035714285714282,0
0.01375,0.08,0.92,0.013750000000000002,0.1718750000000001,0.8281249999999999,0
0.01375,0.09,0.91,0.013750000000000002,0.15277777777777785,0.8472222222222221,0
0.01375,0.09999999999999999,0.8999999999999999,0.013750000000000002,0.1374999999999999,0.8625,0
0.01375,0.11,0.89,0.013750000000000002,0.12500000000000003,0.875,0
0.01375,0.12,0.8800000000000001,0.013750000000000002,0.11458333333333345,0.8854166666666665,0
0.01375,0.13,0.8699999999999999,0.013750000000000002,0.10576923076923068,0.8942307692307693,0
0.01375,0.14,0.86,0.013750000000000002,0.09821428571428571,0.9017857142857143,0
0.01375,0.15000000000000002,0.8500000000000001,0.013750000000000002,0.09166666666666673,0.9083333333333332,0
0.01375,0.16,0.84,0.013750000000000002,0.0859375,0.9140625,0
0.01375,0.17,0.8300000000000001,0.013750000000000002,0.08088235294117652,0.9191176470588235,0
0.01375,0.18000000000000002,0.82,0.013750000000000002,0.07638888888888888,0.9236111111111112,0
0.01375,0.19,0.81,0.013750000000000002,0.07236842105263161,0.9276315789473684,0
0.01375,0.2,0.7999999999999999,0.013750000000000002,0.06874999999999999,0.93125,0
0.01375,0.21000000000000002,0.79,0.013750000000000002,0.0654761904761905,0.9345238095238095,0
0.01375,0.22,0.78,0.013750000000000002,0.06250000000000001,0.9375,0
0.01375,0.23,0.77,0.013750000000000002,0.05978260869565219,0.9402173913043478,0
0.01375,0.24000000000000002,0.7599999999999999,0.013750000000000002,0.05729166666666665,0.9427083333333334,0
0.01375,0.25,0.7499999999999999,0.013750000000000002,0.05499999999999998,0.9450000000000001,0
0.01375,0.26,0.74,0.013750000000000002,0.05288461538461539,0.9471153846153846,0
0.01375,0.27,0.73,0.013750000000000002,0.05092592592592593,0.9490740740740741,0
0.01375,0.28,0.72,0.013750000000000002,0.049107142857142856,0.9508928571428571,0
0.01375,0.29000000000000004,0.7099999999999999,0.013750000000000002,0.04741379310344826,0.9525862068965517,0
0.01375,0.3,0.7000000000000001,0.013750000000000002,0.04583333333333335,0.9541666666666666,0
0.01375,0.31,0.69,0.013750000000000002,0.044354838709677415,0.9556451612903226,0
0.01375,0.32,0.6799999999999998,0.013750000000000002,0.04296874999999998,0.95703125,0
0.01375,0.33,0.6699999999999999,0.013750000000000002,0.041666666666666664,0.9583333333333334,0
0.01375,0.34,0.66,0.013750000000000002,0.040441176470588244,0.9595588235294118,0
0.01375,0.35000000000000003,0.6499999999999999,0.013750000000000002,0.03928571428571428,0.9607142857142857,0
0.01375,0.36000000000000004,0.6399999999999999,0.013750000000000002,0.03819444444444444,0.9618055555555556,0
0.01375,0.37,0.63,0.013750000000000002,0.037162162162162164,0.9628378378378378,0
0.01375,0.38,0.6200000000000001,0.013750000000000002,0.036184210526315805,0.9638157894736842,0
0.01375,0.39,0.61,0.013750000000000002,0.03525641025641026,0.9647435897435898,0
0.01375,0.4,0.6000000000000001,0.013750000000000002,0.03437500000000001,0.965625,0
0.01375,0.41000000000000003,0.5900000000000001,0.013750000000000002,0.03353658536585367,0.9664634146341463,0
0.01375,0.42000000000000004,0.58,0.013750000000000002,0.03273809523809524,0.9672619047619048,0
0.01375,0.43,0.5700000000000001,0.013750000000000002,0.03197674418604652,0.9680232558139534,0
0.01375,0.44,0.56,0.013750000000000002,0.03125000000000001,0.96875,0
0.01375,0.45,0.55,0.013750000000000002,0.03055555555555556,0.9694444444444444,0
0.01375,0.46,0.54,0.013750000000000002,0.029891304347826095,0.970108695652174,0
0.01375,0.47000000000000003,0.53,0.013750000000000002,0.029255319148936174,0.9707446808510638,0
0.01375,0.48000000000000004,0.5200000000000001,0.013750000000000002,0.028645833333333346,0.9713541666666666,0
0.01375,0.49,0.51,0.013750000000000002,0.028061224489795922,0.971938775510204,0
0.01375,0.5,0.5000000000000001,0.013750000000000002,0.02750000000000001,0.9725,0
0.01375,0.51,0.48999999999999994,0.013750000000000002,0.02696078431372549,0.9730392156862745,0
0.01375,0.52,0.48,0.013750000000000002,0.026442307692307696,0.9735576923076923,0
0.01375,0.53,0.47000000000000003,0.013750000000000002,0.025943396226415096,0.9740566037735849,0
0.01375,0.54,0.46,0.013750000000000002,0.025462962962962965,0.974537037037037,0
0.01375,0.55,0.45,0.013750000000000002,0.025,0.975,0
0.01375,0.56,0.43999999999999995,0.013750000000000002,0.024553571428571428,0.9754464285714286,0
0.01375,0.5700000000000001,0.43,0.013750000000000002,0.024122807017543862,0.9758771929824561,0
0.01375,0.5800000000000001,0.41999999999999993,0.013750000000000002,0.023706896551724137,0.9762931034482759,0
0.01375,0.59,0.41000000000000003,0.013750000000000002,0.023305084745762716,0.9766949152542372,0
0.01375,0.6,0.4,0.013750000000000002,0.022916666666666672,0.9770833333333333,0
0.01375,0.61,0.39,0.013750000000000002,0.02254098360655738,0.9774590163934426,0
0.01375,0.62,0.38,0.013750000000000002,0.022177419354838714,0.9778225806451613,0
0.01375,0.63,0.36999999999999994,0.013750000000000002,0.021825396825396824,0.9781746031746031,0
0.01375,0.64,0.36,0.013750000000000002,0.021484375000000003,0.978515625,0
0.01375,0.65,0.35,0.013750000000000002,0.021153846153846155,0.9788461538461538,0
0.01375,0.66,0.3399999999999999,0.013750000000000002,0.020833333333333332,0.9791666666666666,0
0.01375,0.67,0.32999999999999996,0.013750000000000002,0.020522388059701493,0.9794776119402985,0
0.01375,0.68,0.32,0.013750000000000002,0.020220588235294122,0.9797794117647058,0
0.01375,0.6900000000000001,0.3099999999999999,0.013750000000000002,0.019927536231884056,0.980072463768116,0
0.01375,0.7000000000000001,0.29999999999999993,0.013750000000000002,0.019642857142857142,0.9803571428571428,0
0.01375,0.7100000000000001,0.29,0.013750000000000002,0.019366197183098594,0.9806338028169014,0
0.01375,0.72,0.28,0.013750000000000002,0.019097222222222224,0.9809027777777778,0
0.01375,0.73,0.2700000000000001,0.013750000000000002,0.018835616438356167,0.9811643835616438,0
0.01375,0.74,0.26,0.013750000000000002,0.018581081081081082,0.981418918918919,0
0.01375,0.75,0.25,0.013750000000000002,0.018333333333333337,0.9816666666666667,0
0.01375,0.76,0.24,0.013750000000000002,0.018092105263157895,0.9819078947368421,0
0.01375,0.77,0.22999999999999995,0.013750000000000002,0.01785714285714286,0.9821428571428571,0
0.01375,0.78,0.21999999999999997,0.013750000000000002,0.01762820512820513,0.9823717948717948,0
0.01375,0.79,0.20999999999999994,0.013750000000000002,0.017405063291139243,0.9825949367088608,0
0.01375,0.8,0.19999999999999993,0.013750000000000002,0.0171875,0.9828125,0
0.01375,0.81,0.18999999999999992,0.013750000000000002,0.01697530864197531,0.9830246913580247,0
0.01375,0.8200000000000001,0.17999999999999994,0.013750000000000002,0.01676829268292683,0.9832317073170732,0
0.01375,0.8300000000000001,0.16999999999999993,0.013750000000000002,0.016566265060240965,0.983433734939759,0
0.01375,0.8400000000000001,0.15999999999999992,0.013750000000000002,0.01636904761904762,0.9836309523809523,0
0.01375,0.85,0.15000000000000002,0.013750000000000002,0.016176470588235296,0.9838235294117647,0
0.01375,0.86,0.14,0.013750000000000002,0.015988372093023256,0.9840116279069767,0
0.01375,0.87,0.13000000000000003,0.013750000000000002,0.015804597701149427,0.9841954022988506,0
0.01375,0.88,0.12,0.013750000000000002,0.015625000000000003,0.984375,0
0.01375,0.89,0.10999999999999999,0.013750000000000002,0.015449438202247192,0.9845505617977528,0
0.01375,0.9,0.09999999999999996,0.013750000000000002,0.015277777777777779,0.9847222222222223,0
0.01375,0.91,0.08999999999999996,0.013750000000000002,0.015109890109890112,0.9848901098901099,0
0.01375,0.92,0.07999999999999997,0.013750000000000002,0.014945652173913044,0.9850543478260869,0
0.01375,0.93,0.06999999999999995,0.013750000000000002,0.01478494623655914,0.9852150537634409,0
0.01375,0.9400000000000001,0.05999999999999994,0.013750000000000002,0.014627659574468085,0.9853723404255319,0
0.01375,0.9500000000000001,0.04999999999999993,0.013750000000000002,0.014473684210526317,0.9855263157894737,0
0.01375,0.9600000000000001,0.039999999999999925,0.013750000000000002,0.014322916666666668,0.9856770833333334,0
0.01375,0.97,0.03000000000000003,0.013750000000000002,0.014175257731958765,0.9858247422680413,0
0.01375,0.98,0.020000000000000014,0.013750000000000002,0.014030612244897961,0.985969387755102,0
0.01375,0.99,0.010000000000000009,0.013750000000000002,0.013888888888888892,0.9861111111111112,0
0.01375,1.0,0.0,0.013750000000000002,0.013750000000000002,0.98625,0
0.014,0.01,0.99,0.014,1.3999999999999988,-0.3999999999999988,0
0.014,0.02,0.9800000000000001,0.014,0.7000000000000033,0.2999999999999967,0
0.014,0.03,0.97,0.014,0.4666666666666663,0.5333333333333337,0
0.014,0.04,0.96,0.014,0.3499999999999997,0.6500000000000004,0
0.014,0.05,0.9499999999999998,0.014,0.27999999999999914,0.7200000000000009,0
0.014,0.060000000000000005,0.94,0.014,0.23333333333333314,0.7666666666666668,0
0.014,0.06999999999999999,0.9300000000000002,0.014,0.20000000000000046,0.7999999999999996,0
0.014,0.08,0.92,0.014,0.1750000000000001,0.825,0
0.014,0.09,0.91,0.014,0.1555555555555556,0.8444444444444443,0
0.014,0.09999999999999999,0.8999999999999999,0.014,0.13999999999999987,0.8600000000000001,0
0.014,0.11,0.89,0.014,0.1272727272727273,0.8727272727272727,0
0.014,0.12,0.8800000000000001,0.014,0.11666666666666678,0.8833333333333332,0
0.014,0.13,0.8699999999999999,0.014,0.1076923076923076,0.8923076923076924,0
0.014,0.14,0.86,0.014,0.09999999999999999,0.9,0
0.014,0.15000000000000002,0.8500000000000001,0.014,0.0933333333333334,0.9066666666666666,0
0.014,0.16,0.84,0.014,0.08749999999999998,0.9125,0
0.014,0.17,0.8300000000000001,0.014,0.08235294117647063,0.9176470588235294,0
0.014,0.18000000000000002,0.82,0.014,0.07777777777777777,0.9222222222222223,0
0.014,0.19,0.81,0.014,0.07368421052631581,0.9263157894736842,0
0.014,0.2,0.7999999999999999,0.014,0.06999999999999998,0.93,0
0.014,0.21000000000000002,0.79,0.014,0.06666666666666668,0.9333333333333333,0
0.014,0.22,0.78,0.014,0.06363636363636364,0.9363636363636364,0
0.014,0.23,0.77,0.014,0.060869565217391314,0.9391304347826087,0
0.014,0.24000000000000002,0.7599999999999999,0.014,0.058333333333333307,0.9416666666666667,0
0.014,0.25,0.7499999999999999,0.014,0.05599999999999997,0.9440000000000001,0
0.014,0.26,0.74,0.014,0.05384615384615384,0.9461538461538461,0
0.014,0.27,0.73,0.014,0.05185185185185185,0.9481481481481482,0
0.014,0.28,0.72,0.014,0.049999999999999996,0.95,0
0.014,0.29000000000000004,0.7099999999999999,0.014,0.048275862068965496,0.9517241379310345,0
0.014,0.3,0.7000000000000001,0.014,0.046666666666666676,0.9533333333333334,0
0.014,0.31,0.69,0.014,0.045161290322580636,0.9548387096774194,0
0.014,0.32,0.6799999999999998,0.014,0.043749999999999976,0.95625,0
0.014,0.33,0.6699999999999999,0.014,0.04242424242424241,0.9575757575757576,0
0.014,0.34,0.66,0.014,0.0411764705882353,0.9588235294117647,0
0.014,0.35000000000000003,0.6499999999999999,0.014,0.039999999999999994,0.96,0
0.014,0.36000000000000004,0.6399999999999999,0.014,0.03888888888888888,0.9611111111111111,0
0.014,0.37,0.63,0.014,0.03783783783783784,0.9621621621621621,0
0.014,0.38,0.6200000000000001,0.014,0.036842105263157905,0.9631578947368421,0
0.014,0.39,0.61,0.014,0.035897435897435895,0.9641025641025641,0
0.014,0.4,0.6000000000000001,0.014,0.03500000000000001,0.965,0
0.014,0.41000000000000003,0.5900000000000001,0.014,0.034146341463414644,0.9658536585365853,0
0.014,0.42000000000000004,0.58,0.014,0.03333333333333333,0.9666666666666667,0
0.014,0.43,0.5700000000000001,0.014,0.03255813953488373,0.9674418604651163,0
0.014,0.44,0.56,0.014,0.03181818181818182,0.9681818181818181,0
0.014,0.45,0.55,0.014,0.031111111111111114,0.9688888888888889,0
0.014,0.46,0.54,0.014,0.030434782608695657,0.9695652173913043,0
0.014,0.47000000000000003,0.53,0.014,0.029787234042553193,0.9702127659574468,0
0.014,0.48000000000000004,0.5200000000000001,0.014,0.029166666666666674,0.9708333333333333,0
0.014,0.49,0.51,0.014,0.028571428571428574,0.9714285714285714,0
0.014,0.5,0.5000000000000001,0.014,0.028000000000000008,0.972,0
0.014,0.51,0.48999999999999994,0.014,0.027450980392156862,0.9725490196078431,0
0.014,0.52,0.48,0.014,0.02692307692307692,0.9730769230769231,0
0.014,0.53,0.47000000000000003,0.014,0.02641509433962264,0.9735849056603774,0
0.014,0.54,0.46,0.014,0.025925925925925925,0.9740740740740741,0
0.014,0.55,0.45,0.014,0.025454545454545452,0.9745454545454546,0
0.014,0.56,0.43999999999999995,0.014,0.024999999999999998,0.975,0
0.014,0.5700000000000001,0.43,0.014,0.024561403508771926,0.9754385964912281,0
0.014,0.5800000000000001,0.41999999999999993,0.014,0.024137931034482755,0.9758620689655172,0
0.014,0.59,0.41000000000000003,0.014,0.023728813559322035,0.976271186440678,0
0.014,0.6,0.4,0.014,0.023333333333333334,0.9766666666666667,0
0.014,0.61,0.39,0.014,0.02295081967213115,0.9770491803278688,0
0.014,0.62,0.38,0.014,0.022580645161290325,0.9774193548387097,0
0.014,0.63,0.36999999999999994,0.014,0.02222222222222222,0.9777777777777777,0
0.014,0.64,0.36,0.014,0.021875,0.978125,0
0.014,0.65,0.35,0.014,0.021538461538461538,0.9784615384615385,0
0.014,0.66,0.3399999999999999,0.014,0.021212121212121206,0.9787878787878788,0
0.014,0.67,0.32999999999999996,0.014,0.020895522388059702,0.9791044776119403,0
0.014,0.68,0.32,0.014,0.02058823529411765,0.9794117647058823,0
0.014,0.6900000000000001,0.3099999999999999,0.014,0.020289855072463763,0.9797101449275363,0
0.014,0.7000000000000001,0.29999999999999993,0.014,0.019999999999999997,0.98,0
0.014,0.7100000000000001,0.29,0.014,0.01971830985915493,0.9802816901408451,0
0.014,0.72,0.28,0.014,0.019444444444444445,0.9805555555555555,0
0.014,0.73,0.2700000000000001,0.014,0.019178082191780823,0.9808219178082191,0
0.014,0.74,0.26,0.014,0.01891891891891892,0.981081081081081,0
0.014,0.75,0.25,0.014,0.018666666666666668,0.9813333333333333,0
0.014,0.76,0.24,0.014,0.01842105263157895,0.9815789473684211,0
0.014,0.77,0.22999999999999995,0.014,0.01818181818181818,0.9818181818181818,0
0.014,0.78,0.21999999999999997,0.014,0.017948717948717947,0.982051282051282,0
0.014,0.79,0.20999999999999994,0.014,0.017721518987341773,0.9822784810126582,0
0.014,0.8,0.19999999999999993,0.014,0.017499999999999998,0.9825,0
0.014,0.81,0.18999999999999992,0.014,0.01728395061728395,0.9827160493827161,0
0.014,0.8200000000000001,0.17999999999999994,0.014,0.017073170731707315,0.9829268292682927,0
0.014,0.8300000000000001,0.16999999999999993,0.014,0.016867469879518072,0.983132530120482,0
0.014,0.8400000000000001,0.15999999999999992,0.014,0.016666666666666666,0.9833333333333333,0
0.014,0.85,0.15000000000000002,0.014,0.01647058823529412,0.9835294117647059,0
0.014,0.86,0.14,0.014,0.01627906976744186,0.9837209302325581,0
0.014,0.87,0.13000000000000003,0.014,0.016091954022988506,0.9839080459770115,0
0.014,0.88,0.12,0.014,0.01590909090909091,0.9840909090909091,0
0.014,0.89,0.10999999999999999,0.014,0.015730337078651686,0.9842696629213483,0
0.014,0.9,0.09999999999999996,0.014,0.015555555555555555,0.9844444444444445,0
0.014,0.91,0.08999999999999996,0.014,0.015384615384615384,0.9846153846153847,0
0.014,0.92,0.07999999999999997,0.014,0.015217391304347825,0.9847826086956522,0
0.014,0.93,0.06999999999999995,0.014,0.015053763440860214,0.9849462365591398,0
0.014,0.9400000000000001,0.05999999999999994,0.014,0.014893617021276595,0.9851063829787234,0
0.014,0.9500000000000001,0.04999999999999993,0.014,0.014736842105263158,0.9852631578947368,0
0.014,0.9600000000000001,0.039999999999999925,0.014,0.014583333333333332,0.9854166666666667,0
0.014,0.97,0.03000000000000003,0.014,0.01443298969072165,0.9855670103092784,0
0.014,0.98,0.020000000000000014,0.014,0.014285714285714287,0.9857142857142858,0
0.014,0.99,0.010000000000000009,0.014,0.014141414141414142,0.9858585858585859,0
0.014,1.0,0.0,0.014,0.014,0.986,0
0.01425,0.01,0.99,0.014250000000000002,1.424999999999999,-0.42499999999999893,0
0.01425,0.02,0.9800000000000001,0.014250000000000002,0.7125000000000035,0.28749999999999654,0
0.01425,0.03,0.97,0.014250000000000002,0.47499999999999964,0.5250000000000004,0
0.01425,0.04,0.96,0.014250000000000002,0.35624999999999973,0.6437500000000003,0
0.01425,0.05,0.9499999999999998,0.014250000000000002,0.28499999999999914,0.7150000000000009,0
0.01425,0.060000000000000005,0.94,0.014250000000000002,0.23749999999999982,0.7625000000000002,0
0.01425,0.06999999999999999,0.9300000000000002,0.014250000000000002,0.20357142857142907,0.7964285714285709,0
0.01425,0.08,0.92,0.014250000000000002,0.17812500000000012,0.8218749999999999,0
0.01425,0.09,0.91,0.014250000000000002,0.1583333333333334,0.8416666666666666,0
0.01425,0.09999999999999999,0.8999999999999999,0.014250000000000002,0.1424999999999999,0.8575000000000002,0
0.01425,0.11,0.89,0.014250000000000002,0.12954545454545457,0.8704545454545454,0
0.01425,0.12,0.8800000000000001,0.014250000000000002,0.11875000000000013,0.8812499999999999,0
0.01425,0.13,0.8699999999999999,0.014250000000000002,0.10961538461538453,0.8903846153846154,0
0.01425,0.14,0.86,0.014250000000000002,0.1017857142857143,0.8982142857142857,0
0.01425,0.15000000000000002,0.8500000000000001,0.014250000000000002,0.09500000000000007,0.9049999999999999,0
0.01425,0.16,0.84,0.014250000000000002,0.0890625,0.9109375,0
0.01425,0.17,0.8300000000000001,0.014250000000000002,0.08382352941176476,0.9161764705882353,0
0.01425,0.18000000000000002,0.82,0.014250000000000002,0.07916666666666666,0.9208333333333334,0
0.01425,0.19,0.81,0.014250000000000002,0.07500000000000004,0.9249999999999999,0
0.01425,0.2,0.7999999999999999,0.014250000000000002,0.07125,0.92875,0
0.01425,0.21000000000000002,0.79,0.014250000000000002,0.06785714285714288,0.9321428571428572,0
0.01425,0.22,0.78,0.014250000000000002,0.06477272727272729,0.9352272727272727,0
0.01425,0.23,0.77,0.014250000000000002,0.06195652173913045,0.9380434782608695,0
0.01425,0.24000000000000002,0.7599999999999999,0.014250000000000002,0.05937499999999998,0.940625,0
0.01425,0.25,0.7499999999999999,0.014250000000000002,0.05699999999999998,0.9430000000000001,0
0.01425,0.26,0.74,0.014250000000000002,0.054807692307692314,0.9451923076923077,0
0.01425,0.27,0.73,0.014250000000000002,0.052777777777777785,0.9472222222222222,0
0.01425,0.28,0.72,0.014250000000000002,0.05089285714285715,0.9491071428571428,0
0.01425,0.29000000000000004,0.7099999999999999,0.014250000000000002,0.04913793103448274,0.9508620689655173,0
0.01425,0.3,0.7000000000000001,0.014250000000000002,0.04750000000000002,0.9525,0
0.01425,0.31,0.69,0.014250000000000002,0.04596774193548387,0.9540322580645161,0
0.01425,0.32,0.6799999999999998,0.014250000000000002,0.04453124999999998,0.95546875,0
0.01425,0.33,0.6699999999999999,0.014250000000000002,0.04318181818181818,0.9568181818181818,0
0.01425,0.34,0.66,0.014250000000000002,0.041911764705882364,0.9580882352941177,0
0.01425,0.35000000000000003,0.6499999999999999,0.014250000000000002,0.04071428571428571,0.9592857142857143,0
0.01425,0.36000000000000004,0.6399999999999999,0.014250000000000002,0.03958333333333333,0.9604166666666667,0
0.01425,0.37,0.63,0.014250000000000002,0.03851351351351352,0.9614864864864865,0
0.01425,0.38,0.6200000000000001,0.014250000000000002,0.03750000000000002,0.9625,0
0.01425,0.39,0.61,0.014250000000000002,0.03653846153846154,0.9634615384615385,0
0.01425,0.4,0.6000000000000001,0.014250000000000002,0.03562500000000001,0.964375,0
0.01425,0.41000000000000003,0.5900000000000001,0.014250000000000002,0.03475609756097562,0.9652439024390244,0
0.01425,0.42000000000000004,0.58,0.014250000000000002,0.03392857142857143,0.9660714285714286,0
0.01425,0.43,0.5700000000000001,0.014250000000000002,0.03313953488372094,0.9668604651162791,0
0.01425,0.44,0.56,0.014250000000000002,0.032386363636363644,0.9676136363636364,0
0.01425,0.45,0.55,0.014250000000000002,0.031666666666666676,0.9683333333333333,0
0.01425,0.46,0.54,0.014250000000000002,0.030978260869565226,0.9690217391304348,0
0.01425,0.47000000000000003,0.53,0.014250000000000002,0.03031914893617022,0.9696808510638297,0
0.01425,0.48000000000000004,0.5200000000000001,0.014250000000000002,0.029687500000000012,0.9703125,0
0.01425,0.49,0.51,0.014250000000000002,0.02908163265306123,0.9709183673469388,0
0.01425,0.5,0.5000000000000001,0.014250000000000002,0.02850000000000001,0.9715,0
0.01425,0.51,0.48999999999999994,0.014250000000000002,0.02794117647058824,0.9720588235294118,0
0.01425,0.52,0.48,0.014250000000000002,0.027403846153846157,0.9725961538461538,0
0.01425,0.53,0.47000000000000003,0.014250000000000002,0.026886792452830193,0.9731132075471698,0
0.01425,0.54,0.46,0.014250000000000002,0.026388888888888892,0.9736111111111111,0
0.01425,0.55,0.45,0.014250000000000002,0.02590909090909091,0.9740909090909091,0
0.01425,0.56,0.43999999999999995,0.014250000000000002,0.025446428571428575,0.9745535714285715,0
0.01425,0.5700000000000001,0.43,0.014250000000000002,0.025,0.975,0
0.01425,0.5800000000000001,0.41999999999999993,0.014250000000000002,0.02456896551724138,0.9754310344827586,0
0.01425,0.59,0.41000000000000003,0.014250000000000002,0.02415254237288136,0.9758474576271187,0
0.01425,0.6,0.4,0.014250000000000002,0.023750000000000004,0.97625,0
0.01425,0.61,0.39,0.014250000000000002,0.023360655737704922,0.976639344262295,0
0.01425,0.62,0.38,0.014250000000000002,0.02298387096774194,0.9770161290322581,0
0.01425,0.63,0.36999999999999994,0.014250000000000002,0.02261904761904762,0.9773809523809524,0
0.01425,0.64,0.36,0.014250000000000002,0.022265625000000004,0.977734375,0
0.01425,0.65,0.35,0.014250000000000002,0.021923076923076927,0.9780769230769231,0
0.01425,0.66,0.3399999999999999,0.014250000000000002,0.02159090909090909,0.9784090909090909,0
0.01425,0.67,0.32999999999999996,0.014250000000000002,0.02126865671641791,0.9787313432835821,0
0.01425,0.68,0.32,0.014250000000000002,0.020955882352941182,0.9790441176470588,0
0.01425,0.6900000000000001,0.3099999999999999,0.014250000000000002,0.020652173913043477,0.9793478260869565,0
0.01425,0.7000000000000001,0.29999999999999993,0.014250000000000002,0.02035714285714286,0.9796428571428571,0
0.01425,0.7100000000000001,0.29,0.014250000000000002,0.020070422535211272,0.9799295774647887,0
0.01425,0.72,0.28,0.014250000000000002,0.01979166666666667,0.9802083333333333,0
0.01425,0.73,0.2700000000000001,0.014250000000000002,0.019520547945205483,0.9804794520547945,0
0.01425,0.74,0.26,0.014250000000000002,0.01925675675675676,0.9807432432432432,0
0.01425,0.75,0.25,0.014250000000000002,0.019000000000000003,0.981,0
0.01425,0.76,0.24,0.014250000000000002,0.018750000000000003,0.98125,0
0.01425,0.77,0.22999999999999995,0.014250000000000002,0.01850649350649351,0.9814935064935065,0
0.01425,0.78,0.21999999999999997,0.014250000000000002,0.01826923076923077,0.9817307692307692,0
0.01425,0.79,0.20999999999999994,0.014250000000000002,0.018037974683544306,0.9819620253164557,0
0.01425,0.8,0.19999999999999993,0.014250000000000002,0.017812500000000002,0.9821875,0
0.01425,0.81,0.18999999999999992,0.014250000000000002,0.017592592592592594,0.9824074074074074,0
0.01425,0.8200000000000001,0.17999999999999994,0.014250000000000002,0.017378048780487806,0.9826219512195122,0
0.01425,0.8300000000000001,0.16999999999999993,0.014250000000000002,0.017168674698795183,0.9828313253012049,0
0.01425,0.8400000000000001,0.15999999999999992,0.014250000000000002,0.016964285714285716,0.9830357142857142,0
0.01425,0.85,0.15000000000000002,0.014250000000000002,0.016764705882352945,0.9832352941176471,0
0.01425,0.86,0.14,0.014250000000000002,0.016569767441860467,0.9834302325581395,0
0.01425,0.87,0.13000000000000003,0.014250000000000002,0.016379310344827588,0.9836206896551725,0
0.01425,0.88,0.12,0.014250000000000002,0.016193181818181822,0.9838068181818181,0
0.01425,0.89,0.10999999999999999,0.014250000000000002,0.016011235955056182,0.9839887640449438,0
0.01425,0.9,0.09999999999999996,0.014250000000000002,0.015833333333333335,0.9841666666666666,0
0.01425,0.91,0.08999999999999996,0.014250000000000002,0.015659340659340663,0.9843406593406593,0
0.01425,0.92,0.07999999999999997,0.014250000000000002,0.015489130434782611,0.9845108695652174,0
0.01425,0.93,0.06999999999999995,0.014250000000000002,0.015322580645161291,0.9846774193548387,0
0.01425,0.9400000000000001,0.05999999999999994,0.014250000000000002,0.015159574468085107,0.9848404255319149,0
0.01425,0.9500000000000001,0.04999999999999993,0.014250000000000002,0.015000000000000001,0.985,0
0.01425,0.9600000000000001,0.039999999999999925,0.014250000000000002,0.014843750000000001,0.98515625,0
0.01425,0.97,0.03000000000000003,0.014250000000000002,0.01469072164948454,0.9853092783505155,0
0.01425,0.98,0.020000000000000014,0.014250000000000002,0.014540816326530615,0.9854591836734694,0
0.01425,0.99,0.010000000000000009,0.014250000000000002,0.014393939393939396,0.9856060606060606,0
0.01425,1.0,0.0,0.014250000000000002,0.014250000000000002,0.98575,0
0.0145,0.01,0.99,0.0145,1.4499999999999988,-0.44999999999999885,0
0.0145,0.02,0.9800000000000001,0.0145,0.7250000000000034,0.2749999999999966,0
0.0145,0.03,0.97,0.0145,0.48333333333333295,0.516666666666667,0
0.0145,0.04,0.96,0.0145,0.3624999999999997,0.6375000000000003,0
0.0145,0.05,0.9499999999999998,0.0145,0.2899999999999991,0.7100000000000009,0
0.0145,0.060000000000000005,0.94,0.0145,0.24166666666666647,0.7583333333333335,0
0.0145,0.06999999999999999,0.9300000000000002,0.0145,0.20714285714285763,0.7928571428571424,0
0.0145,0.08,0.92,0.0145,0.1812500000000001,0.8187499999999999,0
0.0145,0.09,0.91,0.0145,0.16111111111111118,0.8388888888888888,0
0.0145,0.09999999999999999,0.8999999999999999,0.0145,0.14499999999999988,0.8550000000000001,0
0.0145,0.11,0.89,0.0145,0.13181818181818183,0.8681818181818182,0
0.0145,0.12,0.8800000000000001,0.0145,0.12083333333333346,0.8791666666666665,0
0.0145,0.13,0.8699999999999999,0.0145,0.11153846153846145,0.8884615384615385,0
0.0145,0.14,0.86,0.0145,0.10357142857142856,0.8964285714285715,0
0.0145,0.15000000000000002,0.8500000000000001,0.0145,0.09666666666666673,0.9033333333333333,0
0.0145,0.16,0.84,0.0145,0.09062499999999998,0.909375,0
0.0145,0.17,0.8300000000000001,0.0145,0.08529411764705887,0.9147058823529411,0
0.0145,0.18000000000000002,0.82,0.0145,0.08055555555555553,0.9194444444444445,0
0.0145,0.19,0.81,0.0145,0.07631578947368424,0.9236842105263158,0
0.0145,0.2,0.7999999999999999,0.0145,0.07249999999999998,0.9275,0
0.0145,0.21000000000000002,0.79,0.0145,0.06904761904761907,0.930952380952381,0
0.0145,0.22,0.78,0.0145,0.06590909090909092,0.9340909090909091,0
0.0145,0.23,0.77,0.0145,0.06304347826086958,0.9369565217391305,0
0.0145,0.24000000000000002,0.7599999999999999,0.0145,0.060416666666666646,0.9395833333333333,0
0.0145,0.25,0.7499999999999999,0.0145,0.057999999999999975,0.9420000000000001,0
0.0145,0.26,0.74,0.0145,0.05576923076923077,0.9442307692307692,0
0.0145,0.27,0.73,0.0145,0.053703703703703705,0.9462962962962963,0
0.0145,0.28,0.72,0.0145,0.05178571428571428,0.9482142857142857,0
0.0145,0.29000000000000004,0.7099999999999999,0.0145,0.049999999999999975,0.9500000000000001,0
0.0145,0.3,0.7000000000000001,0.0145,0.048333333333333346,0.9516666666666667,0
0.0145,0.31,0.69,0.0145,0.04677419354838709,0.9532258064516129,0
0.0145,0.32,0.6799999999999998,0.0145,0.04531249999999998,0.9546875,0
0.0145,0.33,0.6699999999999999,0.0145,0.04393939393939393,0.956060606060606,0
0.0145,0.34,0.66,0.0145,0.04264705882352942,0.9573529411764706,0
0.0145,0.35000000000000003,0.6499999999999999,0.0145,0.04142857142857142,0.9585714285714286,0
0.0145,0.36000000000000004,0.6399999999999999,0.0145,0.040277777777777767,0.9597222222222223,0
0.0145,0.37,0.63,0.0145,0.03918918918918919,0.9608108108108108,0
0.0145,0.38,0.6200000000000001,0.0145,0.03815789473684212,0.9618421052631578,0
0.0145,0.39,0.61,0.0145,0.03717948717948718,0.9628205128205128,0
0.0145,0.4,0.6000000000000001,0.0145,0.03625000000000001,0.96375,0
0.0145,0.41000000000000003,0.5900000000000001,0.0145,0.035365853658536596,0.9646341463414634,0
0.0145,0.42000000000000004,0.58,0.0145,0.03452380952380952,0.9654761904761905,0
0.0145,0.43,0.5700000000000001,0.0145,0.03372093023255815,0.9662790697674418,0
0.0145,0.44,0.56,0.0145,0.03295454545454546,0.9670454545454545,0
0.0145,0.45,0.55,0.0145,0.03222222222222223,0.9677777777777777,0
0.0145,0.46,0.54,0.0145,0.03152173913043479,0.9684782608695652,0
0.0145,0.47000000000000003,0.53,0.0145,0.030851063829787237,0.9691489361702128,0
0.0145,0.48000000000000004,0.5200000000000001,0.0145,0.030208333333333344,0.9697916666666666,0
0.0145,0.49,0.51,0.0145,0.02959183673469388,0.9704081632653061,0
0.0145,0.5,0.5000000000000001,0.0145,0.02900000000000001,0.971,0
0.0145,0.51,0.48999999999999994,0.0145,0.028431372549019607,0.9715686274509804,0
0.0145,0.52,0.48,0.0145,0.027884615384615386,0.9721153846153846,0
0.0145,0.53,0.47000000000000003,0.0145,0.027358490566037737,0.9726415094339622,0
0.0145,0.54,0.46,0.0145,0.026851851851851852,0.9731481481481481,0
0.0145,0.55,0.45,0.0145,0.026363636363636363,0.9736363636363636,0
0.0145,0.56,0.43999999999999995,0.0145,0.02589285714285714,0.9741071428571428,0
0.0145,0.5700000000000001,0.43,0.0145,0.02543859649122807,0.974561403508772,0
0.0145,0.5800000000000001,0.41999999999999993,0.0145,0.024999999999999998,0.975,0
0.0145,0.59,0.41000000000000003,0.0145,0.02457627118644068,0.9754237288135593,0
0.0145,0.6,0.4,0.0145,0.02416666666666667,0.9758333333333333,0
0.0145,0.61,0.39,0.0145,0.02377049180327869,0.9762295081967213,0
0.0145,0.62,0.38,0.0145,0.02338709677419355,0.9766129032258064,0
0.0145,0.63,0.36999999999999994,0.0145,0.023015873015873014,0.976984126984127,0
0.0145,0.64,0.36,0.0145,0.02265625,0.97734375,0
0.0145,0.65,0.35,0.0145,0.02230769230769231,0.9776923076923076,0
0.0145,0.66,0.3399999999999999,0.0145,0.021969696969696965,0.978030303030303,0
0.0145,0.67,0.32999999999999996,0.0145,0.02164179104477612,0.9783582089552239,0
0.0145,0.68,0.32,0.0145,0.02132352941176471,0.9786764705882353,0
0.0145,0.6900000000000001,0.3099999999999999,0.0145,0.021014492753623184,0.9789855072463768,0
0.0145,0.7000000000000001,0.29999999999999993,0.0145,0.020714285714285713,0.9792857142857143,0
0.0145,0.7100000000000001,0.29,0.0145,0.020422535211267606,0.9795774647887324,0
0.0145,0.72,0.28,0.0145,0.02013888888888889,0.9798611111111111,0
0.0145,0.73,0.2700000000000001,0.0145,0.01986301369863014,0.9801369863013698,0
0.0145,0.74,0.26,0.0145,0.019594594594594596,0.9804054054054054,0
0.0145,0.75,0.25,0.0145,0.019333333333333334,0.9806666666666667,0
0.0145,0.76,0.24,0.0145,0.019078947368421053,0.9809210526315789,0
0.0145,0.77,0.22999999999999995,0.0145,0.01883116883116883,0.9811688311688311,0
0.0145,0.78,0.21999999999999997,0.0145,0.01858974358974359,0.9814102564102564,0
0.0145,0.79,0.20999999999999994,0.0145,0.018354430379746836,0.9816455696202532,0
0.0145,0.8,0.19999999999999993,0.0145,0.018125,0.981875,0
0.0145,0.81,0.18999999999999992,0.0145,0.017901234567901235,0.9820987654320987,0
0.0145,0.8200000000000001,0.17999999999999994,0.0145,0.01768292682926829,0.9823170731707317,0
0.0145,0.8300000000000001,0.16999999999999993,0.0145,0.017469879518072287,0.9825301204819277,0
0.0145,0.8400000000000001,0.15999999999999992,0.0145,0.01726190476190476,0.9827380952380952,0
0.0145,0.85,0.15000000000000002,0.0145,0.017058823529411765,0.9829411764705882,0
0.0145,0.86,0.14,0.0145,0.01686046511627907,0.983139534883721,0
0.0145,0.87,0.13000000000000003,0.0145,0.016666666666666666,0.9833333333333333,0
0.0145,0.88,0.12,0.0145,0.01647727272727273,0.9835227272727273,0
0.0145,0.89,0.10999999999999999,0.0145,0.016292134831460674,0.9837078651685394,0
0.0145,0.9,0.09999999999999996,0.0145,0.01611111111111111,0.9838888888888889,0
0.0145,0.91,0.08999999999999996,0.0145,0.015934065934065933,0.9840659340659341,0
0.0145,0.92,0.07999999999999997,0.0145,0.01576086956521739,0.9842391304347826,0
0.0145,0.93,0.06999999999999995,0.0145,0.015591397849462365,0.9844086021505376,0
0.0145,0.9400000000000001,0.05999999999999994,0.0145,0.015425531914893617,0.9845744680851064,0
0.0145,0.9500000000000001,0.04999999999999993,0.0145,0.015263157894736841,0.9847368421052631,0
0.0145,0.9600000000000001,0.039999999999999925,0.0145,0.015104166666666667,0.9848958333333333,0
0.0145,0.97,0.03000000000000003,0.0145,0.014948453608247423,0.9850515463917526,0
0.0145,0.98,0.020000000000000014,0.0145,0.01479591836734694,0.985204081632653,0
0.0145,0.99,0.010000000000000009,0.0145,0.014646464646464647,0.9853535353535353,0
0.0145,1.0,0.0,0.0145,0.0145,0.9855,0
0.014750000000000001,0.01,0.99,0.014750000000000003,1.474999999999999,-0.474999999999999,0
0.014750000000000001,0.02,0.9800000000000001,0.014750000000000003,0.7375000000000036,0.2624999999999964,0
0.014750000000000001,0.03,0.97,0.014750000000000003,0.4916666666666663,0.5083333333333337,0
0.014750000000000001,0.04,0.96,0.014750000000000003,0.36874999999999974,0.6312500000000003,0
0.014750000000000001,0.05,0.9499999999999998,0.014750000000000003,0.29499999999999915,0.7050000000000008,0
0.014750000000000001,0.060000000000000005,0.94,0.014750000000000003,0.24583333333333315,0.7541666666666669,0
0.014750000000000001,0.06999999999999999,0.9300000000000002,0.014750000000000003,0.21071428571428624,0.7892857142857137,0
0.014750000000000001,0.08,0.92,0.014750000000000003,0.18437500000000012,0.8156249999999998,0
0.014750000000000001,0.09,0.91,0.014750000000000003,0.16388888888888897,0.836111111111111,0
0.014750000000000001,0.09999999999999999,0.8999999999999999,0.014750000000000003,0.1474999999999999,0.8525,0
0.014750000000000001,0.11,0.89,0.014750000000000003,0.13409090909090912,0.8659090909090909,0
0.014750000000000001,0.12,0.8800000000000001,0.014750000000000003,0.12291666666666681,0.8770833333333332,0
0.014750000000000001,0.13,0.8699999999999999,0.014750000000000003,0.11346153846153838,0.8865384615384616,0
0.014750000000000001,0.14,0.86,0.014750000000000003,0.10535714285714287,0.8946428571428571,0
0.014750000000000001,0.15000000000000002,0.8500000000000001,0.014750000000000003,0.09833333333333341,0.9016666666666666,0
0.014750000000000001,0.16,0.84,0.014750000000000003,0.0921875,0.9078125,0
0.014750000000000001,0.17,0.8300000000000001,0.014750000000000003,0.086764705882353,0.913235294117647,0
0.014750000000000001,0.18000000000000002,0.82,0.014750000000000003,0.08194444444444443,0.9180555555555556,0
0.014750000000000001,0.19,0.81,0.014750000000000003,0.07763157894736845,0.9223684210526315,0
0.014750000000000001,0.2,0.7999999999999999,0.014750000000000003,0.07374999999999998,0.92625,0
0.014750000000000001,0.21000000000000002,0.79,0.014750000000000003,0.07023809523809527,0.9297619047619048,0
0.014750000000000001,0.22,0.78,0.014750000000000003,0.06704545454545456,0.9329545454545455,0
0.014750000000000001,0.23,0.77,0.014750000000000003,0.06413043478260871,0.9358695652173913,0
0.014750000000000001,0.24000000000000002,0.7599999999999999,0.014750000000000003,0.061458333333333316,0.9385416666666667,0
0.014750000000000001,0.25,0.7499999999999999,0.014750000000000003,0.05899999999999998,0.9410000000000001,0
0.014750000000000001,0.26,0.74,0.014750000000000003,0.05673076923076924,0.9432692307692307,0
0.014750000000000001,0.27,0.73,0.014750000000000003,0.05462962962962964,0.9453703703703704,0
0.014750000000000001,0.28,0.72,0.014750000000000003,0.052678571428571436,0.9473214285714285,0
0.014750000000000001,0.29000000000000004,0.7099999999999999,0.014750000000000003,0.050862068965517225,0.9491379310344827,0
0.014750000000000001,0.3,0.7000000000000001,0.014750000000000003,0.049166666666666685,0.9508333333333333,0
0.014750000000000001,0.31,0.69,0.014750000000000003,0.047580645161290326,0.9524193548387097,0
0.014750000000000001,0.32,0.6799999999999998,0.014750000000000003,0.04609374999999998,0.9539062500000001,0
0.014750000000000001,0.33,0.6699999999999999,0.014750000000000003,0.04469696969696969,0.9553030303030303,0
0.014750000000000001,0.34,0.66,0.014750000000000003,0.04338235294117648,0.9566176470588235,0
0.014750000000000001,0.35000000000000003,0.6499999999999999,0.014750000000000003,0.04214285714285714,0.9578571428571429,0
0.014750000000000001,0.36000000000000004,0.6399999999999999,0.014750000000000003,0.040972222222222215,0.9590277777777778,0
0.014750000000000001,0.37,0.63,0.014750000000000003,0.039864864864864874,0.9601351351351352,0
0.014750000000000001,0.38,0.6200000000000001,0.014750000000000003,0.03881578947368423,0.9611842105263158,0
0.014750000000000001,0.39,0.61,0.014750000000000003,0.037820512820512825,0.9621794871794872,0
0.014750000000000001,0.4,0.6000000000000001,0.014750000000000003,0.03687500000000001,0.963125,0
0.014750000000000001,0.41000000000000003,0.5900000000000001,0.014750000000000003,0.03597560975609757,0.9640243902439024,0
0.014750000000000001,0.42000000000000004,0.58,0.014750000000000003,0.03511904761904762,0.9648809523809524,0
0.014750000000000001,0.43,0.5700000000000001,0.014750000000000003,0.03430232558139536,0.9656976744186047,0
0.014750000000000001,0.44,0.56,0.014750000000000003,0.03352272727272728,0.9664772727272727,0
0.014750000000000001,0.45,0.55,0.014750000000000003,0.03277777777777779,0.9672222222222222,0
0.014750000000000001,0.46,0.54,0.014750000000000003,0.03206521739130436,0.9679347826086957,0
0.014750000000000001,0.47000000000000003,0.53,0.014750000000000003,0.031382978723404266,0.9686170212765958,0
0.014750000000000001,0.48000000000000004,0.5200000000000001,0.014750000000000003,0.03072916666666668,0.9692708333333333,0
0.014750000000000001,0.49,0.51,0.014750000000000003,0.030102040816326538,0.9698979591836735,0
0.014750000000000001,0.5,0.5000000000000001,0.014750000000000003,0.029500000000000012,0.9705,0
0.014750000000000001,0.51,0.48999999999999994,0.014750000000000003,0.028921568627450985,0.971078431372549,0
0.014750000000000001,0.52,0.48,0.014750000000000003,0.02836538461538462,0.9716346153846154,0
0.014750000000000001,0.53,0.47000000000000003,0.014750000000000003,0.027830188679245287,0.9721698113207548,0
0.014750000000000001,0.54,0.46,0.014750000000000003,0.02731481481481482,0.9726851851851852,0
0.014750000000000001,0.55,0.45,0.014750000000000003,0.02681818181818182,0.9731818181818181,0
0.014750000000000001,0.56,0.43999999999999995,0.014750000000000003,0.026339285714285718,0.9736607142857143,0
0.014750000000000001,0.5700000000000001,0.43,0.014750000000000003,0.02587719298245614,0.9741228070175438,0
0.014750000000000001,0.5800000000000001,0.41999999999999993,0.014750000000000003,0.025431034482758623,0.9745689655172414,0
0.014750000000000001,0.59,0.41000000000000003,0.014750000000000003,0.025000000000000005,0.975,0
0.014750000000000001,0.6,0.4,0.014750000000000003,0.02458333333333334,0.9754166666666667,0
0.014750000000000001,0.61,0.39,0.014750000000000003,0.024180327868852464,0.9758196721311475,0
0.014750000000000001,0.62,0.38,0.014750000000000003,0.023790322580645167,0.9762096774193548,0
0.014750000000000001,0.63,0.36999999999999994,0.014750000000000003,0.023412698412698413,0.9765873015873016,0
0.014750000000000001,0.64,0.36,0.014750000000000003,0.023046875000000005,0.976953125,0
0.014750000000000001,0.65,0.35,0.014750000000000003,0.022692307692307696,0.9773076923076923,0
0.014750000000000001,0.66,0.3399999999999999,0.014750000000000003,0.022348484848484847,0.9776515151515152,0
0.014750000000000001,0.67,0.32999999999999996,0.014750000000000003,0.02201492537313433,0.9779850746268657,0
0.014750000000000001,0.68,0.32,0.014750000000000003,0.02169117647058824,0.9783088235294117,0
0.014750000000000001,0.6900000000000001,0.3099999999999999,0.014750000000000003,0.021376811594202898,0.9786231884057971,0
0.014750000000000001,0.7000000000000001,0.29999999999999993,0.014750000000000003,0.021071428571428574,0.9789285714285714,0
0.014750000000000001,0.7100000000000001,0.29,0.014750000000000003,0.020774647887323947,0.979225352112676,0
0.014750000000000001,0.72,0.28,0.014750000000000003,0.020486111111111115,0.9795138888888889,0
0.014750000000000001,0.73,0.2700000000000001,0.014750000000000003,0.020205479452054798,0.9797945205479452,0
0.014750000000000001,0.74,0.26,0.014750000000000003,0.019932432432432437,0.9800675675675675,0
0.014750000000000001,0.75,0.25,0.014750000000000003,0.01966666666666667,0.9803333333333333,0
0.014750000000000001,0.76,0.24,0.014750000000000003,0.01940789473684211,0.9805921052631579,0
0.014750000000000001,0.77,0.22999999999999995,0.014750000000000003,0.01915584415584416,0.9808441558441559,0
0.014750000000000001,0.78,0.21999999999999997,0.014750000000000003,0.018910256410256412,0.9810897435897435,0
0.014750000000000001,0.79,0.20999999999999994,0.014750000000000003,0.01867088607594937,0.9813291139240506,0
0.014750000000000001,0.8,0.19999999999999993,0.014750000000000003,0.018437500000000002,0.9815625,0
0.014750000000000001,0.81,0.18999999999999992,0.014750000000000003,0.01820987654320988,0.9817901234567901,0
0.014750000000000001,0.8200000000000001,0.17999999999999994,0.014750000000000003,0.017987804878048783,0.9820121951219513,0
0.014750000000000001,0.8300000000000001,0.16999999999999993,0.014750000000000003,0.017771084337349398,0.9822289156626506,0
0.014750000000000001,0.8400000000000001,0.15999999999999992,0.014750000000000003,0.01755952380952381,0.9824404761904761,0
0.014750000000000001,0.85,0.15000000000000002,0.014750000000000003,0.017352941176470592,0.9826470588235294,0
0.014750000000000001,0.86,0.14,0.014750000000000003,0.01715116279069768,0.9828488372093023,0
0.014750000000000001,0.87,0.13000000000000003,0.014750000000000003,0.01695402298850575,0.9830459770114942,0
0.014750000000000001,0.88,0.12,0.014750000000000003,0.01676136363636364,0.9832386363636364,0
0.014750000000000001,0.89,0.10999999999999999,0.014750000000000003,0.01657303370786517,0.9834269662921349,0
0.014750000000000001,0.9,0.09999999999999996,0.014750000000000003,0.01638888888888889,0.9836111111111111,0
0.014750000000000001,0.91,0.08999999999999996,0.014750000000000003,0.01620879120879121,0.9837912087912087,0
0.014750000000000001,0.92,0.07999999999999997,0.014750000000000003,0.016032608695652175,0.9839673913043478,0
0.014750000000000001,0.93,0.06999999999999995,0.014750000000000003,0.015860215053763442,0.9841397849462366,0
0.014750000000000001,0.9400000000000001,0.05999999999999994,0.014750000000000003,0.01569148936170213,0.9843085106382978,0
0.014750000000000001,0.9500000000000001,0.04999999999999993,0.014750000000000003,0.015526315789473687,0.9844736842105263,0
0.014750000000000001,0.9600000000000001,0.039999999999999925,0.014750000000000003,0.015364583333333334,0.9846354166666667,0
0.014750000000000001,0.97,0.03000000000000003,0.014750000000000003,0.015206185567010313,0.9847938144329896,0
0.014750000000000001,0.98,0.020000000000000014,0.014750000000000003,0.015051020408163269,0.9849489795918367,0
0.014750000000000001,0.99,0.010000000000000009,0.014750000000000003,0.014898989898989901,0.9851010101010101,0
0.014750000000000001,1.0,0.0,0.014750000000000003,0.014750000000000003,0.98525,0
0.015,0.01,0.99,0.015,1.4999999999999987,-0.49999999999999867,0
0.015,0.02,0.9800000000000001,0.015,0.7500000000000034,0.24999999999999656,0
0.015,0.03,0.97,0.015,0.49999999999999956,0.5000000000000004,0
0.015,0.04,0.96,0.015,0.37499999999999967,0.6250000000000003,0
0.015,0.05,0.9499999999999998,0.015,0.29999999999999905,0.700000000000001,0
0.015,0.060000000000000005,0.94,0.015,0.24999999999999978,0.7500000000000002,0
0.015,0.06999999999999999,0.9300000000000002,0.015,0.21428571428571477,0.7857142857142853,0
0.015,0.08,0.92,0.015,0.18750000000000008,0.8124999999999999,0
0.015,0.09,0.91,0.015,0.1666666666666667,0.8333333333333333,0
0.015,0.09999999999999999,0.8999999999999999,0.015,0.14999999999999986,0.8500000000000001,0
0.015,0.11,0.89,0.015,0.13636363636363638,0.8636363636363636,0
0.015,0.12,0.8800000000000001,0.015,0.1250000000000001,0.8749999999999999,0
0.015,0.13,0.8699999999999999,0.015,0.11538461538461528,0.8846153846153847,0
0.015,0.14,0.86,0.015,0.10714285714285712,0.8928571428571429,0
0.015,0.15000000000000002,0.8500000000000001,0.015,0.10000000000000006,0.8999999999999999,0
0.015,0.16,0.84,0.015,0.09374999999999997,0.90625,0
0.015,0.17,0.8300000000000001,0.015,0.08823529411764709,0.9117647058823529,0
0.015,0.18000000000000002,0.82,0.015,0.0833333333333333,0.9166666666666667,0
0.015,0.19,0.81,0.015,0.07894736842105265,0.9210526315789473,0
0.015,0.2,0.7999999999999999,0.015,0.07499999999999997,0.925,0
0.015,0.21000000000000002,0.79,0.015,0.07142857142857144,0.9285714285714286,0
0.015,0.22,0.78,0.015,0.06818181818181819,0.9318181818181818,0
0.015,0.23,0.77,0.015,0.06521739130434782,0.9347826086956522,0
0.015,0.24000000000000002,0.7599999999999999,0.015,0.06249999999999997,0.9375,0
0.015,0.25,0.7499999999999999,0.015,0.05999999999999997,0.9400000000000001,0
0.015,0.26,0.74,0.015,0.05769230769230769,0.9423076923076923,0
0.015,0.27,0.73,0.015,0.05555555555555555,0.9444444444444444,0
0.015,0.28,0.72,0.015,0.05357142857142856,0.9464285714285714,0
0.015,0.29000000000000004,0.7099999999999999,0.015,0.051724137931034454,0.9482758620689655,0
0.015,0.3,0.7000000000000001,0.015,0.05000000000000001,0.95,0
0.015,0.31,0.69,0.015,0.04838709677419354,0.9516129032258065,0
0.015,0.32,0.6799999999999998,0.015,0.04687499999999997,0.953125,0
0.015,0.33,0.6699999999999999,0.015,0.04545454545454544,0.9545454545454546,0
0.015,0.34,0.66,0.015,0.04411764705882353,0.9558823529411765,0
0.015,0.35000000000000003,0.6499999999999999,0.015,0.042857142857142844,0.9571428571428572,0
0.015,0.36000000000000004,0.6399999999999999,0.015,0.04166666666666665,0.9583333333333334,0
0.015,0.37,0.63,0.015,0.04054054054054054,0.9594594594594594,0
0.015,0.38,0.6200000000000001,0.015,0.03947368421052633,0.9605263157894737,0
0.015,0.39,0.61,0.015,0.03846153846153846,0.9615384615384616,0
0.015,0.4,0.6000000000000001,0.015,0.037500000000000006,0.9625,0
0.015,0.41000000000000003,0.5900000000000001,0.015,0.03658536585365854,0.9634146341463414,0
0.015,0.42000000000000004,0.58,0.015,0.03571428571428571,0.9642857142857143,0
0.015,0.43,0.5700000000000001,0.015,0.034883720930232565,0.9651162790697674,0
0.015,0.44,0.56,0.015,0.034090909090909095,0.9659090909090909,0
0.015,0.45,0.55,0.015,0.03333333333333333,0.9666666666666667,0
0.015,0.46,0.54,0.015,0.03260869565217391,0.967391304347826,0
0.015,0.47000000000000003,0.53,0.015,0.031914893617021274,0.9680851063829787,0
0.015,0.48000000000000004,0.5200000000000001,0.015,0.03125000000000001,0.96875,0
0.015,0.49,0.51,0.015,0.030612244897959183,0.9693877551020408,0
0.015,0.5,0.5000000000000001,0.015,0.030000000000000006,0.97,0
0.015,0.51,0.48999999999999994,0.015,0.029411764705882353,0.9705882352941176,0
0.015,0.52,0.48,0.015,0.028846153846153844,0.9711538461538461,0
0.015,0.53,0.47000000000000003,0.015,0.028301886792452827,0.9716981132075472,0
0.015,0.54,0.46,0.015,0.027777777777777776,0.9722222222222222,0
0.015,0.55,0.45,0.015,0.027272727272727268,0.9727272727272728,0
0.015,0.56,0.43999999999999995,0.015,0.02678571428571428,0.9732142857142857,0
0.015,0.5700000000000001,0.43,0.015,0.026315789473684206,0.9736842105263158,0
0.015,0.5800000000000001,0.41999999999999993,0.015,0.025862068965517238,0.9741379310344828,0
0.015,0.59,0.41000000000000003,0.015,0.025423728813559324,0.9745762711864406,0
0.015,0.6,0.4,0.015,0.025,0.975,0
0.015,0.61,0.39,0.015,0.02459016393442623,0.9754098360655737,0
0.015,0.62,0.38,0.015,0.024193548387096774,0.9758064516129032,0
0.015,0.63,0.36999999999999994,0.015,0.023809523809523805,0.9761904761904762,0
0.015,0.64,0.36,0.015,0.0234375,0.9765625,0
0.015,0.65,0.35,0.015,0.023076923076923075,0.9769230769230769,0
0.015,0.66,0.3399999999999999,0.015,0.02272727272727272,0.9772727272727273,0
0.015,0.67,0.32999999999999996,0.015,0.022388059701492536,0.9776119402985075,0
0.015,0.68,0.32,0.015,0.022058823529411766,0.9779411764705882,0
0.015,0.6900000000000001,0.3099999999999999,0.015,0.0217391304347826,0.9782608695652174,0
0.015,0.7000000000000001,0.29999999999999993,0.015,0.021428571428571425,0.9785714285714285,0
0.015,0.7100000000000001,0.29,0.015,0.02112676056338028,0.9788732394366197,0
0.015,0.72,0.28,0.015,0.020833333333333332,0.9791666666666666,0
0.015,0.73,0.2700000000000001,0.015,0.02054794520547945,0.9794520547945206,0
0.015,0.74,0.26,0.015,0.02027027027027027,0.9797297297297297,0
0.015,0.75,0.25,0.015,0.02,0.98,0
0.015,0.76,0.24,0.015,0.019736842105263157,0.9802631578947368,0
0.015,0.77,0.22999999999999995,0.015,0.01948051948051948,0.9805194805194806,0
0.015,0.78,0.21999999999999997,0.015,0.01923076923076923,0.9807692307692307,0
0.015,0.79,0.20999999999999994,0.015,0.018987341772151896,0.9810126582278481,0
0.015,0.8,0.19999999999999993,0.015,0.01875,0.98125,0
0.015,0.81,0.18999999999999992,0.015,0.018518518518518517,0.9814814814814815,0
0.015,0.8200000000000001,0.17999999999999994,0.015,0.018292682926829267,0.9817073170731707,0
0.015,0.8300000000000001,0.16999999999999993,0.015,0.018072289156626505,0.9819277108433735,0
0.015,0.8400000000000001,0.15999999999999992,0.015,0.017857142857142856,0.9821428571428571,0
0.015,0.85,0.15000000000000002,0.015,0.01764705882352941,0.9823529411764705,0
0.015,0.86,0.14,0.015,0.01744186046511628,0.9825581395348837,0
0.015,0.87,0.13000000000000003,0.015,0.017241379310344827,0.9827586206896551,0
0.015,0.88,0.12,0.015,0.017045454545454544,0.9829545454545454,0
0.015,0.89,0.10999999999999999,0.015,0.016853932584269662,0.9831460674157303,0
0.015,0.9,0.09999999999999996,0.015,0.016666666666666666,0.9833333333333333,0
0.015,0.91,0.08999999999999996,0.015,0.016483516483516484,0.9835164835164835,0
0.015,0.92,0.07999999999999997,0.015,0.016304347826086956,0.9836956521739131,0
0.015,0.93,0.06999999999999995,0.015,0.016129032258064516,0.9838709677419355,0
0.015,0.9400000000000001,0.05999999999999994,0.015,0.015957446808510637,0.9840425531914894,0
0.015,0.9500000000000001,0.04999999999999993,0.015,0.015789473684210523,0.9842105263157894,0
0.015,0.9600000000000001,0.039999999999999925,0.015,0.015624999999999998,0.984375,0
0.015,0.97,0.03000000000000003,0.015,0.015463917525773196,0.9845360824742269,0
0.015,0.98,0.020000000000000014,0.015,0.015306122448979591,0.9846938775510204,0
0.015,0.99,0.010000000000000009,0.015,0.015151515151515152,0.9848484848484849,0
0.015,1.0,0.0,0.015,0.015,0.985,0
0.01525,0.01,0.99,0.015250000000000001,1.5249999999999988,-0.5249999999999988,0
0.01525,0.02,0.9800000000000001,0.015250000000000001,0.7625000000000036,0.23749999999999638,0
0.01525,0.03,0.97,0.015250000000000001,0.508333333333333,0.49166666666666703,0
0.01525,0.04,0.96,0.015250000000000001,0.3812499999999997,0.6187500000000004,0
0.01525,0.05,0.9499999999999998,0.015250000000000001,0.3049999999999991,0.695000000000001,0
0.01525,0.060000000000000005,0.94,0.015250000000000001,0.2541666666666665,0.7458333333333336,0
0.01525,0.06999999999999999,0.9300000000000002,0.015250000000000001,0.2178571428571434,0.7821428571428566,0
0.01525,0.08,0.92,0.015250000000000001,0.1906250000000001,0.809375,0
0.01525,0.09,0.91,0.015250000000000001,0.1694444444444445,0.8305555555555555,0
0.01525,0.09999999999999999,0.8999999999999999,0.015250000000000001,0.15249999999999989,0.8475000000000001,0
0.01525,0.11,0.89,0.015250000000000001,0.13863636363636367,0.8613636363636363,0
0.01525,0.12,0.8800000000000001,0.015250000000000001,0.12708333333333346,0.8729166666666666,0
0.01525,0.13,0.8699999999999999,0.015250000000000001,0.11730769230769221,0.8826923076923078,0
0.01525,0.14,0.86,0.015250000000000001,0.10892857142857143,0.8910714285714285,0
0.01525,0.15000000000000002,0.8500000000000001,0.015250000000000001,0.10166666666666674,0.8983333333333332,0
0.01525,0.16,0.84,0.015250000000000001,0.0953125,0.9046875,0
0.01525,0.17,0.8300000000000001,0.015250000000000001,0.08970588235294122,0.9102941176470588,0
0.01525,0.18000000000000002,0.82,0.015250000000000001,0.08472222222222221,0.9152777777777777,0
0.01525,0.19,0.81,0.015250000000000001,0.08026315789473687,0.9197368421052632,0
0.01525,0.2,0.7999999999999999,0.015250000000000001,0.07624999999999998,0.9237500000000001,0
0.01525,0.21000000000000002,0.79,0.015250000000000001,0.07261904761904764,0.9273809523809524,0
0.01525,0.22,0.78,0.015250000000000001,0.06931818181818183,0.9306818181818182,0
0.01525,0.23,0.77,0.015250000000000001,0.06630434782608696,0.933695652173913,0
0.01525,0.24000000000000002,0.7599999999999999,0.015250000000000001,0.06354166666666665,0.9364583333333334,0
0.01525,0.25,0.7499999999999999,0.015250000000000001,0.06099999999999998,0.9390000000000001,0
0.01525,0.26,0.74,0.015250000000000001,0.05865384615384616,0.9413461538461538,0
0.01525,0.27,0.73,0.015250000000000001,0.05648148148148148,0.9435185185185185,0
0.01525,0.28,0.72,0.015250000000000001,0.054464285714285715,0.9455357142857143,0
0.01525,0.29000000000000004,0.7099999999999999,0.015250000000000001,0.052586206896551704,0.9474137931034483,0
0.01525,0.3,0.7000000000000001,0.015250000000000001,0.05083333333333335,0.9491666666666666,0
0.01525,0.31,0.69,0.015250000000000001,0.04919354838709677,0.9508064516129032,0
0.01525,0.32,0.6799999999999998,0.015250000000000001,0.047656249999999976,0.95234375,0
0.01525,0.33,0.6699999999999999,0.015250000000000001,0.046212121212121204,0.9537878787878789,0
0.01525,0.34,0.66,0.015250000000000001,0.044852941176470595,0.9551470588235293,0
0.01525,0.35000000000000003,0.6499999999999999,0.015250000000000001,0.043571428571428567,0.9564285714285714,0
0.01525,0.36000000000000004,0.6399999999999999,0.015250000000000001,0.042361111111111106,0.9576388888888889,0
0.01525,0.37,0.63,0.015250000000000001,0.04121621621621622,0.9587837837837838,0
0.01525,0.38,0.6200000000000001,0.015250000000000001,0.040131578947368435,0.9598684210526316,0
0.01525,0.39,0.61,0.015250000000000001,0.0391025641025641,0.9608974358974359,0
0.01525,0.4,0.6000000000000001,0.015250000000000001,0.03812500000000001,0.961875,0
0.01525,0.41000000000000003,0.5900000000000001,0.015250000000000001,0.037195121951219524,0.9628048780487805,0
0.01525,0.42000000000000004,0.58,0.015250000000000001,0.03630952380952381,0.9636904761904762,0
0.01525,0.43,0.5700000000000001,0.015250000000000001,0.03546511627906978,0.9645348837209302,0
0.01525,0.44,0.56,0.015250000000000001,0.03465909090909092,0.9653409090909091,0
0.01525,0.45,0.55,0.015250000000000001,0.03388888888888889,0.9661111111111111,0
0.01525,0.46,0.54,0.015250000000000001,0.03315217391304348,0.9668478260869565,0
0.01525,0.47000000000000003,0.53,0.015250000000000001,0.0324468085106383,0.9675531914893617,0
0.01525,0.48000000000000004,0.5200000000000001,0.015250000000000001,0.031770833333333345,0.9682291666666667,0
0.01525,0.49,0.51,0.015250000000000001,0.03112244897959184,0.9688775510204082,0
0.01525,0.5,0.5000000000000001,0.015250000000000001,0.03050000000000001,0.9695,0
0.01525,0.51,0.48999999999999994,0.015250000000000001,0.029901960784313727,0.9700980392156863,0
0.01525,0.52,0.48,0.015250000000000001,0.02932692307692308,0.9706730769230769,0
0.01525,0.53,0.47000000000000003,0.015250000000000001,0.028773584905660378,0.9712264150943396,0
0.01525,0.54,0.46,0.015250000000000001,0.02824074074074074,0.9717592592592592,0
0.01525,0.55,0.45,0.015250000000000001,0.02772727272727273,0.9722727272727273,0
0.01525,0.56,0.43999999999999995,0.015250000000000001,0.027232142857142858,0.9727678571428572,0
0.01525,0.5700000000000001,0.43,0.015250000000000001,0.02675438596491228,0.9732456140350877,0
0.01525,0.5800000000000001,0.41999999999999993,0.015250000000000001,0.026293103448275863,0.9737068965517242,0
0.01525,0.59,0.41000000000000003,0.015250000000000001,0.02584745762711865,0.9741525423728814,0
0.01525,0.6,0.4,0.015250000000000001,0.02541666666666667,0.9745833333333334,0
0.01525,0.61,0.39,0.015250000000000001,0.025,0.975,0
0.01525,0.62,0.38,0.015250000000000001,0.02459677419354839,0.9754032258064516,0
0.01525,0.63,0.36999999999999994,0.015250000000000001,0.024206349206349204,0.9757936507936508,0
0.01525,0.64,0.36,0.015250000000000001,0.023828125000000002,0.976171875,0
0.01525,0.65,0.35,0.015250000000000001,0.023461538461538464,0.9765384615384616,0
0.01525,0.66,0.3399999999999999,0.015250000000000001,0.023106060606060602,0.9768939393939394,0
0.01525,0.67,0.32999999999999996,0.015250000000000001,0.022761194029850745,0.9772388059701492,0
0.01525,0.68,0.32,0.015250000000000001,0.022426470588235298,0.9775735294117647,0
0.01525,0.6900000000000001,0.3099999999999999,0.015250000000000001,0.022101449275362315,0.9778985507246377,0
0.01525,0.7000000000000001,0.29999999999999993,0.015250000000000001,0.021785714285714287,0.9782142857142857,0
0.01525,0.7100000000000001,0.29,0.015250000000000001,0.021478873239436622,0.9785211267605634,0
0.01525,0.72,0.28,0.015250000000000001,0.021180555555555557,0.9788194444444445,0
0.01525,0.73,0.2700000000000001,0.015250000000000001,0.02089041095890411,0.9791095890410959,0
0.01525,0.74,0.26,0.015250000000000001,0.02060810810810811,0.9793918918918919,0
0.01525,0.75,0.25,0.015250000000000001,0.020333333333333335,0.9796666666666667,0
0.01525,0.76,0.24,0.015250000000000001,0.02006578947368421,0.9799342105263158,0
0.01525,0.77,0.22999999999999995,0.015250000000000001,0.019805194805194805,0.9801948051948052,0
0.01525,0.78,0.21999999999999997,0.015250000000000001,0.01955128205128205,0.9804487179487179,0
0.01525,0.79,0.20999999999999994,0.015250000000000001,0.019303797468354433,0.9806962025316456,0
0.01525,0.8,0.19999999999999993,0.015250000000000001,0.0190625,0.9809375,0
0.01525,0.81,0.18999999999999992,0.015250000000000001,0.018827160493827162,0.9811728395061728,0
0.01525,0.8200000000000001,0.17999999999999994,0.015250000000000001,0.018597560975609755,0.9814024390243903,0
0.01525,0.8300000000000001,0.16999999999999993,0.015250000000000001,0.018373493975903616,0.9816265060240964,0
0.01525,0.8400000000000001,0.15999999999999992,0.015250000000000001,0.018154761904761906,0.981845238095238,0
0.01525,0.85,0.15000000000000002,0.015250000000000001,0.017941176470588238,0.9820588235294118,0
0.01525,0.86,0.14,0.015250000000000001,0.017732558139534886,0.9822674418604651,0
0.01525,0.87,0.13000000000000003,0.015250000000000001,0.01752873563218391,0.9824712643678161,0
0.01525,0.88,0.12,0.015250000000000001,0.017329545454545455,0.9826704545454545,0
0.01525,0.89,0.10999999999999999,0.015250000000000001,0.017134831460674158,0.9828651685393258,0
0.01525,0.9,0.09999999999999996,0.015250000000000001,0.016944444444444446,0.9830555555555556,0
0.01525,0.91,0.08999999999999996,0.015250000000000001,0.016758241758241758,0.9832417582417582,0
0.01525,0.92,0.07999999999999997,0.015250000000000001,0.01657608695652174,0.9834239130434783,0
0.01525,0.93,0.06999999999999995,0.015250000000000001,0.016397849462365593,0.9836021505376344,0
0.01525,0.9400000000000001,0.05999999999999994,0.015250000000000001,0.016223404255319148,0.9837765957446809,0
0.01525,0.9500000000000001,0.04999999999999993,0.015250000000000001,0.01605263157894737,0.9839473684210527,0
0.01525,0.9600000000000001,0.039999999999999925,0.015250000000000001,0.015885416666666666,0.9841145833333333,0
0.01525,0.97,0.03000000000000003,0.015250000000000001,0.015721649484536086,0.9842783505154639,0
0.01525,0.98,0.020000000000000014,0.015250000000000001,0.01556122448979592,0.9844387755102041,0
0.01525,0.99,0.010000000000000009,0.015250000000000001,0.015404040404040406,0.9845959595959596,0
0.01525,1.0,0.0,0.015250000000000001,0.015250000000000001,0.98475,0
0.0155,0.01,0.99,0.0155,1.5499999999999987,-0.5499999999999987,0
0.0155,0.02,0.9800000000000001,0.0155,0.7750000000000036,0.22499999999999643,0
0.0155,0.03,0.97,0.0155,0.5166666666666662,0.48333333333333384,0
0.0155,0.04,0.96,0.0155,0.3874999999999997,0.6125000000000003,0
0.0155,0.05,0.9499999999999998,0.0155,0.30999999999999905,0.690000000000001,0
0.0155,0.060000000000000005,0.94,0.0155,0.2583333333333331,0.7416666666666669,0
0.0155,0.06999999999999999,0.9300000000000002,0.0155,0.22142857142857195,0.778571428571428,0
0.0155,0.08,0.92,0.0155,0.1937500000000001,0.8062499999999999,0
0.0155,0.09,0.91,0.0155,0.17222222222222228,0.8277777777777777,0
0.0155,0.09999999999999999,0.8999999999999999,0.0155,0.15499999999999986,0.8450000000000002,0
0.0155,0.11,0.89,0.0155,0.14090909090909093,0.8590909090909091,0
0.0155,0.12,0.8800000000000001,0.0155,0.1291666666666668,0.8708333333333332,0
0.0155,0.13,0.8699999999999999,0.0155,0.11923076923076913,0.8807692307692309,0
0.0155,0.14,0.86,0.0155,0.11071428571428571,0.8892857142857142,0
0.0155,0.15000000000000002,0.8500000000000001,0.0155,0.10333333333333339,0.8966666666666666,0
0.0155,0.16,0.84,0.0155,0.09687499999999998,0.9031250000000001,0
0.0155,0.17,0.8300000000000001,0.0155,0.09117647058823533,0.9088235294117647,0
0.0155,0.18000000000000002,0.82,0.0155,0.08611111111111108,0.913888888888889,0
0.0155,0.19,0.81,0.0155,0.08157894736842107,0.9184210526315789,0
0.0155,0.2,0.7999999999999999,0.0155,0.07749999999999997,0.9225,0
0.0155,0.21000000000000002,0.79,0.0155,0.07380952380952382,0.9261904761904762,0
0.0155,0.22,0.78,0.0155,0.07045454545454546,0.9295454545454546,0
0.0155,0.23,0.77,0.0155,0.06739130434782609,0.932608695652174,0
0.0155,0.24000000000000002,0.7599999999999999,0.0155,0.06458333333333331,0.9354166666666667,0
0.0155,0.25,0.7499999999999999,0.0155,0.06199999999999997,0.9380000000000001,0
0.0155,0.26,0.74,0.0155,0.05961538461538461,0.9403846153846154,0
0.0155,0.27,0.73,0.0155,0.0574074074074074,0.9425925925925926,0
0.0155,0.28,0.72,0.0155,0.055357142857142855,0.9446428571428571,0
0.0155,0.29000000000000004,0.7099999999999999,0.0155,0.05344827586206894,0.9465517241379311,0
0.0155,0.3,0.7000000000000001,0.0155,0.05166666666666668,0.9483333333333334,0
0.0155,0.31,0.69,0.0155,0.04999999999999999,0.95,0
0.0155,0.32,0.6799999999999998,0.0155,0.048437499999999974,0.9515625,0
0.0155,0.33,0.6699999999999999,0.0155,0.04696969696969696,0.953030303030303,0
0.0155,0.34,0.66,0.0155,0.04558823529411765,0.9544117647058823,0
0.0155,0.35000000000000003,0.6499999999999999,0.0155,0.044285714285714275,0.9557142857142857,0
0.0155,0.36000000000000004,0.6399999999999999,0.0155,0.04305555555555554,0.9569444444444445,0
0.0155,0.37,0.63,0.0155,0.041891891891891894,0.9581081081081081,0
0.0155,0.38,0.6200000000000001,0.0155,0.040789473684210535,0.9592105263157895,0
0.0155,0.39,0.61,0.0155,0.03974358974358974,0.9602564102564103,0
0.0155,0.4,0.6000000000000001,0.0155,0.03875000000000001,0.9612499999999999,0
0.0155,0.41000000000000003,0.5900000000000001,0.0155,0.037804878048780494,0.9621951219512195,0
0.0155,0.42000000000000004,0.58,0.0155,0.0369047619047619,0.9630952380952381,0
0.0155,0.43,0.5700000000000001,0.0155,0.03604651162790698,0.963953488372093,0
0.0155,0.44,0.56,0.0155,0.03522727272727273,0.9647727272727272,0
0.0155,0.45,0.55,0.0155,0.034444444444444444,0.9655555555555555,0
0.0155,0.46,0.54,0.0155,0.03369565217391304,0.966304347826087,0
0.0155,0.47000000000000003,0.53,0.0155,0.03297872340425532,0.9670212765957447,0
0.0155,0.48000000000000004,0.5200000000000001,0.0155,0.03229166666666668,0.9677083333333333,0
0.0155,0.49,0.51,0.0155,0.03163265306122449,0.9683673469387755,0
0.0155,0.5,0.5000000000000001,0.0155,0.031000000000000007,0.969,0
0.0155,0.51,0.48999999999999994,0.0155,0.030392156862745098,0.9696078431372549,0
0.0155,0.52,0.48,0.0155,0.029807692307692306,0.9701923076923077,0
0.0155,0.53,0.47000000000000003,0.0155,0.02924528301886792,0.970754716981132,0
0.0155,0.54,0.46,0.0155,0.0287037037037037,0.9712962962962963,0
0.0155,0.55,0.45,0.0155,0.02818181818181818,0.9718181818181818,0
0.0155,0.56,0.43999999999999995,0.0155,0.027678571428571427,0.9723214285714286,0
0.0155,0.5700000000000001,0.43,0.0155,0.02719298245614035,0.9728070175438597,0
0.0155,0.5800000000000001,0.41999999999999993,0.0155,0.02672413793103448,0.9732758620689655,0
0.0155,0.59,0.41000000000000003,0.0155,0.02627118644067797,0.9737288135593221,0
0.0155,0.6,0.4,0.0155,0.025833333333333333,0.9741666666666666,0
0.0155,0.61,0.39,0.0155,0.02540983606557377,0.9745901639344262,0
0.0155,0.62,0.38,0.0155,0.025,0.975,0
0.0155,0.63,0.36999999999999994,0.0155,0.0246031746031746,0.9753968253968254,0
0.0155,0.64,0.36,0.0155,0.02421875,0.97578125,0
0.0155,0.65,0.35,0.0155,0.023846153846153847,0.9761538461538461,0
0.0155,0.66,0.3399999999999999,0.0155,0.02348484848484848,0.9765151515151516,0
0.0155,0.67,0.32999999999999996,0.0155,0.023134328358208955,0.9768656716417911,0
0.0155,0.68,0.32,0.0155,0.022794117647058826,0.9772058823529411,0
0.0155,0.6900000000000001,0.3099999999999999,0.0155,0.022463768115942022,0.977536231884058,0
0.0155,0.7000000000000001,0.29999999999999993,0.0155,0.02214285714285714,0.9778571428571429,0
0.0155,0.7100000000000001,0.29,0.0155,0.02183098591549296,0.9781690140845071,0
0.0155,0.72,0.28,0.0155,0.021527777777777778,0.9784722222222222,0
0.0155,0.73,0.2700000000000001,0.0155,0.021232876712328767,0.9787671232876712,0
0.0155,0.74,0.26,0.0155,0.020945945945945947,0.9790540540540541,0
0.0155,0.75,0.25,0.0155,0.020666666666666667,0.9793333333333334,0
0.0155,0.76,0.24,0.0155,0.020394736842105264,0.9796052631578948,0
0.0155,0.77,0.22999999999999995,0.0155,0.02012987012987013,0.9798701298701299,0
0.0155,0.78,0.21999999999999997,0.0155,0.01987179487179487,0.9801282051282051,0
0.0155,0.79,0.20999999999999994,0.0155,0.019620253164556962,0.980379746835443,0
0.0155,0.8,0.19999999999999993,0.0155,0.019375,0.980625,0
0.0155,0.81,0.18999999999999992,0.0155,0.0191358024691358,0.9808641975308642,0
0.0155,0.8200000000000001,0.17999999999999994,0.0155,0.018902439024390243,0.9810975609756097,0
0.0155,0.8300000000000001,0.16999999999999993,0.0155,0.01867469879518072,0.9813253012048193,0
0.0155,0.8400000000000001,0.15999999999999992,0.0155,0.01845238095238095,0.981547619047619,0
0.0155,0.85,0.15000000000000002,0.0155,0.018235294117647058,0.981764705882353,0
0.0155,0.86,0.14,0.0155,0.01802325581395349,0.9819767441860465,0
0.0155,0.87,0.13000000000000003,0.0155,0.017816091954022988,0.982183908045977,0
0.0155,0.88,0.12,0.0155,0.017613636363636363,0.9823863636363637,0
0.0155,0.89,0.10999999999999999,0.0155,0.01741573033707865,0.9825842696629213,0
0.0155,0.9,0.09999999999999996,0.0155,0.017222222222222222,0.9827777777777778,0
0.0155,0.91,0.08999999999999996,0.0155,0.01703296703296703,0.9829670329670329,0
0.0155,0.92,0.07999999999999997,0.0155,0.01684782608695652,0.9831521739130434,0
0.0155,0.93,0.06999999999999995,0.0155,0.016666666666666666,0.9833333333333333,0
0.0155,0.9400000000000001,0.05999999999999994,0.0155,0.01648936170212766,0.9835106382978723,0
0.0155,0.9500000000000001,0.04999999999999993,0.0155,0.01631578947368421,0.9836842105263158,0
0.0155,0.9600000000000001,0.039999999999999925,0.0155,0.01614583333333333,0.9838541666666667,0
0.0155,0.97,0.03000000000000003,0.0155,0.015979381443298968,0.9840206185567011,0
0.0155,0.98,0.020000000000000014,0.0155,0.015816326530612244,0.9841836734693877,0
0.0155,0.99,0.010000000000000009,0.0155,0.015656565656565657,0.9843434343434343,0
0.0155,1.0,0.0,0.0155,0.0155,0.9845,0
0.01575,0.01,0.99,0.015749999999999997,1.5749999999999982,-0.5749999999999982,0
0.01575,0.02,0.9800000000000001,0.015749999999999997,0.7875000000000035,0.21249999999999647,0
0.01575,0.03,0.97,0.015749999999999997,0.5249999999999995,0.47500000000000053,0
0.01575,0.04,0.96,0.015749999999999997,0.39374999999999954,0.6062500000000004,0
0.01575,0.05,0.9499999999999998,0.015749999999999997,0.31499999999999895,0.685000000000001,0
0.01575,0.060000000000000005,0.94,0.015749999999999997,0.26249999999999973,0.7375000000000003,0
0.01575,0.06999999999999999,0.9300000000000002,0.015749999999999997,0.22500000000000048,0.7749999999999995,0
0.01575,0.08,0.92,0.015749999999999997,0.19687500000000005,0.803125,0
0.01575,0.09,0.91,0.015749999999999997,0.17500000000000002,0.825,0
0.01575,0.09999999999999999,0.8999999999999999,0.015749999999999997,0.15749999999999983,0.8425000000000001,0
0.01575,0.11,0.89,0.015749999999999997,0.14318181818181816,0.8568181818181818,0
0.01575,0.12,0.8800000000000001,0.015749999999999997,0.1312500000000001,0.8687499999999999,0
0.01575,0.13,0.8699999999999999,0.015749999999999997,0.12115384615384601,0.8788461538461539,0
0.01575,0.14,0.86,0.015749999999999997,0.11249999999999996,0.8875000000000001,0
0.01575,0.15000000000000002,0.8500000000000001,0.015749999999999997,0.10500000000000004,0.895,0
0.01575,0.16,0.84,0.015749999999999997,0.09843749999999996,0.9015625,0
0.01575,0.17,0.8300000000000001,0.015749999999999997,0.09264705882352943,0.9073529411764706,0
0.01575,0.18000000000000002,0.82,0.015749999999999997,0.08749999999999995,0.9125000000000001,0
0.01575,0.19,0.81,0.015749999999999997,0.08289473684210527,0.9171052631578948,0
0.01575,0.2,0.7999999999999999,0.015749999999999997,0.07874999999999996,0.92125,0
0.01575,0.21000000000000002,0.79,0.015749999999999997,0.075,0.925,0
0.01575,0.22,0.78,0.015749999999999997,0.07159090909090908,0.928409090909091,0
0.01575,0.23,0.77,0.015749999999999997,0.06847826086956521,0.9315217391304348,0
0.01575,0.24000000000000002,0.7599999999999999,0.015749999999999997,0.06562499999999996,0.9343750000000001,0
0.01575,0.25,0.7499999999999999,0.015749999999999997,0.06299999999999996,0.937,0
0.01575,0.26,0.74,0.015749999999999997,0.06057692307692306,0.9394230769230769,0
0.01575,0.27,0.73,0.015749999999999997,0.05833333333333332,0.9416666666666667,0
0.01575,0.28,0.72,0.015749999999999997,0.05624999999999998,0.94375,0
0.01575,0.29000000000000004,0.7099999999999999,0.015749999999999997,0.05431034482758617,0.9456896551724139,0
0.01575,0.3,0.7000000000000001,0.015749999999999997,0.0525,0.9475,0
0.01575,0.31,0.69,0.015749999999999997,0.0508064516129032,0.9491935483870968,0
0.01575,0.32,0.6799999999999998,0.015749999999999997,0.049218749999999964,0.95078125,0
0.01575,0.33,0.6699999999999999,0.015749999999999997,0.04772727272727271,0.9522727272727273,0
0.01575,0.34,0.66,0.015749999999999997,0.0463235294117647,0.9536764705882353,0
0.01575,0.35000000000000003,0.6499999999999999,0.015749999999999997,0.04499999999999998,0.9550000000000001,0
0.01575,0.36000000000000004,0.6399999999999999,0.015749999999999997,0.043749999999999976,0.95625,0
0.01575,0.37,0.63,0.015749999999999997,0.042567567567567556,0.9574324324324325,0
0.01575,0.38,0.6200000000000001,0.015749999999999997,0.041447368421052636,0.9585526315789473,0
0.01575,0.39,0.61,0.015749999999999997,0.04038461538461537,0.9596153846153846,0
0.01575,0.4,0.6000000000000001,0.015749999999999997,0.039375,0.960625,0
0.01575,0.41000000000000003,0.5900000000000001,0.015749999999999997,0.03841463414634146,0.9615853658536585,0
0.01575,0.42000000000000004,0.58,0.015749999999999997,0.03749999999999999,0.9625,0
0.01575,0.43,0.5700000000000001,0.015749999999999997,0.03662790697674418,0.9633720930232558,0
0.01575,0.44,0.56,0.015749999999999997,0.03579545454545454,0.9642045454545455,0
0.01575,0.45,0.55,0.015749999999999997,0.034999999999999996,0.965,0
0.01575,0.46,0.54,0.015749999999999997,0.034239130434782605,0.9657608695652173,0
0.01575,0.47000000000000003,0.53,0.015749999999999997,0.03351063829787233,0.9664893617021276,0
0.01575,0.48000000000000004,0.5200000000000001,0.015749999999999997,0.0328125,0.9671875,0
0.01575,0.49,0.51,0.015749999999999997,0.03214285714285714,0.9678571428571429,0
0.01575,0.5,0.5000000000000001,0.015749999999999997,0.0315,0.9685,0
0.01575,0.51,0.48999999999999994,0.015749999999999997,0.030882352941176465,0.9691176470588235,0
0.01575,0.52,0.48,0.015749999999999997,0.03028846153846153,0.9697115384615385,0
0.01575,0.53,0.47000000000000003,0.015749999999999997,0.029716981132075465,0.9702830188679246,0
0.01575,0.54,0.46,0.015749999999999997,0.02916666666666666,0.9708333333333333,0
0.01575,0.55,0.45,0.015749999999999997,0.028636363636363626,0.9713636363636364,0
0.01575,0.56,0.43999999999999995,0.015749999999999997,0.02812499999999999,0.971875,0
0.01575,0.5700000000000001,0.43,0.015749999999999997,0.027631578947368413,0.9723684210526315,0
0.01575,0.5800000000000001,0.41999999999999993,0.015749999999999997,0.027155172413793095,0.9728448275862069,0
0.01575,0.59,0.41000000000000003,0.015749999999999997,0.026694915254237284,0.9733050847457627,0
0.01575,0.6,0.4,0.015749999999999997,0.026249999999999996,0.97375,0
0.01575,0.61,0.39,0.015749999999999997,0.025819672131147536,0.9741803278688524,0
0.01575,0.62,0.38,0.015749999999999997,0.02540322580645161,0.9745967741935484,0
0.01575,0.63,0.36999999999999994,0.015749999999999997,0.02499999999999999,0.975,0
0.01575,0.64,0.36,0.015749999999999997,0.024609374999999996,0.975390625,0
0.01575,0.65,0.35,0.015749999999999997,0.024230769230769226,0.9757692307692307,0
0.01575,0.66,0.3399999999999999,0.015749999999999997,0.023863636363636354,0.9761363636363637,0
0.01575,0.67,0.32999999999999996,0.015749999999999997,0.023507462686567157,0.9764925373134329,0
0.01575,0.68,0.32,0.015749999999999997,0.02316176470588235,0.9768382352941176,0
0.01575,0.6900000000000001,0.3099999999999999,0.015749999999999997,0.02282608695652173,0.9771739130434782,0
0.01575,0.7000000000000001,0.29999999999999993,0.015749999999999997,0.022499999999999992,0.9775,0
0.01575,0.7100000000000001,0.29,0.015749999999999997,0.02218309859154929,0.9778169014084507,0
0.01575,0.72,0.28,0.015749999999999997,0.021874999999999995,0.978125,0
0.01575,0.73,0.2700000000000001,0.015749999999999997,0.02157534246575342,0.9784246575342466,0
0.01575,0.74,0.26,0.015749999999999997,0.021283783783783778,0.9787162162162162,0
0.01575,0.75,0.25,0.015749999999999997,0.020999999999999994,0.979,0
0.01575,0.76,0.24,0.015749999999999997,0.02072368421052631,0.9792763157894737,0
0.01575,0.77,0.22999999999999995,0.015749999999999997,0.02045454545454545,0.9795454545454545,0
0.01575,0.78,0.21999999999999997,0.015749999999999997,0.020192307692307686,0.9798076923076923,0
0.01575,0.79,0.20999999999999994,0.015749999999999997,0.01993670886075949,0.9800632911392405,0
0.01575,0.8,0.19999999999999993,0.015749999999999997,0.019687499999999993,0.9803125,0
0.01575,0.81,0.18999999999999992,0.015749999999999997,0.019444444444444438,0.9805555555555555,0
0.01575,0.8200000000000001,0.17999999999999994,0.015749999999999997,0.019207317073170724,0.9807926829268293,0
0.01575,0.8300000000000001,0.16999999999999993,0.015749999999999997,0.018975903614457827,0.9810240963855422,0
0.01575,0.8400000000000001,0.15999999999999992,0.015749999999999997,0.018749999999999996,0.98125,0
0.01575,0.85,0.15000000000000002,0.015749999999999997,0.018529411764705878,0.9814705882352941,0
0.01575,0.86,0.14,0.015749999999999997,0.01831395348837209,0.9816860465116279,0
0.01575,0.87,0.13000000000000003,0.015749999999999997,0.018103448275862064,0.9818965517241379,0
0.01575,0.88,0.12,0.015749999999999997,0.01789772727272727,0.9821022727272727,0
0.01575,0.89,0.10999999999999999,0.015749999999999997,0.017696629213483143,0.9823033707865169,0
0.01575,0.9,0.09999999999999996,0.015749999999999997,0.017499999999999995,0.9825,0
0.01575,0.91,0.08999999999999996,0.015749999999999997,0.0173076923076923,0.9826923076923078,0
0.01575,0.92,0.07999999999999997,0.015749999999999997,0.0171195652173913,0.9828804347826087,0
0.01575,0.93,0.06999999999999995,0.015749999999999997,0.016935483870967737,0.9830645161290322,0
0.01575,0.9400000000000001,0.05999999999999994,0.015749999999999997,0.016755319148936167,0.9832446808510639,0
0.01575,0.9500000000000001,0.04999999999999993,0.015749999999999997,0.016578947368421047,0.983421052631579,0
0.01575,0.9600000000000001,0.039999999999999925,0.015749999999999997,0.016406249999999994,0.98359375,0
0.01575,0.97,0.03000000000000003,0.015749999999999997,0.016237113402061853,0.9837628865979382,0
0.01575,0.98,0.020000000000000014,0.015749999999999997,0.01607142857142857,0.9839285714285715,0
0.01575,0.99,0.010000000000000009,0.015749999999999997,0.015909090909090907,0.9840909090909091,0
0.01575,1.0,0.0,0.015749999999999997,0.015749999999999997,0.98425,0
0.016,0.01,0.99,0.015999999999999997,1.5999999999999983,-0.5999999999999983,0
0.016,0.02,0.9800000000000001,0.015999999999999997,0.8000000000000036,0.1999999999999964,0
0.016,0.03,0.97,0.015999999999999997,0.5333333333333328,0.46666666666666723,0
0.016,0.04,0.96,0.015999999999999997,0.3999999999999996,0.6000000000000004,0
0.016,0.05,0.9499999999999998,0.015999999999999997,0.31999999999999895,0.680000000000001,0
0.016,0.060000000000000005,0.94,0.015999999999999997,0.2666666666666664,0.7333333333333336,0
0.016,0.06999999999999999,0.9300000000000002,0.015999999999999997,0.22857142857142904,0.7714285714285709,0
0.016,0.08,0.92,0.015999999999999997,0.20000000000000007,0.7999999999999999,0
0.016,0.09,0.91,0.015999999999999997,0.1777777777777778,0.8222222222222222,0
0.016,0.09999999999999999,0.8999999999999999,0.015999999999999997,0.15999999999999984,0.8400000000000002,0
0.016,0.11,0.89,0.015999999999999997,0.14545454545454545,0.8545454545454545,0
0.016,0.12,0.8800000000000001,0.015999999999999997,0.13333333333333344,0.8666666666666666,0
0.016,0.13,0.8699999999999999,0.015999999999999997,0.12307692307692294,0.876923076923077,0
0.016,0.14,0.86,0.015999999999999997,0.11428571428571425,0.8857142857142858,0
0.016,0.15000000000000002,0.8500000000000001,0.015999999999999997,0.10666666666666672,0.8933333333333333,0
0.016,0.16,0.84,0.015999999999999997,0.09999999999999996,0.9,0
0.016,0.17,0.8300000000000001,0.015999999999999997,0.09411764705882356,0.9058823529411765,0
0.016,0.18000000000000002,0.82,0.015999999999999997,0.08888888888888885,0.9111111111111112,0
0.016,0.19,0.81,0.015999999999999997,0.08421052631578949,0.9157894736842105,0
0.016,0.2,0.7999999999999999,0.015999999999999997,0.07999999999999996,0.92,0
0.016,0.21000000000000002,0.79,0.015999999999999997,0.07619047619047618,0.9238095238095239,0
0.016,0.22,0.78,0.015999999999999997,0.07272727272727272,0.9272727272727272,0
0.016,0.23,0.77,0.015999999999999997,0.06956521739130433,0.9304347826086956,0
0.016,0.24000000000000002,0.7599999999999999,0.015999999999999997,0.06666666666666662,0.9333333333333333,0
0.016,0.25,0.7499999999999999,0.015999999999999997,0.06399999999999996,0.936,0
0.016,0.26,0.74,0.015999999999999997,0.06153846153846152,0.9384615384615385,0
0.016,0.27,0.73,0.015999999999999997,0.05925925925925924,0.9407407407407408,0
0.016,0.28,0.72,0.015999999999999997,0.05714285714285713,0.9428571428571428,0
0.016,0.29000000000000004,0.7099999999999999,0.015999999999999997,0.05517241379310341,0.9448275862068966,0
0.016,0.3,0.7000000000000001,0.015999999999999997,0.05333333333333334,0.9466666666666667,0
0.016,0.31,0.69,0.015999999999999997,0.05161290322580643,0.9483870967741935,0
0.016,0.32,0.6799999999999998,0.015999999999999997,0.04999999999999996,0.9500000000000001,0
0.016,0.33,0.6699999999999999,0.015999999999999997,0.048484848484848464,0.9515151515151515,0
0.016,0.34,0.66,0.015999999999999997,0.04705882352941176,0.9529411764705883,0
0.016,0.35000000000000003,0.6499999999999999,0.015999999999999997,0.04571428571428569,0.9542857142857143,0
0.016,0.36000000000000004,0.6399999999999999,0.015999999999999997,0.044444444444444425,0.9555555555555556,0
0.016,0.37,0.63,0.015999999999999997,0.04324324324324324,0.9567567567567568,0
0.016,0.38,0.6200000000000001,0.015999999999999997,0.04210526315789474,0.9578947368421052,0
0.016,0.39,0.61,0.015999999999999997,0.04102564102564102,0.958974358974359,0
0.016,0.4,0.6000000000000001,0.015999999999999997,0.04,0.96,0
0.016,0.41000000000000003,0.5900000000000001,0.015999999999999997,0.03902439024390244,0.9609756097560975,0
0.016,0.42000000000000004,0.58,0.015999999999999997,0.038095238095238085,0.9619047619047619,0
0.016,0.43,0.5700000000000001,0.015999999999999997,0.037209302325581395,0.9627906976744186,0
0.016,0.44,0.56,0.015999999999999997,0.03636363636363636,0.9636363636363636,0
0.016,0.45,0.55,0.015999999999999997,0.035555555555555556,0.9644444444444444,0
0.016,0.46,0.54,0.015999999999999997,0.03478260869565217,0.9652173913043478,0
0.016,0.47000000000000003,0.53,0.015999999999999997,0.034042553191489355,0.9659574468085106,0
0.016,0.48000000000000004,0.5200000000000001,0.015999999999999997,0.03333333333333333,0.9666666666666667,0
0.016,0.49,0.51,0.015999999999999997,0.03265306122448979,0.9673469387755103,0
0.016,0.5,0.5000000000000001,0.015999999999999997,0.032,0.968,0
0.016,0.51,0.48999999999999994,0.015999999999999997,0.031372549019607836,0.9686274509803922,0
0.016,0.52,0.48,0.015999999999999997,0.03076923076923076,0.9692307692307692,0
0.016,0.53,0.47000000000000003,0.015999999999999997,0.030188679245283012,0.969811320754717,0
0.016,0.54,0.46,0.015999999999999997,0.02962962962962962,0.9703703703703703,0
0.016,0.55,0.45,0.015999999999999997,0.029090909090909084,0.9709090909090909,0
0.016,0.56,0.43999999999999995,0.015999999999999997,0.028571428571428564,0.9714285714285714,0
0.016,0.5700000000000001,0.43,0.015999999999999997,0.02807017543859648,0.9719298245614035,0
0.016,0.5800000000000001,0.41999999999999993,0.015999999999999997,0.027586206896551717,0.9724137931034483,0
0.016,0.59,0.41000000000000003,0.015999999999999997,0.027118644067796606,0.9728813559322034,0
0.016,0.6,0.4,0.015999999999999997,0.02666666666666666,0.9733333333333334,0
0.016,0.61,0.39,0.015999999999999997,0.026229508196721308,0.9737704918032787,0
0.016,0.62,0.38,0.015999999999999997,0.025806451612903222,0.9741935483870968,0
0.016,0.63,0.36999999999999994,0.015999999999999997,0.025396825396825386,0.9746031746031746,0
0.016,0.64,0.36,0.015999999999999997,0.024999999999999994,0.975,0
0.016,0.65,0.35,0.015999999999999997,0.02461538461538461,0.9753846153846154,0
0.016,0.66,0.3399999999999999,0.015999999999999997,0.024242424242424232,0.9757575757575758,0
0.016,0.67,0.32999999999999996,0.015999999999999997,0.023880597014925366,0.9761194029850746,0
0.016,0.68,0.32,0.015999999999999997,0.02352941176470588,0.9764705882352941,0
0.016,0.6900000000000001,0.3099999999999999,0.015999999999999997,0.02318840579710144,0.9768115942028985,0
0.016,0.7000000000000001,0.29999999999999993,0.015999999999999997,0.02285714285714285,0.9771428571428572,0
0.016,0.7100000000000001,0.29,0.015999999999999997,0.02253521126760563,0.9774647887323944,0
0.016,0.72,0.28,0.015999999999999997,0.02222222222222222,0.9777777777777777,0
0.016,0.73,0.2700000000000001,0.015999999999999997,0.02191780821917808,0.9780821917808219,0
0.016,0.74,0.26,0.015999999999999997,0.02162162162162162,0.9783783783783784,0
0.016,0.75,0.25,0.015999999999999997,0.02133333333333333,0.9786666666666667,0
0.016,0.76,0.24,0.015999999999999997,0.021052631578947364,0.9789473684210527,0
0.016,0.77,0.22999999999999995,0.015999999999999997,0.020779220779220776,0.9792207792207792,0
0.016,0.78,0.21999999999999997,0.015999999999999997,0.02051282051282051,0.9794871794871794,0
0.016,0.79,0.20999999999999994,0.015999999999999997,0.02025316455696202,0.979746835443038,0
0.016,0.8,0.19999999999999993,0.015999999999999997,0.019999999999999993,0.98,0
0.016,0.81,0.18999999999999992,0.015999999999999997,0.019753086419753083,0.980246913580247,0
0.016,0.8200000000000001,0.17999999999999994,0.015999999999999997,0.019512195121951213,0.9804878048780488,0
0.016,0.8300000000000001,0.16999999999999993,0.015999999999999997,0.019277108433734935,0.980722891566265,0
0.016,0.8400000000000001,0.15999999999999992,0.015999999999999997,0.019047619047619042,0.9809523809523809,0
0.016,0.85,0.15000000000000002,0.015999999999999997,0.018823529411764704,0.9811764705882353,0
0.016,0.86,0.14,0.015999999999999997,0.018604651162790694,0.9813953488372094,0
0.016,0.87,0.13000000000000003,0.015999999999999997,0.018390804597701146,0.9816091954022989,0
0.016,0.88,0.12,0.015999999999999997,0.018181818181818177,0.9818181818181818,0
0.016,0.89,0.10999999999999999,0.015999999999999997,0.017977528089887635,0.9820224719101124,0
0.016,0.9,0.09999999999999996,0.015999999999999997,0.017777777777777774,0.9822222222222222,0
0.016,0.91,0.08999999999999996,0.015999999999999997,0.01758241758241758,0.9824175824175824,0
0.016,0.92,0.07999999999999997,0.015999999999999997,0.017391304347826084,0.9826086956521739,0
0.016,0.93,0.06999999999999995,0.015999999999999997,0.017204301075268814,0.9827956989247312,0
0.016,0.9400000000000001,0.05999999999999994,0.015999999999999997,0.017021276595744678,0.9829787234042553,0
0.016,0.9500000000000001,0.04999999999999993,0.015999999999999997,0.01684210526315789,0.9831578947368421,0
0.016,0.9600000000000001,0.039999999999999925,0.015999999999999997,0.016666666666666663,0.9833333333333334,0
0.016,0.97,0.03000000000000003,0.015999999999999997,0.01649484536082474,0.9835051546391753,0
0.016,0.98,0.020000000000000014,0.015999999999999997,0.016326530612244896,0.9836734693877551,0
0.016,0.99,0.010000000000000009,0.015999999999999997,0.016161616161616158,0.9838383838383838,0
0.016,1.0,0.0,0.015999999999999997,0.015999999999999997,0.984,0
0.01625,0.01,0.99,0.01625,1.6249999999999987,-0.6249999999999987,0
0.01625,0.02,0.9800000000000001,0.01625,0.8125000000000038,0.18749999999999623,0
0.01625,0.03,0.97,0.01625,0.5416666666666662,0.4583333333333338,0
0.01625,0.04,0.96,0.01625,0.40624999999999967,0.5937500000000003,0
0.01625,0.05,0.9499999999999998,0.01625,0.324999999999999,0.6750000000000009,0
0.01625,0.060000000000000005,0.94,0.01625,0.2708333333333331,0.729166666666667,0
0.01625,0.06999999999999999,0.9300000000000002,0.01625,0.23214285714285768,0.7678571428571423,0
0.01625,0.08,0.92,0.01625,0.2031250000000001,0.7968749999999999,0
0.01625,0.09,0.91,0.01625,0.18055555555555564,0.8194444444444444,0
0.01625,0.09999999999999999,0.8999999999999999,0.01625,0.16249999999999987,0.8375000000000001,0
0.01625,0.11,0.89,0.01625,0.14772727272727276,0.8522727272727273,0
0.01625,0.12,0.8800000000000001,0.01625,0.1354166666666668,0.8645833333333333,0
0.01625,0.13,0.8699999999999999,0.01625,0.12499999999999989,0.8750000000000001,0
0.01625,0.14,0.86,0.01625,0.11607142857142856,0.8839285714285714,0
0.01625,0.15000000000000002,0.8500000000000001,0.01625,0.1083333333333334,0.8916666666666666,0
0.01625,0.16,0.84,0.01625,0.10156249999999999,0.8984375,0
0.01625,0.17,0.8300000000000001,0.01625,0.0955882352941177,0.9044117647058822,0
0.01625,0.18000000000000002,0.82,0.01625,0.09027777777777776,0.9097222222222222,0
0.01625,0.19,0.81,0.01625,0.08552631578947371,0.9144736842105263,0
0.01625,0.2,0.7999999999999999,0.01625,0.08124999999999998,0.9187500000000001,0
0.01625,0.21000000000000002,0.79,0.01625,0.0773809523809524,0.9226190476190476,0
0.01625,0.22,0.78,0.01625,0.07386363636363638,0.9261363636363636,0
0.01625,0.23,0.77,0.01625,0.07065217391304349,0.9293478260869565,0
0.01625,0.24000000000000002,0.7599999999999999,0.01625,0.0677083333333333,0.9322916666666667,0
0.01625,0.25,0.7499999999999999,0.01625,0.06499999999999997,0.935,0
0.01625,0.26,0.74,0.01625,0.0625,0.9375,0
0.01625,0.27,0.73,0.01625,0.06018518518518518,0.9398148148148148,0
0.01625,0.28,0.72,0.01625,0.05803571428571428,0.9419642857142857,0
0.01625,0.29000000000000004,0.7099999999999999,0.01625,0.05603448275862066,0.9439655172413793,0
0.01625,0.3,0.7000000000000001,0.01625,0.05416666666666668,0.9458333333333333,0
0.01625,0.31,0.69,0.01625,0.05241935483870967,0.9475806451612904,0
0.01625,0.32,0.6799999999999998,0.01625,0.05078124999999997,0.94921875,0
0.01625,0.33,0.6699999999999999,0.01625,0.04924242424242423,0.9507575757575758,0
0.01625,0.34,0.66,0.01625,0.04779411764705883,0.9522058823529411,0
0.01625,0.35000000000000003,0.6499999999999999,0.01625,0.046428571428571416,0.9535714285714286,0
0.01625,0.36000000000000004,0.6399999999999999,0.01625,0.04513888888888888,0.9548611111111112,0
0.01625,0.37,0.63,0.01625,0.04391891891891892,0.956081081081081,0
0.01625,0.38,0.6200000000000001,0.01625,0.04276315789473686,0.9572368421052632,0
0.01625,0.39,0.61,0.01625,0.041666666666666664,0.9583333333333334,0
0.01625,0.4,0.6000000000000001,0.01625,0.04062500000000001,0.959375,0
0.01625,0.41000000000000003,0.5900000000000001,0.01625,0.03963414634146342,0.9603658536585366,0
0.01625,0.42000000000000004,0.58,0.01625,0.038690476190476185,0.9613095238095238,0
0.01625,0.43,0.5700000000000001,0.01625,0.03779069767441861,0.9622093023255814,0
0.01625,0.44,0.56,0.01625,0.03693181818181819,0.9630681818181818,0
0.01625,0.45,0.55,0.01625,0.036111111111111115,0.9638888888888889,0
0.01625,0.46,0.54,0.01625,0.03532608695652174,0.9646739130434783,0
0.01625,0.47000000000000003,0.53,0.01625,0.034574468085106384,0.9654255319148937,0
0.01625,0.48000000000000004,0.5200000000000001,0.01625,0.03385416666666668,0.9661458333333334,0
0.01625,0.49,0.51,0.01625,0.03316326530612245,0.9668367346938775,0
0.01625,0.5,0.5000000000000001,0.01625,0.03250000000000001,0.9675,0
0.01625,0.51,0.48999999999999994,0.01625,0.031862745098039214,0.9681372549019608,0
0.01625,0.52,0.48,0.01625,0.03125,0.96875,0
0.01625,0.53,0.47000000000000003,0.01625,0.030660377358490566,0.9693396226415094,0
0.01625,0.54,0.46,0.01625,0.03009259259259259,0.9699074074074074,0
0.01625,0.55,0.45,0.01625,0.029545454545454545,0.9704545454545455,0
0.01625,0.56,0.43999999999999995,0.01625,0.02901785714285714,0.9709821428571429,0
0.01625,0.5700000000000001,0.43,0.01625,0.02850877192982456,0.9714912280701754,0
0.01625,0.5800000000000001,0.41999999999999993,0.01625,0.028017241379310342,0.9719827586206896,0
0.01625,0.59,0.41000000000000003,0.01625,0.027542372881355935,0.972457627118644,0
0.01625,0.6,0.4,0.01625,0.027083333333333334,0.9729166666666667,0
0.01625,0.61,0.39,0.01625,0.026639344262295084,0.9733606557377049,0
0.01625,0.62,0.38,0.01625,0.02620967741935484,0.9737903225806451,0
0.01625,0.63,0.36999999999999994,0.01625,0.02579365079365079,0.9742063492063492,0
0.01625,0.64,0.36,0.01625,0.025390625,0.974609375,0
0.01625,0.65,0.35,0.01625,0.025,0.975,0
0.01625,0.66,0.3399999999999999,0.01625,0.024621212121212117,0.9753787878787878,0
0.01625,0.67,0.32999999999999996,0.01625,0.024253731343283583,0.9757462686567164,0
0.01625,0.68,0.32,0.01625,0.023897058823529414,0.9761029411764706,0
0.01625,0.6900000000000001,0.3099999999999999,0.01625,0.023550724637681153,0.9764492753623188,0
0.01625,0.7000000000000001,0.29999999999999993,0.01625,0.02321428571428571,0.9767857142857143,0
0.01625,0.7100000000000001,0.29,0.01625,0.022887323943661973,0.977112676056338,0
0.01625,0.72,0.28,0.01625,0.022569444444444448,0.9774305555555556,0
0.01625,0.73,0.2700000000000001,0.01625,0.022260273972602742,0.9777397260273972,0
0.01625,0.74,0.26,0.01625,0.02195945945945946,0.9780405405405406,0
0.01625,0.75,0.25,0.01625,0.021666666666666667,0.9783333333333333,0
0.01625,0.76,0.24,0.01625,0.02138157894736842,0.9786184210526315,0
0.01625,0.77,0.22999999999999995,0.01625,0.021103896103896104,0.9788961038961039,0
0.01625,0.78,0.21999999999999997,0.01625,0.020833333333333332,0.9791666666666666,0
0.01625,0.79,0.20999999999999994,0.01625,0.020569620253164556,0.9794303797468354,0
0.01625,0.8,0.19999999999999993,0.01625,0.0203125,0.9796875,0
0.01625,0.81,0.18999999999999992,0.01625,0.020061728395061727,0.9799382716049383,0
0.01625,0.8200000000000001,0.17999999999999994,0.01625,0.019817073170731708,0.9801829268292683,0
0.01625,0.8300000000000001,0.16999999999999993,0.01625,0.01957831325301205,0.9804216867469879,0
0.01625,0.8400000000000001,0.15999999999999992,0.01625,0.019345238095238092,0.9806547619047619,0
0.01625,0.85,0.15000000000000002,0.01625,0.01911764705882353,0.9808823529411764,0
0.01625,0.86,0.14,0.01625,0.018895348837209305,0.9811046511627907,0
0.01625,0.87,0.13000000000000003,0.01625,0.01867816091954023,0.9813218390804598,0
0.01625,0.88,0.12,0.01625,0.018465909090909092,0.9815340909090909,0
0.01625,0.89,0.10999999999999999,0.01625,0.018258426966292134,0.9817415730337079,0
0.01625,0.9,0.09999999999999996,0.01625,0.018055555555555557,0.9819444444444444,0
0.01625,0.91,0.08999999999999996,0.01625,0.017857142857142856,0.9821428571428571,0
0.01625,0.92,0.07999999999999997,0.01625,0.017663043478260868,0.9823369565217391,0
0.01625,0.93,0.06999999999999995,0.01625,0.01747311827956989,0.9825268817204301,0
0.01625,0.9400000000000001,0.05999999999999994,0.01625,0.017287234042553192,0.9827127659574468,0
0.01625,0.9500000000000001,0.04999999999999993,0.01625,0.017105263157894735,0.9828947368421053,0
0.01625,0.9600000000000001,0.039999999999999925,0.01625,0.016927083333333332,0.9830729166666666,0
0.01625,0.97,0.03000000000000003,0.01625,0.01675257731958763,0.9832474226804123,0
0.01625,0.98,0.020000000000000014,0.01625,0.016581632653061226,0.9834183673469388,0
0.01625,0.99,0.010000000000000009,0.01625,0.016414141414141416,0.9835858585858586,0
0.01625,1.0,0.0,0.01625,0.01625,0.98375,0
0.0165,0.01,0.99,0.016500000000000004,1.649999999999999,-0.649999999999999,0
0.0165,0.02,0.9800000000000001,0.016500000000000004,0.8250000000000041,0.17499999999999594,0
0.0165,0.03,0.97,0.016500000000000004,0.5499999999999996,0.4500000000000004,0
0.0165,0.04,0.96,0.016500000000000004,0.41249999999999976,0.5875000000000002,0
0.0165,0.05,0.9499999999999998,0.016500000000000004,0.32999999999999907,0.6700000000000009,0
0.0165,0.060000000000000005,0.94,0.016500000000000004,0.2749999999999998,0.7250000000000002,0
0.0165,0.06999999999999999,0.9300000000000002,0.016500000000000004,0.23571428571428632,0.7642857142857137,0
0.0165,0.08,0.92,0.016500000000000004,0.20625000000000016,0.7937499999999998,0
0.0165,0.09,0.91,0.016500000000000004,0.18333333333333343,0.8166666666666665,0
0.0165,0.09999999999999999,0.8999999999999999,0.016500000000000004,0.1649999999999999,0.8350000000000001,0
0.0165,0.11,0.89,0.016500000000000004,0.15000000000000005,0.85,0
0.0165,0.12,0.8800000000000001,0.016500000000000004,0.13750000000000018,0.8624999999999998,0
0.0165,0.13,0.8699999999999999,0.016500000000000004,0.12692307692307683,0.8730769230769232,0
0.0165,0.14,0.86,0.016500000000000004,0.11785714285714288,0.8821428571428571,0
0.0165,0.15000000000000002,0.8500000000000001,0.016500000000000004,0.1100000000000001,0.8899999999999999,0
0.0165,0.16,0.84,0.016500000000000004,0.10312500000000001,0.896875,0
0.0165,0.17,0.8300000000000001,0.016500000000000004,0.09705882352941184,0.9029411764705881,0
0.0165,0.18000000000000002,0.82,0.016500000000000004,0.09166666666666666,0.9083333333333333,0
0.0165,0.19,0.81,0.016500000000000004,0.08684210526315794,0.9131578947368421,0
0.0165,0.2,0.7999999999999999,0.016500000000000004,0.08249999999999999,0.9175,0
0.0165,0.21000000000000002,0.79,0.016500000000000004,0.07857142857142861,0.9214285714285714,0
0.0165,0.22,0.78,0.016500000000000004,0.07500000000000002,0.9249999999999999,0
0.0165,0.23,0.77,0.016500000000000004,0.07173913043478264,0.9282608695652174,0
0.0165,0.24000000000000002,0.7599999999999999,0.016500000000000004,0.06874999999999999,0.93125,0
0.0165,0.25,0.7499999999999999,0.016500000000000004,0.06599999999999999,0.934,0
0.0165,0.26,0.74,0.016500000000000004,0.06346153846153847,0.9365384615384615,0
0.0165,0.27,0.73,0.016500000000000004,0.06111111111111112,0.9388888888888889,0
0.0165,0.28,0.72,0.016500000000000004,0.05892857142857144,0.9410714285714286,0
0.0165,0.29000000000000004,0.7099999999999999,0.016500000000000004,0.05689655172413792,0.9431034482758621,0
0.0165,0.3,0.7000000000000001,0.016500000000000004,0.05500000000000003,0.945,0
0.0165,0.31,0.69,0.016500000000000004,0.05322580645161291,0.9467741935483871,0
0.0165,0.32,0.6799999999999998,0.016500000000000004,0.05156249999999998,0.9484375,0
0.0165,0.33,0.6699999999999999,0.016500000000000004,0.05,0.95,0
0.0165,0.34,0.66,0.016500000000000004,0.0485294117647059,0.9514705882352941,0
0.0165,0.35000000000000003,0.6499999999999999,0.016500000000000004,0.047142857142857146,0.9528571428571428,0
0.0165,0.36000000000000004,0.6399999999999999,0.016500000000000004,0.04583333333333333,0.9541666666666667,0
0.0165,0.37,0.63,0.016500000000000004,0.044594594594594604,0.9554054054054054,0
0.0165,0.38,0.6200000000000001,0.016500000000000004,0.04342105263157897,0.956578947368421,0
0.0165,0.39,0.61,0.016500000000000004,0.04230769230769232,0.9576923076923077,0
0.0165,0.4,0.6000000000000001,0.016500000000000004,0.04125000000000002,0.95875,0
0.0165,0.41000000000000003,0.5900000000000001,0.016500000000000004,0.040243902439024405,0.9597560975609756,0
0.0165,0.42000000000000004,0.58,0.016500000000000004,0.03928571428571429,0.9607142857142857,0
0.0165,0.43,0.5700000000000001,0.016500000000000004,0.03837209302325583,0.9616279069767442,0
0.0165,0.44,0.56,0.016500000000000004,0.03750000000000001,0.9625,0
0.0165,0.45,0.55,0.016500000000000004,0.03666666666666668,0.9633333333333334,0
0.0165,0.46,0.54,0.016500000000000004,0.03586956521739132,0.9641304347826087,0
0.0165,0.47000000000000003,0.53,0.016500000000000004,0.03510638297872341,0.9648936170212766,0
0.0165,0.48000000000000004,0.5200000000000001,0.016500000000000004,0.03437500000000002,0.965625,0
0.0165,0.49,0.51,0.016500000000000004,0.03367346938775511,0.9663265306122449,0
0.0165,0.5,0.5000000000000001,0.016500000000000004,0.033000000000000015,0.967,0
0.0165,0.51,0.48999999999999994,0.016500000000000004,0.0323529411764706,0.9676470588235294,0
0.0165,0.52,0.48,0.016500000000000004,0.031730769230769236,0.9682692307692308,0
0.0165,0.53,0.47000000000000003,0.016500000000000004,0.03113207547169812,0.9688679245283018,0
0.0165,0.54,0.46,0.016500000000000004,0.03055555555555556,0.9694444444444444,0
0.0165,0.55,0.45,0.016500000000000004,0.030000000000000006,0.97,0
0.0165,0.56,0.43999999999999995,0.016500000000000004,0.02946428571428572,0.9705357142857143,0
0.0165,0.5700000000000001,0.43,0.016500000000000004,0.028947368421052635,0.9710526315789474,0
0.0165,0.5800000000000001,0.41999999999999993,0.016500000000000004,0.02844827586206897,0.971551724137931,0
0.0165,0.59,0.41000000000000003,0.016500000000000004,0.027966101694915264,0.9720338983050847,0
0.0165,0.6,0.4,0.016500000000000004,0.027500000000000007,0.9725,0
0.0165,0.61,0.39,0.016500000000000004,0.02704918032786886,0.9729508196721312,0
0.0165,0.62,0.38,0.016500000000000004,0.026612903225806457,0.9733870967741935,0
0.0165,0.63,0.36999999999999994,0.016500000000000004,0.02619047619047619,0.9738095238095238,0
0.0165,0.64,0.36,0.016500000000000004,0.025781250000000006,0.97421875,0
0.0165,0.65,0.35,0.016500000000000004,0.02538461538461539,0.9746153846153847,0
0.0165,0.66,0.3399999999999999,0.016500000000000004,0.025,0.975,0
0.0165,0.67,0.32999999999999996,0.016500000000000004,0.024626865671641796,0.9753731343283583,0
0.0165,0.68,0.32,0.016500000000000004,0.02426470588235295,0.975735294117647,0
0.0165,0.6900000000000001,0.3099999999999999,0.016500000000000004,0.02391304347826087,0.9760869565217392,0
0.0165,0.7000000000000001,0.29999999999999993,0.016500000000000004,0.023571428571428577,0.9764285714285714,0
0.0165,0.7100000000000001,0.29,0.016500000000000004,0.023239436619718317,0.9767605633802817,0
0.0165,0.72,0.28,0.016500000000000004,0.022916666666666672,0.9770833333333333,0
0.0165,0.73,0.2700000000000001,0.016500000000000004,0.022602739726027405,0.9773972602739726,0
0.0165,0.74,0.26,0.016500000000000004,0.022297297297297302,0.9777027027027027,0
0.0165,0.75,0.25,0.016500000000000004,0.022000000000000006,0.978,0
0.0165,0.76,0.24,0.016500000000000004,0.02171052631578948,0.9782894736842105,0
0.0165,0.77,0.22999999999999995,0.016500000000000004,0.021428571428571432,0.9785714285714285,0
0.0165,0.78,0.21999999999999997,0.016500000000000004,0.02115384615384616,0.9788461538461538,0
0.0165,0.79,0.20999999999999994,0.016500000000000004,0.020886075949367092,0.9791139240506329,0
0.0165,0.8,0.19999999999999993,0.016500000000000004,0.020625000000000004,0.979375,0
0.0165,0.81,0.18999999999999992,0.016500000000000004,0.020370370370370375,0.9796296296296296,0
0.0165,0.8200000000000001,0.17999999999999994,0.016500000000000004,0.0201219512195122,0.9798780487804878,0
0.0165,0.8300000000000001,0.16999999999999993,0.016500000000000004,0.01987951807228916,0.9801204819277108,0
0.0165,0.8400000000000001,0.15999999999999992,0.016500000000000004,0.019642857142857146,0.9803571428571428,0
0.0165,0.85,0.15000000000000002,0.016500000000000004,0.019411764705882358,0.9805882352941176,0
0.0165,0.86,0.14,0.016500000000000004,0.019186046511627912,0.9808139534883721,0
0.0165,0.87,0.13000000000000003,0.016500000000000004,0.018965517241379317,0.9810344827586207,0
0.0165,0.88,0.12,0.016500000000000004,0.018750000000000006,0.98125,0
0.0165,0.89,0.10999999999999999,0.016500000000000004,0.018539325842696634,0.9814606741573033,0
0.0165,0.9,0.09999999999999996,0.016500000000000004,0.018333333333333337,0.9816666666666667,0
0.0165,0.91,0.08999999999999996,0.016500000000000004,0.018131868131868137,0.9818681318681318,0
0.0165,0.92,0.07999999999999997,0.016500000000000004,0.017934782608695656,0.9820652173913044,0
0.0165,0.93,0.06999999999999995,0.016500000000000004,0.01774193548387097,0.9822580645161291,0
0.0165,0.9400000000000001,0.05999999999999994,0.016500000000000004,0.017553191489361707,0.9824468085106383,0
0.0165,0.9500000000000001,0.04999999999999993,0.016500000000000004,0.01736842105263158,0.9826315789473684,0
0.0165,0.9600000000000001,0.039999999999999925,0.016500000000000004,0.0171875,0.9828125,0
0.0165,0.97,0.03000000000000003,0.016500000000000004,0.01701030927835052,0.9829896907216494,0
0.0165,0.98,0.020000000000000014,0.016500000000000004,0.016836734693877555,0.9831632653061224,0
0.0165,0.99,0.010000000000000009,0.016500000000000004,0.01666666666666667,0.9833333333333333,0
0.0165,1.0,0.0,0.016500000000000004,0.016500000000000004,0.9835,0
0.01675,0.01,0.99,0.01675,1.6749999999999987,-0.6749999999999987,0
0.01675,0.02,0.9800000000000001,0.01675,0.8375000000000039,0.1624999999999961,0
0.01675,0.03,0.97,0.01675,0.5583333333333329,0.4416666666666671,0
0.01675,0.04,0.96,0.01675,0.4187499999999997,0.5812500000000003,0
0.01675,0.05,0.9499999999999998,0.01675,0.33499999999999897,0.665000000000001,0
0.01675,0.060000000000000005,0.94,0.01675,0.27916666666666645,0.7208333333333335,0
0.01675,0.06999999999999999,0.9300000000000002,0.01675,0.23928571428571485,0.7607142857142851,0
0.01675,0.08,0.92,0.01675,0.20937500000000012,0.7906249999999999,0
0.01675,0.09,0.91,0.01675,0.1861111111111112,0.8138888888888888,0
0.01675,0.09999999999999999,0.8999999999999999,0.01675,0.16749999999999987,0.8325000000000001,0
0.01675,0.11,0.89,0.01675,0.1522727272727273,0.8477272727272727,0
0.01675,0.12,0.8800000000000001,0.01675,0.13958333333333348,0.8604166666666665,0
0.01675,0.13,0.8699999999999999,0.01675,0.12884615384615375,0.8711538461538463,0
0.01675,0.14,0.86,0.01675,0.11964285714285713,0.8803571428571428,0
0.01675,0.15000000000000002,0.8500000000000001,0.01675,0.11166666666666673,0.8883333333333333,0
0.01675,0.16,0.84,0.01675,0.10468749999999999,0.8953125,0
0.01675,0.17,0.8300000000000001,0.01675,0.09852941176470593,0.901470588235294,0
0.01675,0.18000000000000002,0.82,0.01675,0.09305555555555553,0.9069444444444444,0
0.01675,0.19,0.81,0.01675,0.08815789473684213,0.9118421052631579,0
0.01675,0.2,0.7999999999999999,0.01675,0.08374999999999998,0.91625,0
0.01675,0.21000000000000002,0.79,0.01675,0.07976190476190478,0.9202380952380952,0
0.01675,0.22,0.78,0.01675,0.07613636363636365,0.9238636363636363,0
0.01675,0.23,0.77,0.01675,0.07282608695652175,0.9271739130434783,0
0.01675,0.24000000000000002,0.7599999999999999,0.01675,0.06979166666666664,0.9302083333333333,0
0.01675,0.25,0.7499999999999999,0.01675,0.06699999999999998,0.933,0
0.01675,0.26,0.74,0.01675,0.06442307692307693,0.9355769230769231,0
0.01675,0.27,0.73,0.01675,0.062037037037037036,0.937962962962963,0
0.01675,0.28,0.72,0.01675,0.05982142857142857,0.9401785714285714,0
0.01675,0.29000000000000004,0.7099999999999999,0.01675,0.05775862068965515,0.9422413793103448,0
0.01675,0.3,0.7000000000000001,0.01675,0.055833333333333346,0.9441666666666666,0
0.01675,0.31,0.69,0.01675,0.05403225806451612,0.9459677419354838,0
0.01675,0.32,0.6799999999999998,0.01675,0.052343749999999974,0.94765625,0
0.01675,0.33,0.6699999999999999,0.01675,0.05075757575757575,0.9492424242424242,0
0.01675,0.34,0.66,0.01675,0.04926470588235295,0.950735294117647,0
0.01675,0.35000000000000003,0.6499999999999999,0.01675,0.04785714285714285,0.9521428571428572,0
0.01675,0.36000000000000004,0.6399999999999999,0.01675,0.046527777777777765,0.9534722222222223,0
0.01675,0.37,0.63,0.01675,0.04527027027027027,0.9547297297297297,0
0.01675,0.38,0.6200000000000001,0.01675,0.044078947368421065,0.9559210526315789,0
0.01675,0.39,0.61,0.01675,0.04294871794871795,0.9570512820512821,0
0.01675,0.4,0.6000000000000001,0.01675,0.04187500000000001,0.958125,0
0.01675,0.41000000000000003,0.5900000000000001,0.01675,0.040853658536585374,0.9591463414634146,0
0.01675,0.42000000000000004,0.58,0.01675,0.03988095238095238,0.9601190476190476,0
0.01675,0.43,0.5700000000000001,0.01675,0.03895348837209303,0.961046511627907,0
0.01675,0.44,0.56,0.01675,0.03806818181818183,0.9619318181818182,0
0.01675,0.45,0.55,0.01675,0.037222222222222226,0.9627777777777777,0
0.01675,0.46,0.54,0.01675,0.036413043478260874,0.9635869565217391,0
0.01675,0.47000000000000003,0.53,0.01675,0.03563829787234043,0.9643617021276596,0
0.01675,0.48000000000000004,0.5200000000000001,0.01675,0.03489583333333335,0.9651041666666667,0
0.01675,0.49,0.51,0.01675,0.034183673469387756,0.9658163265306122,0
0.01675,0.5,0.5000000000000001,0.01675,0.03350000000000001,0.9665,0
0.01675,0.51,0.48999999999999994,0.01675,0.03284313725490196,0.967156862745098,0
0.01675,0.52,0.48,0.01675,0.032211538461538465,0.9677884615384615,0
0.01675,0.53,0.47000000000000003,0.01675,0.03160377358490566,0.9683962264150944,0
0.01675,0.54,0.46,0.01675,0.031018518518518518,0.9689814814814814,0
0.01675,0.55,0.45,0.01675,0.030454545454545453,0.9695454545454546,0
0.01675,0.56,0.43999999999999995,0.01675,0.029910714285714284,0.9700892857142858,0
0.01675,0.5700000000000001,0.43,0.01675,0.0293859649122807,0.9706140350877193,0
0.01675,0.5800000000000001,0.41999999999999993,0.01675,0.028879310344827585,0.9711206896551724,0
0.01675,0.59,0.41000000000000003,0.01675,0.02838983050847458,0.9716101694915255,0
0.01675,0.6,0.4,0.01675,0.02791666666666667,0.9720833333333333,0
0.01675,0.61,0.39,0.01675,0.027459016393442625,0.9725409836065574,0
0.01675,0.62,0.38,0.01675,0.027016129032258068,0.972983870967742,0
0.01675,0.63,0.36999999999999994,0.01675,0.026587301587301583,0.9734126984126984,0
0.01675,0.64,0.36,0.01675,0.026171875,0.973828125,0
0.01675,0.65,0.35,0.01675,0.02576923076923077,0.9742307692307692,0
0.01675,0.66,0.3399999999999999,0.01675,0.025378787878787876,0.9746212121212121,0
0.01675,0.67,0.32999999999999996,0.01675,0.025,0.975,0
0.01675,0.68,0.32,0.01675,0.024632352941176473,0.9753676470588235,0
0.01675,0.6900000000000001,0.3099999999999999,0.01675,0.024275362318840574,0.9757246376811595,0
0.01675,0.7000000000000001,0.29999999999999993,0.01675,0.023928571428571428,0.9760714285714286,0
0.01675,0.7100000000000001,0.29,0.01675,0.02359154929577465,0.9764084507042253,0
0.01675,0.72,0.28,0.01675,0.02326388888888889,0.9767361111111111,0
0.01675,0.73,0.2700000000000001,0.01675,0.022945205479452058,0.9770547945205479,0
0.01675,0.74,0.26,0.01675,0.022635135135135136,0.9773648648648648,0
0.01675,0.75,0.25,0.01675,0.022333333333333334,0.9776666666666667,0
0.01675,0.76,0.24,0.01675,0.02203947368421053,0.9779605263157894,0
0.01675,0.77,0.22999999999999995,0.01675,0.021753246753246754,0.9782467532467533,0
0.01675,0.78,0.21999999999999997,0.01675,0.021474358974358974,0.978525641025641,0
0.01675,0.79,0.20999999999999994,0.01675,0.021202531645569622,0.9787974683544304,0
0.01675,0.8,0.19999999999999993,0.01675,0.0209375,0.9790625,0
0.01675,0.81,0.18999999999999992,0.01675,0.020679012345679013,0.979320987654321,0
0.01675,0.8200000000000001,0.17999999999999994,0.01675,0.020426829268292684,0.9795731707317074,0
0.01675,0.8300000000000001,0.16999999999999993,0.01675,0.020180722891566263,0.9798192771084338,0
0.01675,0.8400000000000001,0.15999999999999992,0.01675,0.01994047619047619,0.9800595238095238,0
0.01675,0.85,0.15000000000000002,0.01675,0.019705882352941177,0.9802941176470589,0
0.01675,0.86,0.14,0.01675,0.019476744186046512,0.9805232558139535,0
0.01675,0.87,0.13000000000000003,0.01675,0.019252873563218392,0.9807471264367816,0
0.01675,0.88,0.12,0.01675,0.01903409090909091,0.9809659090909091,0
0.01675,0.89,0.10999999999999999,0.01675,0.018820224719101126,0.9811797752808988,0
0.01675,0.9,0.09999999999999996,0.01675,0.018611111111111113,0.9813888888888889,0
0.01675,0.91,0.08999999999999996,0.01675,0.018406593406593407,0.9815934065934065,0
0.01675,0.92,0.07999999999999997,0.01675,0.018206521739130434,0.9817934782608696,0
0.01675,0.93,0.06999999999999995,0.01675,0.01801075268817204,0.9819892473118279,0
0.01675,0.9400000000000001,0.05999999999999994,0.01675,0.017819148936170214,0.9821808510638298,0
0.01675,0.9500000000000001,0.04999999999999993,0.01675,0.017631578947368422,0.9823684210526316,0
0.01675,0.9600000000000001,0.039999999999999925,0.01675,0.017447916666666667,0.9825520833333333,0
0.01675,0.97,0.03000000000000003,0.01675,0.017268041237113403,0.9827319587628865,0
0.01675,0.98,0.020000000000000014,0.01675,0.017091836734693878,0.9829081632653062,0
0.01675,0.99,0.010000000000000009,0.01675,0.01691919191919192,0.9830808080808081,0
0.01675,1.0,0.0,0.01675,0.01675,0.98325,0
0.017,0.01,0.99,0.017000000000000005,1.699999999999999,-0.6999999999999991,0
0.017,0.02,0.9800000000000001,0.017000000000000005,0.8500000000000042,0.1499999999999958,0
0.017,0.03,0.97,0.017000000000000005,0.5666666666666663,0.4333333333333337,0
0.017,0.04,0.96,0.017000000000000005,0.42499999999999977,0.5750000000000002,0
0.017,0.05,0.9499999999999998,0.017000000000000005,0.339999999999999,0.660000000000001,0
0.017,0.060000000000000005,0.94,0.017000000000000005,0.28333333333333316,0.7166666666666668,0
0.017,0.06999999999999999,0.9300000000000002,0.017000000000000005,0.24285714285714347,0.7571428571428566,0
0.017,0.08,0.92,0.017000000000000005,0.21250000000000016,0.7874999999999999,0
0.017,0.09,0.91,0.017000000000000005,0.188888888888889,0.811111111111111,0
0.017,0.09999999999999999,0.8999999999999999,0.017000000000000005,0.1699999999999999,0.8300000000000001,0
0.017,0.11,0.89,0.017000000000000005,0.1545454545454546,0.8454545454545455,0
0.017,0.12,0.8800000000000001,0.017000000000000005,0.14166666666666683,0.8583333333333332,0
0.017,0.13,0.8699999999999999,0.017000000000000005,0.1307692307692307,0.8692307692307693,0
0.017,0.14,0.86,0.017000000000000005,0.12142857142857146,0.8785714285714286,0
0.017,0.15000000000000002,0.8500000000000001,0.017000000000000005,0.11333333333333344,0.8866666666666666,0
0.017,0.16,0.84,0.017000000000000005,0.10625000000000001,0.89375,0
0.017,0.17,0.8300000000000001,0.017000000000000005,0.10000000000000007,0.8999999999999999,0
0.017,0.18000000000000002,0.82,0.017000000000000005,0.09444444444444444,0.9055555555555556,0
0.017,0.19,0.81,0.017000000000000005,0.08947368421052637,0.9105263157894736,0
0.017,0.2,0.7999999999999999,0.017000000000000005,0.08499999999999999,0.915,0
0.017,0.21000000000000002,0.79,0.017000000000000005,0.08095238095238098,0.919047619047619,0
0.017,0.22,0.78,0.017000000000000005,0.0772727272727273,0.9227272727272727,0
0.017,0.23,0.77,0.017000000000000005,0.0739130434782609,0.9260869565217391,0
0.017,0.24000000000000002,0.7599999999999999,0.017000000000000005,0.07083333333333332,0.9291666666666667,0
0.017,0.25,0.7499999999999999,0.017000000000000005,0.06799999999999999,0.932,0
0.017,0.26,0.74,0.017000000000000005,0.0653846153846154,0.9346153846153846,0
0.017,0.27,0.73,0.017000000000000005,0.06296296296296297,0.937037037037037,0
0.017,0.28,0.72,0.017000000000000005,0.06071428571428573,0.9392857142857143,0
0.017,0.29000000000000004,0.7099999999999999,0.017000000000000005,0.0586206896551724,0.9413793103448276,0
0.017,0.3,0.7000000000000001,0.017000000000000005,0.05666666666666669,0.9433333333333334,0
0.017,0.31,0.69,0.017000000000000005,0.05483870967741936,0.9451612903225807,0
0.017,0.32,0.6799999999999998,0.017000000000000005,0.053124999999999985,0.946875,0
0.017,0.33,0.6699999999999999,0.017000000000000005,0.05151515151515152,0.9484848484848485,0
0.017,0.34,0.66,0.017000000000000005,0.05000000000000002,0.95,0
0.017,0.35000000000000003,0.6499999999999999,0.017000000000000005,0.04857142857142857,0.9514285714285714,0
0.017,0.36000000000000004,0.6399999999999999,0.017000000000000005,0.04722222222222222,0.9527777777777777,0
0.017,0.37,0.63,0.017000000000000005,0.04594594594594596,0.9540540540540541,0
0.017,0.38,0.6200000000000001,0.017000000000000005,0.044736842105263186,0.9552631578947368,0
0.017,0.39,0.61,0.017000000000000005,0.0435897435897436,0.9564102564102563,0
0.017,0.4,0.6000000000000001,0.017000000000000005,0.042500000000000024,0.9575,0
0.017,0.41000000000000003,0.5900000000000001,0.017000000000000005,0.041463414634146364,0.9585365853658536,0
0.017,0.42000000000000004,0.58,0.017000000000000005,0.040476190476190485,0.9595238095238096,0
0.017,0.43,0.5700000000000001,0.017000000000000005,0.039534883720930246,0.9604651162790697,0
0.017,0.44,0.56,0.017000000000000005,0.03863636363636365,0.9613636363636363,0
0.017,0.45,0.55,0.017000000000000005,0.03777777777777779,0.9622222222222222,0
0.017,0.46,0.54,0.017000000000000005,0.03695652173913045,0.9630434782608696,0
0.017,0.47000000000000003,0.53,0.017000000000000005,0.03617021276595746,0.9638297872340426,0
0.017,0.48000000000000004,0.5200000000000001,0.017000000000000005,0.03541666666666669,0.9645833333333333,0
0.017,0.49,0.51,0.017000000000000005,0.03469387755102042,0.9653061224489796,0
0.017,0.5,0.5000000000000001,0.017000000000000005,0.034000000000000016,0.966,0
0.017,0.51,0.48999999999999994,0.017000000000000005,0.03333333333333334,0.9666666666666667,0
0.017,0.52,0.48,0.017000000000000005,0.0326923076923077,0.9673076923076923,0
0.017,0.53,0.47000000000000003,0.017000000000000005,0.032075471698113214,0.9679245283018868,0
0.017,0.54,0.46,0.017000000000000005,0.031481481481481485,0.9685185185185186,0
0.017,0.55,0.45,0.017000000000000005,0.030909090909090914,0.9690909090909091,0
0.017,0.56,0.43999999999999995,0.017000000000000005,0.030357142857142864,0.9696428571428571,0
0.017,0.5700000000000001,0.43,0.017000000000000005,0.029824561403508778,0.9701754385964912,0
0.017,0.5800000000000001,0.41999999999999993,0.017000000000000005,0.02931034482758621,0.9706896551724138,0
0.017,0.59,0.41000000000000003,0.017000000000000005,0.02881355932203391,0.9711864406779661,0
0.017,0.6,0.4,0.017000000000000005,0.028333333333333342,0.9716666666666667,0
0.017,0.61,0.39,0.017000000000000005,0.0278688524590164,0.9721311475409836,0
0.017,0.62,0.38,0.017000000000000005,0.027419354838709685,0.9725806451612903,0
0.017,0.63,0.36999999999999994,0.017000000000000005,0.026984126984126985,0.973015873015873,0
0.017,0.64,0.36,0.017000000000000005,0.026562500000000006,0.9734375,0
0.017,0.65,0.35,0.017000000000000005,0.02615384615384616,0.9738461538461538,0
0.017,0.66,0.3399999999999999,0.017000000000000005,0.02575757575757576,0.9742424242424242,0
0.017,0.67,0.32999999999999996,0.017000000000000005,0.025373134328358214,0.9746268656716418,0
0.017,0.68,0.32,0.017000000000000005,0.02500000000000001,0.975,0
0.017,0.6900000000000001,0.3099999999999999,0.017000000000000005,0.02463768115942029,0.9753623188405797,0
0.017,0.7000000000000001,0.29999999999999993,0.017000000000000005,0.02428571428571429,0.9757142857142858,0
0.017,0.7100000000000001,0.29,0.017000000000000005,0.023943661971830992,0.976056338028169,0
0.017,0.72,0.28,0.017000000000000005,0.023611111111111117,0.9763888888888889,0
0.017,0.73,0.2700000000000001,0.017000000000000005,0.02328767123287672,0.9767123287671233,0
0.017,0.74,0.26,0.017000000000000005,0.02297297297297298,0.977027027027027,0
0.017,0.75,0.25,0.017000000000000005,0.022666666666666672,0.9773333333333333,0
0.017,0.76,0.24,0.017000000000000005,0.022368421052631586,0.9776315789473684,0
0.017,0.77,0.22999999999999995,0.017000000000000005,0.022077922077922082,0.977922077922078,0
0.017,0.78,0.21999999999999997,0.017000000000000005,0.0217948717948718,0.9782051282051282,0
0.017,0.79,0.20999999999999994,0.017000000000000005,0.021518987341772156,0.9784810126582278,0
0.017,0.8,0.19999999999999993,0.017000000000000005,0.021250000000000005,0.97875,0
0.017,0.81,0.18999999999999992,0.017000000000000005,0.020987654320987658,0.9790123456790123,0
0.017,0.8200000000000001,0.17999999999999994,0.017000000000000005,0.020731707317073175,0.9792682926829268,0
0.017,0.8300000000000001,0.16999999999999993,0.017000000000000005,0.020481927710843378,0.9795180722891567,0
0.017,0.8400000000000001,0.15999999999999992,0.017000000000000005,0.020238095238095243,0.9797619047619047,0
0.017,0.85,0.15000000000000002,0.017000000000000005,0.020000000000000007,0.98,0
0.017,0.86,0.14,0.017000000000000005,0.019767441860465123,0.9802325581395349,0
0.017,0.87,0.13000000000000003,0.017000000000000005,0.019540229885057478,0.9804597701149426,0
0.017,0.88,0.12,0.017000000000000005,0.019318181818181825,0.9806818181818182,0
0.017,0.89,0.10999999999999999,0.017000000000000005,0.01910112359550562,0.9808988764044944,0
0.017,0.9,0.09999999999999996,0.017000000000000005,0.018888888888888893,0.9811111111111112,0
0.017,0.91,0.08999999999999996,0.017000000000000005,0.018681318681318684,0.9813186813186813,0
0.017,0.92,0.07999999999999997,0.017000000000000005,0.018478260869565222,0.9815217391304347,0
0.017,0.93,0.06999999999999995,0.017000000000000005,0.018279569892473122,0.9817204301075269,0
0.017,0.9400000000000001,0.05999999999999994,0.017000000000000005,0.01808510638297873,0.9819148936170212,0
0.017,0.9500000000000001,0.04999999999999993,0.017000000000000005,0.017894736842105265,0.9821052631578947,0
0.017,0.9600000000000001,0.039999999999999925,0.017000000000000005,0.017708333333333336,0.9822916666666667,0
0.017,0.97,0.03000000000000003,0.017000000000000005,0.017525773195876292,0.9824742268041237,0
0.017,0.98,0.020000000000000014,0.017000000000000005,0.01734693877551021,0.9826530612244898,0
0.017,0.99,0.010000000000000009,0.017000000000000005,0.017171717171717178,0.9828282828282828,0
0.017,1.0,0.0,0.017000000000000005,0.017000000000000005,0.983,0
0.01725,0.01,0.99,0.01725,1.7249999999999985,-0.7249999999999985,0
0.01725,0.02,0.9800000000000001,0.01725,0.862500000000004,0.13749999999999596,0
0.01725,0.03,0.97,0.01725,0.5749999999999995,0.4250000000000005,0
0.01725,0.04,0.96,0.01725,0.43124999999999963,0.5687500000000003,0
0.01725,0.05,0.9499999999999998,0.01725,0.344999999999999,0.655000000000001,0
0.01725,0.060000000000000005,0.94,0.01725,0.28749999999999976,0.7125000000000002,0
0.01725,0.06999999999999999,0.9300000000000002,0.01725,0.24642857142857202,0.753571428571428,0
0.01725,0.08,0.92,0.01725,0.21562500000000012,0.7843749999999998,0
0.01725,0.09,0.91,0.01725,0.19166666666666674,0.8083333333333332,0
0.01725,0.09999999999999999,0.8999999999999999,0.01725,0.17249999999999985,0.8275000000000001,0
0.01725,0.11,0.89,0.01725,0.15681818181818186,0.8431818181818181,0
0.01725,0.12,0.8800000000000001,0.01725,0.14375000000000016,0.8562499999999998,0
0.01725,0.13,0.8699999999999999,0.01725,0.13269230769230758,0.8673076923076924,0
0.01725,0.14,0.86,0.01725,0.1232142857142857,0.8767857142857143,0
0.01725,0.15000000000000002,0.8500000000000001,0.01725,0.11500000000000007,0.8849999999999999,0
0.01725,0.16,0.84,0.01725,0.10781249999999999,0.8921875,0
0.01725,0.17,0.8300000000000001,0.01725,0.10147058823529417,0.8985294117647058,0
0.01725,0.18000000000000002,0.82,0.01725,0.09583333333333331,0.9041666666666667,0
0.01725,0.19,0.81,0.01725,0.09078947368421056,0.9092105263157895,0
0.01725,0.2,0.7999999999999999,0.01725,0.08624999999999998,0.9137500000000001,0
0.01725,0.21000000000000002,0.79,0.01725,0.08214285714285717,0.9178571428571428,0
0.01725,0.22,0.78,0.01725,0.07840909090909093,0.9215909090909091,0
0.01725,0.23,0.77,0.01725,0.07500000000000001,0.925,0
0.01725,0.24000000000000002,0.7599999999999999,0.01725,0.07187499999999998,0.928125,0
0.01725,0.25,0.7499999999999999,0.01725,0.06899999999999998,0.931,0
0.01725,0.26,0.74,0.01725,0.06634615384615385,0.9336538461538462,0
0.01725,0.27,0.73,0.01725,0.06388888888888888,0.9361111111111111,0
0.01725,0.28,0.72,0.01725,0.06160714285714285,0.9383928571428571,0
0.01725,0.29000000000000004,0.7099999999999999,0.01725,0.05948275862068963,0.9405172413793104,0
0.01725,0.3,0.7000000000000001,0.01725,0.057500000000000016,0.9425,0
0.01725,0.31,0.69,0.01725,0.05564516129032258,0.9443548387096774,0
0.01725,0.32,0.6799999999999998,0.01725,0.053906249999999975,0.9460937500000001,0
0.01725,0.33,0.6699999999999999,0.01725,0.05227272727272726,0.9477272727272728,0
0.01725,0.34,0.66,0.01725,0.050735294117647066,0.9492647058823529,0
0.01725,0.35000000000000003,0.6499999999999999,0.01725,0.04928571428571428,0.9507142857142857,0
0.01725,0.36000000000000004,0.6399999999999999,0.01725,0.047916666666666656,0.9520833333333334,0
0.01725,0.37,0.63,0.01725,0.046621621621621624,0.9533783783783784,0
0.01725,0.38,0.6200000000000001,0.01725,0.04539473684210528,0.9546052631578947,0
0.01725,0.39,0.61,0.01725,0.04423076923076923,0.9557692307692308,0
0.01725,0.4,0.6000000000000001,0.01725,0.04312500000000001,0.956875,0
0.01725,0.41000000000000003,0.5900000000000001,0.01725,0.04207317073170733,0.9579268292682926,0
0.01725,0.42000000000000004,0.58,0.01725,0.04107142857142857,0.9589285714285715,0
0.01725,0.43,0.5700000000000001,0.01725,0.04011627906976745,0.9598837209302326,0
0.01725,0.44,0.56,0.01725,0.039204545454545464,0.9607954545454546,0
0.01725,0.45,0.55,0.01725,0.03833333333333334,0.9616666666666667,0
0.01725,0.46,0.54,0.01725,0.037500000000000006,0.9625,0
0.01725,0.47000000000000003,0.53,0.01725,0.03670212765957447,0.9632978723404255,0
0.01725,0.48000000000000004,0.5200000000000001,0.01725,0.03593750000000001,0.9640625,0
0.01725,0.49,0.51,0.01725,0.03520408163265307,0.9647959183673469,0
0.01725,0.5,0.5000000000000001,0.01725,0.03450000000000001,0.9655,0
0.01725,0.51,0.48999999999999994,0.01725,0.03382352941176471,0.9661764705882353,0
0.01725,0.52,0.48,0.01725,0.03317307692307692,0.9668269230769231,0
0.01725,0.53,0.47000000000000003,0.01725,0.032547169811320754,0.9674528301886792,0
0.01725,0.54,0.46,0.01725,0.03194444444444444,0.9680555555555556,0
0.01725,0.55,0.45,0.01725,0.031363636363636364,0.9686363636363636,0
0.01725,0.56,0.43999999999999995,0.01725,0.030803571428571427,0.9691964285714286,0
0.01725,0.5700000000000001,0.43,0.01725,0.030263157894736843,0.9697368421052631,0
0.01725,0.5800000000000001,0.41999999999999993,0.01725,0.029741379310344828,0.9702586206896552,0
0.01725,0.59,0.41000000000000003,0.01725,0.029237288135593224,0.9707627118644068,0
0.01725,0.6,0.4,0.01725,0.028750000000000005,0.97125,0
0.01725,0.61,0.39,0.01725,0.028278688524590166,0.9717213114754099,0
0.01725,0.62,0.38,0.01725,0.027822580645161292,0.9721774193548387,0
0.01725,0.63,0.36999999999999994,0.01725,0.027380952380952377,0.9726190476190476,0
0.01725,0.64,0.36,0.01725,0.026953125,0.973046875,0
0.01725,0.65,0.35,0.01725,0.02653846153846154,0.9734615384615385,0
0.01725,0.66,0.3399999999999999,0.01725,0.02613636363636363,0.9738636363636364,0
0.01725,0.67,0.32999999999999996,0.01725,0.02574626865671642,0.9742537313432835,0
0.01725,0.68,0.32,0.01725,0.025367647058823533,0.9746323529411764,0
0.01725,0.6900000000000001,0.3099999999999999,0.01725,0.024999999999999994,0.975,0
0.01725,0.7000000000000001,0.29999999999999993,0.01725,0.024642857142857143,0.9753571428571428,0
0.01725,0.7100000000000001,0.29,0.01725,0.024295774647887326,0.9757042253521127,0
0.01725,0.72,0.28,0.01725,0.023958333333333335,0.9760416666666667,0
0.01725,0.73,0.2700000000000001,0.01725,0.023630136986301373,0.9763698630136987,0
0.01725,0.74,0.26,0.01725,0.023310810810810812,0.9766891891891892,0
0.01725,0.75,0.25,0.01725,0.023000000000000003,0.977,0
0.01725,0.76,0.24,0.01725,0.022697368421052633,0.9773026315789474,0
0.01725,0.77,0.22999999999999995,0.01725,0.022402597402597403,0.9775974025974026,0
0.01725,0.78,0.21999999999999997,0.01725,0.022115384615384617,0.9778846153846154,0
0.01725,0.79,0.20999999999999994,0.01725,0.021835443037974685,0.9781645569620253,0
0.01725,0.8,0.19999999999999993,0.01725,0.021562500000000002,0.9784375,0
0.01725,0.81,0.18999999999999992,0.01725,0.021296296296296296,0.9787037037037037,0
0.01725,0.8200000000000001,0.17999999999999994,0.01725,0.02103658536585366,0.9789634146341464,0
0.01725,0.8300000000000001,0.16999999999999993,0.01725,0.02078313253012048,0.9792168674698796,0
0.01725,0.8400000000000001,0.15999999999999992,0.01725,0.020535714285714286,0.9794642857142857,0
0.01725,0.85,0.15000000000000002,0.01725,0.020294117647058827,0.9797058823529412,0
0.01725,0.86,0.14,0.01725,0.020058139534883723,0.9799418604651162,0
0.01725,0.87,0.13000000000000003,0.01725,0.019827586206896553,0.9801724137931035,0
0.01725,0.88,0.12,0.01725,0.01960227272727273,0.9803977272727272,0
0.01725,0.89,0.10999999999999999,0.01725,0.019382022471910114,0.9806179775280899,0
0.01725,0.9,0.09999999999999996,0.01725,0.01916666666666667,0.9808333333333333,0
0.01725,0.91,0.08999999999999996,0.01725,0.018956043956043958,0.981043956043956,0
0.01725,0.92,0.07999999999999997,0.01725,0.01875,0.98125,0
0.01725,0.93,0.06999999999999995,0.01725,0.018548387096774196,0.9814516129032258,0
0.01725,0.9400000000000001,0.05999999999999994,0.01725,0.018351063829787233,0.9816489361702128,0
0.01725,0.9500000000000001,0.04999999999999993,0.01725,0.018157894736842106,0.9818421052631578,0
0.01725,0.9600000000000001,0.039999999999999925,0.01725,0.01796875,0.98203125,0
0.01725,0.97,0.03000000000000003,0.01725,0.017783505154639178,0.9822164948453608,0
0.01725,0.98,0.020000000000000014,0.01725,0.017602040816326534,0.9823979591836735,0
0.01725,0.99,0.010000000000000009,0.01725,0.017424242424242425,0.9825757575757575,0
0.01725,1.0,0.0,0.01725,0.01725,0.98275,0
0.0175,0.01,0.99,0.0175,1.7499999999999987,-0.7499999999999987,0
0.0175,0.02,0.9800000000000001,0.0175,0.8750000000000042,0.12499999999999578,0
0.0175,0.03,0.97,0.0175,0.5833333333333329,0.4166666666666671,0
0.0175,0.04,0.96,0.0175,0.43749999999999967,0.5625000000000003,0
0.0175,0.05,0.9499999999999998,0.0175,0.3499999999999989,0.650000000000001,0
0.0175,0.060000000000000005,0.94,0.0175,0.29166666666666646,0.7083333333333335,0
0.0175,0.06999999999999999,0.9300000000000002,0.0175,0.2500000000000006,0.7499999999999993,0
0.0175,0.08,0.92,0.0175,0.21875000000000014,0.7812499999999999,0
0.0175,0.09,0.91,0.0175,0.19444444444444453,0.8055555555555555,0
0.0175,0.09999999999999999,0.8999999999999999,0.0175,0.17499999999999985,0.8250000000000002,0
0.0175,0.11,0.89,0.0175,0.15909090909090912,0.8409090909090908,0
0.0175,0.12,0.8800000000000001,0.0175,0.14583333333333348,0.8541666666666665,0
0.0175,0.13,0.8699999999999999,0.0175,0.1346153846153845,0.8653846153846155,0
0.0175,0.14,0.86,0.0175,0.125,0.875,0
0.0175,0.15000000000000002,0.8500000000000001,0.0175,0.11666666666666675,0.8833333333333333,0
0.0175,0.16,0.84,0.0175,0.10937499999999999,0.890625,0
0.0175,0.17,0.8300000000000001,0.0175,0.10294117647058829,0.8970588235294117,0
0.0175,0.18000000000000002,0.82,0.0175,0.09722222222222221,0.9027777777777778,0
0.0175,0.19,0.81,0.0175,0.09210526315789477,0.9078947368421052,0
0.0175,0.2,0.7999999999999999,0.0175,0.08749999999999998,0.9125,0
0.0175,0.21000000000000002,0.79,0.0175,0.08333333333333336,0.9166666666666666,0
0.0175,0.22,0.78,0.0175,0.07954545454545456,0.9204545454545454,0
0.0175,0.23,0.77,0.0175,0.07608695652173915,0.9239130434782609,0
0.0175,0.24000000000000002,0.7599999999999999,0.0175,0.07291666666666664,0.9270833333333334,0
0.0175,0.25,0.7499999999999999,0.0175,0.06999999999999998,0.93,0
0.0175,0.26,0.74,0.0175,0.06730769230769232,0.9326923076923077,0
0.0175,0.27,0.73,0.0175,0.06481481481481481,0.9351851851851852,0
0.0175,0.28,0.72,0.0175,0.0625,0.9375,0
0.0175,0.29000000000000004,0.7099999999999999,0.0175,0.06034482758620687,0.9396551724137931,0
0.0175,0.3,0.7000000000000001,0.0175,0.058333333333333355,0.9416666666666667,0
0.0175,0.31,0.69,0.0175,0.056451612903225805,0.9435483870967742,0
0.0175,0.32,0.6799999999999998,0.0175,0.05468749999999997,0.9453125,0
0.0175,0.33,0.6699999999999999,0.0175,0.053030303030303025,0.946969696969697,0
0.0175,0.34,0.66,0.0175,0.05147058823529413,0.9485294117647058,0
0.0175,0.35000000000000003,0.6499999999999999,0.0175,0.04999999999999999,0.95,0
0.0175,0.36000000000000004,0.6399999999999999,0.0175,0.048611111111111105,0.9513888888888888,0
0.0175,0.37,0.63,0.0175,0.0472972972972973,0.9527027027027027,0
0.0175,0.38,0.6200000000000001,0.0175,0.04605263157894739,0.9539473684210527,0
0.0175,0.39,0.61,0.0175,0.04487179487179487,0.9551282051282052,0
0.0175,0.4,0.6000000000000001,0.0175,0.04375000000000001,0.95625,0
0.0175,0.41000000000000003,0.5900000000000001,0.0175,0.0426829268292683,0.9573170731707317,0
0.0175,0.42000000000000004,0.58,0.0175,0.041666666666666664,0.9583333333333334,0
0.0175,0.43,0.5700000000000001,0.0175,0.04069767441860466,0.9593023255813954,0
0.0175,0.44,0.56,0.0175,0.03977272727272728,0.9602272727272727,0
0.0175,0.45,0.55,0.0175,0.038888888888888896,0.9611111111111111,0
0.0175,0.46,0.54,0.0175,0.038043478260869575,0.9619565217391304,0
0.0175,0.47000000000000003,0.53,0.0175,0.037234042553191495,0.9627659574468085,0
0.0175,0.48000000000000004,0.5200000000000001,0.0175,0.03645833333333335,0.9635416666666666,0
0.0175,0.49,0.51,0.0175,0.03571428571428572,0.9642857142857143,0
0.0175,0.5,0.5000000000000001,0.0175,0.03500000000000001,0.965,0
0.0175,0.51,0.48999999999999994,0.0175,0.03431372549019608,0.9656862745098039,0
0.0175,0.52,0.48,0.0175,0.03365384615384616,0.9663461538461539,0
0.0175,0.53,0.47000000000000003,0.0175,0.0330188679245283,0.9669811320754716,0
0.0175,0.54,0.46,0.0175,0.032407407407407406,0.9675925925925926,0
0.0175,0.55,0.45,0.0175,0.03181818181818182,0.9681818181818181,0
0.0175,0.56,0.43999999999999995,0.0175,0.03125,0.96875,0
0.0175,0.5700000000000001,0.43,0.0175,0.03070175438596491,0.9692982456140351,0
0.0175,0.5800000000000001,0.41999999999999993,0.0175,0.030172413793103446,0.9698275862068966,0
0.0175,0.59,0.41000000000000003,0.0175,0.029661016949152547,0.9703389830508474,0
0.0175,0.6,0.4,0.0175,0.02916666666666667,0.9708333333333333,0
0.0175,0.61,0.39,0.0175,0.02868852459016394,0.9713114754098361,0
0.0175,0.62,0.38,0.0175,0.028225806451612906,0.9717741935483871,0
0.0175,0.63,0.36999999999999994,0.0175,0.027777777777777776,0.9722222222222222,0
0.0175,0.64,0.36,0.0175,0.027343750000000003,0.97265625,0
0.0175,0.65,0.35,0.0175,0.026923076923076925,0.9730769230769231,0
0.0175,0.66,0.3399999999999999,0.0175,0.026515151515151512,0.9734848484848485,0
0.0175,0.67,0.32999999999999996,0.0175,0.02611940298507463,0.9738805970149254,0
0.0175,0.68,0.32,0.0175,0.025735294117647065,0.9742647058823529,0
0.0175,0.6900000000000001,0.3099999999999999,0.0175,0.025362318840579705,0.9746376811594203,0
0.0175,0.7000000000000001,0.29999999999999993,0.0175,0.025,0.975,0
0.0175,0.7100000000000001,0.29,0.0175,0.024647887323943664,0.9753521126760564,0
0.0175,0.72,0.28,0.0175,0.02430555555555556,0.9756944444444444,0
0.0175,0.73,0.2700000000000001,0.0175,0.02397260273972603,0.976027397260274,0
0.0175,0.74,0.26,0.0175,0.02364864864864865,0.9763513513513513,0
0.0175,0.75,0.25,0.0175,0.023333333333333334,0.9766666666666667,0
0.0175,0.76,0.24,0.0175,0.023026315789473686,0.9769736842105263,0
0.0175,0.77,0.22999999999999995,0.0175,0.022727272727272728,0.9772727272727273,0
0.0175,0.78,0.21999999999999997,0.0175,0.022435897435897436,0.9775641025641025,0
0.0175,0.79,0.20999999999999994,0.0175,0.022151898734177215,0.9778481012658228,0
0.0175,0.8,0.19999999999999993,0.0175,0.021875000000000002,0.978125,0
0.0175,0.81,0.18999999999999992,0.0175,0.02160493827160494,0.9783950617283951,0
0.0175,0.8200000000000001,0.17999999999999994,0.0175,0.021341463414634148,0.9786585365853658,0
0.0175,0.8300000000000001,0.16999999999999993,0.0175,0.02108433734939759,0.9789156626506024,0
0.0175,0.8400000000000001,0.15999999999999992,0.0175,0.020833333333333332,0.9791666666666666,0
0.0175,0.85,0.15000000000000002,0.0175,0.02058823529411765,0.9794117647058823,0
0.0175,0.86,0.14,0.0175,0.020348837209302327,0.9796511627906976,0
0.0175,0.87,0.13000000000000003,0.0175,0.020114942528735635,0.9798850574712643,0
0.0175,0.88,0.12,0.0175,0.01988636363636364,0.9801136363636364,0
0.0175,0.89,0.10999999999999999,0.0175,0.01966292134831461,0.9803370786516854,0
0.0175,0.9,0.09999999999999996,0.0175,0.019444444444444445,0.9805555555555555,0
0.0175,0.91,0.08999999999999996,0.0175,0.019230769230769232,0.9807692307692307,0
0.0175,0.92,0.07999999999999997,0.0175,0.019021739130434784,0.9809782608695652,0
0.0175,0.93,0.06999999999999995,0.0175,0.01881720430107527,0.9811827956989247,0
0.0175,0.9400000000000001,0.05999999999999994,0.0175,0.018617021276595744,0.9813829787234043,0
0.0175,0.9500000000000001,0.04999999999999993,0.0175,0.01842105263157895,0.9815789473684211,0
0.0175,0.9600000000000001,0.039999999999999925,0.0175,0.018229166666666668,0.9817708333333334,0
0.0175,0.97,0.03000000000000003,0.0175,0.018041237113402064,0.9819587628865979,0
0.0175,0.98,0.020000000000000014,0.0175,0.01785714285714286,0.9821428571428571,0
0.0175,0.99,0.010000000000000009,0.0175,0.01767676767676768,0.9823232323232323,0
0.0175,1.0,0.0,0.0175,0.0175,0.9825,0
0.017750000000000002,0.01,0.99,0.017750000000000002,1.7749999999999986,-0.7749999999999986,0
0.017750000000000002,0.02,0.9800000000000001,0.017750000000000002,0.8875000000000043,0.11249999999999571,0
0.017750000000000002,0.03,0.97,0.017750000000000002,0.5916666666666662,0.40833333333333377,0
0.017750000000000002,0.04,0.96,0.017750000000000002,0.44374999999999964,0.5562500000000004,0
0.017750000000000002,0.05,0.9499999999999998,0.017750000000000002,0.3549999999999989,0.6450000000000011,0
0.017750000000000002,0.060000000000000005,0.94,0.017750000000000002,0.2958333333333331,0.7041666666666668,0
0.017750000000000002,0.06999999999999999,0.9300000000000002,0.017750000000000002,0.25357142857142917,0.7464285714285708,0
0.017750000000000002,0.08,0.92,0.017750000000000002,0.22187500000000013,0.7781249999999998,0
0.017750000000000002,0.09,0.91,0.017750000000000002,0.1972222222222223,0.8027777777777777,0
0.017750000000000002,0.09999999999999999,0.8999999999999999,0.017750000000000002,0.17749999999999985,0.8225000000000001,0
0.017750000000000002,0.11,0.89,0.017750000000000002,0.1613636363636364,0.8386363636363636,0
0.017750000000000002,0.12,0.8800000000000001,0.017750000000000002,0.14791666666666684,0.8520833333333332,0
0.017750000000000002,0.13,0.8699999999999999,0.017750000000000002,0.13653846153846144,0.8634615384615385,0
0.017750000000000002,0.14,0.86,0.017750000000000002,0.12678571428571428,0.8732142857142857,0
0.017750000000000002,0.15000000000000002,0.8500000000000001,0.017750000000000002,0.11833333333333342,0.8816666666666666,0
0.017750000000000002,0.16,0.84,0.017750000000000002,0.1109375,0.8890625,0
0.017750000000000002,0.17,0.8300000000000001,0.017750000000000002,0.10441176470588241,0.8955882352941176,0
0.017750000000000002,0.18000000000000002,0.82,0.017750000000000002,0.0986111111111111,0.9013888888888889,0
0.017750000000000002,0.19,0.81,0.017750000000000002,0.09342105263157899,0.906578947368421,0
0.017750000000000002,0.2,0.7999999999999999,0.017750000000000002,0.08874999999999998,0.91125,0
0.017750000000000002,0.21000000000000002,0.79,0.017750000000000002,0.08452380952380954,0.9154761904761904,0
0.017750000000000002,0.22,0.78,0.017750000000000002,0.0806818181818182,0.9193181818181818,0
0.017750000000000002,0.23,0.77,0.017750000000000002,0.07717391304347827,0.9228260869565217,0
0.017750000000000002,0.24000000000000002,0.7599999999999999,0.017750000000000002,0.0739583333333333,0.9260416666666667,0
0.017750000000000002,0.25,0.7499999999999999,0.017750000000000002,0.07099999999999998,0.929,0
0.017750000000000002,0.26,0.74,0.017750000000000002,0.06826923076923078,0.9317307692307693,0
0.017750000000000002,0.27,0.73,0.017750000000000002,0.06574074074074074,0.9342592592592592,0
0.017750000000000002,0.28,0.72,0.017750000000000002,0.06339285714285714,0.9366071428571429,0
0.017750000000000002,0.29000000000000004,0.7099999999999999,0.017750000000000002,0.061206896551724115,0.9387931034482759,0
0.017750000000000002,0.3,0.7000000000000001,0.017750000000000002,0.05916666666666669,0.9408333333333333,0
0.017750000000000002,0.31,0.69,0.017750000000000002,0.057258064516129026,0.942741935483871,0
0.017750000000000002,0.32,0.6799999999999998,0.017750000000000002,0.055468749999999976,0.94453125,0
0.017750000000000002,0.33,0.6699999999999999,0.017750000000000002,0.05378787878787878,0.9462121212121212,0
0.017750000000000002,0.34,0.66,0.017750000000000002,0.052205882352941185,0.9477941176470588,0
0.017750000000000002,0.35000000000000003,0.6499999999999999,0.017750000000000002,0.050714285714285705,0.9492857142857143,0
0.017750000000000002,0.36000000000000004,0.6399999999999999,0.017750000000000002,0.04930555555555555,0.9506944444444445,0
0.017750000000000002,0.37,0.63,0.017750000000000002,0.047972972972972976,0.952027027027027,0
0.017750000000000002,0.38,0.6200000000000001,0.017750000000000002,0.046710526315789494,0.9532894736842105,0
0.017750000000000002,0.39,0.61,0.017750000000000002,0.04551282051282052,0.9544871794871794,0
0.017750000000000002,0.4,0.6000000000000001,0.017750000000000002,0.04437500000000001,0.955625,0
0.017750000000000002,0.41000000000000003,0.5900000000000001,0.017750000000000002,0.04329268292682928,0.9567073170731707,0
0.017750000000000002,0.42000000000000004,0.58,0.017750000000000002,0.042261904761904764,0.9577380952380953,0
0.017750000000000002,0.43,0.5700000000000001,0.017750000000000002,0.04127906976744187,0.9587209302325581,0
0.017750000000000002,0.44,0.56,0.017750000000000002,0.0403409090909091,0.9596590909090909,0
0.017750000000000002,0.45,0.55,0.017750000000000002,0.039444444444444456,0.9605555555555555,0
0.017750000000000002,0.46,0.54,0.017750000000000002,0.03858695652173914,0.9614130434782608,0
0.017750000000000002,0.47000000000000003,0.53,0.017750000000000002,0.03776595744680852,0.9622340425531914,0
0.017750000000000002,0.48000000000000004,0.5200000000000001,0.017750000000000002,0.03697916666666668,0.9630208333333333,0
0.017750000000000002,0.49,0.51,0.017750000000000002,0.03622448979591837,0.9637755102040816,0
0.017750000000000002,0.5,0.5000000000000001,0.017750000000000002,0.03550000000000001,0.9645,0
0.017750000000000002,0.51,0.48999999999999994,0.017750000000000002,0.03480392156862745,0.9651960784313726,0
0.017750000000000002,0.52,0.48,0.017750000000000002,0.03413461538461539,0.9658653846153846,0
0.017750000000000002,0.53,0.47000000000000003,0.017750000000000002,0.03349056603773585,0.9665094339622642,0
0.017750000000000002,0.54,0.46,0.017750000000000002,0.03287037037037037,0.9671296296296297,0
0.017750000000000002,0.55,0.45,0.017750000000000002,0.03227272727272727,0.9677272727272728,0
0.017750000000000002,0.56,0.43999999999999995,0.017750000000000002,0.03169642857142857,0.9683035714285715,0
0.017750000000000002,0.5700000000000001,0.43,0.017750000000000002,0.031140350877192982,0.968859649122807,0
0.017750000000000002,0.5800000000000001,0.41999999999999993,0.017750000000000002,0.030603448275862068,0.969396551724138,0
0.017750000000000002,0.59,0.41000000000000003,0.017750000000000002,0.03008474576271187,0.9699152542372881,0
0.017750000000000002,0.6,0.4,0.017750000000000002,0.029583333333333336,0.9704166666666667,0
0.017750000000000002,0.61,0.39,0.017750000000000002,0.029098360655737707,0.9709016393442623,0
0.017750000000000002,0.62,0.38,0.017750000000000002,0.02862903225806452,0.9713709677419354,0
0.017750000000000002,0.63,0.36999999999999994,0.017750000000000002,0.02817460317460317,0.9718253968253968,0
0.017750000000000002,0.64,0.36,0.017750000000000002,0.027734375000000002,0.972265625,0
0.017750000000000002,0.65,0.35,0.017750000000000002,0.02730769230769231,0.9726923076923077,0
0.017750000000000002,0.66,0.3399999999999999,0.017750000000000002,0.02689393939393939,0.9731060606060606,0
0.017750000000000002,0.67,0.32999999999999996,0.017750000000000002,0.02649253731343284,0.9735074626865672,0
0.017750000000000002,0.68,0.32,0.017750000000000002,0.026102941176470593,0.9738970588235294,0
0.017750000000000002,0.6900000000000001,0.3099999999999999,0.017750000000000002,0.025724637681159415,0.9742753623188406,0
0.017750000000000002,0.7000000000000001,0.29999999999999993,0.017750000000000002,0.025357142857142856,0.9746428571428571,0
0.017750000000000002,0.7100000000000001,0.29,0.017750000000000002,0.025000000000000005,0.975,0
0.017750000000000002,0.72,0.28,0.017750000000000002,0.02465277777777778,0.9753472222222223,0
0.017750000000000002,0.73,0.2700000000000001,0.017750000000000002,0.02431506849315069,0.9756849315068493,0
0.017750000000000002,0.74,0.26,0.017750000000000002,0.023986486486486488,0.9760135135135135,0
0.017750000000000002,0.75,0.25,0.017750000000000002,0.02366666666666667,0.9763333333333333,0
0.017750000000000002,0.76,0.24,0.017750000000000002,0.02335526315789474,0.9766447368421053,0
0.017750000000000002,0.77,0.22999999999999995,0.017750000000000002,0.023051948051948053,0.9769480519480519,0
0.017750000000000002,0.78,0.21999999999999997,0.017750000000000002,0.02275641025641026,0.9772435897435897,0
0.017750000000000002,0.79,0.20999999999999994,0.017750000000000002,0.02246835443037975,0.9775316455696202,0
0.017750000000000002,0.8,0.19999999999999993,0.017750000000000002,0.022187500000000002,0.9778125,0
0.017750000000000002,0.81,0.18999999999999992,0.017750000000000002,0.021913580246913582,0.9780864197530864,0
0.017750000000000002,0.8200000000000001,0.17999999999999994,0.017750000000000002,0.021646341463414636,0.9783536585365854,0
0.017750000000000002,0.8300000000000001,0.16999999999999993,0.017750000000000002,0.0213855421686747,0.9786144578313253,0
0.017750000000000002,0.8400000000000001,0.15999999999999992,0.017750000000000002,0.021130952380952382,0.9788690476190476,0
0.017750000000000002,0.85,0.15000000000000002,0.017750000000000002,0.020882352941176473,0.9791176470588235,0
0.017750000000000002,0.86,0.14,0.017750000000000002,0.020639534883720934,0.979360465116279,0
0.017750000000000002,0.87,0.13000000000000003,0.017750000000000002,0.020402298850574714,0.9795977011494252,0
0.017750000000000002,0.88,0.12,0.017750000000000002,0.020170454545454547,0.9798295454545455,0
0.017750000000000002,0.89,0.10999999999999999,0.017750000000000002,0.019943820224719102,0.9800561797752809,0
0.017750000000000002,0.9,0.09999999999999996,0.017750000000000002,0.019722222222222224,0.9802777777777778,0
0.017750000000000002,0.91,0.08999999999999996,0.017750000000000002,0.019505494505494506,0.9804945054945055,0
0.017750000000000002,0.92,0.07999999999999997,0.017750000000000002,0.019293478260869565,0.9807065217391304,0
0.017750000000000002,0.93,0.06999999999999995,0.017750000000000002,0.019086021505376347,0.9809139784946237,0
0.017750000000000002,0.9400000000000001,0.05999999999999994,0.017750000000000002,0.018882978723404255,0.9811170212765957,0
0.017750000000000002,0.9500000000000001,0.04999999999999993,0.017750000000000002,0.01868421052631579,0.9813157894736843,0
0.017750000000000002,0.9600000000000001,0.039999999999999925,0.017750000000000002,0.018489583333333334,0.9815104166666667,0
0.017750000000000002,0.97,0.03000000000000003,0.017750000000000002,0.01829896907216495,0.981701030927835,0
0.017750000000000002,0.98,0.020000000000000014,0.017750000000000002,0.018112244897959186,0.9818877551020408,0
0.017750000000000002,0.99,0.010000000000000009,0.017750000000000002,0.01792929292929293,0.9820707070707071,0
0.017750000000000002,1.0,0.0,0.017750000000000002,0.017750000000000002,0.98225,0
0.018000000000000002,0.01,0.99,0.018000000000000002,1.7999999999999987,-0.7999999999999987,0
0.018000000000000002,0.02,0.9800000000000001,0.018000000000000002,0.9000000000000044,0.09999999999999565,0
0.018000000000000002,0.03,0.97,0.018000000000000002,0.5999999999999995,0.40000000000000047,0
0.018000000000000002,0.04,0.96,0.018000000000000002,0.4499999999999997,0.5500000000000003,0
0.018000000000000002,0.05,0.9499999999999998,0.018000000000000002,0.35999999999999893,0.640000000000001,0
0.018000000000000002,0.060000000000000005,0.94,0.018000000000000002,0.29999999999999977,0.7000000000000002,0
0.018000000000000002,0.06999999999999999,0.9300000000000002,0.018000000000000002,0.2571428571428578,0.7428571428571422,0
0.018000000000000002,0.08,0.92,0.018000000000000002,0.22500000000000014,0.7749999999999999,0
0.018000000000000002,0.09,0.91,0.018000000000000002,0.2000000000000001,0.7999999999999999,0
0.018000000000000002,0.09999999999999999,0.8999999999999999,0.018000000000000002,0.17999999999999985,0.8200000000000002,0
0.018000000000000002,0.11,0.89,0.018000000000000002,0.16363636363636366,0.8363636363636363,0
0.018000000000000002,0.12,0.8800000000000001,0.018000000000000002,0.15000000000000016,0.8499999999999999,0
0.018000000000000002,0.13,0.8699999999999999,0.018000000000000002,0.13846153846153836,0.8615384615384616,0
0.018000000000000002,0.14,0.86,0.018000000000000002,0.1285714285714286,0.8714285714285714,0
0.018000000000000002,0.15000000000000002,0.8500000000000001,0.018000000000000002,0.12000000000000008,0.8799999999999999,0
0.018000000000000002,0.16,0.84,0.018000000000000002,0.11249999999999999,0.8875,0
0.018000000000000002,0.17,0.8300000000000001,0.018000000000000002,0.10588235294117652,0.8941176470588235,0
0.018000000000000002,0.18000000000000002,0.82,0.018000000000000002,0.09999999999999998,0.9,0
0.018000000000000002,0.19,0.81,0.018000000000000002,0.09473684210526319,0.9052631578947368,0
0.018000000000000002,0.2,0.7999999999999999,0.018000000000000002,0.08999999999999998,0.91,0
0.018000000000000002,0.21000000000000002,0.79,0.018000000000000002,0.08571428571428574,0.9142857142857143,0
0.018000000000000002,0.22,0.78,0.018000000000000002,0.08181818181818183,0.9181818181818182,0
0.018000000000000002,0.23,0.77,0.018000000000000002,0.07826086956521741,0.9217391304347826,0
0.018000000000000002,0.24000000000000002,0.7599999999999999,0.018000000000000002,0.07499999999999998,0.925,0
0.018000000000000002,0.25,0.7499999999999999,0.018000000000000002,0.07199999999999998,0.928,0
0.018000000000000002,0.26,0.74,0.018000000000000002,0.06923076923076923,0.9307692307692308,0
0.018000000000000002,0.27,0.73,0.018000000000000002,0.06666666666666667,0.9333333333333333,0
0.018000000000000002,0.28,0.72,0.018000000000000002,0.0642857142857143,0.9357142857142857,0
0.018000000000000002,0.29000000000000004,0.7099999999999999,0.018000000000000002,0.06206896551724136,0.9379310344827586,0
0.018000000000000002,0.3,0.7000000000000001,0.018000000000000002,0.06000000000000002,0.94,0
0.018000000000000002,0.31,0.69,0.018000000000000002,0.058064516129032254,0.9419354838709677,0
0.018000000000000002,0.32,0.6799999999999998,0.018000000000000002,0.056249999999999974,0.94375,0
0.018000000000000002,0.33,0.6699999999999999,0.018000000000000002,0.05454545454545454,0.9454545454545454,0
0.018000000000000002,0.34,0.66,0.018000000000000002,0.05294117647058825,0.9470588235294117,0
0.018000000000000002,0.35000000000000003,0.6499999999999999,0.018000000000000002,0.05142857142857142,0.9485714285714286,0
0.018000000000000002,0.36000000000000004,0.6399999999999999,0.018000000000000002,0.04999999999999999,0.95,0
0.018000000000000002,0.37,0.63,0.018000000000000002,0.04864864864864866,0.9513513513513513,0
0.018000000000000002,0.38,0.6200000000000001,0.018000000000000002,0.047368421052631594,0.9526315789473684,0
0.018000000000000002,0.39,0.61,0.018000000000000002,0.046153846153846156,0.9538461538461538,0
0.018000000000000002,0.4,0.6000000000000001,0.018000000000000002,0.04500000000000001,0.955,0
0.018000000000000002,0.41000000000000003,0.5900000000000001,0.018000000000000002,0.043902439024390255,0.9560975609756097,0
0.018000000000000002,0.42000000000000004,0.58,0.018000000000000002,0.04285714285714286,0.9571428571428572,0
0.018000000000000002,0.43,0.5700000000000001,0.018000000000000002,0.04186046511627908,0.958139534883721,0
0.018000000000000002,0.44,0.56,0.018000000000000002,0.040909090909090916,0.9590909090909091,0
0.018000000000000002,0.45,0.55,0.018000000000000002,0.04000000000000001,0.96,0
0.018000000000000002,0.46,0.54,0.018000000000000002,0.039130434782608706,0.9608695652173913,0
0.018000000000000002,0.47000000000000003,0.53,0.018000000000000002,0.03829787234042554,0.9617021276595744,0
0.018000000000000002,0.48000000000000004,0.5200000000000001,0.018000000000000002,0.03750000000000001,0.9625,0
0.018000000000000002,0.49,0.51,0.018000000000000002,0.036734693877551024,0.963265306122449,0
0.018000000000000002,0.5,0.5000000000000001,0.018000000000000002,0.03600000000000001,0.964,0
0.018000000000000002,0.51,0.48999999999999994,0.018000000000000002,0.03529411764705883,0.9647058823529412,0
0.018000000000000002,0.52,0.48,0.018000000000000002,0.03461538461538462,0.9653846153846154,0
0.018000000000000002,0.53,0.47000000000000003,0.018000000000000002,0.033962264150943396,0.9660377358490566,0
0.018000000000000002,0.54,0.46,0.018000000000000002,0.03333333333333333,0.9666666666666667,0
0.018000000000000002,0.55,0.45,0.018000000000000002,0.03272727272727273,0.9672727272727273,0
0.018000000000000002,0.56,0.43999999999999995,0.018000000000000002,0.03214285714285715,0.9678571428571429,0
0.018000000000000002,0.5700000000000001,0.43,0.018000000000000002,0.031578947368421054,0.968421052631579,0
0.018000000000000002,0.5800000000000001,0.41999999999999993,0.018000000000000002,0.03103448275862069,0.9689655172413794,0
0.018000000000000002,0.59,0.41000000000000003,0.018000000000000002,0.03050847457627119,0.9694915254237289,0
0.018000000000000002,0.6,0.4,0.018000000000000002,0.030000000000000006,0.97,0
0.018000000000000002,0.61,0.39,0.018000000000000002,0.02950819672131148,0.9704918032786886,0
0.018000000000000002,0.62,0.38,0.018000000000000002,0.029032258064516134,0.9709677419354839,0
0.018000000000000002,0.63,0.36999999999999994,0.018000000000000002,0.02857142857142857,0.9714285714285714,0
0.018000000000000002,0.64,0.36,0.018000000000000002,0.028125000000000004,0.971875,0
0.018000000000000002,0.65,0.35,0.018000000000000002,0.027692307692307693,0.9723076923076923,0
0.018000000000000002,0.66,0.3399999999999999,0.018000000000000002,0.02727272727272727,0.9727272727272728,0
0.018000000000000002,0.67,0.32999999999999996,0.018000000000000002,0.026865671641791045,0.973134328358209,0
0.018000000000000002,0.68,0.32,0.018000000000000002,0.026470588235294124,0.9735294117647059,0
0.018000000000000002,0.6900000000000001,0.3099999999999999,0.018000000000000002,0.026086956521739126,0.9739130434782609,0
0.018000000000000002,0.7000000000000001,0.29999999999999993,0.018000000000000002,0.025714285714285714,0.9742857142857143,0
0.018000000000000002,0.7100000000000001,0.29,0.018000000000000002,0.025352112676056342,0.9746478873239437,0
0.018000000000000002,0.72,0.28,0.018000000000000002,0.025000000000000005,0.975,0
0.018000000000000002,0.73,0.2700000000000001,0.018000000000000002,0.024657534246575345,0.9753424657534246,0
0.018000000000000002,0.74,0.26,0.018000000000000002,0.02432432432432433,0.9756756756756757,0
0.018000000000000002,0.75,0.25,0.018000000000000002,0.024000000000000004,0.976,0
0.018000000000000002,0.76,0.24,0.018000000000000002,0.02368421052631579,0.9763157894736842,0
0.018000000000000002,0.77,0.22999999999999995,0.018000000000000002,0.023376623376623377,0.9766233766233766,0
0.018000000000000002,0.78,0.21999999999999997,0.018000000000000002,0.023076923076923078,0.9769230769230769,0
0.018000000000000002,0.79,0.20999999999999994,0.018000000000000002,0.02278481012658228,0.9772151898734177,0
0.018000000000000002,0.8,0.19999999999999993,0.018000000000000002,0.022500000000000003,0.9775,0
0.018000000000000002,0.81,0.18999999999999992,0.018000000000000002,0.022222222222222223,0.9777777777777777,0
0.018000000000000002,0.8200000000000001,0.17999999999999994,0.018000000000000002,0.021951219512195124,0.9780487804878049,0
0.018000000000000002,0.8300000000000001,0.16999999999999993,0.018000000000000002,0.021686746987951807,0.9783132530120482,0
0.018000000000000002,0.8400000000000001,0.15999999999999992,0.018000000000000002,0.02142857142857143,0.9785714285714285,0
0.018000000000000002,0.85,0.15000000000000002,0.018000000000000002,0.021176470588235297,0.9788235294117646,0
0.018000000000000002,0.86,0.14,0.018000000000000002,0.020930232558139538,0.9790697674418605,0
0.018000000000000002,0.87,0.13000000000000003,0.018000000000000002,0.020689655172413796,0.9793103448275862,0
0.018000000000000002,0.88,0.12,0.018000000000000002,0.020454545454545458,0.9795454545454545,0
0.018000000000000002,0.89,0.10999999999999999,0.018000000000000002,0.020224719101123598,0.9797752808988764,0
0.018000000000000002,0.9,0.09999999999999996,0.018000000000000002,0.02,0.98,0
0.018000000000000002,0.91,0.08999999999999996,0.018000000000000002,0.019780219780219783,0.9802197802197802,0
0.018000000000000002,0.92,0.07999999999999997,0.018000000000000002,0.01956521739130435,0.9804347826086957,0
0.018000000000000002,0.93,0.06999999999999995,0.018000000000000002,0.01935483870967742,0.9806451612903225,0
0.018000000000000002,0.9400000000000001,0.05999999999999994,0.018000000000000002,0.019148936170212766,0.9808510638297873,0
0.018000000000000002,0.9500000000000001,0.04999999999999993,0.018000000000000002,0.018947368421052633,0.9810526315789474,0
0.018000000000000002,0.9600000000000001,0.039999999999999925,0.018000000000000002,0.01875,0.98125,0
0.018000000000000002,0.97,0.03000000000000003,0.018000000000000002,0.01855670103092784,0.9814432989690721,0
0.018000000000000002,0.98,0.020000000000000014,0.018000000000000002,0.018367346938775512,0.9816326530612245,0
0.018000000000000002,0.99,0.010000000000000009,0.018000000000000002,0.018181818181818184,0.9818181818181818,0
0.018000000000000002,1.0,0.0,0.018000000000000002,0.018000000000000002,0.982,0
0.01825,0.01,0.99,0.018249999999999995,1.824999999999998,-0.824999999999998,0
0.01825,0.02,0.9800000000000001,0.018249999999999995,0.912500000000004,0.08749999999999603,0
0.01825,0.03,0.97,0.018249999999999995,0.6083333333333326,0.3916666666666674,0
0.01825,0.04,0.96,0.018249999999999995,0.4562499999999995,0.5437500000000005,0
0.01825,0.05,0.9499999999999998,0.018249999999999995,0.36499999999999877,0.6350000000000012,0
0.01825,0.060000000000000005,0.94,0.018249999999999995,0.3041666666666663,0.6958333333333337,0
0.01825,0.06999999999999999,0.9300000000000002,0.018249999999999995,0.26071428571428623,0.7392857142857138,0
0.01825,0.08,0.92,0.018249999999999995,0.22812500000000005,0.771875,0
0.01825,0.09,0.91,0.018249999999999995,0.2027777777777778,0.7972222222222222,0
0.01825,0.09999999999999999,0.8999999999999999,0.018249999999999995,0.1824999999999998,0.8175000000000002,0
0.01825,0.11,0.89,0.018249999999999995,0.1659090909090909,0.8340909090909091,0
0.01825,0.12,0.8800000000000001,0.018249999999999995,0.15208333333333343,0.8479166666666665,0
0.01825,0.13,0.8699999999999999,0.018249999999999995,0.14038461538461522,0.8596153846153848,0
0.01825,0.14,0.86,0.018249999999999995,0.1303571428571428,0.8696428571428572,0
0.01825,0.15000000000000002,0.8500000000000001,0.018249999999999995,0.12166666666666671,0.8783333333333333,0
0.01825,0.16,0.84,0.018249999999999995,0.11406249999999996,0.8859375,0
0.01825,0.17,0.8300000000000001,0.018249999999999995,0.10735294117647061,0.8926470588235293,0
0.01825,0.18000000000000002,0.82,0.018249999999999995,0.10138888888888883,0.8986111111111111,0
0.01825,0.19,0.81,0.018249999999999995,0.09605263157894738,0.9039473684210526,0
0.01825,0.2,0.7999999999999999,0.018249999999999995,0.09124999999999994,0.9087500000000001,0
0.01825,0.21000000000000002,0.79,0.018249999999999995,0.0869047619047619,0.9130952380952381,0
0.01825,0.22,0.78,0.018249999999999995,0.08295454545454545,0.9170454545454545,0
0.01825,0.23,0.77,0.018249999999999995,0.07934782608695651,0.9206521739130435,0
0.01825,0.24000000000000002,0.7599999999999999,0.018249999999999995,0.07604166666666662,0.9239583333333334,0
0.01825,0.25,0.7499999999999999,0.018249999999999995,0.07299999999999995,0.927,0
0.01825,0.26,0.74,0.018249999999999995,0.07019230769230768,0.9298076923076923,0
0.01825,0.27,0.73,0.018249999999999995,0.06759259259259257,0.9324074074074075,0
0.01825,0.28,0.72,0.018249999999999995,0.0651785714285714,0.9348214285714286,0
0.01825,0.29000000000000004,0.7099999999999999,0.018249999999999995,0.06293103448275858,0.9370689655172414,0
0.01825,0.3,0.7000000000000001,0.018249999999999995,0.06083333333333333,0.9391666666666667,0
0.01825,0.31,0.69,0.018249999999999995,0.05887096774193546,0.9411290322580645,0
0.01825,0.32,0.6799999999999998,0.018249999999999995,0.05703124999999996,0.94296875,0
0.01825,0.33,0.6699999999999999,0.018249999999999995,0.05530303030303028,0.9446969696969697,0
0.01825,0.34,0.66,0.018249999999999995,0.053676470588235284,0.9463235294117647,0
0.01825,0.35000000000000003,0.6499999999999999,0.018249999999999995,0.052142857142857116,0.9478571428571428,0
0.01825,0.36000000000000004,0.6399999999999999,0.018249999999999995,0.05069444444444442,0.9493055555555556,0
0.01825,0.37,0.63,0.018249999999999995,0.04932432432432431,0.9506756756756757,0
0.01825,0.38,0.6200000000000001,0.018249999999999995,0.04802631578947369,0.9519736842105263,0
0.01825,0.39,0.61,0.018249999999999995,0.04679487179487178,0.9532051282051283,0
0.01825,0.4,0.6000000000000001,0.018249999999999995,0.045625,0.954375,0
0.01825,0.41000000000000003,0.5900000000000001,0.018249999999999995,0.04451219512195122,0.9554878048780487,0
0.01825,0.42000000000000004,0.58,0.018249999999999995,0.04345238095238094,0.9565476190476191,0
0.01825,0.43,0.5700000000000001,0.018249999999999995,0.04244186046511628,0.9575581395348838,0
0.01825,0.44,0.56,0.018249999999999995,0.041477272727272724,0.9585227272727272,0
0.01825,0.45,0.55,0.018249999999999995,0.040555555555555546,0.9594444444444444,0
0.01825,0.46,0.54,0.018249999999999995,0.039673913043478254,0.9603260869565218,0
0.01825,0.47000000000000003,0.53,0.018249999999999995,0.03882978723404255,0.9611702127659575,0
0.01825,0.48000000000000004,0.5200000000000001,0.018249999999999995,0.03802083333333334,0.9619791666666666,0
0.01825,0.49,0.51,0.018249999999999995,0.03724489795918366,0.9627551020408164,0
0.01825,0.5,0.5000000000000001,0.018249999999999995,0.0365,0.9635,0
0.01825,0.51,0.48999999999999994,0.018249999999999995,0.03578431372549019,0.9642156862745098,0
0.01825,0.52,0.48,0.018249999999999995,0.03509615384615384,0.9649038461538462,0
0.01825,0.53,0.47000000000000003,0.018249999999999995,0.034433962264150936,0.965566037735849,0
0.01825,0.54,0.46,0.018249999999999995,0.03379629629629628,0.9662037037037037,0
0.01825,0.55,0.45,0.018249999999999995,0.03318181818181817,0.9668181818181818,0
0.01825,0.56,0.43999999999999995,0.018249999999999995,0.0325892857142857,0.9674107142857143,0
0.01825,0.5700000000000001,0.43,0.018249999999999995,0.03201754385964911,0.9679824561403509,0
0.01825,0.5800000000000001,0.41999999999999993,0.018249999999999995,0.0314655172413793,0.9685344827586208,0
0.01825,0.59,0.41000000000000003,0.018249999999999995,0.030932203389830503,0.9690677966101695,0
0.01825,0.6,0.4,0.018249999999999995,0.03041666666666666,0.9695833333333334,0
0.01825,0.61,0.39,0.018249999999999995,0.029918032786885238,0.9700819672131148,0
0.01825,0.62,0.38,0.018249999999999995,0.029435483870967734,0.9705645161290323,0
0.01825,0.63,0.36999999999999994,0.018249999999999995,0.028968253968253956,0.971031746031746,0
0.01825,0.64,0.36,0.018249999999999995,0.028515624999999992,0.971484375,0
0.01825,0.65,0.35,0.018249999999999995,0.02807692307692307,0.9719230769230769,0
0.01825,0.66,0.3399999999999999,0.018249999999999995,0.02765151515151514,0.9723484848484849,0
0.01825,0.67,0.32999999999999996,0.018249999999999995,0.027238805970149244,0.9727611940298507,0
0.01825,0.68,0.32,0.018249999999999995,0.026838235294117642,0.9731617647058823,0
0.01825,0.6900000000000001,0.3099999999999999,0.018249999999999995,0.02644927536231883,0.9735507246376812,0
0.01825,0.7000000000000001,0.29999999999999993,0.018249999999999995,0.02607142857142856,0.9739285714285715,0
0.01825,0.7100000000000001,0.29,0.018249999999999995,0.02570422535211267,0.9742957746478873,0
0.01825,0.72,0.28,0.018249999999999995,0.025347222222222215,0.9746527777777778,0
0.01825,0.73,0.2700000000000001,0.018249999999999995,0.024999999999999994,0.975,0
0.01825,0.74,0.26,0.018249999999999995,0.024662162162162157,0.9753378378378379,0
0.01825,0.75,0.25,0.018249999999999995,0.02433333333333333,0.9756666666666667,0
0.01825,0.76,0.24,0.018249999999999995,0.024013157894736837,0.9759868421052632,0
0.01825,0.77,0.22999999999999995,0.018249999999999995,0.023701298701298695,0.9762987012987013,0
0.01825,0.78,0.21999999999999997,0.018249999999999995,0.02339743589743589,0.9766025641025641,0
0.01825,0.79,0.20999999999999994,0.018249999999999995,0.023101265822784805,0.9768987341772152,0
0.01825,0.8,0.19999999999999993,0.018249999999999995,0.022812499999999993,0.9771875,0
0.01825,0.81,0.18999999999999992,0.018249999999999995,0.022530864197530857,0.9774691358024692,0
0.01825,0.8200000000000001,0.17999999999999994,0.018249999999999995,0.022256097560975602,0.9777439024390244,0
0.01825,0.8300000000000001,0.16999999999999993,0.018249999999999995,0.021987951807228907,0.9780120481927711,0
0.01825,0.8400000000000001,0.15999999999999992,0.018249999999999995,0.02172619047619047,0.9782738095238095,0
0.01825,0.85,0.15000000000000002,0.018249999999999995,0.021470588235294113,0.9785294117647059,0
0.01825,0.86,0.14,0.018249999999999995,0.021220930232558135,0.9787790697674419,0
0.01825,0.87,0.13000000000000003,0.018249999999999995,0.020977011494252868,0.9790229885057471,0
0.01825,0.88,0.12,0.018249999999999995,0.02073863636363636,0.9792613636363636,0
0.01825,0.89,0.10999999999999999,0.018249999999999995,0.020505617977528083,0.979494382022472,0
0.01825,0.9,0.09999999999999996,0.018249999999999995,0.020277777777777773,0.9797222222222223,0
0.01825,0.91,0.08999999999999996,0.018249999999999995,0.02005494505494505,0.9799450549450549,0
0.01825,0.92,0.07999999999999997,0.018249999999999995,0.019836956521739123,0.9801630434782609,0
0.01825,0.93,0.06999999999999995,0.018249999999999995,0.019623655913978487,0.9803763440860215,0
0.01825,0.9400000000000001,0.05999999999999994,0.018249999999999995,0.01941489361702127,0.9805851063829787,0
0.01825,0.9500000000000001,0.04999999999999993,0.018249999999999995,0.019210526315789466,0.9807894736842105,0
0.01825,0.9600000000000001,0.039999999999999925,0.018249999999999995,0.01901041666666666,0.9809895833333333,0
0.01825,0.97,0.03000000000000003,0.018249999999999995,0.018814432989690717,0.9811855670103092,0
0.01825,0.98,0.020000000000000014,0.018249999999999995,0.01862244897959183,0.9813775510204081,0
0.01825,0.99,0.010000000000000009,0.018249999999999995,0.018434343434343428,0.9815656565656565,0
0.01825,1.0,0.0,0.018249999999999995,0.018249999999999995,0.98175,0
0.0185,0.01,0.99,0.018500000000000003,1.8499999999999985,-0.8499999999999985,0
0.0185,0.02,0.9800000000000001,0.018500000000000003,0.9250000000000045,0.07499999999999551,0
0.0185,0.03,0.97,0.018500000000000003,0.6166666666666663,0.38333333333333375,0
0.0185,0.04,0.96,0.018500000000000003,0.46249999999999963,0.5375000000000003,0
0.0185,0.05,0.9499999999999998,0.018500000000000003,0.3699999999999989,0.6300000000000011,0
0.0185,0.060000000000000005,0.94,0.018500000000000003,0.3083333333333331,0.6916666666666669,0
0.0185,0.06999999999999999,0.9300000000000002,0.018500000000000003,0.2642857142857149,0.7357142857142851,0
0.0185,0.08,0.92,0.018500000000000003,0.23125000000000015,0.7687499999999998,0
0.0185,0.09,0.91,0.018500000000000003,0.20555555555555566,0.7944444444444443,0
0.0185,0.09999999999999999,0.8999999999999999,0.018500000000000003,0.18499999999999986,0.8150000000000002,0
0.0185,0.11,0.89,0.018500000000000003,0.16818181818181824,0.8318181818181818,0
0.0185,0.12,0.8800000000000001,0.018500000000000003,0.15416666666666684,0.8458333333333332,0
0.0185,0.13,0.8699999999999999,0.018500000000000003,0.1423076923076922,0.8576923076923078,0
0.0185,0.14,0.86,0.018500000000000003,0.13214285714285715,0.8678571428571429,0
0.0185,0.15000000000000002,0.8500000000000001,0.018500000000000003,0.12333333333333342,0.8766666666666666,0
0.0185,0.16,0.84,0.018500000000000003,0.11562499999999999,0.884375,0
0.0185,0.17,0.8300000000000001,0.018500000000000003,0.10882352941176476,0.8911764705882352,0
0.0185,0.18000000000000002,0.82,0.018500000000000003,0.10277777777777776,0.8972222222222223,0
0.0185,0.19,0.81,0.018500000000000003,0.09736842105263162,0.9026315789473683,0
0.0185,0.2,0.7999999999999999,0.018500000000000003,0.09249999999999999,0.9075,0
0.0185,0.21000000000000002,0.79,0.018500000000000003,0.08809523809523813,0.9119047619047619,0
0.0185,0.22,0.78,0.018500000000000003,0.08409090909090912,0.9159090909090909,0
0.0185,0.23,0.77,0.018500000000000003,0.08043478260869567,0.9195652173913044,0
0.0185,0.24000000000000002,0.7599999999999999,0.018500000000000003,0.07708333333333331,0.9229166666666667,0
0.0185,0.25,0.7499999999999999,0.018500000000000003,0.07399999999999998,0.926,0
0.0185,0.26,0.74,0.018500000000000003,0.07115384615384616,0.9288461538461539,0
0.0185,0.27,0.73,0.018500000000000003,0.06851851851851852,0.9314814814814815,0
0.0185,0.28,0.72,0.018500000000000003,0.06607142857142857,0.9339285714285714,0
0.0185,0.29000000000000004,0.7099999999999999,0.018500000000000003,0.06379310344827584,0.9362068965517242,0
0.0185,0.3,0.7000000000000001,0.018500000000000003,0.06166666666666669,0.9383333333333334,0
0.0185,0.31,0.69,0.018500000000000003,0.05967741935483871,0.9403225806451613,0
0.0185,0.32,0.6799999999999998,0.018500000000000003,0.057812499999999975,0.9421875000000001,0
0.0185,0.33,0.6699999999999999,0.018500000000000003,0.056060606060606054,0.943939393939394,0
0.0185,0.34,0.66,0.018500000000000003,0.05441176470588237,0.9455882352941176,0
0.0185,0.35000000000000003,0.6499999999999999,0.018500000000000003,0.05285714285714285,0.9471428571428572,0
0.0185,0.36000000000000004,0.6399999999999999,0.018500000000000003,0.05138888888888888,0.9486111111111111,0
0.0185,0.37,0.63,0.018500000000000003,0.05000000000000001,0.95,0
0.0185,0.38,0.6200000000000001,0.018500000000000003,0.04868421052631581,0.9513157894736842,0
0.0185,0.39,0.61,0.018500000000000003,0.04743589743589744,0.9525641025641025,0
0.0185,0.4,0.6000000000000001,0.018500000000000003,0.04625000000000001,0.95375,0
0.0185,0.41000000000000003,0.5900000000000001,0.018500000000000003,0.04512195121951221,0.9548780487804878,0
0.0185,0.42000000000000004,0.58,0.018500000000000003,0.04404761904761905,0.955952380952381,0
0.0185,0.43,0.5700000000000001,0.018500000000000003,0.0430232558139535,0.9569767441860465,0
0.0185,0.44,0.56,0.018500000000000003,0.04204545454545456,0.9579545454545454,0
0.0185,0.45,0.55,0.018500000000000003,0.04111111111111112,0.9588888888888889,0
0.0185,0.46,0.54,0.018500000000000003,0.04021739130434784,0.9597826086956521,0
0.0185,0.47000000000000003,0.53,0.018500000000000003,0.03936170212765958,0.9606382978723405,0
0.0185,0.48000000000000004,0.5200000000000001,0.018500000000000003,0.03854166666666668,0.9614583333333333,0
0.0185,0.49,0.51,0.018500000000000003,0.037755102040816335,0.9622448979591837,0
0.0185,0.5,0.5000000000000001,0.018500000000000003,0.03700000000000001,0.963,0
0.0185,0.51,0.48999999999999994,0.018500000000000003,0.03627450980392157,0.9637254901960784,0
0.0185,0.52,0.48,0.018500000000000003,0.03557692307692308,0.9644230769230769,0
0.0185,0.53,0.47000000000000003,0.018500000000000003,0.0349056603773585,0.9650943396226415,0
0.0185,0.54,0.46,0.018500000000000003,0.03425925925925926,0.9657407407407408,0
0.0185,0.55,0.45,0.018500000000000003,0.03363636363636364,0.9663636363636363,0
0.0185,0.56,0.43999999999999995,0.018500000000000003,0.033035714285714286,0.9669642857142857,0
0.0185,0.5700000000000001,0.43,0.018500000000000003,0.0324561403508772,0.9675438596491228,0
0.0185,0.5800000000000001,0.41999999999999993,0.018500000000000003,0.03189655172413793,0.968103448275862,0
0.0185,0.59,0.41000000000000003,0.018500000000000003,0.031355932203389836,0.9686440677966102,0
0.0185,0.6,0.4,0.018500000000000003,0.030833333333333338,0.9691666666666666,0
0.0185,0.61,0.39,0.018500000000000003,0.03032786885245902,0.969672131147541,0
0.0185,0.62,0.38,0.018500000000000003,0.029838709677419358,0.9701612903225807,0
0.0185,0.63,0.36999999999999994,0.018500000000000003,0.029365079365079365,0.9706349206349206,0
0.0185,0.64,0.36,0.018500000000000003,0.028906250000000005,0.97109375,0
0.0185,0.65,0.35,0.018500000000000003,0.028461538461538465,0.9715384615384616,0
0.0185,0.66,0.3399999999999999,0.018500000000000003,0.028030303030303027,0.9719696969696969,0
0.0185,0.67,0.32999999999999996,0.018500000000000003,0.027611940298507463,0.9723880597014926,0
0.0185,0.68,0.32,0.018500000000000003,0.027205882352941184,0.9727941176470588,0
0.0185,0.6900000000000001,0.3099999999999999,0.018500000000000003,0.026811594202898546,0.9731884057971014,0
0.0185,0.7000000000000001,0.29999999999999993,0.018500000000000003,0.02642857142857143,0.9735714285714285,0
0.0185,0.7100000000000001,0.29,0.018500000000000003,0.026056338028169018,0.973943661971831,0
0.0185,0.72,0.28,0.018500000000000003,0.02569444444444445,0.9743055555555555,0
0.0185,0.73,0.2700000000000001,0.018500000000000003,0.02534246575342466,0.9746575342465753,0
0.0185,0.74,0.26,0.018500000000000003,0.025000000000000005,0.975,0
0.0185,0.75,0.25,0.018500000000000003,0.02466666666666667,0.9753333333333334,0
0.0185,0.76,0.24,0.018500000000000003,0.024342105263157898,0.9756578947368421,0
0.0185,0.77,0.22999999999999995,0.018500000000000003,0.024025974025974027,0.9759740259740259,0
0.0185,0.78,0.21999999999999997,0.018500000000000003,0.02371794871794872,0.9762820512820513,0
0.0185,0.79,0.20999999999999994,0.018500000000000003,0.023417721518987345,0.9765822784810126,0
0.0185,0.8,0.19999999999999993,0.018500000000000003,0.023125000000000003,0.976875,0
0.0185,0.81,0.18999999999999992,0.018500000000000003,0.02283950617283951,0.9771604938271605,0
0.0185,0.8200000000000001,0.17999999999999994,0.018500000000000003,0.0225609756097561,0.9774390243902439,0
0.0185,0.8300000000000001,0.16999999999999993,0.018500000000000003,0.022289156626506025,0.977710843373494,0
0.0185,0.8400000000000001,0.15999999999999992,0.018500000000000003,0.022023809523809525,0.9779761904761904,0
0.0185,0.85,0.15000000000000002,0.018500000000000003,0.021764705882352946,0.9782352941176471,0
0.0185,0.86,0.14,0.018500000000000003,0.02151162790697675,0.9784883720930233,0
0.0185,0.87,0.13000000000000003,0.018500000000000003,0.021264367816091957,0.978735632183908,0
0.0185,0.88,0.12,0.018500000000000003,0.021022727272727276,0.9789772727272728,0
0.0185,0.89,0.10999999999999999,0.018500000000000003,0.020786516853932586,0.9792134831460674,0
0.0185,0.9,0.09999999999999996,0.018500000000000003,0.02055555555555556,0.9794444444444445,0
0.0185,0.91,0.08999999999999996,0.018500000000000003,0.02032967032967033,0.9796703296703296,0
0.0185,0.92,0.07999999999999997,0.018500000000000003,0.020108695652173915,0.9798913043478261,0
0.0185,0.93,0.06999999999999995,0.018500000000000003,0.01989247311827957,0.9801075268817204,0
0.0185,0.9400000000000001,0.05999999999999994,0.018500000000000003,0.019680851063829788,0.9803191489361702,0
0.0185,0.9500000000000001,0.04999999999999993,0.018500000000000003,0.019473684210526317,0.9805263157894737,0
0.0185,0.9600000000000001,0.039999999999999925,0.018500000000000003,0.019270833333333334,0.9807291666666667,0
0.0185,0.97,0.03000000000000003,0.018500000000000003,0.01907216494845361,0.9809278350515463,0
0.0185,0.98,0.020000000000000014,0.018500000000000003,0.018877551020408168,0.9811224489795918,0
0.0185,0.99,0.010000000000000009,0.018500000000000003,0.01868686868686869,0.9813131313131314,0
0.0185,1.0,0.0,0.018500000000000003,0.018500000000000003,0.9815,0
0.01875,0.01,0.99,0.018749999999999996,1.874999999999998,-0.874999999999998,0
0.01875,0.02,0.9800000000000001,0.018749999999999996,0.9375000000000042,0.06249999999999578,0
0.01875,0.03,0.97,0.018749999999999996,0.6249999999999993,0.37500000000000067,0
0.01875,0.04,0.96,0.018749999999999996,0.4687499999999995,0.5312500000000004,0
0.01875,0.05,0.9499999999999998,0.018749999999999996,0.3749999999999988,0.6250000000000012,0
0.01875,0.060000000000000005,0.94,0.018749999999999996,0.31249999999999967,0.6875000000000003,0
0.01875,0.06999999999999999,0.9300000000000002,0.018749999999999996,0.2678571428571434,0.7321428571428565,0
0.01875,0.08,0.92,0.018749999999999996,0.23437500000000006,0.765625,0
0.01875,0.09,0.91,0.018749999999999996,0.20833333333333337,0.7916666666666666,0
0.01875,0.09999999999999999,0.8999999999999999,0.018749999999999996,0.1874999999999998,0.8125000000000002,0
0.01875,0.11,0.89,0.018749999999999996,0.17045454545454544,0.8295454545454546,0
0.01875,0.12,0.8800000000000001,0.018749999999999996,0.1562500000000001,0.8437499999999999,0
0.01875,0.13,0.8699999999999999,0.018749999999999996,0.14423076923076908,0.855769230769231,0
0.01875,0.14,0.86,0.018749999999999996,0.1339285714285714,0.8660714285714286,0
0.01875,0.15000000000000002,0.8500000000000001,0.018749999999999996,0.12500000000000006,0.875,0
0.01875,0.16,0.84,0.018749999999999996,0.11718749999999994,0.8828125,0
0.01875,0.17,0.8300000000000001,0.018749999999999996,0.11029411764705885,0.8897058823529411,0
0.01875,0.18000000000000002,0.82,0.018749999999999996,0.10416666666666662,0.8958333333333334,0
0.01875,0.19,0.81,0.018749999999999996,0.09868421052631579,0.9013157894736842,0
0.01875,0.2,0.7999999999999999,0.018749999999999996,0.09374999999999994,0.90625,0
0.01875,0.21000000000000002,0.79,0.018749999999999996,0.08928571428571429,0.9107142857142857,0
0.01875,0.22,0.78,0.018749999999999996,0.08522727272727272,0.9147727272727273,0
0.01875,0.23,0.77,0.018749999999999996,0.08152173913043477,0.9184782608695652,0
0.01875,0.24000000000000002,0.7599999999999999,0.018749999999999996,0.07812499999999994,0.921875,0
0.01875,0.25,0.7499999999999999,0.018749999999999996,0.07499999999999996,0.925,0
0.01875,0.26,0.74,0.018749999999999996,0.0721153846153846,0.9278846153846154,0
0.01875,0.27,0.73,0.018749999999999996,0.06944444444444442,0.9305555555555556,0
0.01875,0.28,0.72,0.018749999999999996,0.0669642857142857,0.9330357142857143,0
0.01875,0.29000000000000004,0.7099999999999999,0.018749999999999996,0.06465517241379305,0.935344827586207,0
0.01875,0.3,0.7000000000000001,0.018749999999999996,0.0625,0.9375,0
0.01875,0.31,0.69,0.018749999999999996,0.06048387096774191,0.9395161290322581,0
0.01875,0.32,0.6799999999999998,0.018749999999999996,0.05859374999999996,0.94140625,0
0.01875,0.33,0.6699999999999999,0.018749999999999996,0.056818181818181795,0.9431818181818182,0
0.01875,0.34,0.66,0.018749999999999996,0.0551470588235294,0.9448529411764706,0
0.01875,0.35000000000000003,0.6499999999999999,0.018749999999999996,0.05357142857142855,0.9464285714285714,0
0.01875,0.36000000000000004,0.6399999999999999,0.018749999999999996,0.05208333333333331,0.9479166666666667,0
0.01875,0.37,0.63,0.018749999999999996,0.050675675675675665,0.9493243243243243,0
0.01875,0.38,0.6200000000000001,0.018749999999999996,0.049342105263157895,0.9506578947368421,0
0.01875,0.39,0.61,0.018749999999999996,0.048076923076923066,0.951923076923077,0
0.01875,0.4,0.6000000000000001,0.018749999999999996,0.046875,0.953125,0
0.01875,0.41000000000000003,0.5900000000000001,0.018749999999999996,0.04573170731707317,0.9542682926829268,0
0.01875,0.42000000000000004,0.58,0.018749999999999996,0.04464285714285713,0.9553571428571429,0
0.01875,0.43,0.5700000000000001,0.018749999999999996,0.04360465116279069,0.9563953488372093,0
0.01875,0.44,0.56,0.018749999999999996,0.04261363636363636,0.9573863636363636,0
0.01875,0.45,0.55,0.018749999999999996,0.041666666666666664,0.9583333333333334,0
0.01875,0.46,0.54,0.018749999999999996,0.040760869565217385,0.9592391304347826,0
0.01875,0.47000000000000003,0.53,0.018749999999999996,0.03989361702127659,0.9601063829787234,0
0.01875,0.48000000000000004,0.5200000000000001,0.018749999999999996,0.0390625,0.9609375,0
0.01875,0.49,0.51,0.018749999999999996,0.038265306122448974,0.9617346938775511,0
0.01875,0.5,0.5000000000000001,0.018749999999999996,0.0375,0.9625,0
0.01875,0.51,0.48999999999999994,0.018749999999999996,0.036764705882352935,0.9632352941176471,0
0.01875,0.52,0.48,0.018749999999999996,0.0360576923076923,0.9639423076923077,0
0.01875,0.53,0.47000000000000003,0.018749999999999996,0.03537735849056603,0.964622641509434,0
0.01875,0.54,0.46,0.018749999999999996,0.03472222222222221,0.9652777777777778,0
0.01875,0.55,0.45,0.018749999999999996,0.03409090909090908,0.9659090909090909,0
0.01875,0.56,0.43999999999999995,0.018749999999999996,0.03348214285714285,0.9665178571428572,0
0.01875,0.5700000000000001,0.43,0.018749999999999996,0.032894736842105254,0.9671052631578947,0
0.01875,0.5800000000000001,0.41999999999999993,0.018749999999999996,0.03232758620689654,0.9676724137931034,0
0.01875,0.59,0.41000000000000003,0.018749999999999996,0.031779661016949144,0.9682203389830508,0
0.01875,0.6,0.4,0.018749999999999996,0.031249999999999993,0.96875,0
0.01875,0.61,0.39,0.018749999999999996,0.03073770491803278,0.9692622950819673,0
0.01875,0.62,0.38,0.018749999999999996,0.03024193548387096,0.969758064516129,0
0.01875,0.63,0.36999999999999994,0.018749999999999996,0.02976190476190475,0.9702380952380952,0
0.01875,0.64,0.36,0.018749999999999996,0.029296874999999993,0.970703125,0
0.01875,0.65,0.35,0.018749999999999996,0.028846153846153837,0.9711538461538461,0
0.01875,0.66,0.3399999999999999,0.018749999999999996,0.028409090909090898,0.9715909090909091,0
0.01875,0.67,0.32999999999999996,0.018749999999999996,0.027985074626865662,0.9720149253731344,0
0.01875,0.68,0.32,0.018749999999999996,0.0275735294117647,0.9724264705882353,0
0.01875,0.6900000000000001,0.3099999999999999,0.018749999999999996,0.02717391304347825,0.9728260869565217,0
0.01875,0.7000000000000001,0.29999999999999993,0.018749999999999996,0.026785714285714277,0.9732142857142857,0
0.01875,0.7100000000000001,0.29,0.018749999999999996,0.026408450704225348,0.9735915492957746,0
0.01875,0.72,0.28,0.018749999999999996,0.02604166666666666,0.9739583333333334,0
0.01875,0.73,0.2700000000000001,0.018749999999999996,0.02568493150684931,0.9743150684931506,0
0.01875,0.74,0.26,0.018749999999999996,0.025337837837837832,0.9746621621621622,0
0.01875,0.75,0.25,0.018749999999999996,0.024999999999999994,0.975,0
0.01875,0.76,0.24,0.018749999999999996,0.02467105263157894,0.975328947368421,0
0.01875,0.77,0.22999999999999995,0.018749999999999996,0.024350649350649345,0.9756493506493507,0
0.01875,0.78,0.21999999999999997,0.018749999999999996,0.024038461538461533,0.9759615384615384,0
0.01875,0.79,0.20999999999999994,0.018749999999999996,0.023734177215189868,0.9762658227848101,0
0.01875,0.8,0.19999999999999993,0.018749999999999996,0.023437499999999993,0.9765625,0
0.01875,0.81,0.18999999999999992,0.018749999999999996,0.02314814814814814,0.9768518518518519,0
0.01875,0.8200000000000001,0.17999999999999994,0.018749999999999996,0.022865853658536578,0.9771341463414634,0
0.01875,0.8300000000000001,0.16999999999999993,0.018749999999999996,0.022590361445783125,0.9774096385542169,0
0.01875,0.8400000000000001,0.15999999999999992,0.018749999999999996,0.022321428571428565,0.9776785714285714,0
0.01875,0.85,0.15000000000000002,0.018749999999999996,0.02205882352941176,0.9779411764705882,0
0.01875,0.86,0.14,0.018749999999999996,0.021802325581395346,0.9781976744186046,0
0.01875,0.87,0.13000000000000003,0.018749999999999996,0.02155172413793103,0.978448275862069,0
0.01875,0.88,0.12,0.018749999999999996,0.021306818181818177,0.9786931818181819,0
0.01875,0.89,0.10999999999999999,0.018749999999999996,0.021067415730337075,0.9789325842696629,0
0.01875,0.9,0.09999999999999996,0.018749999999999996,0.02083333333333333,0.9791666666666666,0
0.01875,0.91,0.08999999999999996,0.018749999999999996,0.0206043956043956,0.9793956043956044,0
0.01875,0.92,0.07999999999999997,0.018749999999999996,0.02038043478260869,0.9796195652173914,0
0.01875,0.93,0.06999999999999995,0.018749999999999996,0.02016129032258064,0.9798387096774194,0
0.01875,0.9400000000000001,0.05999999999999994,0.018749999999999996,0.019946808510638292,0.9800531914893618,0
0.01875,0.9500000000000001,0.04999999999999993,0.018749999999999996,0.019736842105263153,0.9802631578947368,0
0.01875,0.9600000000000001,0.039999999999999925,0.018749999999999996,0.019531249999999993,0.98046875,0
0.01875,0.97,0.03000000000000003,0.018749999999999996,0.019329896907216492,0.9806701030927835,0
0.01875,0.98,0.020000000000000014,0.018749999999999996,0.019132653061224487,0.9808673469387755,0
0.01875,0.99,0.010000000000000009,0.018749999999999996,0.018939393939393936,0.9810606060606061,0
0.01875,1.0,0.0,0.018749999999999996,0.018749999999999996,0.98125,0
0.019,0.01,0.99,0.019,1.8999999999999984,-0.8999999999999984,0
0.019,0.02,0.9800000000000001,0.019,0.9500000000000044,0.049999999999995604,0
0.019,0.03,0.97,0.019,0.6333333333333327,0.36666666666666725,0
0.019,0.04,0.96,0.019,0.4749999999999996,0.5250000000000004,0
0.019,0.05,0.9499999999999998,0.019,0.3799999999999988,0.6200000000000012,0
0.019,0.060000000000000005,0.94,0.019,0.3166666666666664,0.6833333333333336,0
0.019,0.06999999999999999,0.9300000000000002,0.019,0.271428571428572,0.728571428571428,0
0.019,0.08,0.92,0.019,0.2375000000000001,0.7625,0
0.019,0.09,0.91,0.019,0.21111111111111117,0.7888888888888889,0
0.019,0.09999999999999999,0.8999999999999999,0.019,0.18999999999999984,0.8100000000000002,0
0.019,0.11,0.89,0.019,0.17272727272727276,0.8272727272727273,0
0.019,0.12,0.8800000000000001,0.019,0.1583333333333335,0.8416666666666666,0
0.019,0.13,0.8699999999999999,0.019,0.14615384615384602,0.8538461538461539,0
0.019,0.14,0.86,0.019,0.1357142857142857,0.8642857142857143,0
0.019,0.15000000000000002,0.8500000000000001,0.019,0.12666666666666673,0.8733333333333333,0
0.019,0.16,0.84,0.019,0.11874999999999998,0.88125,0
0.019,0.17,0.8300000000000001,0.019,0.11176470588235299,0.888235294117647,0
0.019,0.18000000000000002,0.82,0.019,0.10555555555555553,0.8944444444444445,0
0.019,0.19,0.81,0.019,0.10000000000000002,0.9,0
0.019,0.2,0.7999999999999999,0.019,0.09499999999999996,0.905,0
0.019,0.21000000000000002,0.79,0.019,0.09047619047619049,0.9095238095238095,0
0.019,0.22,0.78,0.019,0.08636363636363638,0.9136363636363636,0
0.019,0.23,0.77,0.019,0.08260869565217392,0.9173913043478261,0
0.019,0.24000000000000002,0.7599999999999999,0.019,0.07916666666666664,0.9208333333333334,0
0.019,0.25,0.7499999999999999,0.019,0.07599999999999997,0.924,0
0.019,0.26,0.74,0.019,0.07307692307692307,0.926923076923077,0
0.019,0.27,0.73,0.019,0.07037037037037036,0.9296296296296296,0
0.019,0.28,0.72,0.019,0.06785714285714285,0.9321428571428572,0
0.019,0.29000000000000004,0.7099999999999999,0.019,0.06551724137931031,0.9344827586206896,0
0.019,0.3,0.7000000000000001,0.019,0.06333333333333335,0.9366666666666666,0
0.019,0.31,0.69,0.019,0.06129032258064515,0.9387096774193548,0
0.019,0.32,0.6799999999999998,0.019,0.05937499999999997,0.940625,0
0.019,0.33,0.6699999999999999,0.019,0.057575757575757565,0.9424242424242424,0
0.019,0.34,0.66,0.019,0.05588235294117647,0.9441176470588235,0
0.019,0.35000000000000003,0.6499999999999999,0.019,0.05428571428571427,0.9457142857142857,0
0.019,0.36000000000000004,0.6399999999999999,0.019,0.052777777777777764,0.9472222222222222,0
0.019,0.37,0.63,0.019,0.05135135135135135,0.9486486486486486,0
0.019,0.38,0.6200000000000001,0.019,0.05000000000000001,0.95,0
0.019,0.39,0.61,0.019,0.04871794871794872,0.9512820512820512,0
0.019,0.4,0.6000000000000001,0.019,0.04750000000000001,0.9525,0
0.019,0.41000000000000003,0.5900000000000001,0.019,0.04634146341463415,0.9536585365853658,0
0.019,0.42000000000000004,0.58,0.019,0.04523809523809523,0.9547619047619048,0
0.019,0.43,0.5700000000000001,0.019,0.04418604651162791,0.9558139534883721,0
0.019,0.44,0.56,0.019,0.04318181818181819,0.9568181818181818,0
0.019,0.45,0.55,0.019,0.042222222222222223,0.9577777777777777,0
0.019,0.46,0.54,0.019,0.04130434782608696,0.9586956521739131,0
0.019,0.47000000000000003,0.53,0.019,0.04042553191489362,0.9595744680851064,0
0.019,0.48000000000000004,0.5200000000000001,0.019,0.039583333333333345,0.9604166666666667,0
0.019,0.49,0.51,0.019,0.03877551020408163,0.9612244897959183,0
0.019,0.5,0.5000000000000001,0.019,0.038000000000000006,0.962,0
0.019,0.51,0.48999999999999994,0.019,0.03725490196078431,0.9627450980392157,0
0.019,0.52,0.48,0.019,0.036538461538461534,0.9634615384615385,0
0.019,0.53,0.47000000000000003,0.019,0.035849056603773584,0.9641509433962264,0
0.019,0.54,0.46,0.019,0.03518518518518518,0.9648148148148148,0
0.019,0.55,0.45,0.019,0.03454545454545454,0.9654545454545455,0
0.019,0.56,0.43999999999999995,0.019,0.033928571428571426,0.9660714285714286,0
0.019,0.5700000000000001,0.43,0.019,0.033333333333333326,0.9666666666666667,0
0.019,0.5800000000000001,0.41999999999999993,0.019,0.03275862068965517,0.9672413793103448,0
0.019,0.59,0.41000000000000003,0.019,0.03220338983050847,0.9677966101694915,0
0.019,0.6,0.4,0.019,0.03166666666666667,0.9683333333333334,0
0.019,0.61,0.39,0.019,0.03114754098360656,0.9688524590163934,0
0.019,0.62,0.38,0.019,0.03064516129032258,0.9693548387096774,0
0.019,0.63,0.36999999999999994,0.019,0.030158730158730152,0.9698412698412698,0
0.019,0.64,0.36,0.019,0.0296875,0.9703125,0
0.019,0.65,0.35,0.019,0.02923076923076923,0.9707692307692307,0
0.019,0.66,0.3399999999999999,0.019,0.028787878787878782,0.9712121212121212,0
0.019,0.67,0.32999999999999996,0.019,0.02835820895522388,0.9716417910447761,0
0.019,0.68,0.32,0.019,0.027941176470588237,0.9720588235294118,0
0.019,0.6900000000000001,0.3099999999999999,0.019,0.027536231884057964,0.972463768115942,0
0.019,0.7000000000000001,0.29999999999999993,0.019,0.02714285714285714,0.9728571428571429,0
0.019,0.7100000000000001,0.29,0.019,0.02676056338028169,0.9732394366197183,0
0.019,0.72,0.28,0.019,0.02638888888888889,0.9736111111111111,0
0.019,0.73,0.2700000000000001,0.019,0.026027397260273973,0.9739726027397261,0
0.019,0.74,0.26,0.019,0.025675675675675674,0.9743243243243244,0
0.019,0.75,0.25,0.019,0.025333333333333333,0.9746666666666667,0
0.019,0.76,0.24,0.019,0.024999999999999998,0.975,0
0.019,0.77,0.22999999999999995,0.019,0.024675324675324673,0.9753246753246754,0
0.019,0.78,0.21999999999999997,0.019,0.02435897435897436,0.9756410256410256,0
0.019,0.79,0.20999999999999994,0.019,0.024050632911392405,0.9759493670886076,0
0.019,0.8,0.19999999999999993,0.019,0.023749999999999997,0.97625,0
0.019,0.81,0.18999999999999992,0.019,0.023456790123456788,0.9765432098765432,0
0.019,0.8200000000000001,0.17999999999999994,0.019,0.02317073170731707,0.9768292682926829,0
0.019,0.8300000000000001,0.16999999999999993,0.019,0.02289156626506024,0.9771084337349397,0
0.019,0.8400000000000001,0.15999999999999992,0.019,0.022619047619047615,0.9773809523809524,0
0.019,0.85,0.15000000000000002,0.019,0.02235294117647059,0.9776470588235294,0
0.019,0.86,0.14,0.019,0.022093023255813953,0.977906976744186,0
0.019,0.87,0.13000000000000003,0.019,0.021839080459770115,0.9781609195402299,0
0.019,0.88,0.12,0.019,0.02159090909090909,0.9784090909090909,0
0.019,0.89,0.10999999999999999,0.019,0.021348314606741574,0.9786516853932584,0
0.019,0.9,0.09999999999999996,0.019,0.021111111111111112,0.9788888888888889,0
0.019,0.91,0.08999999999999996,0.019,0.020879120879120878,0.9791208791208791,0
0.019,0.92,0.07999999999999997,0.019,0.020652173913043477,0.9793478260869565,0
0.019,0.93,0.06999999999999995,0.019,0.020430107526881718,0.9795698924731183,0
0.019,0.9400000000000001,0.05999999999999994,0.019,0.020212765957446806,0.9797872340425532,0
0.019,0.9500000000000001,0.04999999999999993,0.019,0.019999999999999997,0.98,0
0.019,0.9600000000000001,0.039999999999999925,0.019,0.019791666666666666,0.9802083333333333,0
0.019,0.97,0.03000000000000003,0.019,0.01958762886597938,0.9804123711340206,0
0.019,0.98,0.020000000000000014,0.019,0.019387755102040816,0.9806122448979592,0
0.019,0.99,0.010000000000000009,0.019,0.01919191919191919,0.9808080808080808,0
0.019,1.0,0.0,0.019,0.019,0.981,0
0.01925,0.01,0.99,0.01925,1.9249999999999983,-0.9249999999999983,0
0.01925,0.02,0.9800000000000001,0.01925,0.9625000000000045,0.03749999999999554,0
0.01925,0.03,0.97,0.01925,0.641666666666666,0.35833333333333395,0
0.01925,0.04,0.96,0.01925,0.48124999999999957,0.5187500000000005,0
0.01925,0.05,0.9499999999999998,0.01925,0.3849999999999988,0.6150000000000012,0
0.01925,0.060000000000000005,0.94,0.01925,0.320833333333333,0.6791666666666669,0
0.01925,0.06999999999999999,0.9300000000000002,0.01925,0.27500000000000063,0.7249999999999994,0
0.01925,0.08,0.92,0.01925,0.24062500000000012,0.7593749999999999,0
0.01925,0.09,0.91,0.01925,0.21388888888888896,0.786111111111111,0
0.01925,0.09999999999999999,0.8999999999999999,0.01925,0.19249999999999984,0.8075000000000001,0
0.01925,0.11,0.89,0.01925,0.17500000000000002,0.825,0
0.01925,0.12,0.8800000000000001,0.01925,0.16041666666666682,0.8395833333333331,0
0.01925,0.13,0.8699999999999999,0.01925,0.14807692307692294,0.851923076923077,0
0.01925,0.14,0.86,0.01925,0.13749999999999998,0.8625,0
0.01925,0.15000000000000002,0.8500000000000001,0.01925,0.1283333333333334,0.8716666666666666,0
0.01925,0.16,0.84,0.01925,0.12031249999999998,0.8796875000000001,0
0.01925,0.17,0.8300000000000001,0.01925,0.1132352941176471,0.8867647058823529,0
0.01925,0.18000000000000002,0.82,0.01925,0.10694444444444441,0.8930555555555556,0
0.01925,0.19,0.81,0.01925,0.10131578947368423,0.8986842105263158,0
0.01925,0.2,0.7999999999999999,0.01925,0.09624999999999996,0.90375,0
0.01925,0.21000000000000002,0.79,0.01925,0.09166666666666667,0.9083333333333333,0
0.01925,0.22,0.78,0.01925,0.08750000000000001,0.9125,0
0.01925,0.23,0.77,0.01925,0.08369565217391305,0.9163043478260869,0
0.01925,0.24000000000000002,0.7599999999999999,0.01925,0.0802083333333333,0.9197916666666667,0
0.01925,0.25,0.7499999999999999,0.01925,0.07699999999999997,0.923,0
0.01925,0.26,0.74,0.01925,0.07403846153846154,0.9259615384615385,0
0.01925,0.27,0.73,0.01925,0.07129629629629629,0.9287037037037037,0
0.01925,0.28,0.72,0.01925,0.06874999999999999,0.93125,0
0.01925,0.29000000000000004,0.7099999999999999,0.01925,0.06637931034482755,0.9336206896551724,0
0.01925,0.3,0.7000000000000001,0.01925,0.06416666666666668,0.9358333333333333,0
0.01925,0.31,0.69,0.01925,0.06209677419354837,0.9379032258064516,0
0.01925,0.32,0.6799999999999998,0.01925,0.06015624999999997,0.9398437500000001,0
0.01925,0.33,0.6699999999999999,0.01925,0.05833333333333332,0.9416666666666667,0
0.01925,0.34,0.66,0.01925,0.056617647058823536,0.9433823529411764,0
0.01925,0.35000000000000003,0.6499999999999999,0.01925,0.054999999999999986,0.9450000000000001,0
0.01925,0.36000000000000004,0.6399999999999999,0.01925,0.053472222222222206,0.9465277777777777,0
0.01925,0.37,0.63,0.01925,0.05202702702702703,0.947972972972973,0
0.01925,0.38,0.6200000000000001,0.01925,0.05065789473684212,0.9493421052631579,0
0.01925,0.39,0.61,0.01925,0.04935897435897436,0.9506410256410256,0
0.01925,0.4,0.6000000000000001,0.01925,0.04812500000000001,0.951875,0
0.01925,0.41000000000000003,0.5900000000000001,0.01925,0.04695121951219513,0.9530487804878048,0
0.01925,0.42000000000000004,0.58,0.01925,0.04583333333333333,0.9541666666666667,0
0.01925,0.43,0.5700000000000001,0.01925,0.04476744186046512,0.9552325581395349,0
0.01925,0.44,0.56,0.01925,0.043750000000000004,0.95625,0
0.01925,0.45,0.55,0.01925,0.04277777777777778,0.9572222222222222,0
0.01925,0.46,0.54,0.01925,0.04184782608695652,0.9581521739130435,0
0.01925,0.47000000000000003,0.53,0.01925,0.04095744680851064,0.9590425531914893,0
0.01925,0.48000000000000004,0.5200000000000001,0.01925,0.04010416666666668,0.9598958333333333,0
0.01925,0.49,0.51,0.01925,0.039285714285714285,0.9607142857142857,0
0.01925,0.5,0.5000000000000001,0.01925,0.038500000000000006,0.9615,0
0.01925,0.51,0.48999999999999994,0.01925,0.037745098039215684,0.9622549019607843,0
0.01925,0.52,0.48,0.01925,0.03701923076923077,0.9629807692307693,0
0.01925,0.53,0.47000000000000003,0.01925,0.03632075471698113,0.9636792452830188,0
0.01925,0.54,0.46,0.01925,0.035648148148148144,0.9643518518518519,0
0.01925,0.55,0.45,0.01925,0.034999999999999996,0.965,0
0.01925,0.56,0.43999999999999995,0.01925,0.034374999999999996,0.965625,0
0.01925,0.5700000000000001,0.43,0.01925,0.0337719298245614,0.9662280701754387,0
0.01925,0.5800000000000001,0.41999999999999993,0.01925,0.03318965517241379,0.9668103448275862,0
0.01925,0.59,0.41000000000000003,0.01925,0.032627118644067796,0.9673728813559322,0
0.01925,0.6,0.4,0.01925,0.03208333333333333,0.9679166666666666,0
0.01925,0.61,0.39,0.01925,0.03155737704918033,0.9684426229508196,0
0.01925,0.62,0.38,0.01925,0.031048387096774193,0.9689516129032258,0
0.01925,0.63,0.36999999999999994,0.01925,0.03055555555555555,0.9694444444444444,0
0.01925,0.64,0.36,0.01925,0.030078125,0.969921875,0
0.01925,0.65,0.35,0.01925,0.029615384615384613,0.9703846153846154,0
0.01925,0.66,0.3399999999999999,0.01925,0.02916666666666666,0.9708333333333333,0
0.01925,0.67,0.32999999999999996,0.01925,0.028731343283582088,0.9712686567164179,0
0.01925,0.68,0.32,0.01925,0.028308823529411768,0.9716911764705882,0
0.01925,0.6900000000000001,0.3099999999999999,0.01925,0.027898550724637674,0.9721014492753624,0
0.01925,0.7000000000000001,0.29999999999999993,0.01925,0.027499999999999997,0.9725,0
0.01925,0.7100000000000001,0.29,0.01925,0.02711267605633803,0.972887323943662,0
0.01925,0.72,0.28,0.01925,0.026736111111111113,0.9732638888888889,0
0.01925,0.73,0.2700000000000001,0.01925,0.02636986301369863,0.9736301369863014,0
0.01925,0.74,0.26,0.01925,0.026013513513513515,0.9739864864864864,0
0.01925,0.75,0.25,0.01925,0.025666666666666667,0.9743333333333334,0
0.01925,0.76,0.24,0.01925,0.02532894736842105,0.9746710526315789,0
0.01925,0.77,0.22999999999999995,0.01925,0.024999999999999998,0.975,0
0.01925,0.78,0.21999999999999997,0.01925,0.02467948717948718,0.9753205128205128,0
0.01925,0.79,0.20999999999999994,0.01925,0.024367088607594935,0.975632911392405,0
0.01925,0.8,0.19999999999999993,0.01925,0.024062499999999997,0.9759375,0
0.01925,0.81,0.18999999999999992,0.01925,0.02376543209876543,0.9762345679012345,0
0.01925,0.8200000000000001,0.17999999999999994,0.01925,0.023475609756097558,0.9765243902439025,0
0.01925,0.8300000000000001,0.16999999999999993,0.01925,0.023192771084337347,0.9768072289156626,0
0.01925,0.8400000000000001,0.15999999999999992,0.01925,0.022916666666666665,0.9770833333333333,0
0.01925,0.85,0.15000000000000002,0.01925,0.022647058823529412,0.9773529411764705,0
0.01925,0.86,0.14,0.01925,0.022383720930232557,0.9776162790697674,0
0.01925,0.87,0.13000000000000003,0.01925,0.022126436781609197,0.9778735632183908,0
0.01925,0.88,0.12,0.01925,0.021875,0.978125,0
0.01925,0.89,0.10999999999999999,0.01925,0.021629213483146066,0.9783707865168539,0
0.01925,0.9,0.09999999999999996,0.01925,0.021388888888888888,0.9786111111111111,0
0.01925,0.91,0.08999999999999996,0.01925,0.02115384615384615,0.9788461538461538,0
0.01925,0.92,0.07999999999999997,0.01925,0.020923913043478258,0.9790760869565217,0
0.01925,0.93,0.06999999999999995,0.01925,0.020698924731182795,0.9793010752688172,0
0.01925,0.9400000000000001,0.05999999999999994,0.01925,0.020478723404255317,0.9795212765957447,0
0.01925,0.9500000000000001,0.04999999999999993,0.01925,0.02026315789473684,0.9797368421052631,0
0.01925,0.9600000000000001,0.039999999999999925,0.01925,0.02005208333333333,0.9799479166666667,0
0.01925,0.97,0.03000000000000003,0.01925,0.019845360824742267,0.9801546391752577,0
0.01925,0.98,0.020000000000000014,0.01925,0.019642857142857142,0.9803571428571428,0
0.01925,0.99,0.010000000000000009,0.01925,0.019444444444444445,0.9805555555555555,0
0.01925,1.0,0.0,0.01925,0.01925,0.98075,0
0.0195,0.01,0.99,0.0195,1.9499999999999982,-0.9499999999999982,0
0.0195,0.02,0.9800000000000001,0.0195,0.9750000000000045,0.02499999999999547,0
0.0195,0.03,0.97,0.0195,0.6499999999999995,0.35000000000000053,0
0.0195,0.04,0.96,0.0195,0.48749999999999954,0.5125000000000004,0
0.0195,0.05,0.9499999999999998,0.0195,0.3899999999999988,0.6100000000000012,0
0.0195,0.060000000000000005,0.94,0.0195,0.32499999999999973,0.6750000000000003,0
0.0195,0.06999999999999999,0.9300000000000002,0.0195,0.2785714285714292,0.7214285714285709,0
0.0195,0.08,0.92,0.0195,0.24375000000000013,0.7562499999999999,0
0.0195,0.09,0.91,0.0195,0.21666666666666673,0.7833333333333332,0
0.0195,0.09999999999999999,0.8999999999999999,0.0195,0.19499999999999984,0.8050000000000002,0
0.0195,0.11,0.89,0.0195,0.1772727272727273,0.8227272727272728,0
0.0195,0.12,0.8800000000000001,0.0195,0.16250000000000014,0.8374999999999999,0
0.0195,0.13,0.8699999999999999,0.0195,0.14999999999999986,0.8500000000000001,0
0.0195,0.14,0.86,0.0195,0.13928571428571426,0.8607142857142858,0
0.0195,0.15000000000000002,0.8500000000000001,0.0195,0.1300000000000001,0.8699999999999999,0
0.0195,0.16,0.84,0.0195,0.12187499999999997,0.878125,0
0.0195,0.17,0.8300000000000001,0.0195,0.11470588235294123,0.8852941176470588,0
0.0195,0.18000000000000002,0.82,0.0195,0.10833333333333331,0.8916666666666667,0
0.0195,0.19,0.81,0.0195,0.10263157894736845,0.8973684210526316,0
0.0195,0.2,0.7999999999999999,0.0195,0.09749999999999996,0.9025000000000001,0
0.0195,0.21000000000000002,0.79,0.0195,0.09285714285714287,0.9071428571428571,0
0.0195,0.22,0.78,0.0195,0.08863636363636365,0.9113636363636364,0
0.0195,0.23,0.77,0.0195,0.08478260869565218,0.9152173913043478,0
0.0195,0.24000000000000002,0.7599999999999999,0.0195,0.08124999999999996,0.9187500000000001,0
0.0195,0.25,0.7499999999999999,0.0195,0.07799999999999997,0.922,0
0.0195,0.26,0.74,0.0195,0.075,0.925,0
0.0195,0.27,0.73,0.0195,0.07222222222222222,0.9277777777777778,0
0.0195,0.28,0.72,0.0195,0.06964285714285713,0.9303571428571429,0
0.0195,0.29000000000000004,0.7099999999999999,0.0195,0.0672413793103448,0.9327586206896552,0
0.0195,0.3,0.7000000000000001,0.0195,0.06500000000000002,0.9349999999999999,0
0.0195,0.31,0.69,0.0195,0.06290322580645161,0.9370967741935484,0
0.0195,0.32,0.6799999999999998,0.0195,0.060937499999999964,0.9390625,0
0.0195,0.33,0.6699999999999999,0.0195,0.059090909090909076,0.9409090909090909,0
0.0195,0.34,0.66,0.0195,0.05735294117647059,0.9426470588235294,0
0.0195,0.35000000000000003,0.6499999999999999,0.0195,0.0557142857142857,0.9442857142857143,0
0.0195,0.36000000000000004,0.6399999999999999,0.0195,0.054166666666666655,0.9458333333333333,0
0.0195,0.37,0.63,0.0195,0.052702702702702706,0.9472972972972973,0
0.0195,0.38,0.6200000000000001,0.0195,0.051315789473684224,0.9486842105263158,0
0.0195,0.39,0.61,0.0195,0.049999999999999996,0.95,0
0.0195,0.4,0.6000000000000001,0.0195,0.04875000000000001,0.95125,0
0.0195,0.41000000000000003,0.5900000000000001,0.0195,0.047560975609756105,0.9524390243902439,0
0.0195,0.42000000000000004,0.58,0.0195,0.04642857142857142,0.9535714285714286,0
0.0195,0.43,0.5700000000000001,0.0195,0.045348837209302335,0.9546511627906976,0
0.0195,0.44,0.56,0.0195,0.044318181818181826,0.9556818181818182,0
0.0195,0.45,0.55,0.0195,0.043333333333333335,0.9566666666666667,0
0.0195,0.46,0.54,0.0195,0.04239130434782609,0.9576086956521739,0
0.0195,0.47000000000000003,0.53,0.0195,0.041489361702127664,0.9585106382978723,0
0.0195,0.48000000000000004,0.5200000000000001,0.0195,0.04062500000000001,0.959375,0
0.0195,0.49,0.51,0.0195,0.03979591836734694,0.960204081632653,0
0.0195,0.5,0.5000000000000001,0.0195,0.03900000000000001,0.961,0
0.0195,0.51,0.48999999999999994,0.0195,0.038235294117647055,0.961764705882353,0
0.0195,0.52,0.48,0.0195,0.0375,0.9625,0
0.0195,0.53,0.47000000000000003,0.0195,0.03679245283018868,0.9632075471698113,0
0.0195,0.54,0.46,0.0195,0.03611111111111111,0.9638888888888889,0
0.0195,0.55,0.45,0.0195,0.035454545454545454,0.9645454545454546,0
0.0195,0.56,0.43999999999999995,0.0195,0.034821428571428566,0.9651785714285714,0
0.0195,0.5700000000000001,0.43,0.0195,0.03421052631578947,0.9657894736842105,0
0.0195,0.5800000000000001,0.41999999999999993,0.0195,0.03362068965517241,0.9663793103448276,0
0.0195,0.59,0.41000000000000003,0.0195,0.03305084745762712,0.9669491525423729,0
0.0195,0.6,0.4,0.0195,0.0325,0.9675,0
0.0195,0.61,0.39,0.0195,0.031967213114754096,0.9680327868852459,0
0.0195,0.62,0.38,0.0195,0.031451612903225803,0.9685483870967742,0
0.0195,0.63,0.36999999999999994,0.0195,0.030952380952380946,0.969047619047619,0
0.0195,0.64,0.36,0.0195,0.03046875,0.96953125,0
0.0195,0.65,0.35,0.0195,0.03,0.97,0
0.0195,0.66,0.3399999999999999,0.0195,0.029545454545454538,0.9704545454545455,0
0.0195,0.67,0.32999999999999996,0.0195,0.029104477611940297,0.9708955223880597,0
0.0195,0.68,0.32,0.0195,0.028676470588235296,0.9713235294117647,0
0.0195,0.6900000000000001,0.3099999999999999,0.0195,0.028260869565217384,0.9717391304347827,0
0.0195,0.7000000000000001,0.29999999999999993,0.0195,0.027857142857142855,0.9721428571428572,0
0.0195,0.7100000000000001,0.29,0.0195,0.027464788732394368,0.9725352112676057,0
0.0195,0.72,0.28,0.0195,0.027083333333333334,0.9729166666666667,0
0.0195,0.73,0.2700000000000001,0.0195,0.02671232876712329,0.9732876712328767,0
0.0195,0.74,0.26,0.0195,0.026351351351351353,0.9736486486486486,0
0.0195,0.75,0.25,0.0195,0.026,0.974,0
0.0195,0.76,0.24,0.0195,0.025657894736842105,0.9743421052631579,0
0.0195,0.77,0.22999999999999995,0.0195,0.025324675324675323,0.9746753246753247,0
0.0195,0.78,0.21999999999999997,0.0195,0.024999999999999998,0.975,0
0.0195,0.79,0.20999999999999994,0.0195,0.024683544303797468,0.9753164556962025,0
0.0195,0.8,0.19999999999999993,0.0195,0.024374999999999997,0.975625,0
0.0195,0.81,0.18999999999999992,0.0195,0.024074074074074074,0.975925925925926,0
0.0195,0.8200000000000001,0.17999999999999994,0.0195,0.023780487804878046,0.9762195121951219,0
0.0195,0.8300000000000001,0.16999999999999993,0.0195,0.023493975903614454,0.9765060240963855,0
0.0195,0.8400000000000001,0.15999999999999992,0.0195,0.02321428571428571,0.9767857142857143,0
0.0195,0.85,0.15000000000000002,0.0195,0.022941176470588236,0.9770588235294118,0
0.0195,0.86,0.14,0.0195,0.022674418604651164,0.9773255813953489,0
0.0195,0.87,0.13000000000000003,0.0195,0.022413793103448276,0.9775862068965517,0
0.0195,0.88,0.12,0.0195,0.02215909090909091,0.977840909090909,0
0.0195,0.89,0.10999999999999999,0.0195,0.021910112359550562,0.9780898876404495,0
0.0195,0.9,0.09999999999999996,0.0195,0.021666666666666667,0.9783333333333333,0
0.0195,0.91,0.08999999999999996,0.0195,0.02142857142857143,0.9785714285714285,0
0.0195,0.92,0.07999999999999997,0.0195,0.021195652173913043,0.9788043478260869,0
0.0195,0.93,0.06999999999999995,0.0195,0.02096774193548387,0.9790322580645161,0
0.0195,0.9400000000000001,0.05999999999999994,0.0195,0.02074468085106383,0.9792553191489362,0
0.0195,0.9500000000000001,0.04999999999999993,0.0195,0.020526315789473684,0.9794736842105263,0
0.0195,0.9600000000000001,0.039999999999999925,0.0195,0.020312499999999997,0.9796875,0
0.0195,0.97,0.03000000000000003,0.0195,0.020103092783505156,0.9798969072164948,0
0.0195,0.98,0.020000000000000014,0.0195,0.01989795918367347,0.9801020408163266,0
0.0195,0.99,0.010000000000000009,0.0195,0.019696969696969695,0.9803030303030303,0
0.0195,1.0,0.0,0.0195,0.0195,0.9805,0
0.01975,0.01,0.99,0.019749999999999997,1.9749999999999979,-0.9749999999999979,0
0.01975,0.02,0.9800000000000001,0.019749999999999997,0.9875000000000045,0.012499999999995515,0
0.01975,0.03,0.97,0.019749999999999997,0.6583333333333327,0.34166666666666734,0
0.01975,0.04,0.96,0.019749999999999997,0.49374999999999947,0.5062500000000005,0
0.01975,0.05,0.9499999999999998,0.019749999999999997,0.3949999999999987,0.6050000000000013,0
0.01975,0.060000000000000005,0.94,0.019749999999999997,0.32916666666666633,0.6708333333333336,0
0.01975,0.06999999999999999,0.9300000000000002,0.019749999999999997,0.28214285714285775,0.7178571428571423,0
0.01975,0.08,0.92,0.019749999999999997,0.2468750000000001,0.7531249999999999,0
0.01975,0.09,0.91,0.019749999999999997,0.2194444444444445,0.7805555555555554,0
0.01975,0.09999999999999999,0.8999999999999999,0.019749999999999997,0.1974999999999998,0.8025000000000002,0
0.01975,0.11,0.89,0.019749999999999997,0.17954545454545454,0.8204545454545454,0
0.01975,0.12,0.8800000000000001,0.019749999999999997,0.16458333333333347,0.8354166666666665,0
0.01975,0.13,0.8699999999999999,0.019749999999999997,0.15192307692307677,0.8480769230769232,0
0.01975,0.14,0.86,0.019749999999999997,0.14107142857142854,0.8589285714285715,0
0.01975,0.15000000000000002,0.8500000000000001,0.019749999999999997,0.1316666666666667,0.8683333333333333,0
0.01975,0.16,0.84,0.019749999999999997,0.12343749999999995,0.8765625,0
0.01975,0.17,0.8300000000000001,0.019749999999999997,0.11617647058823533,0.8838235294117647,0
0.01975,0.18000000000000002,0.82,0.019749999999999997,0.10972222222222218,0.8902777777777778,0
0.01975,0.19,0.81,0.019749999999999997,0.10394736842105265,0.8960526315789473,0
0.01975,0.2,0.7999999999999999,0.019749999999999997,0.09874999999999995,0.9012500000000001,0
0.01975,0.21000000000000002,0.79,0.019749999999999997,0.09404761904761905,0.905952380952381,0
0.01975,0.22,0.78,0.019749999999999997,0.08977272727272727,0.9102272727272728,0
0.01975,0.23,0.77,0.019749999999999997,0.0858695652173913,0.9141304347826087,0
0.01975,0.24000000000000002,0.7599999999999999,0.019749999999999997,0.08229166666666662,0.9177083333333333,0
0.01975,0.25,0.7499999999999999,0.019749999999999997,0.07899999999999995,0.921,0
0.01975,0.26,0.74,0.019749999999999997,0.07596153846153844,0.9240384615384616,0
0.01975,0.27,0.73,0.019749999999999997,0.07314814814814813,0.9268518518518518,0
0.01975,0.28,0.72,0.019749999999999997,0.07053571428571427,0.9294642857142857,0
0.01975,0.29000000000000004,0.7099999999999999,0.019749999999999997,0.06810344827586202,0.931896551724138,0
0.01975,0.3,0.7000000000000001,0.019749999999999997,0.06583333333333334,0.9341666666666667,0
0.01975,0.31,0.69,0.019749999999999997,0.06370967741935482,0.9362903225806452,0
0.01975,0.32,0.6799999999999998,0.019749999999999997,0.061718749999999954,0.9382812500000001,0
0.01975,0.33,0.6699999999999999,0.019749999999999997,0.059848484848484824,0.9401515151515152,0
0.01975,0.34,0.66,0.019749999999999997,0.05808823529411764,0.9419117647058823,0
0.01975,0.35000000000000003,0.6499999999999999,0.019749999999999997,0.056428571428571404,0.9435714285714286,0
0.01975,0.36000000000000004,0.6399999999999999,0.019749999999999997,0.05486111111111109,0.9451388888888889,0
0.01975,0.37,0.63,0.019749999999999997,0.05337837837837837,0.9466216216216217,0
0.01975,0.38,0.6200000000000001,0.019749999999999997,0.051973684210526325,0.9480263157894737,0
0.01975,0.39,0.61,0.019749999999999997,0.05064102564102563,0.9493589743589743,0
0.01975,0.4,0.6000000000000001,0.019749999999999997,0.049375,0.950625,0
0.01975,0.41000000000000003,0.5900000000000001,0.019749999999999997,0.048170731707317074,0.9518292682926829,0
0.01975,0.42000000000000004,0.58,0.019749999999999997,0.04702380952380951,0.9529761904761905,0
0.01975,0.43,0.5700000000000001,0.019749999999999997,0.045930232558139536,0.9540697674418605,0
0.01975,0.44,0.56,0.019749999999999997,0.044886363636363634,0.9551136363636363,0
0.01975,0.45,0.55,0.019749999999999997,0.04388888888888889,0.9561111111111111,0
0.01975,0.46,0.54,0.019749999999999997,0.04293478260869565,0.9570652173913043,0
0.01975,0.47000000000000003,0.53,0.019749999999999997,0.04202127659574468,0.9579787234042553,0
0.01975,0.48000000000000004,0.5200000000000001,0.019749999999999997,0.04114583333333334,0.9588541666666667,0
0.01975,0.49,0.51,0.019749999999999997,0.04030612244897958,0.9596938775510204,0
0.01975,0.5,0.5000000000000001,0.019749999999999997,0.0395,0.9605,0
0.01975,0.51,0.48999999999999994,0.019749999999999997,0.038725490196078426,0.9612745098039216,0
0.01975,0.52,0.48,0.019749999999999997,0.03798076923076922,0.9620192307692308,0
0.01975,0.53,0.47000000000000003,0.019749999999999997,0.03726415094339622,0.9627358490566038,0
0.01975,0.54,0.46,0.019749999999999997,0.036574074074074064,0.9634259259259259,0
0.01975,0.55,0.45,0.019749999999999997,0.0359090909090909,0.9640909090909091,0
0.01975,0.56,0.43999999999999995,0.019749999999999997,0.035267857142857136,0.9647321428571428,0
0.01975,0.5700000000000001,0.43,0.019749999999999997,0.034649122807017534,0.9653508771929825,0
0.01975,0.5800000000000001,0.41999999999999993,0.019749999999999997,0.034051724137931026,0.965948275862069,0
0.01975,0.59,0.41000000000000003,0.019749999999999997,0.03347457627118644,0.9665254237288136,0
0.01975,0.6,0.4,0.019749999999999997,0.032916666666666664,0.9670833333333333,0
0.01975,0.61,0.39,0.019749999999999997,0.03237704918032786,0.9676229508196721,0
0.01975,0.62,0.38,0.019749999999999997,0.03185483870967742,0.9681451612903226,0
0.01975,0.63,0.36999999999999994,0.019749999999999997,0.031349206349206335,0.9686507936507937,0
0.01975,0.64,0.36,0.019749999999999997,0.030859374999999994,0.969140625,0
0.01975,0.65,0.35,0.019749999999999997,0.030384615384615378,0.9696153846153847,0
0.01975,0.66,0.3399999999999999,0.019749999999999997,0.029924242424242412,0.9700757575757576,0
0.01975,0.67,0.32999999999999996,0.019749999999999997,0.0294776119402985,0.9705223880597015,0
0.01975,0.68,0.32,0.019749999999999997,0.02904411764705882,0.9709558823529412,0
0.01975,0.6900000000000001,0.3099999999999999,0.019749999999999997,0.02862318840579709,0.9713768115942029,0
0.01975,0.7000000000000001,0.29999999999999993,0.019749999999999997,0.028214285714285706,0.9717857142857143,0
0.01975,0.7100000000000001,0.29,0.019749999999999997,0.027816901408450702,0.9721830985915493,0
0.01975,0.72,0.28,0.019749999999999997,0.027430555555555552,0.9725694444444445,0
0.01975,0.73,0.2700000000000001,0.019749999999999997,0.02705479452054794,0.9729452054794521,0
0.01975,0.74,0.26,0.019749999999999997,0.026689189189189184,0.9733108108108108,0
0.01975,0.75,0.25,0.019749999999999997,0.02633333333333333,0.9736666666666667,0
0.01975,0.76,0.24,0.019749999999999997,0.025986842105263152,0.9740131578947369,0
0.01975,0.77,0.22999999999999995,0.019749999999999997,0.025649350649350644,0.9743506493506493,0
0.01975,0.78,0.21999999999999997,0.019749999999999997,0.025320512820512814,0.9746794871794872,0
0.01975,0.79,0.20999999999999994,0.019749999999999997,0.024999999999999994,0.975,0
0.01975,0.8,0.19999999999999993,0.019749999999999997,0.024687499999999994,0.9753125,0
0.01975,0.81,0.18999999999999992,0.019749999999999997,0.024382716049382712,0.9756172839506173,0
0.01975,0.8200000000000001,0.17999999999999994,0.019749999999999997,0.02408536585365853,0.9759146341463415,0
0.01975,0.8300000000000001,0.16999999999999993,0.019749999999999997,0.02379518072289156,0.9762048192771084,0
0.01975,0.8400000000000001,0.15999999999999992,0.019749999999999997,0.023511904761904755,0.9764880952380952,0
0.01975,0.85,0.15000000000000002,0.019749999999999997,0.023235294117647055,0.976764705882353,0
0.01975,0.86,0.14,0.019749999999999997,0.022965116279069765,0.9770348837209303,0
0.01975,0.87,0.13000000000000003,0.019749999999999997,0.022701149425287354,0.9772988505747127,0
0.01975,0.88,0.12,0.019749999999999997,0.022443181818181814,0.9775568181818182,0
0.01975,0.89,0.10999999999999999,0.019749999999999997,0.02219101123595505,0.977808988764045,0
0.01975,0.9,0.09999999999999996,0.019749999999999997,0.02194444444444444,0.9780555555555556,0
0.01975,0.91,0.08999999999999996,0.019749999999999997,0.0217032967032967,0.9782967032967033,0
0.01975,0.92,0.07999999999999997,0.019749999999999997,0.02146739130434782,0.9785326086956522,0
0.01975,0.93,0.06999999999999995,0.019749999999999997,0.021236559139784943,0.978763440860215,0
0.01975,0.9400000000000001,0.05999999999999994,0.019749999999999997,0.021010638297872336,0.9789893617021277,0
0.01975,0.9500000000000001,0.04999999999999993,0.019749999999999997,0.02078947368421052,0.9792105263157895,0
0.01975,0.9600000000000001,0.039999999999999925,0.019749999999999997,0.020572916666666663,0.9794270833333334,0
0.01975,0.97,0.03000000000000003,0.019749999999999997,0.02036082474226804,0.9796391752577319,0
0.01975,0.98,0.020000000000000014,0.019749999999999997,0.02015306122448979,0.9798469387755102,0
0.01975,0.99,0.010000000000000009,0.019749999999999997,0.019949494949494946,0.9800505050505051,0
0.01975,1.0,0.0,0.019749999999999997,0.019749999999999997,0.98025,0
0.02,0.01,0.99,0.02,1.9999999999999982,-0.9999999999999982,0
0.02,0.02,0.9800000000000001,0.02,1.0000000000000047,-4.6629367034256575e-15,0
0.02,0.03,0.97,0.02,0.6666666666666661,0.3333333333333339,0
0.02,0.04,0.96,0.02,0.49999999999999956,0.5000000000000004,0
0.02,0.05,0.9499999999999998,0.02,0.39999999999999875,0.6000000000000012,0
0.02,0.060000000000000005,0.94,0.02,0.33333333333333304,0.666666666666667,0
0.02,0.06999999999999999,0.9300000000000002,0.02,0.28571428571428636,0.7142857142857136,0
0.02,0.08,0.92,0.02,0.2500000000000001,0.7499999999999999,0
0.02,0.09,0.91,0.02,0.2222222222222223,0.7777777777777777,0
0.02,0.09999999999999999,0.8999999999999999,0.02,0.19999999999999982,0.8000000000000002,0
0.02,0.11,0.89,0.02,0.18181818181818185,0.8181818181818181,0
0.02,0.12,0.8800000000000001,0.02,0.16666666666666682,0.8333333333333331,0
0.02,0.13,0.8699999999999999,0.02,0.15384615384615372,0.8461538461538463,0
0.02,0.14,0.86,0.02,0.14285714285714285,0.8571428571428572,0
0.02,0.15000000000000002,0.8500000000000001,0.02,0.13333333333333341,0.8666666666666666,0
0.02,0.16,0.84,0.02,0.12499999999999997,0.875,0
0.02,0.17,0.8300000000000001,0.02,0.11764705882352947,0.8823529411764706,0
0.02,0.18000000000000002,0.82,0.02,0.11111111111111108,0.888888888888889,0
0.02,0.19,0.81,0.02,0.10526315789473688,0.8947368421052632,0
0.02,0.2,0.7999999999999999,0.02,0.09999999999999996,0.9,0
0.02,0.21000000000000002,0.79,0.02,0.09523809523809526,0.9047619047619048,0
0.02,0.22,0.78,0.02,0.09090909090909093,0.9090909090909091,0
0.02,0.23,0.77,0.02,0.08695652173913045,0.9130434782608695,0
0.02,0.24000000000000002,0.7599999999999999,0.02,0.0833333333333333,0.9166666666666667,0
0.02,0.25,0.7499999999999999,0.02,0.07999999999999996,0.92,0
0.02,0.26,0.74,0.02,0.07692307692307693,0.9230769230769231,0
0.02,0.27,0.73,0.02,0.07407407407407407,0.9259259259259259,0
0.02,0.28,0.72,0.02,0.07142857142857142,0.9285714285714286,0
0.02,0.29000000000000004,0.7099999999999999,0.02,0.06896551724137928,0.9310344827586208,0
0.02,0.3,0.7000000000000001,0.02,0.06666666666666668,0.9333333333333333,0
0.02,0.31,0.69,0.02,0.06451612903225805,0.935483870967742,0
0.02,0.32,0.6799999999999998,0.02,0.062499999999999965,0.9375,0
0.02,0.33,0.6699999999999999,0.02,0.060606060606060594,0.9393939393939394,0
0.02,0.34,0.66,0.02,0.05882352941176471,0.9411764705882353,0
0.02,0.35000000000000003,0.6499999999999999,0.02,0.05714285714285713,0.9428571428571428,0
0.02,0.36000000000000004,0.6399999999999999,0.02,0.05555555555555554,0.9444444444444444,0
0.02,0.37,0.63,0.02,0.05405405405405406,0.9459459459459459,0
0.02,0.38,0.6200000000000001,0.02,0.05263157894736844,0.9473684210526315,0
0.02,0.39,0.61,0.02,0.05128205128205128,0.9487179487179487,0
0.02,0.4,0.6000000000000001,0.02,0.05000000000000001,0.95,0
0.02,0.41000000000000003,0.5900000000000001,0.02,0.04878048780487806,0.9512195121951219,0
0.02,0.42000000000000004,0.58,0.02,0.047619047619047616,0.9523809523809523,0
0.02,0.43,0.5700000000000001,0.02,0.04651162790697675,0.9534883720930233,0
0.02,0.44,0.56,0.02,0.04545454545454546,0.9545454545454546,0
0.02,0.45,0.55,0.02,0.04444444444444445,0.9555555555555555,0
0.02,0.46,0.54,0.02,0.04347826086956522,0.9565217391304348,0
0.02,0.47000000000000003,0.53,0.02,0.04255319148936171,0.9574468085106382,0
0.02,0.48000000000000004,0.5200000000000001,0.02,0.04166666666666668,0.9583333333333334,0
0.02,0.49,0.51,0.02,0.04081632653061225,0.9591836734693877,0
0.02,0.5,0.5000000000000001,0.02,0.04000000000000001,0.96,0
0.02,0.51,0.48999999999999994,0.02,0.0392156862745098,0.9607843137254902,0
0.02,0.52,0.48,0.02,0.038461538461538464,0.9615384615384616,0
0.02,0.53,0.47000000000000003,0.02,0.03773584905660377,0.9622641509433962,0
0.02,0.54,0.46,0.02,0.037037037037037035,0.962962962962963,0
0.02,0.55,0.45,0.02,0.03636363636363636,0.9636363636363636,0
0.02,0.56,0.43999999999999995,0.02,0.03571428571428571,0.9642857142857143,0
0.02,0.5700000000000001,0.43,0.02,0.03508771929824561,0.9649122807017544,0
0.02,0.5800000000000001,0.41999999999999993,0.02,0.034482758620689655,0.9655172413793104,0
0.02,0.59,0.41000000000000003,0.02,0.03389830508474576,0.9661016949152542,0
0.02,0.6,0.4,0.02,0.03333333333333333,0.9666666666666667,0
0.02,0.61,0.39,0.02,0.03278688524590164,0.9672131147540983,0
0.02,0.62,0.38,0.02,0.03225806451612903,0.967741935483871,0
0.02,0.63,0.36999999999999994,0.02,0.031746031746031744,0.9682539682539683,0
0.02,0.64,0.36,0.02,0.03125,0.96875,0
0.02,0.65,0.35,0.02,0.030769230769230767,0.9692307692307692,0
0.02,0.66,0.3399999999999999,0.02,0.030303030303030297,0.9696969696969697,0
0.02,0.67,0.32999999999999996,0.02,0.029850746268656716,0.9701492537313433,0
0.02,0.68,0.32,0.02,0.029411764705882356,0.9705882352941176,0
0.02,0.6900000000000001,0.3099999999999999,0.02,0.028985507246376805,0.9710144927536232,0
0.02,0.7000000000000001,0.29999999999999993,0.02,0.02857142857142857,0.9714285714285714,0
0.02,0.7100000000000001,0.29,0.02,0.028169014084507043,0.971830985915493,0
0.02,0.72,0.28,0.02,0.02777777777777778,0.9722222222222222,0
0.02,0.73,0.2700000000000001,0.02,0.027397260273972605,0.9726027397260274,0
0.02,0.74,0.26,0.02,0.02702702702702703,0.972972972972973,0
0.02,0.75,0.25,0.02,0.02666666666666667,0.9733333333333334,0
0.02,0.76,0.24,0.02,0.02631578947368421,0.9736842105263158,0
0.02,0.77,0.22999999999999995,0.02,0.025974025974025972,0.974025974025974,0
0.02,0.78,0.21999999999999997,0.02,0.02564102564102564,0.9743589743589743,0
0.02,0.79,0.20999999999999994,0.02,0.02531645569620253,0.9746835443037974,0
0.02,0.8,0.19999999999999993,0.02,0.024999999999999998,0.975,0
0.02,0.81,0.18999999999999992,0.02,0.024691358024691357,0.9753086419753086,0
0.02,0.8200000000000001,0.17999999999999994,0.02,0.024390243902439022,0.975609756097561,0
0.02,0.8300000000000001,0.16999999999999993,0.02,0.024096385542168672,0.9759036144578314,0
0.02,0.8400000000000001,0.15999999999999992,0.02,0.023809523809523808,0.9761904761904762,0
0.02,0.85,0.15000000000000002,0.02,0.023529411764705882,0.9764705882352941,0
0.02,0.86,0.14,0.02,0.023255813953488372,0.9767441860465116,0
0.02,0.87,0.13000000000000003,0.02,0.022988505747126436,0.9770114942528736,0
0.02,0.88,0.12,0.02,0.022727272727272728,0.9772727272727273,0
0.02,0.89,0.10999999999999999,0.02,0.02247191011235955,0.9775280898876404,0
0.02,0.9,0.09999999999999996,0.02,0.022222222222222223,0.9777777777777777,0
0.02,0.91,0.08999999999999996,0.02,0.021978021978021976,0.978021978021978,0
0.02,0.92,0.07999999999999997,0.02,0.021739130434782608,0.9782608695652174,0
0.02,0.93,0.06999999999999995,0.02,0.02150537634408602,0.978494623655914,0
0.02,0.9400000000000001,0.05999999999999994,0.02,0.02127659574468085,0.9787234042553191,0
0.02,0.9500000000000001,0.04999999999999993,0.02,0.021052631578947368,0.9789473684210527,0
0.02,0.9600000000000001,0.039999999999999925,0.02,0.020833333333333332,0.9791666666666666,0
0.02,0.97,0.03000000000000003,0.02,0.020618556701030927,0.979381443298969,0
0.02,0.98,0.020000000000000014,0.02,0.020408163265306124,0.9795918367346939,0
0.02,0.99,0.010000000000000009,0.02,0.020202020202020204,0.9797979797979798,0
0.02,1.0,0.0,0.02,0.02,0.98,0
